# Blender 4.5.0
# www.blender.org
mtllib link_front_lid_hinge.mtl
o decorated_front_lid
v 0.226550 -0.033350 0.319125
v 0.263361 -0.033350 0.317844
v 0.296235 -0.033350 0.313984
v 0.325313 -0.033350 0.307517
v 0.350733 -0.033350 0.298417
v 0.372637 -0.033350 0.286658
v 0.391165 -0.033350 0.272214
v 0.406458 -0.033350 0.255056
v 0.418655 -0.033350 0.235160
v 0.427898 -0.033350 0.212497
v 0.434326 -0.033350 0.187043
v 0.438080 -0.033350 0.158769
v 0.439300 -0.033350 0.127650
v 0.439392 -0.033350 0.096729
v 0.439152 -0.033350 0.062104
v 0.438602 -0.033350 0.024817
v 0.437763 -0.033350 -0.014089
v 0.436659 -0.033350 -0.053571
v 0.435311 -0.033350 -0.092586
v 0.433741 -0.033350 -0.130092
v 0.431972 -0.033350 -0.165047
v 0.430025 -0.033350 -0.196406
v 0.427924 -0.033350 -0.223129
v 0.425689 -0.033350 -0.244171
v 0.423344 -0.033350 -0.258491
v 0.422938 -0.033350 -0.268346
v 0.421716 -0.033350 -0.277299
v 0.419668 -0.033350 -0.285360
v 0.416786 -0.033350 -0.292536
v 0.413063 -0.033350 -0.298837
v 0.408488 -0.033350 -0.304270
v 0.403055 -0.033350 -0.308844
v 0.396755 -0.033350 -0.312568
v 0.389578 -0.033350 -0.315449
v 0.381518 -0.033350 -0.317497
v 0.372564 -0.033350 -0.318719
v 0.362710 -0.033350 -0.319125
v 0.351450 -0.033350 -0.319125
v 0.340143 -0.033350 -0.319125
v 0.328798 -0.033350 -0.319125
v 0.317424 -0.033350 -0.319125
v 0.306032 -0.033350 -0.319125
v 0.294630 -0.033350 -0.319125
v 0.283228 -0.033350 -0.319125
v 0.271836 -0.033350 -0.319125
v 0.260462 -0.033350 -0.319125
v 0.249117 -0.033350 -0.319125
v 0.237810 -0.033350 -0.319125
v 0.226550 -0.033350 -0.319125
v 0.215290 -0.033350 -0.319125
v 0.203983 -0.033350 -0.319125
v 0.192638 -0.033350 -0.319125
v 0.181264 -0.033350 -0.319125
v 0.169872 -0.033350 -0.319125
v 0.158470 -0.033350 -0.319125
v 0.147068 -0.033350 -0.319125
v 0.135676 -0.033350 -0.319125
v 0.124302 -0.033350 -0.319125
v 0.112957 -0.033350 -0.319125
v 0.101650 -0.033350 -0.319125
v 0.090390 -0.033350 -0.319125
v 0.080536 -0.033350 -0.318719
v 0.071582 -0.033350 -0.317497
v 0.063522 -0.033350 -0.315449
v 0.056345 -0.033350 -0.312568
v 0.050045 -0.033350 -0.308844
v 0.044612 -0.033350 -0.304270
v 0.040037 -0.033350 -0.298837
v 0.036314 -0.033350 -0.292536
v 0.033432 -0.033350 -0.285360
v 0.031384 -0.033350 -0.277299
v 0.030162 -0.033350 -0.268346
v 0.029756 -0.033350 -0.258491
v 0.027411 -0.033350 -0.244171
v 0.025176 -0.033350 -0.223129
v 0.023075 -0.033350 -0.196406
v 0.021128 -0.033350 -0.165047
v 0.019359 -0.033350 -0.130092
v 0.017789 -0.033350 -0.092586
v 0.016441 -0.033350 -0.053571
v 0.015337 -0.033350 -0.014089
v 0.014498 -0.033350 0.024817
v 0.013948 -0.033350 0.062104
v 0.013708 -0.033350 0.096729
v 0.013800 -0.033350 0.127650
v 0.015020 -0.033350 0.158769
v 0.018774 -0.033350 0.187043
v 0.025202 -0.033350 0.212497
v 0.172435 -0.031510 0.157358
v 0.422046 -0.031510 -0.028731
v 0.182447 -0.031510 0.145817
v 0.074746 -0.031510 -0.027849
v 0.421559 -0.031510 -0.052733
v 0.191940 -0.031510 0.136874
v 0.201125 -0.031510 0.130141
v 0.385918 -0.031510 0.225362
v 0.420479 -0.031510 -0.076416
v 0.209934 -0.031510 0.125525
v 0.218367 -0.031510 0.122872
v 0.034445 -0.033350 0.235160
v 0.226550 -0.031510 0.122014
v 0.390041 -0.031510 0.206054
v 0.234733 -0.031510 0.122872
v 0.418806 -0.031510 -0.099515
v 0.243166 -0.031510 0.125525
v 0.416539 -0.031510 -0.122029
v 0.251976 -0.031510 0.130141
v 0.393966 -0.031510 0.187271
v 0.261160 -0.031510 0.136874
v 0.413674 -0.031510 -0.143960
v 0.075217 -0.031510 -0.051304
v 0.270653 -0.031510 0.145817
v 0.109918 -0.031510 0.216238
v 0.280665 -0.031510 0.157358
v 0.283199 -0.031510 0.159486
v 0.410208 -0.031510 -0.165308
v 0.286268 -0.031510 0.160727
v 0.406139 -0.031510 -0.186072
v 0.289569 -0.031510 0.160958
v 0.397685 -0.031510 0.169056
v 0.046642 -0.033350 0.255056
v 0.292781 -0.031510 0.160159
v 0.295588 -0.031510 0.158405
v 0.401462 -0.031510 -0.206253
v 0.297716 -0.031510 0.155871
v 0.401196 -0.031510 0.151409
v 0.298957 -0.031510 0.152802
v 0.396174 -0.031510 -0.225848
v 0.404501 -0.031510 0.134329
v 0.299189 -0.031510 0.149501
v 0.390271 -0.031510 -0.244856
v 0.298389 -0.031510 0.146289
v 0.296635 -0.031510 0.143482
v 0.383750 -0.031510 -0.263275
v 0.076246 -0.031510 -0.073850
v 0.285947 -0.031510 0.131199
v 0.274740 -0.031510 0.120650
v 0.407600 -0.031510 0.117815
v 0.376782 -0.031510 -0.280677
v 0.263225 -0.031510 0.112222
v 0.251334 -0.031510 0.106008
v 0.077831 -0.031510 -0.095755
v 0.239067 -0.031510 0.102164
v 0.373278 -0.031510 -0.286547
v 0.226550 -0.031510 0.100856
v 0.368132 -0.031510 -0.291046
v 0.214033 -0.031510 0.102164
v 0.410491 -0.031510 0.101866
v 0.201766 -0.031510 0.106008
v 0.361847 -0.031510 -0.293736
v 0.105815 -0.031510 0.197021
v 0.189875 -0.031510 0.112222
v 0.178360 -0.031510 0.120650
v 0.355039 -0.031510 -0.294351
v 0.413176 -0.031510 0.086482
v 0.167153 -0.031510 0.131199
v 0.156465 -0.031510 0.143482
v 0.348373 -0.031510 -0.292832
v 0.154711 -0.031510 0.146289
v 0.061935 -0.033350 0.272214
v 0.153911 -0.031510 0.149501
v 0.342503 -0.031510 -0.289328
v 0.415655 -0.031510 0.071660
v 0.154143 -0.031510 0.152802
v 0.155384 -0.031510 0.155871
v 0.338004 -0.031510 -0.284182
v 0.157512 -0.031510 0.158405
v 0.079972 -0.031510 -0.117017
v 0.160319 -0.031510 0.160159
v 0.101930 -0.031510 0.178429
v 0.335314 -0.031510 -0.277897
v 0.163531 -0.031510 0.160958
v 0.166832 -0.031510 0.160727
v 0.417927 -0.031510 0.057399
v 0.334699 -0.031510 -0.271089
v 0.169901 -0.031510 0.159486
v 0.170697 -0.031510 0.155847
v 0.082666 -0.031510 -0.137636
v 0.180782 -0.031510 0.144225
v 0.336218 -0.031510 -0.264423
v 0.342858 -0.031510 -0.247862
v 0.190461 -0.031510 0.135107
v 0.419992 -0.031510 0.043697
v 0.199900 -0.031510 0.128190
v 0.348796 -0.031510 -0.231090
v 0.209045 -0.031510 0.123400
v 0.080463 -0.033350 0.286658
v 0.217895 -0.031510 0.120617
v 0.421835 -0.031510 0.030658
v 0.226550 -0.031510 0.119710
v 0.354201 -0.031510 -0.213682
v 0.235205 -0.031510 0.120617
v 0.421721 -0.031510 0.023823
v 0.244055 -0.031510 0.123400
v 0.253200 -0.031510 0.128190
v 0.359072 -0.031510 -0.195634
v 0.363403 -0.031510 -0.176944
v 0.262639 -0.031510 0.135107
v 0.085909 -0.031510 -0.157612
v 0.272318 -0.031510 0.144225
v 0.367192 -0.031510 -0.157612
v 0.282403 -0.031510 0.155847
v 0.419501 -0.031510 0.017357
v 0.284386 -0.031510 0.157512
v 0.370434 -0.031510 -0.137636
v 0.286787 -0.031510 0.158482
v 0.098253 -0.031510 0.160419
v 0.289369 -0.031510 0.158664
v 0.291881 -0.031510 0.158038
v 0.373128 -0.031510 -0.117017
v 0.294077 -0.031510 0.156667
v 0.089697 -0.031510 -0.176944
v 0.375269 -0.031510 -0.095755
v 0.295742 -0.031510 0.154684
v 0.296712 -0.031510 0.152283
v 0.415391 -0.031510 0.011895
v 0.296894 -0.031510 0.149701
v 0.409794 -0.031510 0.007969
v 0.376854 -0.031510 -0.073850
v 0.296268 -0.031510 0.147189
v 0.094785 -0.031510 0.142991
v 0.294897 -0.031510 0.144993
v 0.377883 -0.031510 -0.051304
v 0.284282 -0.031510 0.132790
v 0.378354 -0.031510 -0.027849
v 0.273261 -0.031510 0.122416
v 0.262000 -0.031510 0.114173
v 0.403258 -0.031510 0.005965
v 0.250445 -0.031510 0.108133
v 0.379560 -0.031510 -0.021120
v 0.238595 -0.031510 0.104418
v 0.094028 -0.031510 -0.195634
v 0.382786 -0.031510 -0.015093
v 0.226550 -0.031510 0.103160
v 0.396423 -0.031510 0.006079
v 0.214505 -0.031510 0.104418
v 0.202655 -0.031510 0.108133
v 0.098899 -0.031510 -0.213682
v 0.387716 -0.031510 -0.010357
v 0.191100 -0.031510 0.114173
v 0.179839 -0.031510 0.122416
v 0.393869 -0.031510 -0.007377
v 0.168818 -0.031510 0.132790
v 0.389958 -0.031510 0.008299
v 0.400641 -0.031510 -0.006444
v 0.158203 -0.031510 0.144993
v 0.102367 -0.033350 0.298417
v 0.156832 -0.031510 0.147189
v 0.156206 -0.031510 0.149701
v 0.384495 -0.031510 0.012409
v 0.156388 -0.031510 0.152283
v 0.407370 -0.031510 -0.007650
v 0.157358 -0.031510 0.154684
v 0.091526 -0.031510 0.126146
v 0.413397 -0.031510 -0.010876
v 0.159023 -0.031510 0.156667
v 0.161219 -0.031510 0.158038
v 0.418133 -0.031510 -0.015806
v 0.163731 -0.031510 0.158664
v 0.380569 -0.031510 0.018006
v 0.104304 -0.031510 -0.231090
v 0.166313 -0.031510 0.158482
v 0.168714 -0.031510 0.157512
v 0.421113 -0.031510 -0.021959
v 0.419742 -0.031510 -0.028685
v 0.127787 -0.033350 0.307517
v 0.378565 -0.031510 0.024542
v 0.419257 -0.031510 -0.052658
v 0.110242 -0.031510 -0.247862
v 0.418179 -0.031510 -0.076281
v 0.376751 -0.031510 0.037378
v 0.416511 -0.031510 -0.099317
v 0.414251 -0.031510 -0.121765
v 0.116882 -0.031510 -0.264423
v 0.374743 -0.031510 0.050701
v 0.411395 -0.031510 -0.143627
v 0.156865 -0.033350 0.313984
v 0.407941 -0.031510 -0.164902
v 0.403886 -0.031510 -0.185591
v 0.372526 -0.031510 0.064615
v 0.370101 -0.031510 0.079118
v 0.399227 -0.031510 -0.205693
v 0.393961 -0.031510 -0.225207
v 0.118401 -0.031510 -0.271089
v 0.388085 -0.031510 -0.244131
v 0.367468 -0.031510 0.094209
v 0.088475 -0.031510 0.109885
v 0.381594 -0.031510 -0.262463
v 0.374644 -0.031510 -0.279820
v 0.364625 -0.031510 0.109885
v 0.085632 -0.031510 0.094209
v 0.371510 -0.031510 -0.285071
v 0.361574 -0.031510 0.126146
v 0.366906 -0.031510 -0.289096
v 0.117786 -0.031510 -0.277897
v 0.361283 -0.031510 -0.291502
v 0.358315 -0.031510 0.142991
v 0.355193 -0.031510 -0.292053
v 0.349230 -0.031510 -0.290694
v 0.115096 -0.031510 -0.284182
v 0.343979 -0.031510 -0.287560
v 0.189739 -0.033350 0.317844
v 0.354847 -0.031510 0.160419
v 0.339954 -0.031510 -0.282956
v 0.351170 -0.031510 0.178429
v 0.337548 -0.031510 -0.277333
v 0.082999 -0.031510 0.079118
v 0.336997 -0.031510 -0.271243
v 0.338356 -0.031510 -0.265280
v 0.347285 -0.031510 0.197021
v 0.345014 -0.031510 -0.248674
v 0.110597 -0.031510 -0.289328
v 0.343182 -0.031510 0.216238
v 0.350982 -0.031510 -0.231816
v 0.356414 -0.031510 -0.214323
v 0.226550 -0.026910 0.337065
v 0.342818 -0.031510 0.223064
v 0.361306 -0.031510 -0.196194
v 0.104727 -0.031510 -0.292832
v 0.365656 -0.031510 -0.177425
v 0.265431 -0.026910 0.335712
v 0.369459 -0.031510 -0.158018
v 0.372714 -0.031510 -0.137970
v 0.344581 -0.031510 0.229669
v 0.348299 -0.031510 0.235406
v 0.375416 -0.031510 -0.117282
v 0.098061 -0.031510 -0.294351
v 0.377564 -0.031510 -0.095953
v 0.353608 -0.031510 0.239713
v 0.379154 -0.031510 -0.073986
v 0.080574 -0.031510 0.064615
v 0.380185 -0.031510 -0.051379
v 0.359988 -0.031510 0.242168
v 0.380658 -0.031510 -0.027895
v 0.091253 -0.031510 -0.293736
v 0.381736 -0.031510 -0.021876
v 0.366814 -0.031510 0.242532
v 0.384622 -0.031510 -0.016484
v 0.300153 -0.026910 0.331634
v 0.389033 -0.031510 -0.012248
v 0.394536 -0.031510 -0.009582
v 0.373419 -0.031510 0.240769
v 0.084968 -0.031510 -0.291046
v 0.400595 -0.031510 -0.008748
v 0.406614 -0.031510 -0.009826
v 0.079822 -0.031510 -0.286547
v 0.379156 -0.031510 0.237051
v 0.412006 -0.031510 -0.012712
v 0.416242 -0.031510 -0.017123
v 0.383463 -0.031510 0.231742
v 0.418908 -0.031510 -0.022626
v 0.078357 -0.031510 0.050701
v 0.330865 -0.026910 0.324804
v 0.383666 -0.031510 0.224881
v 0.076318 -0.031510 -0.280677
v 0.387787 -0.031510 0.205578
v 0.391710 -0.031510 0.186805
v 0.069350 -0.031510 -0.263275
v 0.076349 -0.031510 0.037378
v 0.395427 -0.031510 0.168601
v 0.398936 -0.031510 0.150965
v 0.357714 -0.026910 0.315193
v 0.402239 -0.031510 0.133897
v 0.062829 -0.031510 -0.244856
v 0.056926 -0.031510 -0.225848
v 0.405334 -0.031510 0.117397
v 0.074535 -0.031510 0.024542
v 0.408224 -0.031510 0.101463
v 0.410906 -0.031510 0.086093
v 0.072531 -0.031510 0.018006
v 0.413381 -0.031510 0.071288
v 0.051638 -0.031510 -0.206253
v 0.046961 -0.031510 -0.186072
v 0.415650 -0.031510 0.057046
v 0.417712 -0.031510 0.043364
v 0.380850 -0.026910 0.302773
v 0.419554 -0.031510 0.030336
v 0.042892 -0.031510 -0.165308
v 0.419452 -0.031510 0.024221
v 0.068605 -0.031510 0.012409
v 0.417466 -0.031510 0.018437
v 0.039426 -0.031510 -0.143960
v 0.400419 -0.026910 0.287516
v 0.413789 -0.031510 0.013550
v 0.416572 -0.026910 0.269394
v 0.408783 -0.031510 0.010039
v 0.402936 -0.031510 0.008246
v 0.036561 -0.031510 -0.122029
v 0.396821 -0.031510 0.008348
v 0.063142 -0.031510 0.008299
v 0.391037 -0.031510 0.010334
v 0.034294 -0.031510 -0.099515
v 0.386150 -0.031510 0.014011
v 0.429455 -0.026910 0.248379
v 0.032621 -0.031510 -0.076416
v 0.382639 -0.031510 0.019017
v 0.380846 -0.031510 0.024864
v 0.031541 -0.031510 -0.052733
v 0.379030 -0.031510 0.037711
v 0.056677 -0.031510 0.006079
v 0.377019 -0.031510 0.051054
v 0.049842 -0.031510 0.005965
v 0.374800 -0.031510 0.064987
v 0.031054 -0.031510 -0.028731
v 0.031987 -0.031510 -0.021959
v 0.372372 -0.031510 0.079506
v 0.439217 -0.026910 0.224443
v 0.369736 -0.031510 0.094612
v 0.034967 -0.031510 -0.015806
v 0.366891 -0.031510 0.110303
v 0.363837 -0.031510 0.126578
v 0.043306 -0.031510 0.007969
v 0.360575 -0.031510 0.143435
v 0.039703 -0.031510 -0.010876
v 0.446006 -0.026910 0.197558
v 0.357105 -0.031510 0.160874
v 0.037709 -0.031510 0.011895
v 0.353426 -0.031510 0.178895
v 0.045730 -0.031510 -0.007650
v 0.349539 -0.031510 0.197497
v 0.345434 -0.031510 0.216719
v 0.052459 -0.031510 -0.006444
v 0.345109 -0.031510 0.222825
v 0.449971 -0.026910 0.167695
v 0.033599 -0.031510 0.017357
v 0.346686 -0.031510 0.228734
v 0.059231 -0.031510 -0.007377
v 0.350012 -0.031510 0.233866
v 0.354761 -0.031510 0.237719
v 0.065384 -0.031510 -0.010357
v 0.360469 -0.031510 0.239916
v 0.451260 -0.026910 0.134826
v 0.451358 -0.026910 0.102167
v 0.366575 -0.031510 0.240241
v 0.070314 -0.031510 -0.015093
v 0.372484 -0.031510 0.238664
v 0.073540 -0.031510 -0.021120
v 0.377616 -0.031510 0.235338
v 0.031379 -0.031510 0.023823
v 0.381469 -0.031510 0.230589
v 0.072442 -0.031510 -0.027895
v 0.451104 -0.026910 0.065595
v 0.072915 -0.031510 -0.051379
v 0.031265 -0.031510 0.030658
v 0.073946 -0.031510 -0.073986
v 0.450523 -0.026910 0.026212
v 0.075536 -0.031510 -0.095953
v 0.033108 -0.031510 0.043697
v 0.449637 -0.026910 -0.014881
v 0.077684 -0.031510 -0.117282
v 0.035173 -0.031510 0.057399
v 0.080387 -0.031510 -0.137970
v 0.037445 -0.031510 0.071660
v 0.083641 -0.031510 -0.158018
v 0.087444 -0.031510 -0.177425
v 0.448471 -0.026910 -0.056582
v 0.091794 -0.031510 -0.196194
v 0.039924 -0.031510 0.086482
v 0.096686 -0.031510 -0.214323
v 0.447047 -0.026910 -0.097791
v 0.102118 -0.031510 -0.231816
v 0.042609 -0.031510 0.101866
v 0.108086 -0.031510 -0.248674
v 0.445389 -0.026910 -0.137406
v 0.114744 -0.031510 -0.265280
v 0.443520 -0.026910 -0.174325
v 0.116103 -0.031510 -0.271243
v 0.045500 -0.031510 0.117815
v 0.441464 -0.026910 -0.207448
v 0.115552 -0.031510 -0.277333
v 0.048599 -0.031510 0.134329
v 0.113146 -0.031510 -0.282956
v 0.439244 -0.026910 -0.235672
v 0.109121 -0.031510 -0.287560
v 0.051904 -0.031510 0.151409
v 0.103870 -0.031510 -0.290694
v 0.097907 -0.031510 -0.292053
v 0.436884 -0.026910 -0.257898
v 0.091817 -0.031510 -0.291502
v 0.055415 -0.031510 0.169056
v 0.086194 -0.031510 -0.289096
v 0.059134 -0.031510 0.187271
v 0.434407 -0.026910 -0.273023
v 0.081590 -0.031510 -0.285071
v 0.063059 -0.031510 0.206054
v 0.078456 -0.031510 -0.279820
v 0.071506 -0.031510 -0.262463
v 0.433978 -0.026910 -0.283431
v 0.065015 -0.031510 -0.244131
v 0.432687 -0.026910 -0.292888
v 0.067182 -0.031510 0.225362
v 0.059139 -0.031510 -0.225207
v 0.069637 -0.031510 0.231742
v 0.053873 -0.031510 -0.205693
v 0.049214 -0.031510 -0.185591
v 0.430524 -0.026910 -0.301401
v 0.427481 -0.026910 -0.308981
v 0.045159 -0.031510 -0.164902
v 0.073944 -0.031510 0.237051
v 0.041705 -0.031510 -0.143627
v 0.423548 -0.026910 -0.315636
v 0.038849 -0.031510 -0.121765
v 0.079681 -0.031510 0.240769
v 0.036589 -0.031510 -0.099317
v 0.034921 -0.031510 -0.076281
v 0.418716 -0.026910 -0.321375
v 0.086286 -0.031510 0.242532
v 0.033843 -0.031510 -0.052658
v 0.412978 -0.026910 -0.326206
v 0.033358 -0.031510 -0.028685
v 0.034192 -0.031510 -0.022626
v 0.093112 -0.031510 0.242168
v 0.036858 -0.031510 -0.017123
v 0.099492 -0.031510 0.239713
v 0.406323 -0.026910 -0.330139
v 0.041094 -0.031510 -0.012712
v 0.046486 -0.031510 -0.009826
v 0.104801 -0.031510 0.235406
v 0.398743 -0.026910 -0.333182
v 0.052505 -0.031510 -0.008748
v 0.058564 -0.031510 -0.009582
v 0.108519 -0.031510 0.229669
v 0.390229 -0.026910 -0.335345
v 0.064068 -0.031510 -0.012248
v 0.068478 -0.031510 -0.016484
v 0.110282 -0.031510 0.223064
v 0.071364 -0.031510 -0.021876
v 0.380773 -0.026910 -0.336637
v 0.107666 -0.031510 0.216719
v 0.370364 -0.026910 -0.337065
v 0.103561 -0.031510 0.197497
v 0.358471 -0.026910 -0.337065
v 0.099674 -0.031510 0.178895
v 0.346529 -0.026910 -0.337065
v 0.095995 -0.031510 0.160874
v 0.334546 -0.026910 -0.337065
v 0.092525 -0.031510 0.143435
v 0.322533 -0.026910 -0.337065
v 0.310500 -0.026910 -0.337065
v 0.089263 -0.031510 0.126578
v 0.298457 -0.026910 -0.337065
v 0.086209 -0.031510 0.110303
v 0.083365 -0.031510 0.094612
v 0.286414 -0.026910 -0.337065
v 0.274382 -0.026910 -0.337065
v 0.080728 -0.031510 0.079506
v 0.078300 -0.031510 0.064987
v 0.262369 -0.026910 -0.337065
v 0.076081 -0.031510 0.051054
v 0.250386 -0.026910 -0.337065
v 0.074070 -0.031510 0.037711
v 0.238443 -0.026910 -0.337065
v 0.072254 -0.031510 0.024864
v 0.226550 -0.026910 -0.337065
v 0.070461 -0.031510 0.019017
v 0.214657 -0.026910 -0.337065
v 0.066950 -0.031510 0.014011
v 0.202714 -0.026910 -0.337065
v 0.062063 -0.031510 0.010334
v 0.190731 -0.026910 -0.337065
v 0.056279 -0.031510 0.008348
v 0.178718 -0.026910 -0.337065
v 0.166686 -0.026910 -0.337065
v 0.050164 -0.031510 0.008246
v 0.044317 -0.031510 0.010039
v 0.154643 -0.026910 -0.337065
v 0.039311 -0.031510 0.013550
v 0.142600 -0.026910 -0.337065
v 0.035634 -0.031510 0.018437
v 0.130567 -0.026910 -0.337065
v 0.118554 -0.026910 -0.337065
v 0.033648 -0.031510 0.024221
v 0.033546 -0.031510 0.030336
v 0.106572 -0.026910 -0.337065
v 0.035388 -0.031510 0.043364
v 0.094629 -0.026910 -0.337065
v 0.037450 -0.031510 0.057046
v 0.082736 -0.026910 -0.337065
v 0.039719 -0.031510 0.071288
v 0.072327 -0.026910 -0.336637
v 0.042194 -0.031510 0.086093
v 0.062871 -0.026910 -0.335345
v 0.044876 -0.031510 0.101463
v 0.054357 -0.026910 -0.333182
v 0.047766 -0.031510 0.117397
v 0.046777 -0.026910 -0.330139
v 0.050861 -0.031510 0.133897
v 0.040122 -0.026910 -0.326206
v 0.054164 -0.031510 0.150965
v 0.034384 -0.026910 -0.321375
v 0.029552 -0.026910 -0.315636
v 0.057673 -0.031510 0.168601
v 0.061390 -0.031510 0.186805
v 0.025619 -0.026910 -0.308981
v 0.065313 -0.031510 0.205578
v 0.022576 -0.026910 -0.301401
v 0.069434 -0.031510 0.224881
v 0.020413 -0.026910 -0.292888
v 0.071631 -0.031510 0.230589
v 0.019122 -0.026910 -0.283431
v 0.075484 -0.031510 0.235338
v 0.018693 -0.026910 -0.273023
v 0.080616 -0.031510 0.238664
v 0.016216 -0.026910 -0.257898
v 0.086525 -0.031510 0.240241
v 0.013856 -0.026910 -0.235672
v 0.092631 -0.031510 0.239916
v 0.011636 -0.026910 -0.207448
v 0.098339 -0.031510 0.237719
v 0.009580 -0.026910 -0.174325
v 0.103088 -0.031510 0.233866
v 0.007711 -0.026910 -0.137406
v 0.106414 -0.031510 0.228734
v 0.006053 -0.026910 -0.097791
v 0.107991 -0.031510 0.222825
v 0.004629 -0.026910 -0.056582
v 0.003463 -0.026910 -0.014881
v 0.002577 -0.026910 0.026212
v 0.001996 -0.026910 0.065595
v 0.001742 -0.026910 0.102167
v 0.001840 -0.026910 0.134826
v 0.003129 -0.026910 0.167695
v 0.007094 -0.026910 0.197558
v 0.013883 -0.026910 0.224443
v 0.023645 -0.026910 0.248379
v 0.036528 -0.026910 0.269394
v 0.052681 -0.026910 0.287516
v 0.072250 -0.026910 0.302773
v 0.095386 -0.026910 0.315193
v 0.122235 -0.026910 0.324804
v 0.152947 -0.026910 0.331634
v 0.187669 -0.026910 0.335712
v 0.226550 -0.021620 0.345000
v 0.266346 -0.021620 0.343615
v 0.301886 -0.021620 0.339442
v 0.333320 -0.021620 0.332451
v 0.360802 -0.021620 0.322613
v 0.384482 -0.021620 0.309901
v 0.404513 -0.021620 0.294285
v 0.421045 -0.021620 0.275736
v 0.434231 -0.021620 0.254227
v 0.444223 -0.021620 0.229727
v 0.451173 -0.021620 0.202208
v 0.455231 -0.021620 0.171642
v 0.456550 -0.021620 0.138000
v 0.456650 -0.021620 0.104572
v 0.456390 -0.021620 0.067139
v 0.455795 -0.021620 0.026829
v 0.454889 -0.021620 -0.015231
v 0.453695 -0.021620 -0.057914
v 0.452237 -0.021620 -0.100093
v 0.450540 -0.021620 -0.140640
v 0.448628 -0.021620 -0.178429
v 0.446523 -0.021620 -0.212331
v 0.444251 -0.021620 -0.241220
v 0.441836 -0.021620 -0.263969
v 0.439300 -0.021620 -0.279450
v 0.438861 -0.021620 -0.290103
v 0.437540 -0.021620 -0.299783
v 0.435326 -0.021620 -0.308497
v 0.432211 -0.021620 -0.316255
v 0.428185 -0.021620 -0.323067
v 0.423240 -0.021620 -0.328940
v 0.417367 -0.021620 -0.333885
v 0.410555 -0.021620 -0.337911
v 0.402797 -0.021620 -0.341026
v 0.394083 -0.021620 -0.343240
v 0.384403 -0.021620 -0.344561
v 0.373750 -0.021620 -0.345000
v 0.361577 -0.021620 -0.345000
v 0.349353 -0.021620 -0.345000
v 0.337088 -0.021620 -0.345000
v 0.324792 -0.021620 -0.345000
v 0.312476 -0.021620 -0.345000
v 0.300150 -0.021620 -0.345000
v 0.287824 -0.021620 -0.345000
v 0.275508 -0.021620 -0.345000
v 0.263212 -0.021620 -0.345000
v 0.250947 -0.021620 -0.345000
v 0.238723 -0.021620 -0.345000
v 0.226550 -0.021620 -0.345000
v 0.214377 -0.021620 -0.345000
v 0.202153 -0.021620 -0.345000
v 0.189888 -0.021620 -0.345000
v 0.177592 -0.021620 -0.345000
v 0.165276 -0.021620 -0.345000
v 0.152950 -0.021620 -0.345000
v 0.140624 -0.021620 -0.345000
v 0.128308 -0.021620 -0.345000
v 0.116012 -0.021620 -0.345000
v 0.103747 -0.021620 -0.345000
v 0.091523 -0.021620 -0.345000
v 0.079350 -0.021620 -0.345000
v 0.068697 -0.021620 -0.344561
v 0.059017 -0.021620 -0.343240
v 0.050303 -0.021620 -0.341026
v 0.042545 -0.021620 -0.337911
v 0.035733 -0.021620 -0.333885
v 0.029860 -0.021620 -0.328940
v 0.024915 -0.021620 -0.323067
v 0.020889 -0.021620 -0.316255
v 0.017774 -0.021620 -0.308497
v 0.015560 -0.021620 -0.299783
v 0.014239 -0.021620 -0.290103
v 0.013800 -0.021620 -0.279450
v 0.011264 -0.021620 -0.263969
v 0.008849 -0.021620 -0.241220
v 0.006577 -0.021620 -0.212331
v 0.004472 -0.021620 -0.178429
v 0.002560 -0.021620 -0.140640
v 0.000863 -0.021620 -0.100093
v -0.000595 -0.021620 -0.057914
v -0.001789 -0.021620 -0.015231
v -0.002695 -0.021620 0.026829
v -0.003290 -0.021620 0.067139
v -0.003550 -0.021620 0.104572
v -0.003450 -0.021620 0.138000
v -0.002131 -0.021620 0.171642
v 0.001927 -0.021620 0.202208
v 0.008877 -0.021620 0.229727
v 0.018869 -0.021620 0.254227
v 0.032055 -0.021620 0.275736
v 0.048588 -0.021620 0.294285
v 0.068618 -0.021620 0.309901
v 0.092298 -0.021620 0.322613
v 0.119780 -0.021620 0.332451
v 0.151214 -0.021620 0.339442
v 0.186754 -0.021620 0.343615
v 0.226550 -0.008970 0.343965
v 0.266227 -0.008970 0.342584
v 0.301660 -0.008970 0.338423
v 0.333000 -0.008970 0.331453
v 0.360399 -0.008970 0.321645
v 0.384008 -0.008970 0.308971
v 0.403979 -0.008970 0.293402
v 0.420462 -0.008970 0.274909
v 0.433608 -0.008970 0.253464
v 0.443570 -0.008970 0.229038
v 0.450499 -0.008970 0.201602
v 0.454545 -0.008970 0.171127
v 0.455860 -0.008970 0.137586
v 0.455960 -0.008970 0.104258
v 0.455701 -0.008970 0.066938
v 0.455108 -0.008970 0.026749
v 0.454204 -0.008970 -0.015185
v 0.453014 -0.008970 -0.057741
v 0.451560 -0.008970 -0.099793
v 0.449869 -0.008970 -0.140218
v 0.447962 -0.008970 -0.177894
v 0.445864 -0.008970 -0.211694
v 0.443598 -0.008970 -0.240497
v 0.441190 -0.008970 -0.263177
v 0.438662 -0.008970 -0.278612
v 0.438225 -0.008970 -0.289233
v 0.436907 -0.008970 -0.298883
v 0.434700 -0.008970 -0.307571
v 0.431594 -0.008970 -0.315306
v 0.427580 -0.008970 -0.322097
v 0.422650 -0.008970 -0.327953
v 0.416794 -0.008970 -0.332884
v 0.410003 -0.008970 -0.336897
v 0.402268 -0.008970 -0.340003
v 0.393580 -0.008970 -0.342210
v 0.383930 -0.008970 -0.343528
v 0.373308 -0.008970 -0.343965
v 0.361172 -0.008970 -0.343965
v 0.348985 -0.008970 -0.343965
v 0.336756 -0.008970 -0.343965
v 0.324498 -0.008970 -0.343965
v 0.312219 -0.008970 -0.343965
v 0.299929 -0.008970 -0.343965
v 0.287640 -0.008970 -0.343965
v 0.275361 -0.008970 -0.343965
v 0.263102 -0.008970 -0.343965
v 0.250874 -0.008970 -0.343965
v 0.238686 -0.008970 -0.343965
v 0.226550 -0.008970 -0.343965
v 0.214414 -0.008970 -0.343965
v 0.202226 -0.008970 -0.343965
v 0.189998 -0.008970 -0.343965
v 0.177739 -0.008970 -0.343965
v 0.165460 -0.008970 -0.343965
v 0.153171 -0.008970 -0.343965
v 0.140881 -0.008970 -0.343965
v 0.128602 -0.008970 -0.343965
v 0.116344 -0.008970 -0.343965
v 0.104115 -0.008970 -0.343965
v 0.091928 -0.008970 -0.343965
v 0.079792 -0.008970 -0.343965
v 0.069170 -0.008970 -0.343528
v 0.059520 -0.008970 -0.342210
v 0.050832 -0.008970 -0.340003
v 0.043097 -0.008970 -0.336897
v 0.036306 -0.008970 -0.332884
v 0.030450 -0.008970 -0.327953
v 0.025520 -0.008970 -0.322097
v 0.021506 -0.008970 -0.315306
v 0.018400 -0.008970 -0.307571
v 0.016193 -0.008970 -0.298883
v 0.014875 -0.008970 -0.289233
v 0.014438 -0.008970 -0.278612
v 0.011910 -0.008970 -0.263177
v 0.009502 -0.008970 -0.240497
v 0.007236 -0.008970 -0.211694
v 0.005138 -0.008970 -0.177894
v 0.003232 -0.008970 -0.140218
v 0.001540 -0.008970 -0.099793
v 0.000086 -0.008970 -0.057741
v -0.001104 -0.008970 -0.015185
v -0.002008 -0.008970 0.026749
v -0.002601 -0.008970 0.066938
v -0.002860 -0.008970 0.104258
v -0.002760 -0.008970 0.137586
v -0.001445 -0.008970 0.171127
v 0.002601 -0.008970 0.201602
v 0.009530 -0.008970 0.229038
v 0.019492 -0.008970 0.253464
v 0.032638 -0.008970 0.274909
v 0.049121 -0.008970 0.293402
v 0.069092 -0.008970 0.308971
v 0.092701 -0.008970 0.321645
v 0.120100 -0.008970 0.331453
v 0.151440 -0.008970 0.338423
v 0.186873 -0.008970 0.342584
v 0.031265 -0.033350 0.030658
v 0.031379 -0.033350 0.023823
v 0.033108 -0.033350 0.043697
v 0.033648 -0.033350 0.024221
v 0.033599 -0.033350 0.017357
v 0.033546 -0.033350 0.030336
v 0.037709 -0.033350 0.011895
v 0.037450 -0.033350 0.057046
v 0.035634 -0.033350 0.018437
v 0.035388 -0.033350 0.043364
v 0.035173 -0.033350 0.057399
v 0.037445 -0.033350 0.071660
v 0.039311 -0.033350 0.013550
v 0.039719 -0.033350 0.071288
v 0.039924 -0.033350 0.086482
v 0.043306 -0.033350 0.007969
v 0.044317 -0.033350 0.010039
v 0.042194 -0.033350 0.086093
v 0.042609 -0.033350 0.101866
v 0.047766 -0.033350 0.117397
v 0.045500 -0.033350 0.117815
v 0.050164 -0.033350 0.008246
v 0.049842 -0.033350 0.005965
v 0.050861 -0.033350 0.133897
v 0.054164 -0.033350 0.150965
v 0.051904 -0.033350 0.151409
v 0.048599 -0.033350 0.134329
v 0.044876 -0.033350 0.101463
v 0.056279 -0.033350 0.008348
v 0.056677 -0.033350 0.006079
v 0.055415 -0.033350 0.169056
v 0.057673 -0.033350 0.168601
v 0.062063 -0.033350 0.010334
v 0.063142 -0.033350 0.008299
v 0.061390 -0.033350 0.186805
v 0.065313 -0.033350 0.205578
v 0.063059 -0.033350 0.206054
v 0.059134 -0.033350 0.187271
v 0.067182 -0.033350 0.225362
v 0.069434 -0.033350 0.224881
v 0.072254 -0.033350 0.024864
v 0.071631 -0.033350 0.230589
v 0.066950 -0.033350 0.014011
v 0.068605 -0.033350 0.012409
v 0.070461 -0.033350 0.019017
v 0.072531 -0.033350 0.018006
v 0.069637 -0.033350 0.231742
v 0.073944 -0.033350 0.237051
v 0.074070 -0.033350 0.037711
v 0.076349 -0.033350 0.037378
v 0.078300 -0.033350 0.064987
v 0.080574 -0.033350 0.064615
v 0.078357 -0.033350 0.050701
v 0.076081 -0.033350 0.051054
v 0.075484 -0.033350 0.235338
v 0.080616 -0.033350 0.238664
v 0.079681 -0.033350 0.240769
v 0.082999 -0.033350 0.079118
v 0.085632 -0.033350 0.094209
v 0.083365 -0.033350 0.094612
v 0.088475 -0.033350 0.109885
v 0.091526 -0.033350 0.126146
v 0.089263 -0.033350 0.126578
v 0.086525 -0.033350 0.240241
v 0.086209 -0.033350 0.110303
v 0.086286 -0.033350 0.242532
v 0.080728 -0.033350 0.079506
v 0.092525 -0.033350 0.143435
v 0.094785 -0.033350 0.142991
v 0.092631 -0.033350 0.239916
v 0.093112 -0.033350 0.242168
v 0.098253 -0.033350 0.160419
v 0.101930 -0.033350 0.178429
v 0.099674 -0.033350 0.178895
v 0.098339 -0.033350 0.237719
v 0.099492 -0.033350 0.239713
v 0.095995 -0.033350 0.160874
v 0.105815 -0.033350 0.197021
v 0.103561 -0.033350 0.197497
v 0.106414 -0.033350 0.228734
v 0.103088 -0.033350 0.233866
v 0.104801 -0.033350 0.235406
v 0.110282 -0.033350 0.223064
v 0.109918 -0.033350 0.216238
v 0.107666 -0.033350 0.216719
v 0.107991 -0.033350 0.222825
v 0.108519 -0.033350 0.229669
v 0.074535 -0.033350 0.024542
v 0.065384 -0.033350 -0.010357
v 0.068478 -0.033350 -0.016484
v 0.070314 -0.033350 -0.015093
v 0.072442 -0.033350 -0.027895
v 0.074746 -0.033350 -0.027849
v 0.073540 -0.033350 -0.021120
v 0.071364 -0.033350 -0.021876
v 0.064068 -0.033350 -0.012248
v 0.055000 -0.033350 -0.006794
v 0.058564 -0.033350 -0.009582
v 0.059231 -0.033350 -0.007377
v 0.075217 -0.033350 -0.051304
v 0.072915 -0.033350 -0.051379
v 0.052459 -0.033350 -0.006444
v 0.052505 -0.033350 -0.008748
v 0.076246 -0.033350 -0.073850
v 0.073946 -0.033350 -0.073986
v 0.031054 -0.033350 -0.028731
v 0.031541 -0.033350 -0.052733
v 0.031987 -0.033350 -0.021959
v 0.032621 -0.033350 -0.076416
v 0.033843 -0.033350 -0.052658
v 0.033358 -0.033350 -0.028685
v 0.034192 -0.033350 -0.022626
v 0.041094 -0.033350 -0.012712
v 0.039703 -0.033350 -0.010876
v 0.045730 -0.033350 -0.007650
v 0.036858 -0.033350 -0.017123
v 0.034967 -0.033350 -0.015806
v 0.034921 -0.033350 -0.076281
v 0.046486 -0.033350 -0.009826
v 0.077831 -0.033350 -0.095755
v 0.079972 -0.033350 -0.117017
v 0.077684 -0.033350 -0.117282
v 0.075536 -0.033350 -0.095953
v 0.085909 -0.033350 -0.157612
v 0.083641 -0.033350 -0.158018
v 0.082666 -0.033350 -0.137636
v 0.094028 -0.033350 -0.195634
v 0.089697 -0.033350 -0.176944
v 0.087444 -0.033350 -0.177425
v 0.080387 -0.033350 -0.137970
v 0.091794 -0.033350 -0.196194
v 0.096686 -0.033350 -0.214323
v 0.098899 -0.033350 -0.213682
v 0.104304 -0.033350 -0.231090
v 0.102118 -0.033350 -0.231816
v 0.110242 -0.033350 -0.247862
v 0.108086 -0.033350 -0.248674
v 0.114744 -0.033350 -0.265280
v 0.116103 -0.033350 -0.271243
v 0.116882 -0.033350 -0.264423
v 0.118401 -0.033350 -0.271089
v 0.117786 -0.033350 -0.277897
v 0.036589 -0.033350 -0.099317
v 0.113146 -0.033350 -0.282956
v 0.115096 -0.033350 -0.284182
v 0.115552 -0.033350 -0.277333
v 0.034294 -0.033350 -0.099515
v 0.036561 -0.033350 -0.122029
v 0.045159 -0.033350 -0.164902
v 0.042892 -0.033350 -0.165308
v 0.041705 -0.033350 -0.143627
v 0.039426 -0.033350 -0.143960
v 0.038849 -0.033350 -0.121765
v 0.049214 -0.033350 -0.185591
v 0.046961 -0.033350 -0.186072
v 0.051638 -0.033350 -0.206253
v 0.053873 -0.033350 -0.205693
v 0.056926 -0.033350 -0.225848
v 0.059139 -0.033350 -0.225207
v 0.065015 -0.033350 -0.244131
v 0.062829 -0.033350 -0.244856
v 0.071506 -0.033350 -0.262463
v 0.069350 -0.033350 -0.263275
v 0.078456 -0.033350 -0.279820
v 0.076318 -0.033350 -0.280677
v 0.081590 -0.033350 -0.285071
v 0.079822 -0.033350 -0.286547
v 0.086194 -0.033350 -0.289096
v 0.084968 -0.033350 -0.291046
v 0.091817 -0.033350 -0.291502
v 0.091253 -0.033350 -0.293736
v 0.097907 -0.033350 -0.292053
v 0.098061 -0.033350 -0.294351
v 0.103870 -0.033350 -0.290694
v 0.104727 -0.033350 -0.292832
v 0.110597 -0.033350 -0.289328
v 0.109121 -0.033350 -0.287560
v 0.343182 -0.033350 0.216238
v 0.342818 -0.033350 0.223064
v 0.345109 -0.033350 0.222825
v 0.344581 -0.033350 0.229669
v 0.347285 -0.033350 0.197021
v 0.345434 -0.033350 0.216719
v 0.346686 -0.033350 0.228734
v 0.348299 -0.033350 0.235406
v 0.351170 -0.033350 0.178429
v 0.350012 -0.033350 0.233866
v 0.354847 -0.033350 0.160419
v 0.357105 -0.033350 0.160874
v 0.353608 -0.033350 0.239713
v 0.354761 -0.033350 0.237719
v 0.353426 -0.033350 0.178895
v 0.349539 -0.033350 0.197497
v 0.358315 -0.033350 0.142991
v 0.360575 -0.033350 0.143435
v 0.364625 -0.033350 0.109885
v 0.361574 -0.033350 0.126146
v 0.363837 -0.033350 0.126578
v 0.360469 -0.033350 0.239916
v 0.359988 -0.033350 0.242168
v 0.369736 -0.033350 0.094612
v 0.372484 -0.033350 0.238664
v 0.373419 -0.033350 0.240769
v 0.377616 -0.033350 0.235338
v 0.379156 -0.033350 0.237051
v 0.366575 -0.033350 0.240241
v 0.366814 -0.033350 0.242532
v 0.366891 -0.033350 0.110303
v 0.385918 -0.033350 0.225362
v 0.383666 -0.033350 0.224881
v 0.381469 -0.033350 0.230589
v 0.383463 -0.033350 0.231742
v 0.393966 -0.033350 0.187271
v 0.391710 -0.033350 0.186805
v 0.387787 -0.033350 0.205578
v 0.390041 -0.033350 0.206054
v 0.401196 -0.033350 0.151409
v 0.398936 -0.033350 0.150965
v 0.408224 -0.033350 0.101463
v 0.405334 -0.033350 0.117397
v 0.407600 -0.033350 0.117815
v 0.402239 -0.033350 0.133897
v 0.404501 -0.033350 0.134329
v 0.395427 -0.033350 0.168601
v 0.397685 -0.033350 0.169056
v 0.410906 -0.033350 0.086093
v 0.413381 -0.033350 0.071288
v 0.413176 -0.033350 0.086482
v 0.415650 -0.033350 0.057046
v 0.415655 -0.033350 0.071660
v 0.421835 -0.033350 0.030658
v 0.421721 -0.033350 0.023823
v 0.419554 -0.033350 0.030336
v 0.419992 -0.033350 0.043697
v 0.419501 -0.033350 0.017357
v 0.419452 -0.033350 0.024221
v 0.417927 -0.033350 0.057399
v 0.417466 -0.033350 0.018437
v 0.417712 -0.033350 0.043364
v 0.410491 -0.033350 0.101866
v 0.367468 -0.033350 0.094209
v 0.370101 -0.033350 0.079118
v 0.374800 -0.033350 0.064987
v 0.372526 -0.033350 0.064615
v 0.374743 -0.033350 0.050701
v 0.372372 -0.033350 0.079506
v 0.376751 -0.033350 0.037378
v 0.382639 -0.033350 0.019017
v 0.380569 -0.033350 0.018006
v 0.380846 -0.033350 0.024864
v 0.378565 -0.033350 0.024542
v 0.379030 -0.033350 0.037711
v 0.377019 -0.033350 0.051054
v 0.389958 -0.033350 0.008299
v 0.391037 -0.033350 0.010334
v 0.386150 -0.033350 0.014011
v 0.384495 -0.033350 0.012409
v 0.402936 -0.033350 0.008246
v 0.396821 -0.033350 0.008348
v 0.396423 -0.033350 0.006079
v 0.408783 -0.033350 0.010039
v 0.409794 -0.033350 0.007969
v 0.415391 -0.033350 0.011895
v 0.413789 -0.033350 0.013550
v 0.403258 -0.033350 0.005965
v 0.412006 -0.033350 -0.012712
v 0.406614 -0.033350 -0.009826
v 0.407370 -0.033350 -0.007650
v 0.416242 -0.033350 -0.017123
v 0.418133 -0.033350 -0.015806
v 0.418179 -0.033350 -0.076281
v 0.413397 -0.033350 -0.010876
v 0.422046 -0.033350 -0.028731
v 0.420479 -0.033350 -0.076416
v 0.421559 -0.033350 -0.052733
v 0.421113 -0.033350 -0.021959
v 0.419257 -0.033350 -0.052658
v 0.419742 -0.033350 -0.028685
v 0.418908 -0.033350 -0.022626
v 0.400595 -0.033350 -0.008748
v 0.399070 -0.033350 -0.006661
v 0.400641 -0.033350 -0.006444
v 0.418806 -0.033350 -0.099515
v 0.388085 -0.033350 -0.244131
v 0.390271 -0.033350 -0.244856
v 0.393961 -0.033350 -0.225207
v 0.401462 -0.033350 -0.206253
v 0.399227 -0.033350 -0.205693
v 0.396174 -0.033350 -0.225848
v 0.406139 -0.033350 -0.186072
v 0.403886 -0.033350 -0.185591
v 0.407941 -0.033350 -0.164902
v 0.410208 -0.033350 -0.165308
v 0.411395 -0.033350 -0.143627
v 0.414251 -0.033350 -0.121765
v 0.416539 -0.033350 -0.122029
v 0.416511 -0.033350 -0.099317
v 0.413674 -0.033350 -0.143960
v 0.383750 -0.033350 -0.263275
v 0.393869 -0.033350 -0.007377
v 0.394536 -0.033350 -0.009582
v 0.389033 -0.033350 -0.012248
v 0.387716 -0.033350 -0.010357
v 0.384622 -0.033350 -0.016484
v 0.381594 -0.033350 -0.262463
v 0.382786 -0.033350 -0.015093
v 0.381736 -0.033350 -0.021876
v 0.379560 -0.033350 -0.021120
v 0.380185 -0.033350 -0.051379
v 0.380658 -0.033350 -0.027895
v 0.334699 -0.033350 -0.271089
v 0.335314 -0.033350 -0.277897
v 0.336218 -0.033350 -0.264423
v 0.336997 -0.033350 -0.271243
v 0.338004 -0.033350 -0.284182
v 0.337548 -0.033350 -0.277333
v 0.338356 -0.033350 -0.265280
v 0.343979 -0.033350 -0.287560
v 0.342503 -0.033350 -0.289328
v 0.339954 -0.033350 -0.282956
v 0.345014 -0.033350 -0.248674
v 0.342858 -0.033350 -0.247862
v 0.348796 -0.033350 -0.231090
v 0.354201 -0.033350 -0.213682
v 0.349230 -0.033350 -0.290694
v 0.348373 -0.033350 -0.292832
v 0.350982 -0.033350 -0.231816
v 0.355193 -0.033350 -0.292053
v 0.355039 -0.033350 -0.294351
v 0.359072 -0.033350 -0.195634
v 0.361306 -0.033350 -0.196194
v 0.361847 -0.033350 -0.293736
v 0.361283 -0.033350 -0.291502
v 0.356414 -0.033350 -0.214323
v 0.363403 -0.033350 -0.176944
v 0.365656 -0.033350 -0.177425
v 0.368132 -0.033350 -0.291046
v 0.366906 -0.033350 -0.289096
v 0.367192 -0.033350 -0.157612
v 0.371510 -0.033350 -0.285071
v 0.373278 -0.033350 -0.286547
v 0.370434 -0.033350 -0.137636
v 0.372714 -0.033350 -0.137970
v 0.373128 -0.033350 -0.117017
v 0.369459 -0.033350 -0.158018
v 0.377883 -0.033350 -0.051304
v 0.374644 -0.033350 -0.279820
v 0.376782 -0.033350 -0.280677
v 0.375269 -0.033350 -0.095755
v 0.377564 -0.033350 -0.095953
v 0.376854 -0.033350 -0.073850
v 0.378354 -0.033350 -0.027849
v 0.379154 -0.033350 -0.073986
v 0.375416 -0.033350 -0.117282
v 0.154711 -0.033350 0.146289
v 0.153911 -0.033350 0.149501
v 0.154143 -0.033350 0.152802
v 0.156206 -0.033350 0.149701
v 0.156388 -0.033350 0.152283
v 0.155384 -0.033350 0.155871
v 0.156832 -0.033350 0.147189
v 0.159023 -0.033350 0.156667
v 0.161219 -0.033350 0.158038
v 0.160319 -0.033350 0.160159
v 0.157358 -0.033350 0.154684
v 0.157512 -0.033350 0.158405
v 0.156465 -0.033350 0.143482
v 0.158203 -0.033350 0.144993
v 0.163731 -0.033350 0.158664
v 0.163531 -0.033350 0.160958
v 0.168818 -0.033350 0.132790
v 0.167153 -0.033350 0.131199
v 0.168714 -0.033350 0.157512
v 0.166313 -0.033350 0.158482
v 0.166832 -0.033350 0.160727
v 0.172435 -0.033350 0.157358
v 0.170697 -0.033350 0.155847
v 0.182447 -0.033350 0.145817
v 0.180782 -0.033350 0.144225
v 0.169901 -0.033350 0.159486
v 0.179839 -0.033350 0.122416
v 0.178360 -0.033350 0.120650
v 0.189875 -0.033350 0.112222
v 0.191940 -0.033350 0.136874
v 0.191100 -0.033350 0.114173
v 0.190461 -0.033350 0.135107
v 0.201125 -0.033350 0.130141
v 0.199900 -0.033350 0.128190
v 0.209934 -0.033350 0.125525
v 0.209045 -0.033350 0.123400
v 0.202655 -0.033350 0.108133
v 0.218367 -0.033350 0.122872
v 0.201766 -0.033350 0.106008
v 0.217895 -0.033350 0.120617
v 0.226550 -0.033350 0.122014
v 0.226550 -0.033350 0.119710
v 0.214505 -0.033350 0.104418
v 0.214033 -0.033350 0.102164
v 0.226550 -0.033350 0.103160
v 0.226550 -0.033350 0.100856
v 0.234733 -0.033350 0.122872
v 0.235205 -0.033350 0.120617
v 0.243166 -0.033350 0.125525
v 0.244055 -0.033350 0.123400
v 0.251976 -0.033350 0.130141
v 0.253200 -0.033350 0.128190
v 0.261160 -0.033350 0.136874
v 0.238595 -0.033350 0.104418
v 0.239067 -0.033350 0.102164
v 0.262639 -0.033350 0.135107
v 0.250445 -0.033350 0.108133
v 0.272318 -0.033350 0.144225
v 0.270653 -0.033350 0.145817
v 0.282403 -0.033350 0.155847
v 0.280665 -0.033350 0.157358
v 0.284386 -0.033350 0.157512
v 0.283199 -0.033350 0.159486
v 0.289369 -0.033350 0.158664
v 0.286787 -0.033350 0.158482
v 0.286268 -0.033350 0.160727
v 0.289569 -0.033350 0.160958
v 0.251334 -0.033350 0.106008
v 0.263225 -0.033350 0.112222
v 0.262000 -0.033350 0.114173
v 0.273261 -0.033350 0.122416
v 0.274740 -0.033350 0.120650
v 0.284282 -0.033350 0.132790
v 0.285947 -0.033350 0.131199
v 0.291881 -0.033350 0.158038
v 0.292781 -0.033350 0.160159
v 0.295742 -0.033350 0.154684
v 0.294077 -0.033350 0.156667
v 0.295588 -0.033350 0.158405
v 0.298957 -0.033350 0.152802
v 0.297716 -0.033350 0.155871
v 0.296894 -0.033350 0.149701
v 0.296712 -0.033350 0.152283
v 0.294897 -0.033350 0.144993
v 0.299189 -0.033350 0.149501
v 0.298389 -0.033350 0.146289
v 0.296635 -0.033350 0.143482
v 0.296268 -0.033350 0.147189
vn 0.0252 -0.9414 0.3364
vn -0.0000 -0.8921 0.4517
vn -0.0000 -0.9412 0.3379
vn 0.0556 -0.9419 0.3313
vn 0.0341 -0.8923 0.4502
vn 0.0925 -0.9424 0.3214
vn 0.0751 -0.8928 0.4442
vn 0.1361 -0.9425 0.3052
vn 0.1246 -0.8933 0.4318
vn 0.2484 -0.8910 0.3800
vn 0.1828 -0.8931 0.4110
vn 0.1858 -0.9414 0.2815
vn 0.3183 -0.8858 0.3378
vn 0.2397 -0.9381 0.2498
vn 0.3878 -0.8765 0.2853
vn 0.2947 -0.9321 0.2107
vn 0.4516 -0.8632 0.2257
vn 0.3469 -0.9230 0.1663
vn 0.5056 -0.8471 0.1635
vn 0.3926 -0.9119 0.1196
vn 0.5479 -0.8302 0.1032
vn 0.4296 -0.9000 0.0740
vn 0.5784 -0.8143 0.0482
vn 0.4573 -0.8888 0.0321
vn 0.5934 -0.8048 0.0121
vn 0.4707 -0.8823 0.0074
vn 0.5974 -0.8019 -0.0012
vn 0.4745 -0.8803 -0.0015
vn 0.5986 -0.8010 -0.0065
vn 0.4756 -0.8797 -0.0055
vn 0.5991 -0.8006 -0.0109
vn 0.4761 -0.8794 -0.0088
vn 0.5991 -0.8005 -0.0148
vn 0.4758 -0.8795 -0.0147
vn 0.4761 -0.8793 -0.0118
vn 0.4749 -0.8798 -0.0178
vn 0.5987 -0.8008 -0.0187
vn 0.4735 -0.8805 -0.0213
vn 0.5978 -0.8014 -0.0228
vn 0.4711 -0.8817 -0.0256
vn 0.5962 -0.8024 -0.0275
vn 0.4673 -0.8836 -0.0313
vn 0.5935 -0.8041 -0.0333
vn 0.4604 -0.8868 -0.0398
vn 0.5891 -0.8070 -0.0412
vn 0.4469 -0.8929 -0.0544
vn 0.5813 -0.8120 -0.0532
vn 0.4443 -0.8940 -0.0580
vn 0.5653 -0.8215 -0.0751
vn 0.4726 -0.8808 -0.0302
vn 0.5752 -0.8159 -0.0593
vn 0.4276 -0.9011 -0.0713
vn 0.5874 -0.8078 -0.0494
vn 0.3792 -0.9185 -0.1121
vn 0.5407 -0.8350 -0.1021
vn 0.3286 -0.9323 -0.1514
vn 0.4877 -0.8590 -0.1556
vn 0.2775 -0.9422 -0.1880
vn 0.4295 -0.8788 -0.2081
vn 0.2273 -0.9484 -0.2211
vn 0.3678 -0.8935 -0.2576
vn 0.1795 -0.9514 -0.2503
vn 0.3048 -0.9031 -0.3025
vn 0.1350 -0.9518 -0.2753
vn 0.2429 -0.9079 -0.3416
vn 0.1300 -0.9068 -0.4011
vn 0.1842 -0.9088 -0.3744
vn 0.0944 -0.9504 -0.2964
vn 0.0812 -0.9028 -0.4224
vn 0.0580 -0.9478 -0.3137
vn 0.0379 -0.8976 -0.4391
vn 0.0257 -0.9444 -0.3277
vn 0.0088 -0.8940 -0.4479
vn 0.0053 -0.9419 -0.3359
vn -0.0000 -0.8932 -0.4496
vn -0.0000 -0.9412 -0.3379
vn -0.0053 -0.9419 -0.3359
vn -0.0257 -0.9444 -0.3277
vn -0.0088 -0.8940 -0.4479
vn -0.0580 -0.9478 -0.3137
vn -0.0379 -0.8976 -0.4391
vn -0.0944 -0.9504 -0.2964
vn -0.0812 -0.9028 -0.4224
vn -0.1350 -0.9518 -0.2753
vn -0.1300 -0.9068 -0.4011
vn -0.2429 -0.9079 -0.3416
vn -0.1842 -0.9088 -0.3744
vn -0.1795 -0.9514 -0.2503
vn -0.3048 -0.9031 -0.3025
vn -0.2273 -0.9484 -0.2211
vn -0.3678 -0.8935 -0.2576
vn -0.2775 -0.9422 -0.1880
vn -0.4295 -0.8788 -0.2081
vn -0.3286 -0.9323 -0.1514
vn -0.4877 -0.8590 -0.1556
vn -0.3792 -0.9185 -0.1121
vn -0.5407 -0.8350 -0.1021
vn -0.4276 -0.9011 -0.0713
vn -0.5874 -0.8078 -0.0494
vn -0.4726 -0.8808 -0.0302
vn -0.5752 -0.8159 -0.0593
vn -0.4443 -0.8940 -0.0580
vn -0.5653 -0.8215 -0.0751
vn -0.4469 -0.8929 -0.0544
vn -0.5813 -0.8119 -0.0532
vn -0.4604 -0.8868 -0.0398
vn -0.5891 -0.8070 -0.0412
vn -0.4673 -0.8836 -0.0313
vn -0.5935 -0.8041 -0.0333
vn -0.4711 -0.8817 -0.0256
vn -0.5962 -0.8024 -0.0275
vn -0.4735 -0.8805 -0.0213
vn -0.5978 -0.8014 -0.0228
vn -0.4749 -0.8798 -0.0178
vn -0.5987 -0.8008 -0.0187
vn -0.4758 -0.8795 -0.0147
vn -0.5991 -0.8005 -0.0148
vn -0.4761 -0.8794 -0.0088
vn -0.4761 -0.8793 -0.0118
vn -0.4756 -0.8797 -0.0055
vn -0.5991 -0.8006 -0.0109
vn -0.4745 -0.8803 -0.0015
vn -0.5986 -0.8010 -0.0065
vn -0.4707 -0.8823 0.0074
vn -0.5974 -0.8019 -0.0012
vn -0.4573 -0.8888 0.0321
vn -0.5934 -0.8048 0.0121
vn -0.4296 -0.9000 0.0740
vn -0.5784 -0.8143 0.0482
vn -0.3926 -0.9119 0.1196
vn -0.5479 -0.8302 0.1032
vn -0.3469 -0.9230 0.1663
vn -0.5056 -0.8471 0.1635
vn -0.2947 -0.9321 0.2107
vn -0.4516 -0.8632 0.2257
vn -0.2397 -0.9381 0.2498
vn -0.3878 -0.8765 0.2853
vn -0.1858 -0.9414 0.2815
vn -0.3183 -0.8858 0.3378
vn -0.1361 -0.9425 0.3052
vn -0.2484 -0.8910 0.3800
vn -0.1246 -0.8933 0.4318
vn -0.1828 -0.8931 0.4110
vn -0.0925 -0.9424 0.3214
vn -0.0751 -0.8928 0.4442
vn -0.0556 -0.9419 0.3313
vn -0.0341 -0.8923 0.4502
vn -0.0252 -0.9414 0.3364
vn -0.0000 -0.4311 0.9023
vn 0.0687 -0.4307 0.8999
vn 0.1513 -0.4303 0.8899
vn 0.2510 -0.4297 0.8674
vn 0.4926 -0.4256 0.7591
vn 0.3667 -0.4284 0.8259
vn 0.6175 -0.4207 0.6646
vn 0.7278 -0.4132 0.5474
vn 0.8136 -0.4030 0.4191
vn 0.8724 -0.3908 0.2936
vn 0.9080 -0.3779 0.1806
vn 0.9268 -0.3658 0.0847
vn 0.9331 -0.3589 0.0216
vn 0.9341 -0.3569 -0.0014
vn 0.9343 -0.3563 -0.0099
vn 0.9344 -0.3559 -0.0169
vn 0.9342 -0.3559 -0.0232
vn 0.9340 -0.3561 -0.0293
vn 0.9336 -0.3565 -0.0359
vn 0.9330 -0.3574 -0.0436
vn 0.9319 -0.3587 -0.0532
vn 0.9302 -0.3611 -0.0667
vn 0.9268 -0.3651 -0.0878
vn 0.9189 -0.3730 -0.1285
vn 0.9273 -0.3650 -0.0831
vn 0.9267 -0.3646 -0.0908
vn 0.9042 -0.3848 -0.1852
vn 0.8673 -0.4030 -0.2922
vn 0.8113 -0.4182 -0.4086
vn 0.7330 -0.4296 -0.5274
vn 0.6331 -0.4373 -0.6387
vn 0.5177 -0.4416 -0.7328
vn 0.2801 -0.4423 -0.8520
vn 0.3967 -0.4431 -0.8039
vn 0.1744 -0.4397 -0.8811
vn 0.0826 -0.4359 -0.8962
vn 0.0201 -0.4347 -0.9004
vn -0.0000 -0.4355 -0.9002
vn -0.0201 -0.4347 -0.9004
vn -0.0826 -0.4359 -0.8962
vn -0.1744 -0.4397 -0.8811
vn -0.2801 -0.4423 -0.8520
vn -0.5177 -0.4416 -0.7328
vn -0.3967 -0.4431 -0.8039
vn -0.6331 -0.4373 -0.6387
vn -0.7330 -0.4296 -0.5274
vn -0.8113 -0.4182 -0.4086
vn -0.8673 -0.4030 -0.2922
vn -0.9042 -0.3848 -0.1852
vn -0.9267 -0.3646 -0.0908
vn -0.9273 -0.3650 -0.0831
vn -0.9189 -0.3730 -0.1285
vn -0.9268 -0.3651 -0.0878
vn -0.9302 -0.3611 -0.0667
vn -0.9319 -0.3587 -0.0532
vn -0.9330 -0.3574 -0.0436
vn -0.9336 -0.3565 -0.0359
vn -0.9340 -0.3561 -0.0293
vn -0.9342 -0.3559 -0.0232
vn -0.9344 -0.3559 -0.0169
vn -0.9343 -0.3563 -0.0099
vn -0.9341 -0.3569 -0.0014
vn -0.9331 -0.3589 0.0216
vn -0.9268 -0.3658 0.0847
vn -0.9080 -0.3779 0.1806
vn -0.8724 -0.3908 0.2936
vn -0.8136 -0.4030 0.4191
vn -0.7278 -0.4132 0.5474
vn -0.6175 -0.4207 0.6646
vn -0.4926 -0.4256 0.7591
vn -0.2510 -0.4297 0.8674
vn -0.3667 -0.4284 0.8259
vn -0.1513 -0.4303 0.8899
vn -0.0687 -0.4307 0.8999
vn 0.0754 0.0817 0.9938
vn -0.0000 0.0815 0.9967
vn 0.1664 0.0821 0.9826
vn 0.2766 0.0825 0.9574
vn 0.4048 0.0826 0.9107
vn 0.5444 0.0817 0.8348
vn 0.6820 0.0795 0.7270
vn 0.8012 0.0758 0.5935
vn 0.8907 0.0709 0.4490
vn 0.9485 0.0658 0.3098
vn 0.9805 0.0612 0.1869
vn 0.9948 0.0574 0.0843
vn 0.9983 0.0551 0.0207
vn 0.9985 0.0544 -0.0020
vn 0.9985 0.0543 -0.0109
vn 0.9984 0.0542 -0.0181
vn 0.9980 0.0542 -0.0312
vn 0.9982 0.0541 -0.0247
vn 0.9978 0.0543 -0.0381
vn 0.9975 0.0545 -0.0460
vn 0.9969 0.0549 -0.0560
vn 0.9960 0.0555 -0.0698
vn 0.9942 0.0566 -0.0914
vn 0.9894 0.0588 -0.1325
vn 0.9930 0.0570 -0.1037
vn 0.9947 0.0560 -0.0862
vn 0.9801 0.0624 -0.1886
vn 0.9491 0.0695 -0.3072
vn 0.8954 0.0766 -0.4387
vn 0.8140 0.0830 -0.5749
vn 0.7052 0.0878 -0.7035
vn 0.5764 0.0904 -0.8121
vn 0.4400 0.0908 -0.8934
vn 0.3083 0.0895 -0.9471
vn 0.1895 0.0871 -0.9780
vn 0.0871 0.0844 -0.9926
vn 0.0201 0.0822 -0.9964
vn -0.0000 0.0815 -0.9967
vn -0.0201 0.0822 -0.9964
vn -0.0871 0.0844 -0.9926
vn -0.1895 0.0871 -0.9780
vn -0.3083 0.0895 -0.9471
vn -0.4400 0.0908 -0.8934
vn -0.5764 0.0904 -0.8121
vn -0.7052 0.0878 -0.7035
vn -0.8140 0.0830 -0.5749
vn -0.8954 0.0766 -0.4387
vn -0.9491 0.0695 -0.3072
vn -0.9801 0.0624 -0.1886
vn -0.9947 0.0560 -0.0863
vn -0.9930 0.0570 -0.1037
vn -0.9894 0.0588 -0.1325
vn -0.9942 0.0566 -0.0914
vn -0.9960 0.0555 -0.0698
vn -0.9969 0.0549 -0.0560
vn -0.9975 0.0545 -0.0460
vn -0.9978 0.0543 -0.0381
vn -0.9980 0.0542 -0.0312
vn -0.9984 0.0542 -0.0181
vn -0.9982 0.0541 -0.0247
vn -0.9985 0.0542 -0.0109
vn -0.9985 0.0544 -0.0020
vn -0.9983 0.0551 0.0207
vn -0.9948 0.0574 0.0843
vn -0.9805 0.0612 0.1869
vn -0.9485 0.0658 0.3098
vn -0.8907 0.0709 0.4490
vn -0.8012 0.0758 0.5935
vn -0.6820 0.0795 0.7270
vn -0.5444 0.0817 0.8348
vn -0.4048 0.0826 0.9107
vn -0.2766 0.0825 0.9574
vn -0.1664 0.0821 0.9826
vn -0.0754 0.0817 0.9938
vn -0.0000 -1.0000 -0.0000
vn -0.0000 1.0000 -0.0000
vn -0.9780 -0.0000 0.2088
vn 0.9780 -0.0000 -0.2088
vn -0.9789 -0.0000 0.2046
vn 0.9789 -0.0000 -0.2046
vn -0.9798 -0.0000 0.2000
vn 0.9798 -0.0000 -0.2000
vn -0.9808 -0.0000 0.1952
vn 0.9808 -0.0000 -0.1952
vn -0.9818 -0.0000 0.1900
vn 0.9818 -0.0000 -0.1900
vn -0.9829 -0.0000 0.1844
vn 0.9829 -0.0000 -0.1844
vn -0.9840 -0.0000 0.1784
vn 0.9840 -0.0000 -0.1784
vn -0.9851 -0.0000 0.1719
vn 0.9851 -0.0000 -0.1719
vn -0.9863 -0.0000 0.1649
vn 0.9863 -0.0000 -0.1649
vn -0.9875 -0.0000 0.1573
vn 0.9875 -0.0000 -0.1573
vn -0.9888 -0.0000 0.1490
vn 0.9888 -0.0000 -0.1490
vn -0.9902 -0.0000 0.1399
vn 0.9902 -0.0000 -0.1400
vn -0.9561 -0.0000 0.2931
vn 0.9561 -0.0000 -0.2931
vn -0.8187 -0.0000 0.5742
vn 0.8187 -0.0000 -0.5742
vn -0.6012 -0.0000 0.7991
vn 0.6012 -0.0000 -0.7991
vn -0.3248 -0.0000 0.9458
vn 0.3248 -0.0000 -0.9458
vn -0.0166 -0.0000 0.9999
vn 0.0166 -0.0000 -0.9999
vn 0.2931 -0.0000 0.9561
vn -0.2931 -0.0000 -0.9561
vn 0.5742 -0.0000 0.8187
vn -0.5742 -0.0000 -0.8187
vn 0.7991 -0.0000 0.6012
vn -0.7991 -0.0000 -0.6012
vn 0.9458 -0.0000 0.3248
vn -0.9458 -0.0000 -0.3248
vn 0.9999 -0.0000 0.0167
vn -0.9999 -0.0000 -0.0167
vn -0.9902 -0.0000 0.1400
vn 0.9333 -0.0000 -0.3592
vn -0.9333 -0.0000 0.3592
vn 0.7766 -0.0000 -0.6300
vn -0.7766 -0.0000 0.6300
vn 0.5439 -0.0000 -0.8392
vn -0.5439 -0.0000 0.8392
vn 0.2579 -0.0000 -0.9662
vn -0.2579 -0.0000 0.9662
vn -0.0533 -0.0000 -0.9986
vn 0.0533 -0.0000 0.9986
vn -0.3592 -0.0000 -0.9333
vn 0.3592 -0.0000 0.9332
vn -0.6300 -0.0000 -0.7766
vn 0.6300 -0.0000 0.7766
vn -0.8392 -0.0000 -0.5439
vn 0.8392 -0.0000 0.5439
vn -0.9662 -0.0000 -0.2579
vn 0.9662 -0.0000 0.2579
vn -0.9986 -0.0000 0.0533
vn 0.9986 -0.0000 -0.0533
vn -0.9998 -0.0000 -0.0201
vn 0.9998 -0.0000 0.0201
vn -0.9990 -0.0000 -0.0456
vn 0.9990 -0.0000 0.0456
vn -0.9974 -0.0000 -0.0722
vn 0.9974 -0.0000 0.0722
vn -0.9950 -0.0000 -0.1002
vn 0.9950 -0.0000 0.1002
vn -0.9916 -0.0000 -0.1295
vn 0.9916 -0.0000 0.1295
vn -0.9871 -0.0000 -0.1602
vn 0.9871 -0.0000 0.1602
vn -0.9813 -0.0000 -0.1923
vn 0.9813 -0.0000 0.1923
vn -0.9742 -0.0000 -0.2258
vn 0.9742 -0.0000 0.2258
vn -0.9655 -0.0000 -0.2605
vn 0.9655 -0.0000 0.2605
vn -0.9550 -0.0000 -0.2965
vn 0.9550 -0.0000 0.2965
vn -0.9427 -0.0000 -0.3337
vn 0.9427 -0.0000 0.3337
vn -0.9282 -0.0000 -0.3722
vn 0.9282 -0.0000 0.3722
vn -0.9750 -0.0000 -0.2221
vn 0.9750 -0.0000 0.2221
vn -0.9959 -0.0000 0.0900
vn 0.9959 -0.0000 -0.0900
vn -0.9194 -0.0000 0.3934
vn 0.9194 -0.0000 -0.3934
vn -0.7528 -0.0000 0.6582
vn 0.7528 -0.0000 -0.6582
vn -0.5126 -0.0000 0.8586
vn 0.5126 -0.0000 -0.8586
vn -0.2221 -0.0000 0.9750
vn 0.2221 -0.0000 -0.9750
vn 0.0900 -0.0000 0.9959
vn -0.0900 -0.0000 -0.9959
vn 0.3934 -0.0000 0.9194
vn -0.3934 -0.0000 -0.9194
vn 0.6582 -0.0000 0.7528
vn -0.6582 -0.0000 -0.7528
vn 0.8586 -0.0000 0.5126
vn -0.8586 -0.0000 -0.5126
vn 0.9284 -0.0000 0.3717
vn -0.9283 -0.0000 -0.3717
vn 0.9550 -0.0000 0.2966
vn -0.9550 -0.0000 -0.2966
vn 0.9998 -0.0000 0.0203
vn -0.9998 -0.0000 -0.0203
vn 0.9906 -0.0000 -0.1365
vn -0.9906 -0.0000 0.1365
vn 0.9000 -0.0000 -0.4359
vn -0.9000 -0.0000 0.4359
vn 0.7212 -0.0000 -0.6927
vn -0.7212 -0.0000 0.6927
vn 0.4719 -0.0000 -0.8817
vn -0.4719 -0.0000 0.8817
vn 0.1763 -0.0000 -0.9843
vn -0.1763 -0.0000 0.9843
vn -0.1364 -0.0000 -0.9906
vn 0.1365 -0.0000 0.9906
vn -0.4359 -0.0000 -0.9000
vn 0.4359 -0.0000 0.9000
vn -0.6927 -0.0000 -0.7212
vn 0.6927 -0.0000 0.7212
vn -0.8817 -0.0000 -0.4719
vn 0.8817 -0.0000 0.4719
vn -0.9843 -0.0000 -0.1763
vn 0.9843 -0.0000 0.1763
vn -0.9780 -0.0000 -0.2088
vn 0.9780 -0.0000 0.2088
vn -0.9789 -0.0000 -0.2046
vn 0.9789 -0.0000 0.2046
vn -0.9798 -0.0000 -0.2000
vn 0.9798 -0.0000 0.2000
vn -0.9808 -0.0000 -0.1952
vn 0.9808 -0.0000 0.1952
vn -0.9818 -0.0000 -0.1900
vn 0.9818 -0.0000 0.1900
vn -0.9829 -0.0000 -0.1844
vn 0.9829 -0.0000 0.1844
vn -0.9840 -0.0000 -0.1784
vn 0.9840 -0.0000 0.1784
vn -0.9851 -0.0000 -0.1719
vn 0.9851 -0.0000 0.1719
vn -0.9863 -0.0000 -0.1649
vn 0.9863 -0.0000 0.1649
vn -0.9875 -0.0000 -0.1573
vn 0.9875 -0.0000 0.1573
vn -0.9888 -0.0000 -0.1490
vn 0.9888 -0.0000 0.1490
vn -0.9902 -0.0000 -0.1400
vn 0.9902 -0.0000 0.1400
vn -0.9999 -0.0000 0.0167
vn 0.9999 -0.0000 -0.0167
vn -0.9458 -0.0000 0.3248
vn 0.9458 -0.0000 -0.3248
vn -0.7991 -0.0000 0.6012
vn 0.7991 -0.0000 -0.6012
vn -0.5742 -0.0000 0.8187
vn 0.5742 -0.0000 -0.8187
vn -0.2931 -0.0000 0.9561
vn 0.2931 -0.0000 -0.9561
vn 0.0166 -0.0000 0.9999
vn -0.0166 -0.0000 -0.9999
vn 0.3248 -0.0000 0.9458
vn -0.3248 -0.0000 -0.9458
vn 0.6012 -0.0000 0.7991
vn -0.6012 -0.0000 -0.7991
vn 0.8187 -0.0000 0.5742
vn -0.8187 -0.0000 -0.5742
vn 0.9561 -0.0000 0.2931
vn -0.9561 -0.0000 -0.2931
vn 0.9902 -0.0000 0.1399
vn -0.9828 -0.0000 -0.1844
vn 0.9986 -0.0000 0.0533
vn -0.9986 -0.0000 -0.0533
vn 0.9662 -0.0000 -0.2579
vn -0.9662 -0.0000 0.2579
vn 0.8392 -0.0000 -0.5439
vn -0.8392 -0.0000 0.5439
vn 0.6300 -0.0000 -0.7766
vn -0.6300 -0.0000 0.7766
vn 0.3592 -0.0000 -0.9333
vn -0.3592 -0.0000 0.9333
vn 0.0533 -0.0000 -0.9986
vn -0.0532 -0.0000 0.9986
vn -0.2579 -0.0000 -0.9662
vn 0.2579 -0.0000 0.9662
vn -0.5439 -0.0000 -0.8392
vn 0.5439 -0.0000 0.8392
vn -0.7766 -0.0000 -0.6300
vn 0.7766 -0.0000 0.6300
vn -0.9332 -0.0000 -0.3592
vn 0.9333 -0.0000 0.3592
vn -0.9998 -0.0000 0.0203
vn 0.9998 -0.0000 -0.0203
vn -0.9990 -0.0000 0.0456
vn 0.9990 -0.0000 -0.0456
vn -0.9974 -0.0000 0.0722
vn 0.9974 -0.0000 -0.0722
vn -0.9950 -0.0000 0.1002
vn 0.9950 -0.0000 -0.1002
vn -0.9916 -0.0000 0.1295
vn 0.9916 -0.0000 -0.1295
vn -0.9871 -0.0000 0.1602
vn 0.9871 -0.0000 -0.1602
vn -0.9813 -0.0000 0.1923
vn 0.9813 -0.0000 -0.1923
vn -0.9742 -0.0000 0.2258
vn 0.9742 -0.0000 -0.2258
vn -0.9655 -0.0000 0.2605
vn 0.9655 -0.0000 -0.2605
vn -0.9550 -0.0000 0.2966
vn 0.9550 -0.0000 -0.2966
vn -0.9427 -0.0000 0.3337
vn 0.9427 -0.0000 -0.3337
vn -0.9284 -0.0000 0.3717
vn 0.9283 -0.0000 -0.3717
vn -0.8587 -0.0000 0.5126
vn 0.8586 -0.0000 -0.5126
vn -0.6582 -0.0000 0.7528
vn 0.6582 -0.0000 -0.7528
vn -0.3934 -0.0000 0.9194
vn 0.3934 -0.0000 -0.9194
vn -0.0900 -0.0000 0.9959
vn 0.0900 -0.0000 -0.9959
vn 0.2221 -0.0000 0.9750
vn -0.2221 -0.0000 -0.9750
vn 0.5126 -0.0000 0.8586
vn -0.5126 -0.0000 -0.8587
vn 0.7528 -0.0000 0.6582
vn -0.7528 -0.0000 -0.6582
vn 0.9194 -0.0000 0.3934
vn -0.9194 -0.0000 -0.3934
vn 0.9959 -0.0000 0.0900
vn -0.9959 -0.0000 -0.0900
vn 0.9750 -0.0000 -0.2221
vn -0.9750 -0.0000 0.2221
vn 0.9282 -0.0000 -0.3722
vn -0.9282 -0.0000 0.3721
vn 0.9550 -0.0000 -0.2965
vn 0.9998 -0.0000 -0.0201
vn -0.9998 -0.0000 0.0201
vn 0.9843 -0.0000 -0.1763
vn -0.9843 -0.0000 0.1763
vn 0.8817 -0.0000 -0.4719
vn -0.8817 -0.0000 0.4719
vn 0.6927 -0.0000 -0.7212
vn -0.6927 -0.0000 0.7212
vn 0.4359 -0.0000 -0.9000
vn -0.4359 -0.0000 0.9000
vn 0.1364 -0.0000 -0.9906
vn -0.1365 -0.0000 0.9906
vn -0.1763 -0.0000 -0.9843
vn 0.1764 -0.0000 0.9843
vn -0.4719 -0.0000 -0.8817
vn 0.4719 -0.0000 0.8817
vn -0.7212 -0.0000 -0.6927
vn 0.7212 -0.0000 0.6927
vn -0.9000 -0.0000 -0.4359
vn 0.9000 -0.0000 0.4359
vn -0.9906 -0.0000 -0.1365
vn 0.9906 -0.0000 0.1365
vn -0.7554 -0.0000 -0.6553
vn 0.7553 -0.0000 0.6554
vn -0.6857 -0.0000 -0.7278
vn 0.6857 -0.0000 0.7279
vn -0.5912 -0.0000 -0.8065
vn 0.5911 -0.0000 0.8066
vn -0.4641 -0.0000 -0.8858
vn 0.4639 -0.0000 0.8859
vn -0.3001 -0.0000 -0.9539
vn 0.2999 -0.0000 0.9540
vn -0.1044 -0.0000 -0.9945
vn 0.1043 -0.0000 0.9945
vn 0.1044 -0.0000 -0.9945
vn -0.1043 -0.0000 0.9945
vn 0.3001 -0.0000 -0.9539
vn -0.2999 -0.0000 0.9540
vn 0.4641 -0.0000 -0.8858
vn -0.4640 -0.0000 0.8859
vn 0.5912 -0.0000 -0.8065
vn -0.5911 -0.0000 0.8066
vn 0.6857 -0.0000 -0.7278
vn -0.6857 -0.0000 0.7279
vn 0.7554 -0.0000 -0.6553
vn -0.7553 -0.0000 0.6554
vn 0.6430 -0.0000 -0.7659
vn -0.6430 -0.0000 0.7659
vn 0.3749 -0.0000 -0.9271
vn -0.3749 -0.0000 0.9271
vn 0.0700 -0.0000 -0.9975
vn -0.0700 -0.0000 0.9975
vn -0.2417 -0.0000 -0.9704
vn 0.2417 -0.0000 0.9704
vn -0.5297 -0.0000 -0.8482
vn 0.5297 -0.0000 0.8482
vn -0.7659 -0.0000 -0.6430
vn 0.7659 -0.0000 0.6430
vn -0.9271 -0.0000 -0.3748
vn 0.9271 -0.0000 0.3749
vn -0.9975 -0.0000 -0.0700
vn 0.9975 -0.0000 0.0700
vn -0.9704 -0.0000 0.2417
vn 0.9704 -0.0000 -0.2417
vn -0.8482 -0.0000 0.5297
vn 0.8482 -0.0000 -0.5297
vn -0.7544 -0.0000 0.6564
vn 0.7545 -0.0000 -0.6563
vn -0.6854 -0.0000 0.7282
vn 0.6854 -0.0000 -0.7281
vn -0.5906 -0.0000 0.8070
vn 0.5907 -0.0000 -0.8069
vn -0.4631 -0.0000 0.8863
vn 0.4632 -0.0000 -0.8862
vn -0.2991 -0.0000 0.9542
vn 0.2991 -0.0000 -0.9542
vn -0.1039 -0.0000 0.9946
vn 0.1039 -0.0000 -0.9946
vn 0.1039 -0.0000 0.9946
vn -0.1039 -0.0000 -0.9946
vn 0.2991 -0.0000 0.9542
vn -0.2991 -0.0000 -0.9542
vn 0.4631 -0.0000 0.8863
vn -0.4632 -0.0000 -0.8862
vn 0.5906 -0.0000 0.8070
vn -0.5907 -0.0000 -0.8069
vn 0.6854 -0.0000 0.7282
vn -0.6854 -0.0000 -0.7281
vn 0.7544 -0.0000 0.6564
vn -0.7545 -0.0000 -0.6563
vn 0.8482 -0.0000 0.5297
vn -0.8482 -0.0000 -0.5297
vn 0.9704 -0.0000 0.2417
vn -0.9704 -0.0000 -0.2417
vn 0.9975 -0.0000 -0.0700
vn -0.9975 -0.0000 0.0700
vn 0.9271 -0.0000 -0.3748
vn -0.9271 -0.0000 0.3748
vn 0.7659 -0.0000 -0.6430
vn -0.7659 -0.0000 0.6430
vn 0.5297 -0.0000 -0.8482
vn -0.5297 -0.0000 0.8482
vn 0.2417 -0.0000 -0.9704
vn -0.2417 -0.0000 0.9704
vn -0.0700 -0.0000 -0.9975
vn 0.0700 -0.0000 0.9975
vn -0.3748 -0.0000 -0.9271
vn 0.3748 -0.0000 0.9271
vn -0.6430 -0.0000 -0.7659
vn 0.6430 -0.0000 0.7659
vn -0.0000 -1.0000 -0.0001
vn -0.0000 -1.0000 -0.0002
vn -0.0000 -1.0000 0.0001
vn -0.0000 1.0000 0.0001
vn -0.0000 1.0000 -0.0001
vn 0.9332 -0.0000 -0.3592
vn 0.0532 -0.0000 0.9986
vn 0.3592 -0.0000 0.9333
vn 0.9282 -0.0000 0.3721
vn -0.1764 -0.0000 0.9843
vn -0.1365 -0.0000 -0.9906
vn -0.3592 -0.0000 0.9332
vn -0.0533 -0.0000 0.9986
vn -0.9333 -0.0000 -0.3592
vn -0.8586 -0.0000 0.5126
vn -0.5126 -0.0000 -0.8586
vn -0.9550 -0.0000 0.2965
vn 0.1365 -0.0000 -0.9906
vn 0.1763 -0.0000 0.9843
vn 0.4640 -0.0000 0.8859
vn -0.4639 -0.0000 0.8859
vn 0.3748 -0.0000 -0.9271
vn -0.3748 -0.0000 0.9271
vn -0.2417 -0.0000 -0.9703
vn 0.9271 -0.0000 0.3748
vn -0.9271 -0.0000 0.3749
vn -0.3749 -0.0000 -0.9271
vn 0.3749 -0.0000 0.9271
s 1
usemtl scarlet_hardshell
f 2//1 316//2 1//3
f 3//4 321//5 2//1
f 4//6 339//7 3//4
f 5//8 353//9 4//6
f 5//8 376//10 362//11
f 6//12 383//13 376//10
f 7//14 385//15 383//13
f 8//16 394//17 385//15
f 9//18 407//19 394//17
f 10//20 415//21 407//19
f 11//22 424//23 415//21
f 12//24 432//25 424//23
f 13//26 433//27 432//25
f 14//28 442//29 433//27
f 15//30 446//31 442//29
f 16//32 449//33 446//31
f 18//34 449//33 17//35
f 19//36 456//37 18//34
f 20//38 460//39 19//36
f 21//40 464//41 20//38
f 22//42 466//43 21//40
f 23//44 469//45 22//42
f 24//46 473//47 23//44
f 25//48 478//49 24//46
f 26//50 483//51 25//48
f 27//52 488//53 26//50
f 28//54 490//55 27//52
f 29//56 496//57 28//54
f 30//58 497//59 29//56
f 31//60 501//61 30//58
f 32//62 506//63 31//60
f 33//64 509//65 32//62
f 33//64 519//66 515//67
f 34//68 523//69 519//66
f 35//70 528//71 523//69
f 36//72 530//73 528//71
f 37//74 532//75 530//73
f 38//76 534//75 532//75
f 39//76 536//75 534//75
f 40//76 538//75 536//75
f 41//76 539//75 538//75
f 42//76 541//75 539//75
f 43//76 544//75 541//75
f 44//76 545//75 544//75
f 45//76 548//75 545//75
f 46//76 550//75 548//75
f 47//76 552//75 550//75
f 48//76 554//75 552//75
f 50//76 554//75 49//76
f 51//76 556//75 50//76
f 52//76 558//75 51//76
f 53//76 560//75 52//76
f 54//76 562//75 53//76
f 55//76 563//75 54//76
f 56//76 566//75 55//76
f 57//76 568//75 56//76
f 58//76 570//75 57//76
f 59//76 571//75 58//76
f 60//76 574//75 59//76
f 61//77 576//75 60//76
f 62//78 578//79 61//77
f 63//80 580//81 62//78
f 64//82 582//83 63//80
f 65//84 584//85 64//82
f 65//84 588//86 586//87
f 66//88 590//89 588//86
f 67//90 591//91 590//89
f 68//92 594//93 591//91
f 69//94 596//95 594//93
f 70//96 598//97 596//95
f 71//98 600//99 598//97
f 72//100 602//101 600//99
f 73//102 604//103 602//101
f 74//104 606//105 604//103
f 75//106 608//107 606//105
f 76//108 610//109 608//107
f 77//110 612//111 610//109
f 78//112 614//113 612//111
f 79//114 616//115 614//113
f 80//116 617//117 616//115
f 82//118 617//117 81//119
f 83//120 618//121 82//118
f 84//122 619//123 83//120
f 85//124 620//125 84//122
f 86//126 621//127 85//124
f 87//128 622//129 86//126
f 88//130 623//131 87//128
f 100//132 624//133 88//130
f 121//134 625//135 100//132
f 160//136 626//137 121//134
f 187//138 627//139 160//136
f 247//140 628//141 187//138
f 247//140 630//142 629//143
f 266//144 631//145 630//142
f 277//146 632//147 631//145
f 302//148 316//2 632//147
f 321//5 633//149 316//2
f 339//7 634//150 321//5
f 353//9 635//151 339//7
f 362//11 636//152 353//9
f 362//11 638//153 637//154
f 376//10 639//155 638//153
f 383//13 640//156 639//155
f 385//15 641//157 640//156
f 394//17 642//158 641//157
f 407//19 643//159 642//158
f 415//21 644//160 643//159
f 424//23 645//161 644//160
f 432//25 646//162 645//161
f 433//27 647//163 646//162
f 442//29 648//164 647//163
f 446//31 649//165 648//164
f 456//37 649//165 449//33
f 460//39 650//166 456//37
f 464//41 651//167 460//39
f 466//43 652//168 464//41
f 469//45 653//169 466//43
f 473//47 654//170 469//45
f 478//49 655//171 473//47
f 483//51 656//172 478//49
f 488//53 657//173 483//51
f 490//55 658//174 488//53
f 496//57 659//175 490//55
f 497//59 660//176 496//57
f 501//61 661//177 497//59
f 506//63 662//178 501//61
f 509//65 663//179 506//63
f 515//67 664//180 509//65
f 515//67 666//181 665//182
f 519//66 667//183 666//181
f 523//69 668//184 667//183
f 528//71 669//185 668//184
f 530//73 670//186 669//185
f 532//75 671//186 670//186
f 534//75 672//186 671//186
f 536//75 673//186 672//186
f 538//75 674//186 673//186
f 539//75 675//186 674//186
f 541//75 676//186 675//186
f 544//75 677//186 676//186
f 545//75 678//186 677//186
f 548//75 679//186 678//186
f 550//75 680//186 679//186
f 552//75 681//186 680//186
f 556//75 681//186 554//75
f 558//75 682//186 556//75
f 560//75 683//186 558//75
f 562//75 684//186 560//75
f 563//75 685//186 562//75
f 566//75 686//186 563//75
f 568//75 687//186 566//75
f 570//75 688//186 568//75
f 571//75 689//186 570//75
f 574//75 690//186 571//75
f 576//75 691//186 574//75
f 578//79 692//186 576//75
f 580//81 693//187 578//79
f 582//83 694//188 580//81
f 584//85 695//189 582//83
f 586//87 696//190 584//85
f 586//87 698//191 697//192
f 588//86 699//193 698//191
f 590//89 700//194 699//193
f 591//91 701//195 700//194
f 594//93 702//196 701//195
f 596//95 703//197 702//196
f 598//97 704//198 703//197
f 600//99 705//199 704//198
f 602//101 706//200 705//199
f 604//103 707//201 706//200
f 606//105 708//202 707//201
f 608//107 709//203 708//202
f 610//109 710//204 709//203
f 612//111 711//205 710//204
f 614//113 712//206 711//205
f 616//115 713//207 712//206
f 618//121 713//207 617//117
f 619//123 714//208 618//121
f 620//125 715//209 619//123
f 621//127 716//210 620//125
f 622//129 717//211 621//127
f 623//131 718//212 622//129
f 624//133 719//213 623//131
f 625//135 720//214 624//133
f 626//137 721//215 625//135
f 627//139 722//216 626//137
f 628//141 723//217 627//139
f 629//143 724//218 628//141
f 629//143 726//219 725//220
f 630//142 727//221 726//219
f 631//145 728//222 727//221
f 632//147 633//149 728//222
f 633//149 730//223 729//224
f 634//150 731//225 730//223
f 635//151 732//226 731//225
f 636//152 733//227 732//226
f 638//153 733//227 637//154
f 639//155 734//228 638//153
f 640//156 735//229 639//155
f 641//157 736//230 640//156
f 642//158 737//231 641//157
f 643//159 738//232 642//158
f 644//160 739//233 643//159
f 645//161 740//234 644//160
f 646//162 741//235 645//161
f 647//163 742//236 646//162
f 648//164 743//237 647//163
f 649//165 744//238 648//164
f 649//165 746//239 745//240
f 650//166 747//241 746//239
f 651//167 748//242 747//241
f 652//168 749//243 748//242
f 653//169 750//244 749//243
f 654//170 751//245 750//244
f 655//171 752//246 751//245
f 656//172 753//247 752//246
f 657//173 754//248 753//247
f 658//174 755//249 754//248
f 659//175 756//250 755//249
f 660//176 757//251 756//250
f 661//177 758//252 757//251
f 662//178 759//253 758//252
f 663//179 760//254 759//253
f 664//180 761//255 760//254
f 666//181 761//255 665//182
f 667//183 762//256 666//181
f 668//184 763//257 667//183
f 669//185 764//258 668//184
f 670//186 765//259 669//185
f 671//186 766//260 670//186
f 672//186 767//260 671//186
f 673//186 768//260 672//186
f 674//186 769//260 673//186
f 675//186 770//260 674//186
f 676//186 771//260 675//186
f 677//186 772//260 676//186
f 678//186 773//260 677//186
f 679//186 774//260 678//186
f 680//186 775//260 679//186
f 681//186 776//260 680//186
f 681//186 778//260 777//260
f 682//186 779//260 778//260
f 683//186 780//260 779//260
f 684//186 781//260 780//260
f 685//186 782//260 781//260
f 686//186 783//260 782//260
f 687//186 784//260 783//260
f 688//186 785//260 784//260
f 689//186 786//260 785//260
f 690//186 787//260 786//260
f 691//186 788//260 787//260
f 692//186 789//261 788//260
f 693//187 790//262 789//261
f 694//188 791//263 790//262
f 695//189 792//264 791//263
f 696//190 793//265 792//264
f 698//191 793//265 697//192
f 699//193 794//266 698//191
f 700//194 795//267 699//193
f 701//195 796//268 700//194
f 702//196 797//269 701//195
f 703//197 798//270 702//196
f 704//198 799//271 703//197
f 705//199 800//272 704//198
f 706//200 801//273 705//199
f 707//201 802//274 706//200
f 708//202 803//275 707//201
f 709//203 804//276 708//202
f 710//204 805//277 709//203
f 711//205 806//278 710//204
f 712//206 807//279 711//205
f 713//207 808//280 712//206
f 713//207 810//281 809//282
f 714//208 811//283 810//281
f 715//209 812//284 811//283
f 716//210 813//285 812//284
f 717//211 814//286 813//285
f 718//212 815//287 814//286
f 719//213 816//288 815//287
f 720//214 817//289 816//288
f 721//215 818//290 817//289
f 722//216 819//291 818//290
f 723//217 820//292 819//291
f 724//218 821//293 820//292
f 726//219 821//293 725//220
f 727//221 822//294 726//219
f 728//222 823//295 727//221
f 633//149 824//296 728//222
s 0
f 926//297 854//297 847//297
f 1106//297 1084//297 1105//297
f 1250//297 965//297 966//297
f 1031//297 1//297 890//297
f 1226//297 1220//297 1215//297
f 1129//297 1167//297 1169//297
f 1032//297 1025//297 1039//297
f 9//297 1064//297 1052//297
f 949//297 954//297 986//297
f 81//297 839//297 843//297
f 884//297 889//297 904//297
f 778//298 779//298 791//298
f 529//297 151//297 113//297
f 151//299 908//299 113//299
f 531//300 909//300 903//300
f 531//297 170//297 151//297
f 170//301 902//301 151//301
f 533//302 903//302 898//302
f 533//297 207//297 170//297
f 207//303 897//303 170//303
f 535//304 898//304 901//304
f 535//297 221//297 207//297
f 221//305 896//305 207//305
f 537//306 901//306 892//306
f 537//297 254//297 221//297
f 254//307 893//307 221//307
f 540//308 892//308 887//308
f 540//297 287//297 254//297
f 287//309 886//309 254//309
f 542//310 887//310 889//310
f 542//297 291//297 287//297
f 291//311 885//311 287//311
f 543//312 889//312 884//312
f 543//297 307//297 291//297
f 307//313 883//313 291//313
f 546//314 884//314 891//314
f 546//297 331//297 307//297
f 331//315 882//315 307//315
f 547//316 891//316 875//316
f 547//297 352//297 331//297
f 352//317 876//317 331//317
f 549//318 875//318 878//318
f 549//297 359//297 352//297
f 359//319 877//319 352//319
f 551//320 878//320 873//320
f 359//297 553//297 367//297
f 367//321 874//321 359//321
f 553//322 873//322 865//322
f 553//297 370//297 367//297
f 370//323 912//323 367//323
f 555//324 865//324 869//324
f 555//297 380//297 370//297
f 380//325 870//325 370//325
f 557//326 869//326 867//326
f 380//297 559//297 390//297
f 380//327 858//327 868//327
f 559//328 867//328 857//328
f 390//297 561//297 400//297
f 390//329 854//329 858//329
f 561//330 857//330 853//330
f 561//297 402//297 400//297
f 400//331 847//331 854//331
f 564//332 853//332 846//332
f 402//297 565//297 412//297
f 402//333 840//333 847//333
f 565//334 846//334 841//334
f 412//297 567//297 417//297
f 412//335 831//335 840//335
f 567//336 841//336 837//336
f 567//297 425//297 417//297
f 425//337 831//337 417//337
f 569//338 837//338 833//338
f 569//297 439//297 425//297
f 439//339 829//339 425//339
f 572//340 833//340 828//340
f 439//297 573//297 444//297
f 444//341 826//341 439//341
f 573//342 828//342 830//342
f 444//297 575//297 448//297
f 448//322 825//322 444//322
f 575//343 830//343 834//343
f 575//297 451//297 448//297
f 451//320 827//320 448//320
f 577//319 834//319 832//319
f 577//297 453//297 451//297
f 453//318 835//318 451//318
f 579//317 832//317 838//317
f 579//297 458//297 453//297
f 453//316 839//316 836//316
f 581//315 838//315 842//315
f 581//297 462//297 458//297
f 462//314 839//314 458//314
f 583//313 842//313 852//313
f 583//297 468//297 462//297
f 468//312 843//312 462//312
f 585//311 852//311 844//311
f 585//297 471//297 468//297
f 471//310 845//310 468//310
f 587//309 844//309 848//309
f 587//297 475//297 471//297
f 475//308 851//308 471//308
f 589//307 848//307 849//307
f 589//297 480//297 475//297
f 480//306 850//306 475//306
f 592//305 849//305 856//305
f 592//297 482//297 480//297
f 482//304 855//304 480//304
f 593//303 856//303 859//303
f 593//297 485//297 482//297
f 485//302 862//302 482//302
f 595//301 859//301 860//301
f 595//297 491//297 485//297
f 491//300 861//300 485//300
f 597//299 860//299 864//299
f 597//297 493//297 491//297
f 493//344 863//344 491//344
f 599//345 864//345 866//345
f 599//297 499//297 493//297
f 499//346 871//346 493//346
f 601//347 866//347 879//347
f 601//297 503//297 499//297
f 499//348 881//348 872//348
f 603//349 879//349 880//349
f 503//297 605//297 507//297
f 503//350 890//350 881//350
f 605//351 880//351 888//351
f 507//297 607//297 512//297
f 507//352 895//352 890//352
f 607//353 888//353 894//353
f 607//297 514//297 512//297
f 512//354 900//354 895//354
f 609//355 894//355 899//355
f 609//297 518//297 514//297
f 514//356 906//356 900//356
f 611//357 899//357 905//357
f 611//297 522//297 518//297
f 522//358 906//358 518//358
f 613//359 905//359 904//359
f 522//297 615//297 526//297
f 526//360 911//360 522//360
f 615//361 904//361 910//361
f 526//297 529//297 113//297
f 113//362 907//362 526//362
f 529//363 910//363 909//363
f 441//297 111//297 92//297
f 111//364 917//364 92//364
f 441//365 925//365 443//365
f 443//297 135//297 111//297
f 135//366 924//366 111//366
f 443//367 929//367 445//367
f 445//297 142//297 135//297
f 142//368 928//368 135//368
f 447//369 929//369 947//369
f 447//297 168//297 142//297
f 168//370 944//370 142//370
f 450//371 947//371 946//371
f 450//297 178//297 168//297
f 178//372 945//372 168//372
f 452//373 946//373 954//373
f 452//297 199//297 178//297
f 199//374 950//374 178//374
f 454//375 954//375 949//375
f 454//297 212//297 199//297
f 212//376 948//376 199//376
f 455//377 949//377 953//377
f 455//297 232//297 212//297
f 232//378 952//378 212//378
f 455//379 955//379 457//379
f 457//297 238//297 232//297
f 238//380 951//380 232//380
f 459//381 955//381 956//381
f 459//297 261//297 238//297
f 261//382 957//382 238//382
f 461//383 956//383 959//383
f 461//297 269//297 261//297
f 269//384 958//384 261//384
f 463//385 959//385 961//385
f 269//297 465//297 274//297
f 274//386 960//386 269//386
f 465//387 961//387 962//387
f 465//297 284//297 274//297
f 284//388 964//388 274//388
f 467//389 962//389 963//389
f 284//297 470//297 295//297
f 295//390 965//390 284//390
f 467//391 970//391 470//391
f 295//297 472//297 300//297
f 300//392 966//392 295//392
f 472//393 970//393 968//393
f 300//297 474//297 312//297
f 312//394 969//394 300//394
f 472//395 1001//395 474//395
f 474//297 319//297 312//297
f 312//396 999//396 1000//396
f 476//397 1001//397 998//397
f 476//297 327//297 319//297
f 319//398 997//398 999//398
f 477//399 998//399 996//399
f 327//297 479//297 335//297
f 327//400 995//400 997//400
f 479//401 996//401 994//401
f 479//297 343//297 335//297
f 335//402 993//402 995//402
f 481//403 994//403 992//403
f 481//297 346//297 343//297
f 343//404 991//404 993//404
f 484//405 992//405 990//405
f 346//297 486//297 355//297
f 355//406 991//406 346//406
f 486//407 990//407 988//407
f 355//297 487//297 358//297
f 358//408 989//408 355//408
f 487//409 988//409 986//409
f 487//297 364//297 358//297
f 364//385 987//385 358//385
f 489//384 986//384 984//384
f 489//297 365//297 364//297
f 365//410 985//410 364//410
f 492//411 984//411 983//411
f 492//297 372//297 365//297
f 372//381 982//381 365//381
f 494//380 983//380 981//380
f 494//297 373//297 372//297
f 373//379 980//379 372//379
f 495//378 981//378 978//378
f 495//297 378//297 373//297
f 378//377 979//377 373//377
f 498//376 978//376 973//376
f 498//297 382//297 378//297
f 382//375 974//375 378//375
f 500//374 973//374 975//374
f 500//297 388//297 382//297
f 388//373 976//373 382//373
f 502//372 975//372 977//372
f 502//297 392//297 388//297
f 392//371 972//371 388//371
f 504//370 977//370 967//370
f 504//297 395//297 392//297
f 392//369 933//369 971//369
f 505//368 967//368 942//368
f 505//297 398//297 395//297
f 398//367 933//367 395//367
f 508//366 942//366 934//366
f 508//297 404//297 398//297
f 404//412 931//412 398//412
f 510//413 934//413 935//413
f 404//297 511//297 405//297
f 405//414 930//414 404//414
f 511//415 935//415 936//415
f 405//297 513//297 409//297
f 409//416 932//416 405//416
f 513//417 936//417 940//417
f 409//297 516//297 414//297
f 414//418 941//418 409//418
f 516//419 940//419 937//419
f 516//297 419//297 414//297
f 414//420 939//420 938//420
f 517//421 937//421 943//421
f 517//297 422//297 419//297
f 422//422 939//422 419//422
f 520//423 943//423 927//423
f 422//297 521//297 427//297
f 427//424 921//424 926//424
f 521//425 927//425 922//425
f 521//297 430//297 427//297
f 427//426 913//426 923//426
f 524//427 922//427 920//427
f 524//297 435//297 430//297
f 430//428 915//428 913//428
f 525//429 920//429 914//429
f 525//297 437//297 435//297
f 437//430 915//430 435//430
f 527//431 914//431 919//431
f 437//297 441//297 92//297
f 92//432 918//432 437//432
f 441//433 919//433 916//433
f 96//297 356//297 102//297
f 102//434 1033//434 96//434
f 356//435 1034//435 1039//435
f 102//297 357//297 108//297
f 108//436 1040//436 102//436
f 357//437 1039//437 1038//437
f 108//297 360//297 120//297
f 120//438 1037//438 108//438
f 360//439 1038//439 1048//439
f 120//297 361//297 126//297
f 126//440 1049//440 120//440
f 361//441 1048//441 1042//441
f 126//297 363//297 129//297
f 129//442 1041//442 126//442
f 363//443 1042//443 1046//443
f 129//297 366//297 138//297
f 138//444 1047//444 129//444
f 366//445 1046//445 1044//445
f 138//297 368//297 148//297
f 148//446 1045//446 138//446
f 368//447 1044//447 1043//447
f 148//297 369//297 155//297
f 155//448 1064//448 148//448
f 369//449 1043//449 1050//449
f 155//297 371//297 163//297
f 163//450 1052//450 155//450
f 371//451 1050//451 1051//451
f 163//297 374//297 174//297
f 174//452 1054//452 163//452
f 374//453 1051//453 1053//453
f 174//297 375//297 183//297
f 183//454 1061//454 174//454
f 375//455 1053//455 1063//455
f 375//297 189//297 183//297
f 189//456 1058//456 183//456
f 377//457 1063//457 1057//457
f 377//297 193//297 189//297
f 193//458 1055//458 189//458
f 379//459 1057//459 1060//459
f 193//297 381//297 203//297
f 203//460 1056//460 193//460
f 381//461 1060//461 1062//461
f 381//297 216//297 203//297
f 216//462 1059//462 203//462
f 384//463 1062//463 1088//463
f 384//297 218//297 216//297
f 216//464 1086//464 1087//464
f 386//465 1088//465 1085//465
f 386//297 228//297 218//297
f 218//466 1089//466 1086//466
f 387//467 1085//467 1082//467
f 228//297 389//297 235//297
f 228//468 1084//468 1089//468
f 389//469 1082//469 1083//469
f 389//297 244//297 235//297
f 235//470 1078//470 1084//470
f 391//471 1083//471 1079//471
f 391//297 250//297 244//297
f 244//472 1081//472 1078//472
f 393//473 1079//473 1080//473
f 250//297 396//297 260//297
f 260//474 1081//474 250//474
f 396//475 1080//475 1072//475
f 260//297 397//297 267//297
f 267//476 1073//476 260//476
f 397//477 1072//477 1074//477
f 397//297 271//297 267//297
f 271//478 1075//478 267//478
f 399//456 1074//456 1076//456
f 271//297 401//297 275//297
f 275//455 1071//455 271//455
f 401//454 1076//454 1077//454
f 275//297 403//297 280//297
f 280//453 1069//453 275//453
f 403//452 1077//452 1067//452
f 280//297 406//297 281//297
f 281//451 1068//451 280//451
f 406//450 1067//450 1070//450
f 281//297 408//297 286//297
f 286//449 1066//449 281//449
f 408//448 1070//448 1025//448
f 286//297 410//297 290//297
f 286//447 1020//447 1065//447
f 410//446 1025//446 1032//446
f 290//297 411//297 293//297
f 293//445 1020//445 290//445
f 411//479 1032//479 1022//479
f 293//297 413//297 297//297
f 297//443 1021//443 293//443
f 413//442 1022//442 1019//442
f 297//297 416//297 303//297
f 303//441 1018//441 297//441
f 416//440 1019//440 1013//440
f 303//297 418//297 305//297
f 305//439 1012//439 303//439
f 418//438 1013//438 1016//438
f 305//297 420//297 310//297
f 310//437 1010//437 305//437
f 420//436 1016//436 1017//436
f 310//297 421//297 313//297
f 313//435 1006//435 310//435
f 421//434 1017//434 1007//434
f 421//297 317//297 313//297
f 317//480 1002//480 313//480
f 423//481 1007//481 1004//481
f 423//297 324//297 317//297
f 324//482 1003//482 317//482
f 426//483 1004//483 1008//483
f 324//297 428//297 325//297
f 325//484 1005//484 324//484
f 428//485 1008//485 1011//485
f 325//297 429//297 329//297
f 325//486 1014//486 1009//486
f 429//487 1011//487 1015//487
f 329//297 431//297 333//297
f 329//488 1024//488 1014//488
f 431//489 1015//489 1023//489
f 431//297 337//297 333//297
f 333//490 1031//490 1024//490
f 434//491 1023//491 1030//491
f 434//297 342//297 337//297
f 337//492 1027//492 1031//492
f 436//493 1030//493 1026//493
f 436//297 347//297 342//297
f 342//494 1029//494 1027//494
f 438//495 1026//495 1028//495
f 347//297 440//297 350//297
f 350//496 1029//496 347//496
f 440//497 1028//497 1035//497
f 350//297 354//297 96//297
f 96//498 1036//498 350//498
f 354//499 1035//499 1034//499
f 90//297 268//297 93//297
f 93//500 1097//500 90//500
f 268//501 1102//501 1101//501
f 93//297 270//297 97//297
f 97//502 1099//502 93//502
f 270//503 1101//503 1095//503
f 97//297 272//297 104//297
f 104//504 1098//504 97//504
f 270//505 1121//505 272//505
f 104//297 273//297 106//297
f 106//506 1107//506 104//506
f 273//507 1121//507 1119//507
f 106//297 276//297 110//297
f 110//508 1120//508 106//508
f 276//509 1119//509 1118//509
f 110//297 278//297 116//297
f 116//510 1122//510 110//510
f 278//511 1118//511 1116//511
f 116//297 279//297 118//297
f 118//512 1117//512 116//512
f 279//513 1116//513 1115//513
f 118//297 282//297 124//297
f 124//514 1114//514 118//514
f 282//515 1115//515 1112//515
f 124//297 283//297 128//297
f 128//516 1111//516 124//516
f 283//517 1112//517 1110//517
f 128//297 285//297 131//297
f 131//518 1113//518 128//518
f 285//519 1110//519 1108//519
f 131//297 288//297 134//297
f 134//520 1109//520 131//520
f 288//521 1108//521 1129//521
f 288//297 139//297 134//297
f 139//522 1123//522 134//522
f 289//523 1129//523 1171//523
f 289//297 144//297 139//297
f 144//524 1172//524 139//524
f 292//525 1171//525 1164//525
f 292//297 146//297 144//297
f 144//526 1161//526 1165//526
f 294//527 1164//527 1162//527
f 146//297 296//297 150//297
f 146//528 1156//528 1161//528
f 296//529 1162//529 1157//529
f 150//297 298//297 154//297
f 150//530 1153//530 1156//530
f 298//531 1157//531 1152//531
f 154//297 299//297 158//297
f 154//532 1150//532 1153//532
f 299//533 1152//533 1149//533
f 158//297 301//297 162//297
f 158//534 1143//534 1150//534
f 301//535 1149//535 1142//535
f 162//297 304//297 166//297
f 166//536 1143//536 162//536
f 304//537 1142//537 1144//537
f 304//297 171//297 166//297
f 171//538 1139//538 166//538
f 306//539 1144//539 1140//539
f 306//297 175//297 171//297
f 175//540 1136//540 171//540
f 308//541 1140//541 1138//541
f 175//297 309//297 180//297
f 180//542 1135//542 175//542
f 309//543 1138//543 1141//543
f 309//297 181//297 180//297
f 181//544 1137//544 180//544
f 311//545 1141//545 1145//545
f 181//297 314//297 185//297
f 185//521 1146//521 181//521
f 314//520 1145//520 1151//520
f 185//297 315//297 191//297
f 191//546 1147//546 185//546
f 315//518 1151//518 1158//518
f 191//297 318//297 196//297
f 196//517 1148//517 191//517
f 318//516 1158//516 1155//516
f 196//297 320//297 197//297
f 197//515 1154//515 196//515
f 320//514 1155//514 1160//514
f 197//297 322//297 201//297
f 201//513 1159//513 197//513
f 322//512 1160//512 1169//512
f 201//297 323//297 205//297
f 205//511 1163//511 201//511
f 323//510 1169//510 1167//510
f 205//297 326//297 210//297
f 210//509 1166//509 205//509
f 326//508 1167//508 1178//508
f 210//297 328//297 213//297
f 213//507 1168//507 210//507
f 328//506 1178//506 1174//506
f 213//297 330//297 219//297
f 219//505 1173//505 213//505
f 330//504 1174//504 1177//504
f 219//297 332//297 223//297
f 223//503 1175//503 219//503
f 332//502 1177//502 1133//502
f 223//297 334//297 225//297
f 225//547 1170//547 223//547
f 334//548 1133//548 1134//548
f 334//297 230//297 225//297
f 230//549 1176//549 225//549
f 336//550 1134//550 1131//550
f 230//297 338//297 233//297
f 230//551 1130//551 1132//551
f 338//552 1131//552 1128//552
f 338//297 239//297 233//297
f 239//553 1130//553 233//553
f 340//554 1128//554 1126//554
f 239//297 341//297 242//297
f 242//555 1127//555 239//555
f 341//556 1126//556 1125//556
f 242//297 344//297 245//297
f 242//557 1106//557 1105//557
f 344//558 1125//558 1104//558
f 344//297 252//297 245//297
f 245//559 1092//559 1106//559
f 345//560 1104//560 1091//560
f 345//297 255//297 252//297
f 252//561 1096//561 1092//561
f 348//562 1091//562 1090//562
f 348//297 258//297 255//297
f 258//563 1096//563 255//563
f 349//564 1090//564 1093//564
f 349//297 264//297 258//297
f 264//565 1094//565 258//565
f 351//566 1093//566 1103//566
f 351//297 90//297 264//297
f 90//567 1100//567 264//567
f 265//568 1103//568 1102//568
f 177//297 91//297 89//297
f 91//569 1200//569 89//569
f 179//570 1201//570 1203//570
f 179//297 94//297 91//297
f 91//571 1208//571 1202//571
f 182//572 1203//572 1210//572
f 182//297 95//297 94//297
f 94//573 1211//573 1208//573
f 184//574 1210//574 1212//574
f 184//297 98//297 95//297
f 95//575 1213//575 1211//575
f 186//576 1212//576 1214//576
f 186//297 99//297 98//297
f 99//577 1213//577 98//577
f 188//578 1214//578 1218//578
f 188//297 101//297 99//297
f 101//579 1216//579 99//579
f 190//580 1218//580 1220//580
f 101//297 192//297 103//297
f 103//581 1219//581 101//581
f 192//582 1220//582 1226//582
f 103//297 194//297 105//297
f 103//583 1227//583 1225//583
f 194//584 1226//584 1228//584
f 105//297 195//297 107//297
f 105//585 1229//585 1227//585
f 195//586 1228//586 1230//586
f 107//297 198//297 109//297
f 107//587 1231//587 1229//587
f 198//588 1230//588 1234//588
f 109//297 200//297 112//297
f 109//589 1237//589 1231//589
f 200//590 1234//590 1236//590
f 112//297 202//297 114//297
f 114//591 1237//591 112//591
f 202//592 1236//592 1238//592
f 202//297 115//297 114//297
f 114//593 1241//593 1239//593
f 204//594 1238//594 1240//594
f 115//297 206//297 117//297
f 115//595 1244//595 1241//595
f 206//596 1240//596 1243//596
f 206//297 119//297 117//297
f 117//597 1245//597 1244//597
f 208//598 1243//598 1242//598
f 119//297 209//297 122//297
f 119//599 1254//599 1245//599
f 209//600 1242//600 1253//600
f 122//297 211//297 123//297
f 122//601 1257//601 1254//601
f 211//602 1253//602 1256//602
f 211//297 125//297 123//297
f 125//603 1257//603 123//603
f 214//604 1256//604 1255//604
f 214//297 127//297 125//297
f 127//605 1259//605 125//605
f 215//606 1255//606 1261//606
f 215//297 130//297 127//297
f 130//607 1258//607 127//607
f 217//608 1261//608 1260//608
f 217//297 132//297 130//297
f 132//609 1263//609 130//609
f 217//610 1266//610 220//610
f 220//297 133//297 132//297
f 133//611 1264//611 132//611
f 222//612 1266//612 1262//612
f 133//297 224//297 136//297
f 136//613 1265//613 133//613
f 224//614 1262//614 1251//614
f 136//297 226//297 137//297
f 136//615 1250//615 1252//615
f 226//616 1251//616 1249//616
f 137//297 227//297 140//297
f 137//617 1247//617 1250//617
f 227//618 1249//618 1248//618
f 140//297 229//297 141//297
f 140//619 1246//619 1247//619
f 227//620 1235//620 229//620
f 141//297 231//297 143//297
f 141//621 1233//621 1246//621
f 231//622 1235//622 1232//622
f 143//297 234//297 145//297
f 143//623 1224//623 1233//623
f 234//624 1232//624 1223//624
f 234//297 147//297 145//297
f 145//625 1222//625 1224//625
f 236//626 1223//626 1221//626
f 236//297 149//297 147//297
f 147//627 1217//627 1222//627
f 236//628 1215//628 237//628
f 237//297 152//297 149//297
f 149//629 1207//629 1217//629
f 240//630 1215//630 1209//630
f 240//297 153//297 152//297
f 152//631 1206//631 1207//631
f 241//632 1209//632 1205//632
f 241//297 156//297 153//297
f 153//633 1196//633 1206//633
f 241//634 1195//634 243//634
f 243//297 157//297 156//297
f 157//635 1196//635 156//635
f 246//636 1195//636 1192//636
f 157//297 248//297 159//297
f 159//637 1191//637 157//637
f 248//638 1192//638 1185//638
f 159//297 249//297 161//297
f 161//639 1179//639 159//639
f 249//640 1185//640 1182//640
f 161//297 251//297 164//297
f 164//641 1180//641 161//641
f 251//642 1182//642 1183//642
f 164//297 253//297 165//297
f 165//643 1181//643 164//643
f 253//644 1183//644 1189//644
f 165//297 256//297 167//297
f 167//645 1184//645 165//645
f 256//646 1189//646 1186//646
f 256//297 169//297 167//297
f 167//647 1188//647 1190//647
f 257//648 1186//648 1187//648
f 257//297 172//297 169//297
f 169//649 1194//649 1188//649
f 259//650 1187//650 1193//650
f 172//297 262//297 173//297
f 172//651 1199//651 1194//651
f 262//652 1193//652 1198//652
f 262//297 176//297 173//297
f 173//653 1204//653 1199//653
f 263//654 1198//654 1197//654
f 176//297 177//297 89//297
f 176//655 1200//655 1204//655
f 177//656 1197//656 1201//656
s 1
f 2//1 321//5 316//2
f 3//4 339//7 321//5
f 4//6 353//9 339//7
f 5//8 362//11 353//9
f 5//8 6//12 376//10
f 6//12 7//14 383//13
f 7//14 8//16 385//15
f 8//16 9//18 394//17
f 9//18 10//20 407//19
f 10//20 11//22 415//21
f 11//22 12//24 424//23
f 12//24 13//26 432//25
f 13//26 14//28 433//27
f 14//28 15//30 442//29
f 15//30 16//32 446//31
f 16//32 17//35 449//33
f 18//34 456//37 449//33
f 19//36 460//39 456//37
f 20//38 464//41 460//39
f 21//40 466//43 464//41
f 22//42 469//45 466//43
f 23//44 473//47 469//45
f 24//46 478//49 473//47
f 25//48 483//51 478//49
f 26//50 488//53 483//51
f 27//52 490//55 488//53
f 28//54 496//57 490//55
f 29//56 497//59 496//57
f 30//58 501//61 497//59
f 31//60 506//63 501//61
f 32//62 509//65 506//63
f 33//64 515//67 509//65
f 33//64 34//68 519//66
f 34//68 35//70 523//69
f 35//70 36//72 528//71
f 36//72 37//74 530//73
f 37//74 38//76 532//75
f 38//76 39//76 534//75
f 39//76 40//76 536//75
f 40//76 41//76 538//75
f 41//76 42//76 539//75
f 42//76 43//76 541//75
f 43//76 44//76 544//75
f 44//76 45//76 545//75
f 45//76 46//76 548//75
f 46//76 47//76 550//75
f 47//76 48//76 552//75
f 48//76 49//76 554//75
f 50//76 556//75 554//75
f 51//76 558//75 556//75
f 52//76 560//75 558//75
f 53//76 562//75 560//75
f 54//76 563//75 562//75
f 55//76 566//75 563//75
f 56//76 568//75 566//75
f 57//76 570//75 568//75
f 58//76 571//75 570//75
f 59//76 574//75 571//75
f 60//76 576//75 574//75
f 61//77 578//79 576//75
f 62//78 580//81 578//79
f 63//80 582//83 580//81
f 64//82 584//85 582//83
f 65//84 586//87 584//85
f 65//84 66//88 588//86
f 66//88 67//90 590//89
f 67//90 68//92 591//91
f 68//92 69//94 594//93
f 69//94 70//96 596//95
f 70//96 71//98 598//97
f 71//98 72//100 600//99
f 72//100 73//102 602//101
f 73//102 74//104 604//103
f 74//104 75//106 606//105
f 75//106 76//108 608//107
f 76//108 77//110 610//109
f 77//110 78//112 612//111
f 78//112 79//114 614//113
f 79//114 80//116 616//115
f 80//116 81//119 617//117
f 82//118 618//121 617//117
f 83//120 619//123 618//121
f 84//122 620//125 619//123
f 85//124 621//127 620//125
f 86//126 622//129 621//127
f 87//128 623//131 622//129
f 88//130 624//133 623//131
f 100//132 625//135 624//133
f 121//134 626//137 625//135
f 160//136 627//139 626//137
f 187//138 628//141 627//139
f 247//140 629//143 628//141
f 247//140 266//144 630//142
f 266//144 277//146 631//145
f 277//146 302//148 632//147
f 302//148 1//3 316//2
f 321//5 634//150 633//149
f 339//7 635//151 634//150
f 353//9 636//152 635//151
f 362//11 637//154 636//152
f 362//11 376//10 638//153
f 376//10 383//13 639//155
f 383//13 385//15 640//156
f 385//15 394//17 641//157
f 394//17 407//19 642//158
f 407//19 415//21 643//159
f 415//21 424//23 644//160
f 424//23 432//25 645//161
f 432//25 433//27 646//162
f 433//27 442//29 647//163
f 442//29 446//31 648//164
f 446//31 449//33 649//165
f 456//37 650//166 649//165
f 460//39 651//167 650//166
f 464//41 652//168 651//167
f 466//43 653//169 652//168
f 469//45 654//170 653//169
f 473//47 655//171 654//170
f 478//49 656//172 655//171
f 483//51 657//173 656//172
f 488//53 658//174 657//173
f 490//55 659//175 658//174
f 496//57 660//176 659//175
f 497//59 661//177 660//176
f 501//61 662//178 661//177
f 506//63 663//179 662//178
f 509//65 664//180 663//179
f 515//67 665//182 664//180
f 515//67 519//66 666//181
f 519//66 523//69 667//183
f 523//69 528//71 668//184
f 528//71 530//73 669//185
f 530//73 532//75 670//186
f 532//75 534//75 671//186
f 534//75 536//75 672//186
f 536//75 538//75 673//186
f 538//75 539//75 674//186
f 539//75 541//75 675//186
f 541//75 544//75 676//186
f 544//75 545//75 677//186
f 545//75 548//75 678//186
f 548//75 550//75 679//186
f 550//75 552//75 680//186
f 552//75 554//75 681//186
f 556//75 682//186 681//186
f 558//75 683//186 682//186
f 560//75 684//186 683//186
f 562//75 685//186 684//186
f 563//75 686//186 685//186
f 566//75 687//186 686//186
f 568//75 688//186 687//186
f 570//75 689//186 688//186
f 571//75 690//186 689//186
f 574//75 691//186 690//186
f 576//75 692//186 691//186
f 578//79 693//187 692//186
f 580//81 694//188 693//187
f 582//83 695//189 694//188
f 584//85 696//190 695//189
f 586//87 697//192 696//190
f 586//87 588//86 698//191
f 588//86 590//89 699//193
f 590//89 591//91 700//194
f 591//91 594//93 701//195
f 594//93 596//95 702//196
f 596//95 598//97 703//197
f 598//97 600//99 704//198
f 600//99 602//101 705//199
f 602//101 604//103 706//200
f 604//103 606//105 707//201
f 606//105 608//107 708//202
f 608//107 610//109 709//203
f 610//109 612//111 710//204
f 612//111 614//113 711//205
f 614//113 616//115 712//206
f 616//115 617//117 713//207
f 618//121 714//208 713//207
f 619//123 715//209 714//208
f 620//125 716//210 715//209
f 621//127 717//211 716//210
f 622//129 718//212 717//211
f 623//131 719//213 718//212
f 624//133 720//214 719//213
f 625//135 721//215 720//214
f 626//137 722//216 721//215
f 627//139 723//217 722//216
f 628//141 724//218 723//217
f 629//143 725//220 724//218
f 629//143 630//142 726//219
f 630//142 631//145 727//221
f 631//145 632//147 728//222
f 632//147 316//2 633//149
f 633//149 634//150 730//223
f 634//150 635//151 731//225
f 635//151 636//152 732//226
f 636//152 637//154 733//227
f 638//153 734//228 733//227
f 639//155 735//229 734//228
f 640//156 736//230 735//229
f 641//157 737//231 736//230
f 642//158 738//232 737//231
f 643//159 739//233 738//232
f 644//160 740//234 739//233
f 645//161 741//235 740//234
f 646//162 742//236 741//235
f 647//163 743//237 742//236
f 648//164 744//238 743//237
f 649//165 745//240 744//238
f 649//165 650//166 746//239
f 650//166 651//167 747//241
f 651//167 652//168 748//242
f 652//168 653//169 749//243
f 653//169 654//170 750//244
f 654//170 655//171 751//245
f 655//171 656//172 752//246
f 656//172 657//173 753//247
f 657//173 658//174 754//248
f 658//174 659//175 755//249
f 659//175 660//176 756//250
f 660//176 661//177 757//251
f 661//177 662//178 758//252
f 662//178 663//179 759//253
f 663//179 664//180 760//254
f 664//180 665//182 761//255
f 666//181 762//256 761//255
f 667//183 763//257 762//256
f 668//184 764//258 763//257
f 669//185 765//259 764//258
f 670//186 766//260 765//259
f 671//186 767//260 766//260
f 672//186 768//260 767//260
f 673//186 769//260 768//260
f 674//186 770//260 769//260
f 675//186 771//260 770//260
f 676//186 772//260 771//260
f 677//186 773//260 772//260
f 678//186 774//260 773//260
f 679//186 775//260 774//260
f 680//186 776//260 775//260
f 681//186 777//260 776//260
f 681//186 682//186 778//260
f 682//186 683//186 779//260
f 683//186 684//186 780//260
f 684//186 685//186 781//260
f 685//186 686//186 782//260
f 686//186 687//186 783//260
f 687//186 688//186 784//260
f 688//186 689//186 785//260
f 689//186 690//186 786//260
f 690//186 691//186 787//260
f 691//186 692//186 788//260
f 692//186 693//187 789//261
f 693//187 694//188 790//262
f 694//188 695//189 791//263
f 695//189 696//190 792//264
f 696//190 697//192 793//265
f 698//191 794//266 793//265
f 699//193 795//267 794//266
f 700//194 796//268 795//267
f 701//195 797//269 796//268
f 702//196 798//270 797//269
f 703//197 799//271 798//270
f 704//198 800//272 799//271
f 705//199 801//273 800//272
f 706//200 802//274 801//273
f 707//201 803//275 802//274
f 708//202 804//276 803//275
f 709//203 805//277 804//276
f 710//204 806//278 805//277
f 711//205 807//279 806//278
f 712//206 808//280 807//279
f 713//207 809//282 808//280
f 713//207 714//208 810//281
f 714//208 715//209 811//283
f 715//209 716//210 812//284
f 716//210 717//211 813//285
f 717//211 718//212 814//286
f 718//212 719//213 815//287
f 719//213 720//214 816//288
f 720//214 721//215 817//289
f 721//215 722//216 818//290
f 722//216 723//217 819//291
f 723//217 724//218 820//292
f 724//218 725//220 821//293
f 726//219 822//294 821//293
f 727//221 823//295 822//294
f 728//222 824//296 823//295
f 633//149 729//224 824//296
s 0
f 926//297 921//297 854//297
f 1106//297 1089//297 1084//297
f 33//297 32//297 31//297
f 31//297 30//297 29//297
f 29//297 28//297 27//297
f 27//297 26//297 25//297
f 25//297 24//297 23//297
f 23//297 22//297 21//297
f 21//297 20//297 19//297
f 19//297 18//297 17//297
f 17//297 1087//297 1086//297
f 1086//297 1089//297 1106//297
f 1086//297 1106//297 1092//297
f 21//297 19//297 17//297
f 25//297 23//297 21//297
f 29//297 27//297 25//297
f 33//297 31//297 29//297
f 35//297 34//297 33//297
f 37//297 36//297 35//297
f 38//297 37//297 35//297
f 35//297 33//297 29//297
f 29//297 25//297 21//297
f 17//297 1086//297 1092//297
f 17//297 1092//297 1096//297
f 29//297 21//297 17//297
f 38//297 35//297 29//297
f 39//297 38//297 29//297
f 17//297 1096//297 1094//297
f 17//297 1094//297 1100//297
f 40//297 39//297 29//297
f 41//297 40//297 29//297
f 17//297 1100//297 1097//297
f 17//297 1097//297 1099//297
f 42//297 41//297 29//297
f 43//297 42//297 29//297
f 29//297 17//297 1099//297
f 29//297 1099//297 1098//297
f 44//297 43//297 29//297
f 45//297 44//297 29//297
f 29//297 1098//297 1107//297
f 29//297 1107//297 1120//297
f 46//297 45//297 29//297
f 47//297 46//297 29//297
f 29//297 1120//297 1122//297
f 29//297 1122//297 1117//297
f 48//297 47//297 29//297
f 49//297 48//297 29//297
f 29//297 1117//297 1114//297
f 29//297 1114//297 1111//297
f 50//297 49//297 29//297
f 51//297 50//297 29//297
f 29//297 1111//297 1113//297
f 29//297 1113//297 1109//297
f 52//297 51//297 29//297
f 53//297 52//297 29//297
f 29//297 1109//297 1123//297
f 29//297 1123//297 1172//297
f 54//297 53//297 29//297
f 55//297 54//297 29//297
f 29//297 1172//297 1165//297
f 29//297 1165//297 1161//297
f 56//297 55//297 29//297
f 57//297 56//297 29//297
f 29//297 1161//297 1156//297
f 29//297 1156//297 1153//297
f 58//297 57//297 29//297
f 59//297 58//297 29//297
f 59//297 29//297 1153//297
f 62//657 61//657 60//657
f 60//297 59//297 1153//297
f 60//297 1153//297 1150//297
f 63//297 62//297 60//297
f 65//297 64//297 63//297
f 67//297 66//297 65//297
f 69//297 68//297 67//297
f 71//297 70//297 69//297
f 73//297 72//297 71//297
f 75//297 74//297 73//297
f 77//297 76//297 75//297
f 79//297 78//297 77//297
f 81//297 80//297 79//297
f 840//297 831//297 81//297
f 926//297 847//297 840//297
f 939//297 926//297 840//297
f 81//297 79//297 77//297
f 77//297 75//297 73//297
f 73//297 71//297 69//297
f 69//297 67//297 65//297
f 65//297 63//297 60//297
f 60//297 1150//297 1143//297
f 60//297 1143//297 1139//297
f 69//297 65//297 60//297
f 77//297 73//297 69//297
f 939//297 840//297 81//297
f 938//297 939//297 81//297
f 81//297 77//297 69//297
f 60//297 1139//297 1136//297
f 60//297 1136//297 1135//297
f 941//297 938//297 81//297
f 932//297 941//297 81//297
f 60//297 1135//297 1137//297
f 1137//297 1146//297 1147//297
f 1147//297 1148//297 1154//297
f 1154//297 1159//297 1163//297
f 1163//297 1166//297 1168//297
f 1168//297 1173//297 1175//297
f 1175//297 1170//297 1176//297
f 1168//297 1175//297 1176//297
f 1154//297 1163//297 1168//297
f 1137//297 1147//297 1154//297
f 930//297 932//297 81//297
f 931//297 930//297 81//297
f 60//297 1137//297 1154//297
f 1154//297 1168//297 1176//297
f 60//297 1154//297 1176//297
f 931//297 81//297 69//297
f 933//297 931//297 69//297
f 60//297 1176//297 1132//297
f 60//297 1132//297 1130//297
f 971//297 933//297 69//297
f 972//297 971//297 69//297
f 1124//297 1105//297 1084//297
f 1124//297 1084//297 1078//297
f 1127//297 1124//297 1078//297
f 1127//297 1078//297 1081//297
f 1130//297 1127//297 1081//297
f 1130//297 1081//297 1073//297
f 976//297 972//297 69//297
f 974//297 976//297 69//297
f 60//297 1130//297 1073//297
f 1075//297 1071//297 1069//297
f 60//297 1073//297 1075//297
f 979//297 974//297 69//297
f 980//297 979//297 69//297
f 60//297 1075//297 1069//297
f 1069//297 1068//297 1066//297
f 1066//297 1065//297 1020//297
f 1020//297 1021//297 1018//297
f 1018//297 1012//297 1010//297
f 1010//297 1006//297 1002//297
f 1003//297 1005//297 1257//297
f 1018//297 1010//297 1002//297
f 1002//297 1003//297 1257//297
f 1002//297 1257//297 1259//297
f 1020//297 1018//297 1002//297
f 1069//297 1066//297 1020//297
f 982//297 980//297 69//297
f 985//297 982//297 69//297
f 60//297 1069//297 1020//297
f 1020//297 1002//297 1259//297
f 1020//297 1259//297 1258//297
f 987//297 985//297 69//297
f 989//297 987//297 69//297
f 1020//297 1258//297 1263//297
f 1020//297 1263//297 1264//297
f 991//297 989//297 69//297
f 993//297 991//297 69//297
f 60//297 1020//297 1264//297
f 60//297 1264//297 1265//297
f 993//297 69//297 60//297
f 995//297 993//297 60//297
f 60//297 1265//297 1252//297
f 60//297 1252//297 1250//297
f 997//297 995//297 60//297
f 999//297 997//297 60//297
f 1179//297 1180//297 893//297
f 893//297 886//297 885//297
f 885//297 883//297 882//297
f 882//297 876//297 877//297
f 877//297 874//297 912//297
f 882//297 877//297 912//297
f 893//297 885//297 882//297
f 1191//297 1179//297 893//297
f 1196//297 1191//297 893//297
f 893//297 882//297 912//297
f 1196//297 893//297 912//297
f 1206//297 1196//297 912//297
f 1206//297 912//297 870//297
f 1207//297 1206//297 870//297
f 1207//297 870//297 868//297
f 1217//297 1207//297 868//297
f 858//297 854//297 921//297
f 1217//297 868//297 858//297
f 1222//297 1217//297 858//297
f 858//297 921//297 923//297
f 858//297 923//297 913//297
f 1224//297 1222//297 858//297
f 1233//297 1224//297 858//297
f 858//297 913//297 915//297
f 858//297 915//297 918//297
f 1246//297 1233//297 858//297
f 1246//297 858//297 918//297
f 917//297 924//297 928//297
f 1246//297 918//297 917//297
f 1247//297 1246//297 917//297
f 917//297 928//297 944//297
f 944//297 945//297 950//297
f 950//297 948//297 952//297
f 952//297 951//297 957//297
f 957//297 958//297 960//297
f 957//297 960//297 964//297
f 950//297 952//297 957//297
f 917//297 944//297 950//297
f 1250//658 1247//658 917//658
f 1000//297 999//297 60//297
f 969//297 1000//297 60//297
f 1250//297 917//297 950//297
f 950//297 957//297 964//297
f 1250//297 950//297 964//297
f 966//297 969//297 60//297
f 1250//297 964//297 965//297
f 966//659 60//659 1250//659
f 1213//297 1216//297 1219//297
f 1219//297 1225//297 1227//297
f 1227//297 1229//297 1231//297
f 1231//297 1237//297 1239//297
f 1227//297 1231//297 1239//297
f 1213//297 1219//297 1227//297
f 1208//297 1211//297 1213//297
f 1200//297 1202//297 1208//297
f 1200//297 1208//297 1213//297
f 1213//297 1227//297 1239//297
f 1213//297 1239//297 1241//297
f 1200//297 1213//297 1241//297
f 1200//297 1241//297 1244//297
f 1204//297 1200//297 1244//297
f 1204//659 1244//659 1245//659
f 1199//297 1204//297 1245//297
f 1254//297 1257//297 1005//297
f 1194//657 1199//657 1245//657
f 1245//297 1254//297 1005//297
f 1245//297 1005//297 1009//297
f 1194//297 1245//297 1009//297
f 1194//297 1009//297 1014//297
f 1188//297 1194//297 1014//297
f 893//297 1180//297 1181//297
f 897//297 896//297 893//297
f 908//297 902//297 897//297
f 908//297 897//297 893//297
f 893//297 1181//297 1184//297
f 893//297 1184//297 1190//297
f 908//297 893//297 1190//297
f 908//297 1190//297 1188//297
f 907//297 908//297 1188//297
f 907//297 1188//297 1014//297
f 911//297 907//297 1014//297
f 911//297 1014//297 1024//297
f 906//297 911//297 1024//297
f 906//657 1024//657 1031//657
f 900//297 906//297 1031//297
f 895//297 900//297 1031//297
f 890//297 895//297 1031//297
f 100//297 863//297 871//297
f 160//297 121//297 100//297
f 247//297 187//297 160//297
f 277//297 266//297 247//297
f 1//297 302//297 277//297
f 3//297 2//297 1//297
f 5//297 4//297 3//297
f 7//297 6//297 5//297
f 9//297 8//297 7//297
f 1036//297 1033//297 9//297
f 1029//297 1036//297 9//297
f 9//297 7//297 5//297
f 5//297 3//297 1//297
f 1//297 277//297 247//297
f 247//297 160//297 100//297
f 100//297 871//297 872//297
f 100//297 872//297 881//297
f 1//297 247//297 100//297
f 9//297 5//297 1//297
f 1027//297 1029//297 9//297
f 1031//297 1027//297 9//297
f 1//297 100//297 881//297
f 1//297 881//297 890//297
f 1031//297 9//297 1//297
f 1262//297 1266//297 1260//297
f 1260//297 1261//297 1255//297
f 1255//297 1256//297 1253//297
f 1253//297 1242//297 1243//297
f 1243//297 1240//297 1238//297
f 1243//297 1238//297 1236//297
f 1255//297 1253//297 1243//297
f 1262//297 1260//297 1255//297
f 1249//297 1251//297 1262//297
f 1235//297 1248//297 1249//297
f 1223//297 1232//297 1235//297
f 1215//297 1221//297 1223//297
f 1205//297 1209//297 1215//297
f 1192//297 1195//297 1205//297
f 1182//297 1185//297 1192//297
f 1189//297 1183//297 1182//297
f 1187//297 1186//297 1189//297
f 1198//297 1193//297 1187//297
f 1201//297 1197//297 1198//297
f 1203//297 1201//297 1198//297
f 1198//297 1187//297 1189//297
f 1189//297 1182//297 1192//297
f 1192//297 1205//297 1215//297
f 1215//297 1223//297 1235//297
f 1235//297 1249//297 1262//297
f 1262//297 1255//297 1243//297
f 1262//297 1243//297 1236//297
f 1189//297 1192//297 1215//297
f 1203//297 1198//297 1189//297
f 1210//297 1203//297 1189//297
f 1235//297 1262//297 1236//297
f 1235//297 1236//297 1234//297
f 1210//297 1189//297 1215//297
f 1212//297 1210//297 1215//297
f 1235//297 1234//297 1230//297
f 1235//297 1230//297 1228//297
f 1214//297 1212//297 1215//297
f 1218//297 1214//297 1215//297
f 1215//297 1235//297 1228//297
f 1215//297 1228//297 1226//297
f 1220//297 1218//297 1215//297
f 1145//297 1141//297 1138//297
f 1138//297 1140//297 1144//297
f 1144//297 1142//297 1149//297
f 1149//297 1152//297 1157//297
f 1157//297 1162//297 1164//297
f 1164//297 1171//297 1129//297
f 1129//297 1108//297 1110//297
f 1110//297 1112//297 1115//297
f 1115//297 1116//297 1118//297
f 1118//297 1119//297 1121//297
f 1121//297 1095//297 1101//297
f 1101//297 1102//297 1103//297
f 1103//297 1093//297 1090//297
f 1090//297 1091//297 1104//297
f 1104//297 1125//297 1126//297
f 1126//297 1128//297 1131//297
f 1131//297 1134//297 1133//297
f 1131//297 1133//297 1177//297
f 1104//297 1126//297 1131//297
f 1103//297 1090//297 1104//297
f 1121//297 1101//297 1103//297
f 1115//297 1118//297 1121//297
f 1129//297 1110//297 1115//297
f 1157//297 1164//297 1129//297
f 1144//297 1149//297 1157//297
f 1145//297 1138//297 1144//297
f 1151//297 1145//297 1144//297
f 1144//297 1157//297 1129//297
f 1129//297 1115//297 1121//297
f 1121//297 1103//297 1104//297
f 1104//297 1131//297 1177//297
f 1104//297 1177//297 1174//297
f 1129//297 1121//297 1104//297
f 1151//297 1144//297 1129//297
f 1158//297 1151//297 1129//297
f 1129//297 1104//297 1174//297
f 1129//297 1174//297 1178//297
f 1155//297 1158//297 1129//297
f 1160//297 1155//297 1129//297
f 1129//297 1178//297 1167//297
f 1169//297 1160//297 1129//297
f 1023//297 1015//297 1011//297
f 1011//297 1008//297 1004//297
f 1004//297 1007//297 1017//297
f 1004//297 1017//297 1016//297
f 1023//297 1011//297 1004//297
f 1026//297 1030//297 1023//297
f 1035//297 1028//297 1026//297
f 1039//297 1034//297 1035//297
f 1048//297 1038//297 1039//297
f 1046//297 1042//297 1048//297
f 1043//297 1044//297 1046//297
f 1051//297 1050//297 1043//297
f 1063//297 1053//297 1051//297
f 1060//297 1057//297 1063//297
f 1088//297 1062//297 1060//297
f 1082//297 1085//297 1088//297
f 1079//297 1083//297 1082//297
f 1072//297 1080//297 1079//297
f 1076//297 1074//297 1072//297
f 1077//297 1076//297 1072//297
f 1072//297 1079//297 1082//297
f 1082//297 1088//297 1060//297
f 1060//297 1063//297 1051//297
f 1051//297 1043//297 1046//297
f 1046//297 1048//297 1039//297
f 1039//297 1035//297 1026//297
f 1026//297 1023//297 1004//297
f 1004//297 1016//297 1013//297
f 1004//297 1013//297 1019//297
f 1039//297 1026//297 1004//297
f 1051//297 1046//297 1039//297
f 1082//297 1060//297 1051//297
f 1077//297 1072//297 1082//297
f 1067//297 1077//297 1082//297
f 1082//297 1051//297 1039//297
f 1039//297 1004//297 1019//297
f 1039//297 1019//297 1022//297
f 1067//297 1082//297 1039//297
f 1070//297 1067//297 1039//297
f 1039//297 1022//297 1032//297
f 1025//297 1070//297 1039//297
f 1059//297 1087//297 17//297
f 17//297 16//297 15//297
f 15//297 14//297 13//297
f 13//297 12//297 11//297
f 11//297 10//297 9//297
f 9//297 1033//297 1040//297
f 9//297 1040//297 1037//297
f 13//297 11//297 9//297
f 17//297 15//297 13//297
f 1056//297 1059//297 17//297
f 1055//297 1056//297 17//297
f 17//297 13//297 9//297
f 9//297 1037//297 1049//297
f 9//297 1049//297 1041//297
f 1055//297 17//297 9//297
f 1058//297 1055//297 9//297
f 9//297 1041//297 1047//297
f 9//297 1047//297 1045//297
f 1061//297 1058//297 9//297
f 1054//297 1061//297 9//297
f 9//297 1045//297 1064//297
f 1052//297 1054//297 9//297
f 968//297 970//297 963//297
f 963//297 962//297 961//297
f 968//297 963//297 961//297
f 998//297 1001//297 968//297
f 994//297 996//297 998//297
f 990//297 992//297 994//297
f 986//297 988//297 990//297
f 983//297 984//297 986//297
f 978//297 981//297 983//297
f 975//297 973//297 978//297
f 967//297 977//297 975//297
f 934//297 942//297 967//297
f 936//297 935//297 934//297
f 937//297 940//297 936//297
f 927//297 943//297 937//297
f 920//297 922//297 927//297
f 919//297 914//297 920//297
f 925//297 916//297 919//297
f 929//297 925//297 919//297
f 919//297 920//297 927//297
f 927//297 937//297 936//297
f 936//297 934//297 967//297
f 967//297 975//297 978//297
f 978//297 983//297 986//297
f 986//297 990//297 994//297
f 994//297 998//297 968//297
f 968//297 961//297 959//297
f 968//297 959//297 956//297
f 986//297 994//297 968//297
f 967//297 978//297 986//297
f 927//297 936//297 967//297
f 929//297 919//297 927//297
f 947//297 929//297 927//297
f 927//297 967//297 986//297
f 986//297 968//297 956//297
f 986//297 956//297 955//297
f 947//297 927//297 986//297
f 946//297 947//297 986//297
f 986//297 955//297 953//297
f 986//297 953//297 949//297
f 954//297 946//297 986//297
f 861//297 863//297 100//297
f 100//297 88//297 87//297
f 87//297 86//297 85//297
f 85//297 84//297 83//297
f 83//297 82//297 81//297
f 81//297 831//297 829//297
f 81//297 829//297 826//297
f 85//297 83//297 81//297
f 100//297 87//297 85//297
f 862//297 861//297 100//297
f 855//297 862//297 100//297
f 100//297 85//297 81//297
f 81//297 826//297 825//297
f 81//297 825//297 827//297
f 855//297 100//297 81//297
f 850//297 855//297 81//297
f 81//297 827//297 835//297
f 81//297 835//297 836//297
f 851//297 850//297 81//297
f 845//297 851//297 81//297
f 81//297 836//297 839//297
f 843//297 845//297 81//297
f 888//297 880//297 879//297
f 879//297 866//297 864//297
f 864//297 860//297 859//297
f 859//297 856//297 849//297
f 849//297 848//297 844//297
f 844//297 852//297 842//297
f 842//297 838//297 832//297
f 832//297 834//297 830//297
f 830//297 828//297 833//297
f 833//297 837//297 841//297
f 841//297 846//297 853//297
f 853//297 857//297 867//297
f 867//297 869//297 865//297
f 867//297 865//297 873//297
f 841//297 853//297 867//297
f 830//297 833//297 841//297
f 842//297 832//297 830//297
f 849//297 844//297 842//297
f 864//297 859//297 849//297
f 888//297 879//297 864//297
f 899//297 894//297 888//297
f 904//297 905//297 899//297
f 909//297 910//297 904//297
f 903//297 909//297 904//297
f 904//297 899//297 888//297
f 888//297 864//297 849//297
f 849//297 842//297 830//297
f 830//297 841//297 867//297
f 867//297 873//297 878//297
f 867//297 878//297 875//297
f 849//297 830//297 867//297
f 904//297 888//297 849//297
f 898//297 903//297 904//297
f 901//297 898//297 904//297
f 904//297 849//297 867//297
f 867//297 875//297 891//297
f 867//297 891//297 884//297
f 892//297 901//297 904//297
f 887//297 892//297 904//297
f 904//297 867//297 884//297
f 889//297 887//297 904//297
f 823//298 824//298 729//298
f 729//298 730//298 731//298
f 731//298 732//298 733//298
f 733//298 734//298 735//298
f 735//298 736//298 737//298
f 737//298 738//298 739//298
f 739//298 740//298 741//298
f 741//298 742//298 743//298
f 743//298 744//298 745//298
f 745//298 746//298 747//298
f 747//298 748//298 749//298
f 749//298 750//298 751//298
f 751//298 752//298 753//298
f 753//298 754//298 755//298
f 755//298 756//298 757//298
f 757//298 758//298 759//298
f 759//298 760//298 761//298
f 761//298 762//298 763//298
f 763//298 764//298 765//298
f 763//298 765//298 766//298
f 759//298 761//298 763//298
f 755//298 757//298 759//298
f 749//298 751//298 753//298
f 753//298 755//298 759//298
f 759//298 763//298 766//298
f 759//298 766//298 767//298
f 749//298 753//298 759//298
f 745//298 747//298 749//298
f 741//298 743//298 745//298
f 737//298 739//298 741//298
f 733//298 735//298 737//298
f 729//298 731//298 733//298
f 822//298 823//298 729//298
f 820//298 821//298 822//298
f 818//298 819//298 820//298
f 816//298 817//298 818//298
f 814//298 815//298 816//298
f 812//298 813//298 814//298
f 810//298 811//298 812//298
f 808//298 809//298 810//298
f 806//298 807//298 808//298
f 804//298 805//298 806//298
f 802//298 803//298 804//298
f 799//298 800//298 801//298
f 801//298 802//298 804//298
f 804//298 806//298 808//298
f 808//298 810//298 812//298
f 812//298 814//298 816//298
f 816//298 818//298 820//298
f 820//298 822//298 729//298
f 729//298 733//298 737//298
f 737//298 741//298 745//298
f 745//298 749//298 759//298
f 759//298 767//298 768//298
f 759//298 768//298 769//298
f 737//298 745//298 759//298
f 820//298 729//298 737//298
f 812//298 816//298 820//298
f 804//298 808//298 812//298
f 798//298 799//298 801//298
f 801//298 804//298 812//298
f 812//298 820//298 737//298
f 737//298 759//298 769//298
f 737//298 769//298 770//298
f 801//298 812//298 737//298
f 797//298 798//298 801//298
f 795//298 796//298 797//298
f 793//298 794//298 795//298
f 791//298 792//298 793//298
f 789//298 790//298 791//298
f 788//298 789//298 791//298
f 791//298 793//298 795//298
f 795//298 797//298 801//298
f 801//298 737//298 770//298
f 801//298 770//298 771//298
f 791//298 795//298 801//298
f 787//298 788//298 791//298
f 786//298 787//298 791//298
f 791//298 801//298 771//298
f 791//660 771//660 772//660
f 785//298 786//298 791//298
f 784//298 785//298 791//298
f 791//661 772//661 773//661
f 791//298 773//298 774//298
f 783//661 784//661 791//661
f 782//298 783//298 791//298
f 791//660 774//660 775//660
f 791//298 775//298 776//298
f 781//660 782//660 791//660
f 780//661 781//661 791//661
f 791//298 776//298 777//298
f 791//660 777//660 778//660
f 779//660 780//660 791//660
f 529//297 531//297 151//297
f 151//299 902//299 908//299
f 531//300 529//300 909//300
f 531//297 533//297 170//297
f 170//301 897//301 902//301
f 533//302 531//302 903//302
f 533//297 535//297 207//297
f 207//303 896//303 897//303
f 535//304 533//304 898//304
f 535//297 537//297 221//297
f 221//305 893//305 896//305
f 537//306 535//306 901//306
f 537//297 540//297 254//297
f 254//307 886//307 893//307
f 540//308 537//308 892//308
f 540//297 542//297 287//297
f 287//309 885//309 886//309
f 542//310 540//310 887//310
f 542//297 543//297 291//297
f 291//311 883//311 885//311
f 543//312 542//312 889//312
f 543//297 546//297 307//297
f 307//313 882//313 883//313
f 546//314 543//314 884//314
f 546//297 547//297 331//297
f 331//315 876//315 882//315
f 547//316 546//316 891//316
f 547//297 549//297 352//297
f 352//317 877//317 876//317
f 549//318 547//318 875//318
f 549//297 551//297 359//297
f 359//319 874//319 877//319
f 551//320 549//320 878//320
f 359//297 551//297 553//297
f 367//321 912//321 874//321
f 553//322 551//322 873//322
f 553//297 555//297 370//297
f 370//323 870//323 912//323
f 555//324 553//324 865//324
f 555//297 557//297 380//297
f 380//325 868//325 870//325
f 557//326 555//326 869//326
f 380//297 557//297 559//297
f 380//327 390//327 858//327
f 559//328 557//328 867//328
f 390//297 559//297 561//297
f 390//329 400//329 854//329
f 561//330 559//330 857//330
f 561//297 564//297 402//297
f 400//331 402//331 847//331
f 564//332 561//332 853//332
f 402//297 564//297 565//297
f 402//333 412//333 840//333
f 565//334 564//334 846//334
f 412//297 565//297 567//297
f 412//335 417//335 831//335
f 567//336 565//336 841//336
f 567//297 569//297 425//297
f 425//337 829//337 831//337
f 569//338 567//338 837//338
f 569//297 572//297 439//297
f 439//339 826//339 829//339
f 572//340 569//340 833//340
f 439//297 572//297 573//297
f 444//341 825//341 826//341
f 573//342 572//342 828//342
f 444//297 573//297 575//297
f 448//322 827//322 825//322
f 575//343 573//343 830//343
f 575//297 577//297 451//297
f 451//320 835//320 827//320
f 577//319 575//319 834//319
f 577//297 579//297 453//297
f 453//318 836//318 835//318
f 579//317 577//317 832//317
f 579//297 581//297 458//297
f 453//316 458//316 839//316
f 581//315 579//315 838//315
f 581//297 583//297 462//297
f 462//314 843//314 839//314
f 583//313 581//313 842//313
f 583//297 585//297 468//297
f 468//312 845//312 843//312
f 585//311 583//311 852//311
f 585//297 587//297 471//297
f 471//310 851//310 845//310
f 587//309 585//309 844//309
f 587//297 589//297 475//297
f 475//308 850//308 851//308
f 589//307 587//307 848//307
f 589//297 592//297 480//297
f 480//306 855//306 850//306
f 592//305 589//305 849//305
f 592//297 593//297 482//297
f 482//304 862//304 855//304
f 593//303 592//303 856//303
f 593//297 595//297 485//297
f 485//302 861//302 862//302
f 595//301 593//301 859//301
f 595//297 597//297 491//297
f 491//300 863//300 861//300
f 597//299 595//299 860//299
f 597//297 599//297 493//297
f 493//662 871//662 863//662
f 599//345 597//345 864//345
f 599//297 601//297 499//297
f 499//346 872//346 871//346
f 601//347 599//347 866//347
f 601//297 603//297 503//297
f 499//348 503//348 881//348
f 603//349 601//349 879//349
f 503//297 603//297 605//297
f 503//350 507//350 890//350
f 605//351 603//351 880//351
f 507//297 605//297 607//297
f 507//352 512//352 895//352
f 607//663 605//663 888//663
f 607//297 609//297 514//297
f 512//354 514//354 900//354
f 609//664 607//664 894//664
f 609//297 611//297 518//297
f 514//356 518//356 906//356
f 611//357 609//357 899//357
f 611//297 613//297 522//297
f 522//358 911//358 906//358
f 613//359 611//359 905//359
f 522//297 613//297 615//297
f 526//360 907//360 911//360
f 615//361 613//361 904//361
f 526//297 615//297 529//297
f 113//362 908//362 907//362
f 529//363 615//363 910//363
f 441//297 443//297 111//297
f 111//364 924//364 917//364
f 441//365 916//365 925//365
f 443//297 445//297 135//297
f 135//366 928//366 924//366
f 443//367 925//367 929//367
f 445//297 447//297 142//297
f 142//368 944//368 928//368
f 447//369 445//369 929//369
f 447//297 450//297 168//297
f 168//370 945//370 944//370
f 450//371 447//371 947//371
f 450//297 452//297 178//297
f 178//372 950//372 945//372
f 452//373 450//373 946//373
f 452//297 454//297 199//297
f 199//374 948//374 950//374
f 454//375 452//375 954//375
f 454//297 455//297 212//297
f 212//376 952//376 948//376
f 455//377 454//377 949//377
f 455//297 457//297 232//297
f 232//378 951//378 952//378
f 455//379 953//379 955//379
f 457//297 459//297 238//297
f 238//380 957//380 951//380
f 459//381 457//381 955//381
f 459//297 461//297 261//297
f 261//382 958//382 957//382
f 461//383 459//383 956//383
f 461//297 463//297 269//297
f 269//384 960//384 958//384
f 463//385 461//385 959//385
f 269//297 463//297 465//297
f 274//386 964//386 960//386
f 465//665 463//665 961//665
f 465//297 467//297 284//297
f 284//388 965//388 964//388
f 467//389 465//389 962//389
f 284//297 467//297 470//297
f 295//390 966//390 965//390
f 467//391 963//391 970//391
f 295//297 470//297 472//297
f 300//392 969//392 966//392
f 472//393 470//393 970//393
f 300//297 472//297 474//297
f 312//394 1000//394 969//394
f 472//395 968//395 1001//395
f 474//297 476//297 319//297
f 312//396 319//396 999//396
f 476//397 474//397 1001//397
f 476//297 477//297 327//297
f 319//398 327//398 997//398
f 477//399 476//399 998//399
f 327//297 477//297 479//297
f 327//400 335//400 995//400
f 479//401 477//401 996//401
f 479//297 481//297 343//297
f 335//402 343//402 993//402
f 481//403 479//403 994//403
f 481//297 484//297 346//297
f 343//404 346//404 991//404
f 484//405 481//405 992//405
f 346//297 484//297 486//297
f 355//406 989//406 991//406
f 486//407 484//407 990//407
f 355//297 486//297 487//297
f 358//408 987//408 989//408
f 487//409 486//409 988//409
f 487//297 489//297 364//297
f 364//385 985//385 987//385
f 489//384 487//384 986//384
f 489//297 492//297 365//297
f 365//410 982//410 985//410
f 492//411 489//411 984//411
f 492//297 494//297 372//297
f 372//381 980//381 982//381
f 494//380 492//380 983//380
f 494//297 495//297 373//297
f 373//379 979//379 980//379
f 495//378 494//378 981//378
f 495//297 498//297 378//297
f 378//377 974//377 979//377
f 498//376 495//376 978//376
f 498//297 500//297 382//297
f 382//375 976//375 974//375
f 500//374 498//374 973//374
f 500//297 502//297 388//297
f 388//373 972//373 976//373
f 502//372 500//372 975//372
f 502//297 504//297 392//297
f 392//371 971//371 972//371
f 504//370 502//370 977//370
f 504//297 505//297 395//297
f 392//369 395//369 933//369
f 505//368 504//368 967//368
f 505//297 508//297 398//297
f 398//367 931//367 933//367
f 508//366 505//366 942//366
f 508//297 510//297 404//297
f 404//412 930//412 931//412
f 510//413 508//413 934//413
f 404//297 510//297 511//297
f 405//414 932//414 930//414
f 511//415 510//415 935//415
f 405//297 511//297 513//297
f 409//416 941//416 932//416
f 513//417 511//417 936//417
f 409//297 513//297 516//297
f 414//418 938//418 941//418
f 516//419 513//419 940//419
f 516//297 517//297 419//297
f 414//420 419//420 939//420
f 517//421 516//421 937//421
f 517//297 520//297 422//297
f 422//422 926//422 939//422
f 520//666 517//666 943//666
f 422//297 520//297 521//297
f 926//667 422//667 427//667
f 427//667 923//667 921//667
f 521//425 520//425 927//425
f 521//297 524//297 430//297
f 427//426 430//426 913//426
f 524//427 521//427 922//427
f 524//297 525//297 435//297
f 430//428 435//428 915//428
f 525//429 524//429 920//429
f 525//297 527//297 437//297
f 437//430 918//430 915//430
f 527//431 525//431 914//431
f 437//297 527//297 441//297
f 92//432 917//432 918//432
f 441//433 527//433 919//433
f 96//297 354//297 356//297
f 102//434 1040//434 1033//434
f 356//435 354//435 1034//435
f 102//297 356//297 357//297
f 108//436 1037//436 1040//436
f 357//437 356//437 1039//437
f 108//297 357//297 360//297
f 120//438 1049//438 1037//438
f 360//439 357//439 1038//439
f 120//297 360//297 361//297
f 126//440 1041//440 1049//440
f 361//441 360//441 1048//441
f 126//297 361//297 363//297
f 129//442 1047//442 1041//442
f 363//443 361//443 1042//443
f 129//297 363//297 366//297
f 138//444 1045//444 1047//444
f 366//445 363//445 1046//445
f 138//297 366//297 368//297
f 148//446 1064//446 1045//446
f 368//447 366//447 1044//447
f 148//297 368//297 369//297
f 155//448 1052//448 1064//448
f 369//449 368//449 1043//449
f 155//297 369//297 371//297
f 163//450 1054//450 1052//450
f 371//451 369//451 1050//451
f 163//297 371//297 374//297
f 174//452 1061//452 1054//452
f 374//453 371//453 1051//453
f 174//297 374//297 375//297
f 183//454 1058//454 1061//454
f 375//455 374//455 1053//455
f 375//297 377//297 189//297
f 189//456 1055//456 1058//456
f 377//457 375//457 1063//457
f 377//297 379//297 193//297
f 193//458 1056//458 1055//458
f 379//459 377//459 1057//459
f 193//297 379//297 381//297
f 203//460 1059//460 1056//460
f 381//461 379//461 1060//461
f 381//297 384//297 216//297
f 216//462 1087//462 1059//462
f 384//463 381//463 1062//463
f 384//297 386//297 218//297
f 216//464 218//464 1086//464
f 386//465 384//465 1088//465
f 386//297 387//297 228//297
f 218//466 228//466 1089//466
f 387//467 386//467 1085//467
f 228//297 387//297 389//297
f 228//468 235//468 1084//468
f 389//469 387//469 1082//469
f 389//297 391//297 244//297
f 235//470 244//470 1078//470
f 391//471 389//471 1083//471
f 391//297 393//297 250//297
f 244//472 250//472 1081//472
f 393//473 391//473 1079//473
f 250//297 393//297 396//297
f 260//474 1073//474 1081//474
f 396//475 393//475 1080//475
f 260//297 396//297 397//297
f 267//476 1075//476 1073//476
f 397//477 396//477 1072//477
f 397//297 399//297 271//297
f 271//478 1071//478 1075//478
f 399//456 397//456 1074//456
f 271//297 399//297 401//297
f 275//455 1069//455 1071//455
f 401//454 399//454 1076//454
f 275//297 401//297 403//297
f 280//453 1068//453 1069//453
f 403//452 401//452 1077//452
f 280//297 403//297 406//297
f 281//451 1066//451 1068//451
f 406//450 403//450 1067//450
f 281//297 406//297 408//297
f 286//449 1065//449 1066//449
f 408//448 406//448 1070//448
f 286//297 408//297 410//297
f 286//447 290//447 1020//447
f 410//446 408//446 1025//446
f 290//297 410//297 411//297
f 293//445 1021//445 1020//445
f 411//444 410//444 1032//444
f 293//297 411//297 413//297
f 297//443 1018//443 1021//443
f 413//442 411//442 1022//442
f 297//297 413//297 416//297
f 303//441 1012//441 1018//441
f 416//440 413//440 1019//440
f 303//297 416//297 418//297
f 305//439 1010//439 1012//439
f 418//438 416//438 1013//438
f 305//297 418//297 420//297
f 310//437 1006//437 1010//437
f 420//436 418//436 1016//436
f 310//297 420//297 421//297
f 313//435 1002//435 1006//435
f 421//434 420//434 1017//434
f 421//297 423//297 317//297
f 317//480 1003//480 1002//480
f 423//481 421//481 1007//481
f 423//297 426//297 324//297
f 324//482 1005//482 1003//482
f 426//483 423//483 1004//483
f 324//297 426//297 428//297
f 325//484 1009//484 1005//484
f 428//485 426//485 1008//485
f 325//297 428//297 429//297
f 325//486 329//486 1014//486
f 429//487 428//487 1011//487
f 329//297 429//297 431//297
f 329//488 333//488 1024//488
f 431//668 429//668 1015//668
f 431//297 434//297 337//297
f 333//490 337//490 1031//490
f 434//669 431//669 1023//669
f 434//297 436//297 342//297
f 337//492 342//492 1027//492
f 436//493 434//493 1030//493
f 436//297 438//297 347//297
f 342//494 347//494 1029//494
f 438//495 436//495 1026//495
f 347//297 438//297 440//297
f 350//496 1036//496 1029//496
f 440//497 438//497 1028//497
f 350//297 440//297 354//297
f 96//670 1033//670 1036//670
f 354//499 440//499 1035//499
f 90//297 265//297 268//297
f 93//500 1099//500 1097//500
f 268//501 265//501 1102//501
f 93//297 268//297 270//297
f 97//502 1098//502 1099//502
f 270//503 268//503 1101//503
f 97//297 270//297 272//297
f 104//504 1107//504 1098//504
f 270//505 1095//505 1121//505
f 104//297 272//297 273//297
f 106//506 1120//506 1107//506
f 273//507 272//507 1121//507
f 106//297 273//297 276//297
f 110//508 1122//508 1120//508
f 276//509 273//509 1119//509
f 110//297 276//297 278//297
f 116//510 1117//510 1122//510
f 278//511 276//511 1118//511
f 116//297 278//297 279//297
f 118//512 1114//512 1117//512
f 279//513 278//513 1116//513
f 118//297 279//297 282//297
f 124//514 1111//514 1114//514
f 282//515 279//515 1115//515
f 124//297 282//297 283//297
f 128//516 1113//516 1111//516
f 283//517 282//517 1112//517
f 128//297 283//297 285//297
f 131//518 1109//518 1113//518
f 285//519 283//519 1110//519
f 131//297 285//297 288//297
f 134//520 1123//520 1109//520
f 288//521 285//521 1108//521
f 288//297 289//297 139//297
f 139//522 1172//522 1123//522
f 289//523 288//523 1129//523
f 289//297 292//297 144//297
f 144//671 1165//671 1172//671
f 292//525 289//525 1171//525
f 292//297 294//297 146//297
f 144//526 146//526 1161//526
f 294//527 292//527 1164//527
f 146//297 294//297 296//297
f 146//528 150//528 1156//528
f 296//529 294//529 1162//529
f 150//297 296//297 298//297
f 150//530 154//530 1153//530
f 298//531 296//531 1157//531
f 154//297 298//297 299//297
f 154//532 158//532 1150//532
f 299//533 298//533 1152//533
f 158//297 299//297 301//297
f 158//534 162//534 1143//534
f 301//672 299//672 1149//672
f 162//297 301//297 304//297
f 166//536 1139//536 1143//536
f 304//537 301//537 1142//537
f 304//297 306//297 171//297
f 171//538 1136//538 1139//538
f 306//539 304//539 1144//539
f 306//297 308//297 175//297
f 175//540 1135//540 1136//540
f 308//541 306//541 1140//541
f 175//297 308//297 309//297
f 180//542 1137//542 1135//542
f 309//543 308//543 1138//543
f 309//297 311//297 181//297
f 181//544 1146//544 1137//544
f 311//545 309//545 1141//545
f 181//297 311//297 314//297
f 185//521 1147//521 1146//521
f 314//520 311//520 1145//520
f 185//297 314//297 315//297
f 191//546 1148//546 1147//546
f 315//673 314//673 1151//673
f 191//297 315//297 318//297
f 196//517 1154//517 1148//517
f 318//516 315//516 1158//516
f 196//297 318//297 320//297
f 197//515 1159//515 1154//515
f 320//514 318//514 1155//514
f 197//297 320//297 322//297
f 201//513 1163//513 1159//513
f 322//512 320//512 1160//512
f 201//297 322//297 323//297
f 205//511 1166//511 1163//511
f 323//510 322//510 1169//510
f 205//297 323//297 326//297
f 210//509 1168//509 1166//509
f 326//508 323//508 1167//508
f 210//297 326//297 328//297
f 213//507 1173//507 1168//507
f 328//506 326//506 1178//506
f 213//297 328//297 330//297
f 219//505 1175//505 1173//505
f 330//504 328//504 1174//504
f 219//297 330//297 332//297
f 223//503 1170//503 1175//503
f 332//502 330//502 1177//502
f 223//297 332//297 334//297
f 225//547 1176//547 1170//547
f 334//548 332//548 1133//548
f 334//297 336//297 230//297
f 230//549 1132//549 1176//549
f 336//550 334//550 1134//550
f 230//297 336//297 338//297
f 230//551 233//551 1130//551
f 338//552 336//552 1131//552
f 338//297 340//297 239//297
f 239//553 1127//553 1130//553
f 340//554 338//554 1128//554
f 239//297 340//297 341//297
f 242//555 1124//555 1127//555
f 341//556 340//556 1126//556
f 242//297 341//297 344//297
f 1105//674 1124//674 242//674
f 242//674 245//674 1106//674
f 344//558 341//558 1125//558
f 344//297 345//297 252//297
f 245//559 252//559 1092//559
f 345//675 344//675 1104//675
f 345//297 348//297 255//297
f 252//561 255//561 1096//561
f 348//562 345//562 1091//562
f 348//297 349//297 258//297
f 258//563 1094//563 1096//563
f 349//564 348//564 1090//564
f 349//297 351//297 264//297
f 264//565 1100//565 1094//565
f 351//566 349//566 1093//566
f 351//297 265//297 90//297
f 90//567 1097//567 1100//567
f 265//568 351//568 1103//568
f 177//297 179//297 91//297
f 91//569 1202//569 1200//569
f 179//570 177//570 1201//570
f 179//297 182//297 94//297
f 91//571 94//571 1208//571
f 182//572 179//572 1203//572
f 182//297 184//297 95//297
f 94//573 95//573 1211//573
f 184//574 182//574 1210//574
f 184//297 186//297 98//297
f 95//575 98//575 1213//575
f 186//676 184//676 1212//676
f 186//297 188//297 99//297
f 99//577 1216//577 1213//577
f 188//578 186//578 1214//578
f 188//297 190//297 101//297
f 101//579 1219//579 1216//579
f 190//580 188//580 1218//580
f 101//297 190//297 192//297
f 103//581 1225//581 1219//581
f 192//582 190//582 1220//582
f 103//297 192//297 194//297
f 103//583 105//583 1227//583
f 194//584 192//584 1226//584
f 105//297 194//297 195//297
f 105//585 107//585 1229//585
f 195//677 194//677 1228//677
f 107//297 195//297 198//297
f 107//587 109//587 1231//587
f 198//588 195//588 1230//588
f 109//297 198//297 200//297
f 109//589 112//589 1237//589
f 200//590 198//590 1234//590
f 112//297 200//297 202//297
f 114//591 1239//591 1237//591
f 202//592 200//592 1236//592
f 202//297 204//297 115//297
f 114//593 115//593 1241//593
f 204//594 202//594 1238//594
f 115//297 204//297 206//297
f 115//678 117//678 1244//678
f 206//679 204//679 1240//679
f 206//297 208//297 119//297
f 117//597 119//597 1245//597
f 208//598 206//598 1243//598
f 119//297 208//297 209//297
f 119//680 122//680 1254//680
f 209//600 208//600 1242//600
f 122//297 209//297 211//297
f 122//601 123//601 1257//601
f 211//602 209//602 1253//602
f 211//297 214//297 125//297
f 125//603 1259//603 1257//603
f 214//604 211//604 1256//604
f 214//297 215//297 127//297
f 127//605 1258//605 1259//605
f 215//681 214//681 1255//681
f 215//297 217//297 130//297
f 130//607 1263//607 1258//607
f 217//608 215//608 1261//608
f 217//297 220//297 132//297
f 132//609 1264//609 1263//609
f 217//610 1260//610 1266//610
f 220//297 222//297 133//297
f 133//611 1265//611 1264//611
f 222//612 220//612 1266//612
f 133//297 222//297 224//297
f 136//613 1252//613 1265//613
f 224//614 222//614 1262//614
f 136//297 224//297 226//297
f 136//615 137//615 1250//615
f 226//616 224//616 1251//616
f 137//297 226//297 227//297
f 137//617 140//617 1247//617
f 227//618 226//618 1249//618
f 140//297 227//297 229//297
f 140//619 141//619 1246//619
f 227//620 1248//620 1235//620
f 141//297 229//297 231//297
f 141//621 143//621 1233//621
f 231//622 229//622 1235//622
f 143//297 231//297 234//297
f 143//623 145//623 1224//623
f 234//624 231//624 1232//624
f 234//297 236//297 147//297
f 145//625 147//625 1222//625
f 236//626 234//626 1223//626
f 236//297 237//297 149//297
f 147//627 149//627 1217//627
f 236//628 1221//628 1215//628
f 237//297 240//297 152//297
f 149//629 152//629 1207//629
f 240//630 237//630 1215//630
f 240//297 241//297 153//297
f 152//631 153//631 1206//631
f 241//632 240//632 1209//632
f 241//297 243//297 156//297
f 153//633 156//633 1196//633
f 241//634 1205//634 1195//634
f 243//297 246//297 157//297
f 157//635 1191//635 1196//635
f 246//636 243//636 1195//636
f 157//297 246//297 248//297
f 159//637 1179//637 1191//637
f 248//638 246//638 1192//638
f 159//297 248//297 249//297
f 161//639 1180//639 1179//639
f 249//640 248//640 1185//640
f 161//297 249//297 251//297
f 164//641 1181//641 1180//641
f 251//642 249//642 1182//642
f 164//297 251//297 253//297
f 165//643 1184//643 1181//643
f 253//682 251//682 1183//682
f 165//297 253//297 256//297
f 167//645 1190//645 1184//645
f 256//646 253//646 1189//646
f 256//297 257//297 169//297
f 167//647 169//647 1188//647
f 257//648 256//648 1186//648
f 257//297 259//297 172//297
f 169//649 172//649 1194//649
f 259//650 257//650 1187//650
f 172//297 259//297 262//297
f 172//651 173//651 1199//651
f 262//652 259//652 1193//652
f 262//297 263//297 176//297
f 173//683 176//683 1204//683
f 263//684 262//684 1198//684
f 176//297 263//297 177//297
f 176//655 89//655 1200//655
f 177//656 263//656 1197//656
o upper_rib_-1_recess_floor
v 0.109918 -0.031786 0.216238
v 0.105815 -0.031786 0.197021
v 0.101930 -0.031786 0.178429
v 0.098253 -0.031786 0.160419
v 0.094785 -0.031786 0.142991
v 0.091526 -0.031786 0.126146
v 0.088475 -0.031786 0.109885
v 0.085632 -0.031786 0.094209
v 0.082999 -0.031786 0.079118
v 0.080574 -0.031786 0.064615
v 0.078357 -0.031786 0.050701
v 0.076349 -0.031786 0.037378
v 0.074535 -0.031786 0.024542
v 0.072531 -0.031786 0.018006
v 0.068605 -0.031786 0.012409
v 0.063142 -0.031786 0.008299
v 0.056677 -0.031786 0.006079
v 0.049842 -0.031786 0.005965
v 0.043306 -0.031786 0.007969
v 0.037709 -0.031786 0.011895
v 0.033599 -0.031786 0.017357
v 0.031379 -0.031786 0.023823
v 0.031265 -0.031786 0.030658
v 0.033108 -0.031786 0.043697
v 0.035173 -0.031786 0.057399
v 0.037445 -0.031786 0.071660
v 0.039924 -0.031786 0.086482
v 0.042609 -0.031786 0.101866
v 0.045500 -0.031786 0.117815
v 0.048599 -0.031786 0.134329
v 0.051904 -0.031786 0.151409
v 0.055415 -0.031786 0.169056
v 0.059134 -0.031786 0.187271
v 0.063059 -0.031786 0.206054
v 0.067182 -0.031786 0.225362
v 0.069637 -0.031786 0.231742
v 0.073944 -0.031786 0.237051
v 0.079681 -0.031786 0.240769
v 0.086286 -0.031786 0.242532
v 0.093112 -0.031786 0.242168
v 0.099492 -0.031786 0.239713
v 0.104801 -0.031786 0.235406
v 0.108519 -0.031786 0.229669
v 0.110282 -0.031786 0.223064
v 0.107666 -0.031786 0.216719
v 0.103561 -0.031786 0.197497
v 0.099674 -0.031786 0.178895
v 0.095995 -0.031786 0.160874
v 0.092525 -0.031786 0.143435
v 0.089263 -0.031786 0.126578
v 0.086209 -0.031786 0.110303
v 0.083365 -0.031786 0.094612
v 0.080728 -0.031786 0.079506
v 0.078300 -0.031786 0.064987
v 0.076081 -0.031786 0.051054
v 0.074070 -0.031786 0.037711
v 0.072254 -0.031786 0.024864
v 0.070461 -0.031786 0.019017
v 0.066950 -0.031786 0.014011
v 0.062063 -0.031786 0.010334
v 0.056279 -0.031786 0.008348
v 0.050164 -0.031786 0.008246
v 0.044317 -0.031786 0.010039
v 0.039311 -0.031786 0.013550
v 0.035634 -0.031786 0.018437
v 0.033648 -0.031786 0.024221
v 0.033546 -0.031786 0.030336
v 0.035388 -0.031786 0.043364
v 0.037450 -0.031786 0.057046
v 0.039719 -0.031786 0.071288
v 0.042194 -0.031786 0.086093
v 0.044876 -0.031786 0.101463
v 0.047766 -0.031786 0.117397
v 0.050861 -0.031786 0.133897
v 0.054164 -0.031786 0.150965
v 0.057673 -0.031786 0.168601
v 0.061390 -0.031786 0.186805
v 0.065313 -0.031786 0.205578
v 0.069434 -0.031786 0.224881
v 0.071631 -0.031786 0.230589
v 0.075484 -0.031786 0.235338
v 0.080616 -0.031786 0.238664
v 0.086525 -0.031786 0.240241
v 0.092631 -0.031786 0.239916
v 0.098339 -0.031786 0.237719
v 0.103088 -0.031786 0.233866
v 0.106414 -0.031786 0.228734
v 0.107991 -0.031786 0.222825
v 0.109918 -0.031418 0.216238
v 0.105815 -0.031418 0.197021
v 0.101930 -0.031418 0.178429
v 0.098253 -0.031418 0.160419
v 0.094785 -0.031418 0.142991
v 0.091526 -0.031418 0.126146
v 0.088475 -0.031418 0.109885
v 0.085632 -0.031418 0.094209
v 0.082999 -0.031418 0.079118
v 0.080574 -0.031418 0.064615
v 0.078357 -0.031418 0.050701
v 0.076349 -0.031418 0.037378
v 0.074535 -0.031418 0.024542
v 0.072531 -0.031418 0.018006
v 0.068605 -0.031418 0.012409
v 0.063142 -0.031418 0.008299
v 0.056677 -0.031418 0.006079
v 0.049842 -0.031418 0.005965
v 0.043306 -0.031418 0.007969
v 0.037709 -0.031418 0.011895
v 0.033599 -0.031418 0.017357
v 0.031379 -0.031418 0.023823
v 0.031265 -0.031418 0.030658
v 0.033108 -0.031418 0.043697
v 0.035173 -0.031418 0.057399
v 0.037445 -0.031418 0.071660
v 0.039924 -0.031418 0.086482
v 0.042609 -0.031418 0.101866
v 0.045500 -0.031418 0.117815
v 0.048599 -0.031418 0.134329
v 0.051904 -0.031418 0.151409
v 0.055415 -0.031418 0.169056
v 0.059134 -0.031418 0.187271
v 0.063059 -0.031418 0.206054
v 0.067182 -0.031418 0.225362
v 0.069637 -0.031418 0.231742
v 0.073944 -0.031418 0.237051
v 0.079681 -0.031418 0.240769
v 0.086286 -0.031418 0.242532
v 0.093112 -0.031418 0.242168
v 0.099492 -0.031418 0.239713
v 0.104801 -0.031418 0.235406
v 0.108519 -0.031418 0.229669
v 0.110282 -0.031418 0.223064
v 0.107666 -0.031418 0.216719
v 0.103561 -0.031418 0.197497
v 0.099674 -0.031418 0.178895
v 0.095995 -0.031418 0.160874
v 0.092525 -0.031418 0.143435
v 0.089263 -0.031418 0.126578
v 0.086209 -0.031418 0.110303
v 0.083365 -0.031418 0.094612
v 0.080728 -0.031418 0.079506
v 0.078300 -0.031418 0.064987
v 0.076081 -0.031418 0.051054
v 0.074070 -0.031418 0.037711
v 0.072254 -0.031418 0.024864
v 0.070461 -0.031418 0.019017
v 0.066950 -0.031418 0.014011
v 0.062063 -0.031418 0.010334
v 0.056279 -0.031418 0.008348
v 0.050164 -0.031418 0.008246
v 0.044317 -0.031418 0.010039
v 0.039311 -0.031418 0.013550
v 0.035634 -0.031418 0.018437
v 0.033648 -0.031418 0.024221
v 0.033546 -0.031418 0.030336
v 0.035388 -0.031418 0.043364
v 0.037450 -0.031418 0.057046
v 0.039719 -0.031418 0.071288
v 0.042194 -0.031418 0.086093
v 0.044876 -0.031418 0.101463
v 0.047766 -0.031418 0.117397
v 0.050861 -0.031418 0.133897
v 0.054164 -0.031418 0.150965
v 0.057673 -0.031418 0.168601
v 0.061390 -0.031418 0.186805
v 0.065313 -0.031418 0.205578
v 0.069434 -0.031418 0.224881
v 0.071631 -0.031418 0.230589
v 0.075484 -0.031418 0.235338
v 0.080616 -0.031418 0.238664
v 0.086525 -0.031418 0.240241
v 0.092631 -0.031418 0.239916
v 0.098339 -0.031418 0.237719
v 0.103088 -0.031418 0.233866
v 0.106414 -0.031418 0.228734
v 0.107991 -0.031418 0.222825
vn -0.0000 -1.0000 -0.0000
vn -0.0000 1.0000 -0.0000
vn 0.9780 -0.0000 -0.2088
vn -0.9780 -0.0000 0.2088
vn 0.9789 -0.0000 -0.2046
vn -0.9789 -0.0000 0.2046
vn 0.9798 -0.0000 -0.2000
vn -0.9798 -0.0000 0.2000
vn 0.9808 -0.0000 -0.1952
vn -0.9808 -0.0000 0.1952
vn 0.9818 -0.0000 -0.1900
vn -0.9818 -0.0000 0.1900
vn 0.9829 -0.0000 -0.1844
vn -0.9828 -0.0000 0.1844
vn 0.9840 -0.0000 -0.1784
vn -0.9840 -0.0000 0.1784
vn 0.9851 -0.0000 -0.1719
vn -0.9851 -0.0000 0.1719
vn 0.9863 -0.0000 -0.1649
vn -0.9863 -0.0000 0.1649
vn 0.9875 -0.0000 -0.1573
vn -0.9875 -0.0000 0.1573
vn 0.9888 -0.0000 -0.1490
vn -0.9888 -0.0000 0.1490
vn 0.9902 -0.0000 -0.1399
vn -0.9902 -0.0000 0.1400
vn 0.9561 -0.0000 -0.2931
vn -0.9561 -0.0000 0.2931
vn 0.8187 -0.0000 -0.5742
vn -0.8187 -0.0000 0.5742
vn 0.6012 -0.0000 -0.7991
vn -0.6012 -0.0000 0.7991
vn 0.3248 -0.0000 -0.9458
vn -0.3248 -0.0000 0.9458
vn 0.0166 -0.0000 -0.9999
vn -0.0166 -0.0000 0.9999
vn -0.2931 -0.0000 -0.9561
vn 0.2931 -0.0000 0.9561
vn -0.5742 -0.0000 -0.8187
vn 0.5742 -0.0000 0.8187
vn -0.7991 -0.0000 -0.6012
vn 0.7991 -0.0000 0.6012
vn -0.9458 -0.0000 -0.3248
vn 0.9458 -0.0000 0.3248
vn -0.9999 -0.0000 -0.0167
vn 0.9999 -0.0000 0.0167
vn 0.9902 -0.0000 -0.1400
vn -0.9829 -0.0000 0.1844
vn 0.9828 -0.0000 -0.1844
vn -0.9333 -0.0000 0.3592
vn 0.9333 -0.0000 -0.3592
vn -0.7766 -0.0000 0.6300
vn 0.7766 -0.0000 -0.6300
vn -0.5439 -0.0000 0.8392
vn 0.5439 -0.0000 -0.8392
vn -0.2579 -0.0000 0.9662
vn 0.2579 -0.0000 -0.9662
vn 0.0532 -0.0000 0.9986
vn -0.0532 -0.0000 -0.9986
vn 0.3592 -0.0000 0.9332
vn -0.3592 -0.0000 -0.9333
vn 0.6300 -0.0000 0.7766
vn -0.6300 -0.0000 -0.7766
vn 0.8392 -0.0000 0.5439
vn -0.8392 -0.0000 -0.5439
vn 0.9662 -0.0000 0.2579
vn -0.9662 -0.0000 -0.2579
vn 0.9986 -0.0000 -0.0533
vn -0.9986 -0.0000 0.0533
vn -0.9332 -0.0000 0.3592
vn 0.9332 -0.0000 -0.3592
vn 0.0533 -0.0000 0.9986
vn -0.0533 -0.0000 -0.9986
vn -0.3592 -0.0000 -0.9332
s 0
usemtl molded_recess_dark_red
f 1311//685 1268//685 1267//685
f 1356//686 1399//686 1355//686
f 1268//687 1355//687 1267//687
f 1399//688 1312//688 1311//688
f 1312//685 1269//685 1268//685
f 1357//686 1400//686 1356//686
f 1269//689 1356//689 1268//689
f 1400//690 1313//690 1312//690
f 1313//685 1270//685 1269//685
f 1358//686 1401//686 1357//686
f 1270//691 1357//691 1269//691
f 1401//692 1314//692 1313//692
f 1314//685 1271//685 1270//685
f 1359//686 1402//686 1358//686
f 1271//693 1358//693 1270//693
f 1402//694 1315//694 1314//694
f 1315//685 1272//685 1271//685
f 1360//686 1403//686 1359//686
f 1272//695 1359//695 1271//695
f 1403//696 1316//696 1315//696
f 1316//685 1273//685 1272//685
f 1361//686 1404//686 1360//686
f 1273//697 1360//697 1272//697
f 1404//698 1317//698 1316//698
f 1317//685 1274//685 1273//685
f 1362//686 1405//686 1361//686
f 1274//699 1361//699 1273//699
f 1405//700 1318//700 1317//700
f 1318//685 1275//685 1274//685
f 1363//686 1406//686 1362//686
f 1275//701 1362//701 1274//701
f 1406//702 1319//702 1318//702
f 1319//685 1276//685 1275//685
f 1364//686 1407//686 1363//686
f 1276//703 1363//703 1275//703
f 1407//704 1320//704 1319//704
f 1320//685 1277//685 1276//685
f 1365//686 1408//686 1364//686
f 1277//705 1364//705 1276//705
f 1408//706 1321//706 1320//706
f 1321//685 1278//685 1277//685
f 1366//686 1409//686 1365//686
f 1278//707 1365//707 1277//707
f 1409//708 1322//708 1321//708
f 1278//685 1323//685 1279//685
f 1366//686 1411//686 1410//686
f 1279//709 1366//709 1278//709
f 1410//710 1323//710 1322//710
f 1323//685 1280//685 1279//685
f 1368//686 1411//686 1367//686
f 1280//711 1367//711 1279//711
f 1411//712 1324//712 1323//712
f 1324//685 1281//685 1280//685
f 1369//686 1412//686 1368//686
f 1281//713 1368//713 1280//713
f 1412//714 1325//714 1324//714
f 1281//685 1326//685 1282//685
f 1369//686 1414//686 1413//686
f 1282//715 1369//715 1281//715
f 1413//716 1326//716 1325//716
f 1282//685 1327//685 1283//685
f 1370//686 1415//686 1414//686
f 1283//717 1370//717 1282//717
f 1414//718 1327//718 1326//718
f 1327//685 1284//685 1283//685
f 1372//686 1415//686 1371//686
f 1284//719 1371//719 1283//719
f 1415//720 1328//720 1327//720
f 1284//685 1329//685 1285//685
f 1372//686 1417//686 1416//686
f 1285//721 1372//721 1284//721
f 1416//722 1329//722 1328//722
f 1285//685 1330//685 1286//685
f 1373//686 1418//686 1417//686
f 1286//723 1373//723 1285//723
f 1417//724 1330//724 1329//724
f 1330//685 1287//685 1286//685
f 1374//686 1419//686 1418//686
f 1287//725 1374//725 1286//725
f 1418//726 1331//726 1330//726
f 1331//685 1288//685 1287//685
f 1376//686 1419//686 1375//686
f 1288//727 1375//727 1287//727
f 1419//728 1332//728 1331//728
f 1288//685 1333//685 1289//685
f 1376//686 1421//686 1420//686
f 1289//729 1376//729 1288//729
f 1420//730 1333//730 1332//730
f 1289//685 1334//685 1290//685
f 1377//686 1422//686 1421//686
f 1290//710 1377//710 1289//710
f 1421//731 1334//731 1333//731
f 1334//685 1291//685 1290//685
f 1379//686 1422//686 1378//686
f 1291//708 1378//708 1290//708
f 1422//707 1335//707 1334//707
f 1335//685 1292//685 1291//685
f 1380//686 1423//686 1379//686
f 1292//706 1379//706 1291//706
f 1423//705 1336//705 1335//705
f 1336//685 1293//685 1292//685
f 1381//686 1424//686 1380//686
f 1293//704 1380//704 1292//704
f 1424//703 1337//703 1336//703
f 1337//685 1294//685 1293//685
f 1382//686 1425//686 1381//686
f 1294//702 1381//702 1293//702
f 1425//701 1338//701 1337//701
f 1338//685 1295//685 1294//685
f 1383//686 1426//686 1382//686
f 1295//700 1382//700 1294//700
f 1426//699 1339//699 1338//699
f 1339//685 1296//685 1295//685
f 1384//686 1427//686 1383//686
f 1296//732 1383//732 1295//732
f 1427//733 1340//733 1339//733
f 1340//685 1297//685 1296//685
f 1385//686 1428//686 1384//686
f 1297//696 1384//696 1296//696
f 1428//695 1341//695 1340//695
f 1341//685 1298//685 1297//685
f 1386//686 1429//686 1385//686
f 1298//694 1385//694 1297//694
f 1429//693 1342//693 1341//693
f 1342//685 1299//685 1298//685
f 1387//686 1430//686 1386//686
f 1299//692 1386//692 1298//692
f 1430//691 1343//691 1342//691
f 1343//685 1300//685 1299//685
f 1388//686 1431//686 1387//686
f 1300//690 1387//690 1299//690
f 1431//689 1344//689 1343//689
f 1344//685 1301//685 1300//685
f 1389//686 1432//686 1388//686
f 1301//688 1388//688 1300//688
f 1432//687 1345//687 1344//687
f 1345//685 1302//685 1301//685
f 1390//686 1433//686 1389//686
f 1302//734 1389//734 1301//734
f 1433//735 1346//735 1345//735
f 1346//685 1303//685 1302//685
f 1391//686 1434//686 1390//686
f 1303//736 1390//736 1302//736
f 1434//737 1347//737 1346//737
f 1347//685 1304//685 1303//685
f 1392//686 1435//686 1391//686
f 1304//738 1391//738 1303//738
f 1435//739 1348//739 1347//739
f 1304//685 1349//685 1305//685
f 1392//686 1437//686 1436//686
f 1305//740 1392//740 1304//740
f 1436//741 1349//741 1348//741
f 1305//685 1350//685 1306//685
f 1393//686 1438//686 1437//686
f 1306//742 1393//742 1305//742
f 1437//743 1350//743 1349//743
f 1350//685 1307//685 1306//685
f 1395//686 1438//686 1394//686
f 1307//744 1394//744 1306//744
f 1438//745 1351//745 1350//745
f 1351//685 1308//685 1307//685
f 1396//686 1439//686 1395//686
f 1308//746 1395//746 1307//746
f 1439//747 1352//747 1351//747
f 1352//685 1309//685 1308//685
f 1397//686 1440//686 1396//686
f 1309//748 1396//748 1308//748
f 1440//749 1353//749 1352//749
f 1309//685 1354//685 1310//685
f 1397//686 1442//686 1441//686
f 1310//750 1397//750 1309//750
f 1441//751 1354//751 1353//751
f 1310//685 1311//685 1267//685
f 1398//686 1399//686 1442//686
f 1267//752 1398//752 1310//752
f 1442//753 1311//753 1354//753
f 1311//685 1312//685 1268//685
f 1356//686 1400//686 1399//686
f 1268//687 1356//687 1355//687
f 1399//688 1400//688 1312//688
f 1312//685 1313//685 1269//685
f 1357//686 1401//686 1400//686
f 1269//689 1357//689 1356//689
f 1400//690 1401//690 1313//690
f 1313//685 1314//685 1270//685
f 1358//686 1402//686 1401//686
f 1270//691 1358//691 1357//691
f 1401//692 1402//692 1314//692
f 1314//685 1315//685 1271//685
f 1359//686 1403//686 1402//686
f 1271//693 1359//693 1358//693
f 1402//694 1403//694 1315//694
f 1315//685 1316//685 1272//685
f 1360//686 1404//686 1403//686
f 1272//695 1360//695 1359//695
f 1403//696 1404//696 1316//696
f 1316//685 1317//685 1273//685
f 1361//686 1405//686 1404//686
f 1273//733 1361//733 1360//733
f 1404//732 1405//732 1317//732
f 1317//685 1318//685 1274//685
f 1362//686 1406//686 1405//686
f 1274//699 1362//699 1361//699
f 1405//700 1406//700 1318//700
f 1318//685 1319//685 1275//685
f 1363//686 1407//686 1406//686
f 1275//701 1363//701 1362//701
f 1406//702 1407//702 1319//702
f 1319//685 1320//685 1276//685
f 1364//686 1408//686 1407//686
f 1276//703 1364//703 1363//703
f 1407//704 1408//704 1320//704
f 1320//685 1321//685 1277//685
f 1365//686 1409//686 1408//686
f 1277//705 1365//705 1364//705
f 1408//706 1409//706 1321//706
f 1321//685 1322//685 1278//685
f 1366//686 1410//686 1409//686
f 1278//707 1366//707 1365//707
f 1409//708 1410//708 1322//708
f 1278//685 1322//685 1323//685
f 1366//686 1367//686 1411//686
f 1279//709 1367//709 1366//709
f 1410//710 1411//710 1323//710
f 1323//685 1324//685 1280//685
f 1368//686 1412//686 1411//686
f 1280//711 1368//711 1367//711
f 1411//712 1412//712 1324//712
f 1324//685 1325//685 1281//685
f 1369//686 1413//686 1412//686
f 1281//713 1369//713 1368//713
f 1412//714 1413//714 1325//714
f 1281//685 1325//685 1326//685
f 1369//686 1370//686 1414//686
f 1282//715 1370//715 1369//715
f 1413//716 1414//716 1326//716
f 1282//685 1326//685 1327//685
f 1370//686 1371//686 1415//686
f 1283//717 1371//717 1370//717
f 1414//718 1415//718 1327//718
f 1327//685 1328//685 1284//685
f 1372//686 1416//686 1415//686
f 1284//719 1372//719 1371//719
f 1415//720 1416//720 1328//720
f 1284//685 1328//685 1329//685
f 1372//686 1373//686 1417//686
f 1285//721 1373//721 1372//721
f 1416//722 1417//722 1329//722
f 1285//685 1329//685 1330//685
f 1373//686 1374//686 1418//686
f 1286//723 1374//723 1373//723
f 1417//724 1418//724 1330//724
f 1330//685 1331//685 1287//685
f 1374//686 1375//686 1419//686
f 1287//725 1375//725 1374//725
f 1418//726 1419//726 1331//726
f 1331//685 1332//685 1288//685
f 1376//686 1420//686 1419//686
f 1288//727 1376//727 1375//727
f 1419//728 1420//728 1332//728
f 1288//685 1332//685 1333//685
f 1376//686 1377//686 1421//686
f 1289//729 1377//729 1376//729
f 1420//730 1421//730 1333//730
f 1289//685 1333//685 1334//685
f 1377//686 1378//686 1422//686
f 1290//710 1378//710 1377//710
f 1421//731 1422//731 1334//731
f 1334//685 1335//685 1291//685
f 1379//686 1423//686 1422//686
f 1291//708 1379//708 1378//708
f 1422//707 1423//707 1335//707
f 1335//685 1336//685 1292//685
f 1380//686 1424//686 1423//686
f 1292//706 1380//706 1379//706
f 1423//705 1424//705 1336//705
f 1336//685 1337//685 1293//685
f 1381//686 1425//686 1424//686
f 1293//704 1381//704 1380//704
f 1424//703 1425//703 1337//703
f 1337//685 1338//685 1294//685
f 1382//686 1426//686 1425//686
f 1294//702 1382//702 1381//702
f 1425//701 1426//701 1338//701
f 1338//685 1339//685 1295//685
f 1383//686 1427//686 1426//686
f 1295//700 1383//700 1382//700
f 1426//699 1427//699 1339//699
f 1339//685 1340//685 1296//685
f 1384//686 1428//686 1427//686
f 1296//732 1384//732 1383//732
f 1427//697 1428//697 1340//697
f 1340//685 1341//685 1297//685
f 1385//686 1429//686 1428//686
f 1297//696 1385//696 1384//696
f 1428//695 1429//695 1341//695
f 1341//685 1342//685 1298//685
f 1386//686 1430//686 1429//686
f 1298//694 1386//694 1385//694
f 1429//693 1430//693 1342//693
f 1342//685 1343//685 1299//685
f 1387//686 1431//686 1430//686
f 1299//692 1387//692 1386//692
f 1430//691 1431//691 1343//691
f 1343//685 1344//685 1300//685
f 1388//686 1432//686 1431//686
f 1300//690 1388//690 1387//690
f 1431//689 1432//689 1344//689
f 1344//685 1345//685 1301//685
f 1389//686 1433//686 1432//686
f 1301//688 1389//688 1388//688
f 1432//687 1433//687 1345//687
f 1345//685 1346//685 1302//685
f 1390//686 1434//686 1433//686
f 1302//754 1390//754 1389//754
f 1433//755 1434//755 1346//755
f 1346//685 1347//685 1303//685
f 1391//686 1435//686 1434//686
f 1303//736 1391//736 1390//736
f 1434//737 1435//737 1347//737
f 1347//685 1348//685 1304//685
f 1392//686 1436//686 1435//686
f 1304//738 1392//738 1391//738
f 1435//739 1436//739 1348//739
f 1304//685 1348//685 1349//685
f 1392//686 1393//686 1437//686
f 1305//740 1393//740 1392//740
f 1436//741 1437//741 1349//741
f 1305//685 1349//685 1350//685
f 1393//686 1394//686 1438//686
f 1306//756 1394//756 1393//756
f 1437//757 1438//757 1350//757
f 1350//685 1351//685 1307//685
f 1395//686 1439//686 1438//686
f 1307//744 1395//744 1394//744
f 1438//758 1439//758 1351//758
f 1351//685 1352//685 1308//685
f 1396//686 1440//686 1439//686
f 1308//746 1396//746 1395//746
f 1439//747 1440//747 1352//747
f 1352//685 1353//685 1309//685
f 1397//686 1441//686 1440//686
f 1309//748 1397//748 1396//748
f 1440//749 1441//749 1353//749
f 1309//685 1353//685 1354//685
f 1397//686 1398//686 1442//686
f 1310//750 1398//750 1397//750
f 1441//751 1442//751 1354//751
f 1310//685 1354//685 1311//685
f 1398//686 1355//686 1399//686
f 1267//752 1355//752 1398//752
f 1442//753 1399//753 1311//753
o lower_rib_-1_recess_floor
v 0.074746 -0.031786 -0.027849
v 0.075217 -0.031786 -0.051304
v 0.076246 -0.031786 -0.073850
v 0.077831 -0.031786 -0.095755
v 0.079972 -0.031786 -0.117017
v 0.082666 -0.031786 -0.137636
v 0.085909 -0.031786 -0.157612
v 0.089697 -0.031786 -0.176944
v 0.094028 -0.031786 -0.195634
v 0.098899 -0.031786 -0.213682
v 0.104304 -0.031786 -0.231090
v 0.110242 -0.031786 -0.247862
v 0.116882 -0.031786 -0.264423
v 0.118401 -0.031786 -0.271089
v 0.117786 -0.031786 -0.277897
v 0.115096 -0.031786 -0.284182
v 0.110597 -0.031786 -0.289328
v 0.104727 -0.031786 -0.292832
v 0.098061 -0.031786 -0.294351
v 0.091253 -0.031786 -0.293736
v 0.084968 -0.031786 -0.291046
v 0.079822 -0.031786 -0.286547
v 0.076318 -0.031786 -0.280677
v 0.069350 -0.031786 -0.263275
v 0.062829 -0.031786 -0.244856
v 0.056926 -0.031786 -0.225848
v 0.051638 -0.031786 -0.206253
v 0.046961 -0.031786 -0.186072
v 0.042892 -0.031786 -0.165308
v 0.039426 -0.031786 -0.143960
v 0.036561 -0.031786 -0.122029
v 0.034294 -0.031786 -0.099515
v 0.032621 -0.031786 -0.076416
v 0.031541 -0.031786 -0.052733
v 0.031054 -0.031786 -0.028731
v 0.031987 -0.031786 -0.021959
v 0.034967 -0.031786 -0.015806
v 0.039703 -0.031786 -0.010876
v 0.045730 -0.031786 -0.007650
v 0.052459 -0.031786 -0.006444
v 0.059231 -0.031786 -0.007377
v 0.065384 -0.031786 -0.010357
v 0.070314 -0.031786 -0.015093
v 0.073540 -0.031786 -0.021120
v 0.072442 -0.031786 -0.027895
v 0.072915 -0.031786 -0.051379
v 0.073946 -0.031786 -0.073986
v 0.075536 -0.031786 -0.095953
v 0.077684 -0.031786 -0.117282
v 0.080387 -0.031786 -0.137970
v 0.083641 -0.031786 -0.158018
v 0.087444 -0.031786 -0.177425
v 0.091794 -0.031786 -0.196194
v 0.096686 -0.031786 -0.214323
v 0.102118 -0.031786 -0.231816
v 0.108086 -0.031786 -0.248674
v 0.114744 -0.031786 -0.265280
v 0.116103 -0.031786 -0.271243
v 0.115552 -0.031786 -0.277333
v 0.113146 -0.031786 -0.282956
v 0.109121 -0.031786 -0.287560
v 0.103870 -0.031786 -0.290694
v 0.097907 -0.031786 -0.292053
v 0.091817 -0.031786 -0.291502
v 0.086194 -0.031786 -0.289096
v 0.081590 -0.031786 -0.285071
v 0.078456 -0.031786 -0.279820
v 0.071506 -0.031786 -0.262463
v 0.065015 -0.031786 -0.244131
v 0.059139 -0.031786 -0.225207
v 0.053873 -0.031786 -0.205693
v 0.049214 -0.031786 -0.185591
v 0.045159 -0.031786 -0.164902
v 0.041705 -0.031786 -0.143627
v 0.038849 -0.031786 -0.121765
v 0.036589 -0.031786 -0.099317
v 0.034921 -0.031786 -0.076281
v 0.033843 -0.031786 -0.052658
v 0.033358 -0.031786 -0.028685
v 0.034192 -0.031786 -0.022626
v 0.036858 -0.031786 -0.017123
v 0.041094 -0.031786 -0.012712
v 0.046486 -0.031786 -0.009826
v 0.052505 -0.031786 -0.008748
v 0.058564 -0.031786 -0.009582
v 0.064068 -0.031786 -0.012248
v 0.068478 -0.031786 -0.016484
v 0.071364 -0.031786 -0.021876
v 0.074746 -0.031418 -0.027849
v 0.075217 -0.031418 -0.051304
v 0.076246 -0.031418 -0.073850
v 0.077831 -0.031418 -0.095755
v 0.079972 -0.031418 -0.117017
v 0.082666 -0.031418 -0.137636
v 0.085909 -0.031418 -0.157612
v 0.089697 -0.031418 -0.176944
v 0.094028 -0.031418 -0.195634
v 0.098899 -0.031418 -0.213682
v 0.104304 -0.031418 -0.231090
v 0.110242 -0.031418 -0.247862
v 0.116882 -0.031418 -0.264423
v 0.118401 -0.031418 -0.271089
v 0.117786 -0.031418 -0.277897
v 0.115096 -0.031418 -0.284182
v 0.110597 -0.031418 -0.289328
v 0.104727 -0.031418 -0.292832
v 0.098061 -0.031418 -0.294351
v 0.091253 -0.031418 -0.293736
v 0.084968 -0.031418 -0.291046
v 0.079822 -0.031418 -0.286547
v 0.076318 -0.031418 -0.280677
v 0.069350 -0.031418 -0.263275
v 0.062829 -0.031418 -0.244856
v 0.056926 -0.031418 -0.225848
v 0.051638 -0.031418 -0.206253
v 0.046961 -0.031418 -0.186072
v 0.042892 -0.031418 -0.165308
v 0.039426 -0.031418 -0.143960
v 0.036561 -0.031418 -0.122029
v 0.034294 -0.031418 -0.099515
v 0.032621 -0.031418 -0.076416
v 0.031541 -0.031418 -0.052733
v 0.031054 -0.031418 -0.028731
v 0.031987 -0.031418 -0.021959
v 0.034967 -0.031418 -0.015806
v 0.039703 -0.031418 -0.010876
v 0.045730 -0.031418 -0.007650
v 0.052459 -0.031418 -0.006444
v 0.059231 -0.031418 -0.007377
v 0.065384 -0.031418 -0.010357
v 0.070314 -0.031418 -0.015093
v 0.073540 -0.031418 -0.021120
v 0.072442 -0.031418 -0.027895
v 0.072915 -0.031418 -0.051379
v 0.073946 -0.031418 -0.073986
v 0.075536 -0.031418 -0.095953
v 0.077684 -0.031418 -0.117282
v 0.080387 -0.031418 -0.137970
v 0.083641 -0.031418 -0.158018
v 0.087444 -0.031418 -0.177425
v 0.091794 -0.031418 -0.196194
v 0.096686 -0.031418 -0.214323
v 0.102118 -0.031418 -0.231816
v 0.108086 -0.031418 -0.248674
v 0.114744 -0.031418 -0.265280
v 0.116103 -0.031418 -0.271243
v 0.115552 -0.031418 -0.277333
v 0.113146 -0.031418 -0.282956
v 0.109121 -0.031418 -0.287560
v 0.103870 -0.031418 -0.290694
v 0.097907 -0.031418 -0.292053
v 0.091817 -0.031418 -0.291502
v 0.086194 -0.031418 -0.289096
v 0.081590 -0.031418 -0.285071
v 0.078456 -0.031418 -0.279820
v 0.071506 -0.031418 -0.262463
v 0.065015 -0.031418 -0.244131
v 0.059139 -0.031418 -0.225207
v 0.053873 -0.031418 -0.205693
v 0.049214 -0.031418 -0.185591
v 0.045159 -0.031418 -0.164902
v 0.041705 -0.031418 -0.143627
v 0.038849 -0.031418 -0.121765
v 0.036589 -0.031418 -0.099317
v 0.034921 -0.031418 -0.076281
v 0.033843 -0.031418 -0.052658
v 0.033358 -0.031418 -0.028685
v 0.034192 -0.031418 -0.022626
v 0.036858 -0.031418 -0.017123
v 0.041094 -0.031418 -0.012712
v 0.046486 -0.031418 -0.009826
v 0.052505 -0.031418 -0.008748
v 0.058564 -0.031418 -0.009582
v 0.064068 -0.031418 -0.012248
v 0.068478 -0.031418 -0.016484
v 0.071364 -0.031418 -0.021876
vn -0.0000 -1.0000 -0.0000
vn -0.0000 1.0000 -0.0000
vn 0.9998 -0.0000 0.0201
vn -0.9998 -0.0000 -0.0201
vn 0.9990 -0.0000 0.0456
vn -0.9990 -0.0000 -0.0456
vn 0.9974 -0.0000 0.0722
vn -0.9974 -0.0000 -0.0722
vn 0.9950 -0.0000 0.1002
vn -0.9950 -0.0000 -0.1002
vn 0.9916 -0.0000 0.1295
vn -0.9916 -0.0000 -0.1295
vn 0.9871 -0.0000 0.1602
vn -0.9871 -0.0000 -0.1602
vn 0.9813 -0.0000 0.1923
vn -0.9813 -0.0000 -0.1923
vn 0.9742 -0.0000 0.2258
vn -0.9742 -0.0000 -0.2258
vn 0.9655 -0.0000 0.2605
vn -0.9655 -0.0000 -0.2605
vn 0.9550 -0.0000 0.2965
vn -0.9550 -0.0000 -0.2966
vn 0.9427 -0.0000 0.3337
vn -0.9427 -0.0000 -0.3337
vn 0.9282 -0.0000 0.3722
vn -0.9282 -0.0000 -0.3721
vn 0.9750 -0.0000 0.2221
vn -0.9750 -0.0000 -0.2221
vn 0.9959 -0.0000 -0.0900
vn -0.9959 -0.0000 0.0900
vn 0.9194 -0.0000 -0.3934
vn -0.9194 -0.0000 0.3934
vn 0.7528 -0.0000 -0.6582
vn -0.7528 -0.0000 0.6582
vn 0.5126 -0.0000 -0.8586
vn -0.5126 -0.0000 0.8586
vn 0.2221 -0.0000 -0.9750
vn -0.2221 -0.0000 0.9750
vn -0.0900 -0.0000 -0.9959
vn 0.0900 -0.0000 0.9959
vn -0.3934 -0.0000 -0.9194
vn 0.3934 -0.0000 0.9194
vn -0.6582 -0.0000 -0.7528
vn 0.6582 -0.0000 0.7528
vn -0.8586 -0.0000 -0.5126
vn 0.8587 -0.0000 0.5126
vn -0.9284 -0.0000 -0.3717
vn 0.9283 -0.0000 0.3717
vn 0.9427 -0.0000 0.3338
vn 0.9550 -0.0000 0.2966
vn -0.9998 -0.0000 -0.0203
vn 0.9998 -0.0000 0.0203
vn -0.9906 -0.0000 0.1365
vn 0.9906 -0.0000 -0.1365
vn -0.9000 -0.0000 0.4359
vn 0.9000 -0.0000 -0.4359
vn -0.7212 -0.0000 0.6927
vn 0.7212 -0.0000 -0.6927
vn -0.4719 -0.0000 0.8817
vn 0.4719 -0.0000 -0.8817
vn -0.1763 -0.0000 0.9843
vn 0.1763 -0.0000 -0.9843
vn 0.1365 -0.0000 0.9906
vn -0.1365 -0.0000 -0.9906
vn 0.4359 -0.0000 0.9000
vn -0.4359 -0.0000 -0.9000
vn 0.6927 -0.0000 0.7212
vn -0.6927 -0.0000 -0.7212
vn 0.8817 -0.0000 0.4719
vn -0.8817 -0.0000 -0.4719
vn 0.9843 -0.0000 0.1763
vn -0.9843 -0.0000 -0.1763
vn -0.9550 -0.0000 -0.2965
vn 0.7528 -0.0000 -0.6583
vn 0.2222 -0.0000 -0.9750
vn 0.8586 -0.0000 0.5126
vn -0.9283 -0.0000 -0.3717
vn 0.9655 -0.0000 0.2606
vn 0.9871 -0.0000 0.1603
vn -0.7213 -0.0000 0.6927
vn 0.4719 -0.0000 -0.8816
s 0
usemtl molded_recess_dark_red
f 1487//759 1444//759 1443//759
f 1532//760 1575//760 1531//760
f 1444//761 1531//761 1443//761
f 1575//762 1488//762 1487//762
f 1488//759 1445//759 1444//759
f 1533//760 1576//760 1532//760
f 1445//763 1532//763 1444//763
f 1576//764 1489//764 1488//764
f 1489//759 1446//759 1445//759
f 1534//760 1577//760 1533//760
f 1446//765 1533//765 1445//765
f 1577//766 1490//766 1489//766
f 1490//759 1447//759 1446//759
f 1535//760 1578//760 1534//760
f 1447//767 1534//767 1446//767
f 1578//768 1491//768 1490//768
f 1491//759 1448//759 1447//759
f 1536//760 1579//760 1535//760
f 1448//769 1535//769 1447//769
f 1579//770 1492//770 1491//770
f 1492//759 1449//759 1448//759
f 1537//760 1580//760 1536//760
f 1449//771 1536//771 1448//771
f 1580//772 1493//772 1492//772
f 1493//759 1450//759 1449//759
f 1538//760 1581//760 1537//760
f 1450//773 1537//773 1449//773
f 1581//774 1494//774 1493//774
f 1494//759 1451//759 1450//759
f 1539//760 1582//760 1538//760
f 1451//775 1538//775 1450//775
f 1582//776 1495//776 1494//776
f 1495//759 1452//759 1451//759
f 1540//760 1583//760 1539//760
f 1452//777 1539//777 1451//777
f 1583//778 1496//778 1495//778
f 1496//759 1453//759 1452//759
f 1541//760 1584//760 1540//760
f 1453//779 1540//779 1452//779
f 1584//780 1497//780 1496//780
f 1497//759 1454//759 1453//759
f 1542//760 1585//760 1541//760
f 1454//781 1541//781 1453//781
f 1585//782 1498//782 1497//782
f 1454//759 1499//759 1455//759
f 1542//760 1587//760 1586//760
f 1455//783 1542//783 1454//783
f 1586//784 1499//784 1498//784
f 1499//759 1456//759 1455//759
f 1544//760 1587//760 1543//760
f 1456//785 1543//785 1455//785
f 1587//786 1500//786 1499//786
f 1456//759 1501//759 1457//759
f 1544//760 1589//760 1588//760
f 1457//787 1544//787 1456//787
f 1588//788 1501//788 1500//788
f 1457//759 1502//759 1458//759
f 1545//760 1590//760 1589//760
f 1458//789 1545//789 1457//789
f 1589//790 1502//790 1501//790
f 1458//759 1503//759 1459//759
f 1546//760 1591//760 1590//760
f 1459//791 1546//791 1458//791
f 1590//792 1503//792 1502//792
f 1503//759 1460//759 1459//759
f 1548//760 1591//760 1547//760
f 1460//793 1547//793 1459//793
f 1591//794 1504//794 1503//794
f 1504//759 1461//759 1460//759
f 1549//760 1592//760 1548//760
f 1461//795 1548//795 1460//795
f 1592//796 1505//796 1504//796
f 1461//759 1506//759 1462//759
f 1549//760 1594//760 1593//760
f 1462//797 1549//797 1461//797
f 1593//798 1506//798 1505//798
f 1506//759 1463//759 1462//759
f 1551//760 1594//760 1550//760
f 1463//799 1550//799 1462//799
f 1594//800 1507//800 1506//800
f 1507//759 1464//759 1463//759
f 1552//760 1595//760 1551//760
f 1464//801 1551//801 1463//801
f 1595//802 1508//802 1507//802
f 1464//759 1509//759 1465//759
f 1552//760 1597//760 1596//760
f 1465//803 1552//803 1464//803
f 1596//804 1509//804 1508//804
f 1465//759 1510//759 1466//759
f 1553//760 1598//760 1597//760
f 1466//805 1553//805 1465//805
f 1597//806 1510//806 1509//806
f 1510//759 1467//759 1466//759
f 1555//760 1598//760 1554//760
f 1467//782 1554//782 1466//782
f 1598//807 1511//807 1510//807
f 1511//759 1468//759 1467//759
f 1556//760 1599//760 1555//760
f 1468//780 1555//780 1467//780
f 1599//808 1512//808 1511//808
f 1512//759 1469//759 1468//759
f 1557//760 1600//760 1556//760
f 1469//778 1556//778 1468//778
f 1600//777 1513//777 1512//777
f 1513//759 1470//759 1469//759
f 1558//760 1601//760 1557//760
f 1470//776 1557//776 1469//776
f 1601//775 1514//775 1513//775
f 1514//759 1471//759 1470//759
f 1559//760 1602//760 1558//760
f 1471//774 1558//774 1470//774
f 1602//773 1515//773 1514//773
f 1515//759 1472//759 1471//759
f 1560//760 1603//760 1559//760
f 1472//772 1559//772 1471//772
f 1603//771 1516//771 1515//771
f 1516//759 1473//759 1472//759
f 1561//760 1604//760 1560//760
f 1473//770 1560//770 1472//770
f 1604//769 1517//769 1516//769
f 1517//759 1474//759 1473//759
f 1562//760 1605//760 1561//760
f 1474//768 1561//768 1473//768
f 1605//767 1518//767 1517//767
f 1518//759 1475//759 1474//759
f 1563//760 1606//760 1562//760
f 1475//766 1562//766 1474//766
f 1606//765 1519//765 1518//765
f 1519//759 1476//759 1475//759
f 1564//760 1607//760 1563//760
f 1476//764 1563//764 1475//764
f 1607//763 1520//763 1519//763
f 1520//759 1477//759 1476//759
f 1565//760 1608//760 1564//760
f 1477//809 1564//809 1476//809
f 1608//810 1521//810 1520//810
f 1477//759 1522//759 1478//759
f 1565//760 1610//760 1609//760
f 1478//811 1565//811 1477//811
f 1609//812 1522//812 1521//812
f 1478//759 1523//759 1479//759
f 1566//760 1611//760 1610//760
f 1479//813 1566//813 1478//813
f 1610//814 1523//814 1522//814
f 1479//759 1524//759 1480//759
f 1567//760 1612//760 1611//760
f 1480//815 1567//815 1479//815
f 1611//816 1524//816 1523//816
f 1524//759 1481//759 1480//759
f 1569//760 1612//760 1568//760
f 1481//817 1568//817 1480//817
f 1612//818 1525//818 1524//818
f 1525//759 1482//759 1481//759
f 1570//760 1613//760 1569//760
f 1482//819 1569//819 1481//819
f 1613//820 1526//820 1525//820
f 1482//759 1527//759 1483//759
f 1570//760 1615//760 1614//760
f 1483//821 1570//821 1482//821
f 1614//822 1527//822 1526//822
f 1527//759 1484//759 1483//759
f 1572//760 1615//760 1571//760
f 1484//823 1571//823 1483//823
f 1615//824 1528//824 1527//824
f 1528//759 1485//759 1484//759
f 1573//760 1616//760 1572//760
f 1485//825 1572//825 1484//825
f 1616//826 1529//826 1528//826
f 1529//759 1486//759 1485//759
f 1574//760 1617//760 1573//760
f 1486//827 1573//827 1485//827
f 1617//828 1530//828 1529//828
f 1486//759 1487//759 1443//759
f 1574//760 1575//760 1618//760
f 1443//829 1574//829 1486//829
f 1618//830 1487//830 1530//830
f 1487//759 1488//759 1444//759
f 1532//760 1576//760 1575//760
f 1444//761 1532//761 1531//761
f 1575//762 1576//762 1488//762
f 1488//759 1489//759 1445//759
f 1533//760 1577//760 1576//760
f 1445//763 1533//763 1532//763
f 1576//764 1577//764 1489//764
f 1489//759 1490//759 1446//759
f 1534//760 1578//760 1577//760
f 1446//765 1534//765 1533//765
f 1577//766 1578//766 1490//766
f 1490//759 1491//759 1447//759
f 1535//760 1579//760 1578//760
f 1447//767 1535//767 1534//767
f 1578//768 1579//768 1491//768
f 1491//759 1492//759 1448//759
f 1536//760 1580//760 1579//760
f 1448//769 1536//769 1535//769
f 1579//770 1580//770 1492//770
f 1492//759 1493//759 1449//759
f 1537//760 1581//760 1580//760
f 1449//771 1537//771 1536//771
f 1580//772 1581//772 1493//772
f 1493//759 1494//759 1450//759
f 1538//760 1582//760 1581//760
f 1450//773 1538//773 1537//773
f 1581//774 1582//774 1494//774
f 1494//759 1495//759 1451//759
f 1539//760 1583//760 1582//760
f 1451//775 1539//775 1538//775
f 1582//776 1583//776 1495//776
f 1495//759 1496//759 1452//759
f 1540//760 1584//760 1583//760
f 1452//777 1540//777 1539//777
f 1583//778 1584//778 1496//778
f 1496//759 1497//759 1453//759
f 1541//760 1585//760 1584//760
f 1453//808 1541//808 1540//808
f 1584//831 1585//831 1497//831
f 1497//759 1498//759 1454//759
f 1542//760 1586//760 1585//760
f 1454//781 1542//781 1541//781
f 1585//782 1586//782 1498//782
f 1454//759 1498//759 1499//759
f 1542//760 1543//760 1587//760
f 1455//783 1543//783 1542//783
f 1586//784 1587//784 1499//784
f 1499//759 1500//759 1456//759
f 1544//760 1588//760 1587//760
f 1456//785 1544//785 1543//785
f 1587//786 1588//786 1500//786
f 1456//759 1500//759 1501//759
f 1544//760 1545//760 1589//760
f 1457//787 1545//787 1544//787
f 1588//788 1589//788 1501//788
f 1457//759 1501//759 1502//759
f 1545//760 1546//760 1590//760
f 1458//789 1546//789 1545//789
f 1589//790 1590//790 1502//790
f 1458//759 1502//759 1503//759
f 1546//760 1547//760 1591//760
f 1459//832 1547//832 1546//832
f 1590//792 1591//792 1503//792
f 1503//759 1504//759 1460//759
f 1548//760 1592//760 1591//760
f 1460//793 1548//793 1547//793
f 1591//794 1592//794 1504//794
f 1504//759 1505//759 1461//759
f 1549//760 1593//760 1592//760
f 1461//833 1549//833 1548//833
f 1592//796 1593//796 1505//796
f 1461//759 1505//759 1506//759
f 1549//760 1550//760 1594//760
f 1462//797 1550//797 1549//797
f 1593//798 1594//798 1506//798
f 1506//759 1507//759 1463//759
f 1551//760 1595//760 1594//760
f 1463//799 1551//799 1550//799
f 1594//800 1595//800 1507//800
f 1507//759 1508//759 1464//759
f 1552//760 1596//760 1595//760
f 1464//801 1552//801 1551//801
f 1595//802 1596//802 1508//802
f 1464//759 1508//759 1509//759
f 1552//760 1553//760 1597//760
f 1465//803 1553//803 1552//803
f 1596//834 1597//834 1509//834
f 1465//759 1509//759 1510//759
f 1553//760 1554//760 1598//760
f 1466//835 1554//835 1553//835
f 1597//806 1598//806 1510//806
f 1510//759 1511//759 1467//759
f 1555//760 1599//760 1598//760
f 1467//782 1555//782 1554//782
f 1598//781 1599//781 1511//781
f 1511//759 1512//759 1468//759
f 1556//760 1600//760 1599//760
f 1468//780 1556//780 1555//780
f 1599//808 1600//808 1512//808
f 1512//759 1513//759 1469//759
f 1557//760 1601//760 1600//760
f 1469//778 1557//778 1556//778
f 1600//836 1601//836 1513//836
f 1513//759 1514//759 1470//759
f 1558//760 1602//760 1601//760
f 1470//776 1558//776 1557//776
f 1601//775 1602//775 1514//775
f 1514//759 1515//759 1471//759
f 1559//760 1603//760 1602//760
f 1471//774 1559//774 1558//774
f 1602//773 1603//773 1515//773
f 1515//759 1516//759 1472//759
f 1560//760 1604//760 1603//760
f 1472//772 1560//772 1559//772
f 1603//837 1604//837 1516//837
f 1516//759 1517//759 1473//759
f 1561//760 1605//760 1604//760
f 1473//770 1561//770 1560//770
f 1604//769 1605//769 1517//769
f 1517//759 1518//759 1474//759
f 1562//760 1606//760 1605//760
f 1474//768 1562//768 1561//768
f 1605//767 1606//767 1518//767
f 1518//759 1519//759 1475//759
f 1563//760 1607//760 1606//760
f 1475//766 1563//766 1562//766
f 1606//765 1607//765 1519//765
f 1519//759 1520//759 1476//759
f 1564//760 1608//760 1607//760
f 1476//764 1564//764 1563//764
f 1607//763 1608//763 1520//763
f 1520//759 1521//759 1477//759
f 1565//760 1609//760 1608//760
f 1477//809 1565//809 1564//809
f 1608//810 1609//810 1521//810
f 1477//759 1521//759 1522//759
f 1565//760 1566//760 1610//760
f 1478//811 1566//811 1565//811
f 1609//812 1610//812 1522//812
f 1478//759 1522//759 1523//759
f 1566//760 1567//760 1611//760
f 1479//813 1567//813 1566//813
f 1610//814 1611//814 1523//814
f 1479//759 1523//759 1524//759
f 1567//760 1568//760 1612//760
f 1480//838 1568//838 1567//838
f 1611//816 1612//816 1524//816
f 1524//759 1525//759 1481//759
f 1569//760 1613//760 1612//760
f 1481//817 1569//817 1568//817
f 1612//839 1613//839 1525//839
f 1525//759 1526//759 1482//759
f 1570//760 1614//760 1613//760
f 1482//819 1570//819 1569//819
f 1613//820 1614//820 1526//820
f 1482//759 1526//759 1527//759
f 1570//760 1571//760 1615//760
f 1483//821 1571//821 1570//821
f 1614//822 1615//822 1527//822
f 1527//759 1528//759 1484//759
f 1572//760 1616//760 1615//760
f 1484//823 1572//823 1571//823
f 1615//824 1616//824 1528//824
f 1528//759 1529//759 1485//759
f 1573//760 1617//760 1616//760
f 1485//825 1573//825 1572//825
f 1616//826 1617//826 1529//826
f 1529//759 1530//759 1486//759
f 1574//760 1618//760 1617//760
f 1486//827 1574//827 1573//827
f 1617//828 1618//828 1530//828
f 1486//759 1530//759 1487//759
f 1574//760 1531//760 1575//760
f 1443//829 1531//829 1574//829
f 1618//830 1575//830 1487//830
o upper_rib_1_recess_floor
v 0.385918 -0.031786 0.225362
v 0.390041 -0.031786 0.206054
v 0.393966 -0.031786 0.187271
v 0.397685 -0.031786 0.169056
v 0.401196 -0.031786 0.151409
v 0.404501 -0.031786 0.134329
v 0.407600 -0.031786 0.117815
v 0.410491 -0.031786 0.101866
v 0.413176 -0.031786 0.086482
v 0.415655 -0.031786 0.071660
v 0.417927 -0.031786 0.057399
v 0.419992 -0.031786 0.043697
v 0.421835 -0.031786 0.030658
v 0.421721 -0.031786 0.023823
v 0.419501 -0.031786 0.017357
v 0.415391 -0.031786 0.011895
v 0.409794 -0.031786 0.007969
v 0.403258 -0.031786 0.005965
v 0.396423 -0.031786 0.006079
v 0.389958 -0.031786 0.008299
v 0.384495 -0.031786 0.012409
v 0.380569 -0.031786 0.018006
v 0.378565 -0.031786 0.024542
v 0.376751 -0.031786 0.037378
v 0.374743 -0.031786 0.050701
v 0.372526 -0.031786 0.064615
v 0.370101 -0.031786 0.079118
v 0.367468 -0.031786 0.094209
v 0.364625 -0.031786 0.109885
v 0.361574 -0.031786 0.126146
v 0.358315 -0.031786 0.142991
v 0.354847 -0.031786 0.160419
v 0.351170 -0.031786 0.178429
v 0.347285 -0.031786 0.197021
v 0.343182 -0.031786 0.216238
v 0.342818 -0.031786 0.223064
v 0.344581 -0.031786 0.229669
v 0.348299 -0.031786 0.235406
v 0.353608 -0.031786 0.239713
v 0.359988 -0.031786 0.242168
v 0.366814 -0.031786 0.242532
v 0.373419 -0.031786 0.240769
v 0.379156 -0.031786 0.237051
v 0.383463 -0.031786 0.231742
v 0.383666 -0.031786 0.224881
v 0.387787 -0.031786 0.205578
v 0.391710 -0.031786 0.186805
v 0.395427 -0.031786 0.168601
v 0.398936 -0.031786 0.150965
v 0.402239 -0.031786 0.133897
v 0.405334 -0.031786 0.117397
v 0.408224 -0.031786 0.101463
v 0.410906 -0.031786 0.086093
v 0.413381 -0.031786 0.071288
v 0.415650 -0.031786 0.057046
v 0.417712 -0.031786 0.043364
v 0.419554 -0.031786 0.030336
v 0.419452 -0.031786 0.024221
v 0.417466 -0.031786 0.018437
v 0.413789 -0.031786 0.013550
v 0.408783 -0.031786 0.010039
v 0.402936 -0.031786 0.008246
v 0.396821 -0.031786 0.008348
v 0.391037 -0.031786 0.010334
v 0.386150 -0.031786 0.014011
v 0.382639 -0.031786 0.019017
v 0.380846 -0.031786 0.024864
v 0.379030 -0.031786 0.037711
v 0.377019 -0.031786 0.051054
v 0.374800 -0.031786 0.064987
v 0.372372 -0.031786 0.079506
v 0.369736 -0.031786 0.094612
v 0.366891 -0.031786 0.110303
v 0.363837 -0.031786 0.126578
v 0.360575 -0.031786 0.143435
v 0.357105 -0.031786 0.160874
v 0.353426 -0.031786 0.178895
v 0.349539 -0.031786 0.197497
v 0.345434 -0.031786 0.216719
v 0.345109 -0.031786 0.222825
v 0.346686 -0.031786 0.228734
v 0.350012 -0.031786 0.233866
v 0.354761 -0.031786 0.237719
v 0.360469 -0.031786 0.239916
v 0.366575 -0.031786 0.240241
v 0.372484 -0.031786 0.238664
v 0.377616 -0.031786 0.235338
v 0.381469 -0.031786 0.230589
v 0.385918 -0.031418 0.225362
v 0.390041 -0.031418 0.206054
v 0.393966 -0.031418 0.187271
v 0.397685 -0.031418 0.169056
v 0.401196 -0.031418 0.151409
v 0.404501 -0.031418 0.134329
v 0.407600 -0.031418 0.117815
v 0.410491 -0.031418 0.101866
v 0.413176 -0.031418 0.086482
v 0.415655 -0.031418 0.071660
v 0.417927 -0.031418 0.057399
v 0.419992 -0.031418 0.043697
v 0.421835 -0.031418 0.030658
v 0.421721 -0.031418 0.023823
v 0.419501 -0.031418 0.017357
v 0.415391 -0.031418 0.011895
v 0.409794 -0.031418 0.007969
v 0.403258 -0.031418 0.005965
v 0.396423 -0.031418 0.006079
v 0.389958 -0.031418 0.008299
v 0.384495 -0.031418 0.012409
v 0.380569 -0.031418 0.018006
v 0.378565 -0.031418 0.024542
v 0.376751 -0.031418 0.037378
v 0.374743 -0.031418 0.050701
v 0.372526 -0.031418 0.064615
v 0.370101 -0.031418 0.079118
v 0.367468 -0.031418 0.094209
v 0.364625 -0.031418 0.109885
v 0.361574 -0.031418 0.126146
v 0.358315 -0.031418 0.142991
v 0.354847 -0.031418 0.160419
v 0.351170 -0.031418 0.178429
v 0.347285 -0.031418 0.197021
v 0.343182 -0.031418 0.216238
v 0.342818 -0.031418 0.223064
v 0.344581 -0.031418 0.229669
v 0.348299 -0.031418 0.235406
v 0.353608 -0.031418 0.239713
v 0.359988 -0.031418 0.242168
v 0.366814 -0.031418 0.242532
v 0.373419 -0.031418 0.240769
v 0.379156 -0.031418 0.237051
v 0.383463 -0.031418 0.231742
v 0.383666 -0.031418 0.224881
v 0.387787 -0.031418 0.205578
v 0.391710 -0.031418 0.186805
v 0.395427 -0.031418 0.168601
v 0.398936 -0.031418 0.150965
v 0.402239 -0.031418 0.133897
v 0.405334 -0.031418 0.117397
v 0.408224 -0.031418 0.101463
v 0.410906 -0.031418 0.086093
v 0.413381 -0.031418 0.071288
v 0.415650 -0.031418 0.057046
v 0.417712 -0.031418 0.043364
v 0.419554 -0.031418 0.030336
v 0.419452 -0.031418 0.024221
v 0.417466 -0.031418 0.018437
v 0.413789 -0.031418 0.013550
v 0.408783 -0.031418 0.010039
v 0.402936 -0.031418 0.008246
v 0.396821 -0.031418 0.008348
v 0.391037 -0.031418 0.010334
v 0.386150 -0.031418 0.014011
v 0.382639 -0.031418 0.019017
v 0.380846 -0.031418 0.024864
v 0.379030 -0.031418 0.037711
v 0.377019 -0.031418 0.051054
v 0.374800 -0.031418 0.064987
v 0.372372 -0.031418 0.079506
v 0.369736 -0.031418 0.094612
v 0.366891 -0.031418 0.110303
v 0.363837 -0.031418 0.126578
v 0.360575 -0.031418 0.143435
v 0.357105 -0.031418 0.160874
v 0.353426 -0.031418 0.178895
v 0.349539 -0.031418 0.197497
v 0.345434 -0.031418 0.216719
v 0.345109 -0.031418 0.222825
v 0.346686 -0.031418 0.228734
v 0.350012 -0.031418 0.233866
v 0.354761 -0.031418 0.237719
v 0.360469 -0.031418 0.239916
v 0.366575 -0.031418 0.240241
v 0.372484 -0.031418 0.238664
v 0.377616 -0.031418 0.235338
v 0.381469 -0.031418 0.230589
vn -0.0000 -1.0000 -0.0000
vn -0.0000 1.0000 -0.0000
vn 0.9780 -0.0000 0.2088
vn -0.9780 -0.0000 -0.2088
vn 0.9789 -0.0000 0.2046
vn -0.9789 -0.0000 -0.2046
vn 0.9798 -0.0000 0.2000
vn -0.9798 -0.0000 -0.2000
vn 0.9808 -0.0000 0.1952
vn -0.9808 -0.0000 -0.1952
vn 0.9818 -0.0000 0.1900
vn -0.9818 -0.0000 -0.1900
vn 0.9829 -0.0000 0.1844
vn -0.9828 -0.0000 -0.1844
vn 0.9840 -0.0000 0.1784
vn -0.9840 -0.0000 -0.1784
vn 0.9851 -0.0000 0.1719
vn -0.9851 -0.0000 -0.1719
vn 0.9863 -0.0000 0.1649
vn -0.9863 -0.0000 -0.1649
vn 0.9875 -0.0000 0.1573
vn -0.9875 -0.0000 -0.1573
vn 0.9888 -0.0000 0.1490
vn -0.9888 -0.0000 -0.1490
vn 0.9902 -0.0000 0.1400
vn -0.9902 -0.0000 -0.1400
vn 0.9999 -0.0000 -0.0167
vn -0.9999 -0.0000 0.0167
vn 0.9458 -0.0000 -0.3248
vn -0.9458 -0.0000 0.3248
vn 0.7991 -0.0000 -0.6012
vn -0.7991 -0.0000 0.6012
vn 0.5742 -0.0000 -0.8187
vn -0.5742 -0.0000 0.8187
vn 0.2931 -0.0000 -0.9561
vn -0.2931 -0.0000 0.9561
vn -0.0166 -0.0000 -0.9999
vn 0.0166 -0.0000 0.9999
vn -0.3248 -0.0000 -0.9458
vn 0.3248 -0.0000 0.9458
vn -0.6012 -0.0000 -0.7991
vn 0.6012 -0.0000 0.7991
vn -0.8187 -0.0000 -0.5742
vn 0.8187 -0.0000 0.5742
vn -0.9561 -0.0000 -0.2931
vn 0.9561 -0.0000 0.2931
vn -0.9902 -0.0000 -0.1399
vn -0.9829 -0.0000 -0.1844
vn 0.9828 -0.0000 0.1844
vn -0.9986 -0.0000 -0.0533
vn 0.9986 -0.0000 0.0533
vn -0.9662 -0.0000 0.2579
vn 0.9662 -0.0000 -0.2579
vn -0.8392 -0.0000 0.5439
vn 0.8392 -0.0000 -0.5439
vn -0.6300 -0.0000 0.7766
vn 0.6300 -0.0000 -0.7766
vn -0.3592 -0.0000 0.9333
vn 0.3592 -0.0000 -0.9332
vn -0.0533 -0.0000 0.9986
vn 0.0533 -0.0000 -0.9986
vn 0.2579 -0.0000 0.9662
vn -0.2579 -0.0000 -0.9662
vn 0.5439 -0.0000 0.8392
vn -0.5439 -0.0000 -0.8392
vn 0.7766 -0.0000 0.6300
vn -0.7766 -0.0000 -0.6300
vn 0.9333 -0.0000 0.3592
vn -0.9332 -0.0000 -0.3592
vn -0.8187 -0.0000 -0.5743
vn -0.3592 -0.0000 0.9332
vn 0.3592 -0.0000 -0.9333
vn 0.0532 -0.0000 -0.9986
vn 0.9332 -0.0000 0.3592
vn -0.9333 -0.0000 -0.3592
s 0
usemtl molded_recess_dark_red
f 1619//840 1664//840 1620//840
f 1707//841 1752//841 1751//841
f 1620//842 1707//842 1619//842
f 1751//843 1664//843 1663//843
f 1620//840 1665//840 1621//840
f 1708//841 1753//841 1752//841
f 1621//844 1708//844 1620//844
f 1752//845 1665//845 1664//845
f 1621//840 1666//840 1622//840
f 1709//841 1754//841 1753//841
f 1622//846 1709//846 1621//846
f 1753//847 1666//847 1665//847
f 1622//840 1667//840 1623//840
f 1710//841 1755//841 1754//841
f 1623//848 1710//848 1622//848
f 1754//849 1667//849 1666//849
f 1623//840 1668//840 1624//840
f 1711//841 1756//841 1755//841
f 1624//850 1711//850 1623//850
f 1755//851 1668//851 1667//851
f 1624//840 1669//840 1625//840
f 1712//841 1757//841 1756//841
f 1625//852 1712//852 1624//852
f 1756//853 1669//853 1668//853
f 1625//840 1670//840 1626//840
f 1713//841 1758//841 1757//841
f 1626//854 1713//854 1625//854
f 1757//855 1670//855 1669//855
f 1626//840 1671//840 1627//840
f 1714//841 1759//841 1758//841
f 1627//856 1714//856 1626//856
f 1758//857 1671//857 1670//857
f 1627//840 1672//840 1628//840
f 1715//841 1760//841 1759//841
f 1628//858 1715//858 1627//858
f 1759//859 1672//859 1671//859
f 1628//840 1673//840 1629//840
f 1716//841 1761//841 1760//841
f 1629//860 1716//860 1628//860
f 1760//861 1673//861 1672//861
f 1629//840 1674//840 1630//840
f 1717//841 1762//841 1761//841
f 1630//862 1717//862 1629//862
f 1761//863 1674//863 1673//863
f 1674//840 1631//840 1630//840
f 1719//841 1762//841 1718//841
f 1631//864 1718//864 1630//864
f 1762//865 1675//865 1674//865
f 1675//840 1632//840 1631//840
f 1720//841 1763//841 1719//841
f 1632//866 1719//866 1631//866
f 1763//867 1676//867 1675//867
f 1632//840 1677//840 1633//840
f 1721//841 1764//841 1720//841
f 1633//868 1720//868 1632//868
f 1764//869 1677//869 1676//869
f 1677//840 1634//840 1633//840
f 1722//841 1765//841 1721//841
f 1634//870 1721//870 1633//870
f 1765//871 1678//871 1677//871
f 1678//840 1635//840 1634//840
f 1723//841 1766//841 1722//841
f 1635//872 1722//872 1634//872
f 1766//873 1679//873 1678//873
f 1679//840 1636//840 1635//840
f 1724//841 1767//841 1723//841
f 1636//874 1723//874 1635//874
f 1767//875 1680//875 1679//875
f 1636//840 1681//840 1637//840
f 1724//841 1769//841 1768//841
f 1637//876 1724//876 1636//876
f 1768//877 1681//877 1680//877
f 1681//840 1638//840 1637//840
f 1726//841 1769//841 1725//841
f 1638//878 1725//878 1637//878
f 1769//879 1682//879 1681//879
f 1682//840 1639//840 1638//840
f 1727//841 1770//841 1726//841
f 1639//880 1726//880 1638//880
f 1770//881 1683//881 1682//881
f 1639//840 1684//840 1640//840
f 1727//841 1772//841 1771//841
f 1640//882 1727//882 1639//882
f 1771//883 1684//883 1683//883
f 1640//840 1685//840 1641//840
f 1728//841 1773//841 1772//841
f 1641//884 1728//884 1640//884
f 1772//885 1685//885 1684//885
f 1685//840 1642//840 1641//840
f 1730//841 1773//841 1729//841
f 1642//886 1729//886 1641//886
f 1773//864 1686//864 1685//864
f 1642//840 1687//840 1643//840
f 1730//841 1775//841 1774//841
f 1643//863 1730//863 1642//863
f 1774//862 1687//862 1686//862
f 1643//840 1688//840 1644//840
f 1731//841 1776//841 1775//841
f 1644//861 1731//861 1643//861
f 1775//860 1688//860 1687//860
f 1644//840 1689//840 1645//840
f 1732//841 1777//841 1776//841
f 1645//859 1732//859 1644//859
f 1776//858 1689//858 1688//858
f 1645//840 1690//840 1646//840
f 1733//841 1778//841 1777//841
f 1646//857 1733//857 1645//857
f 1777//856 1690//856 1689//856
f 1646//840 1691//840 1647//840
f 1734//841 1779//841 1778//841
f 1647//855 1734//855 1646//855
f 1778//854 1691//854 1690//854
f 1647//840 1692//840 1648//840
f 1735//841 1780//841 1779//841
f 1648//887 1735//887 1647//887
f 1779//888 1692//888 1691//888
f 1648//840 1693//840 1649//840
f 1736//841 1781//841 1780//841
f 1649//851 1736//851 1648//851
f 1780//850 1693//850 1692//850
f 1649//840 1694//840 1650//840
f 1737//841 1782//841 1781//841
f 1650//849 1737//849 1649//849
f 1781//848 1694//848 1693//848
f 1650//840 1695//840 1651//840
f 1738//841 1783//841 1782//841
f 1651//847 1738//847 1650//847
f 1782//846 1695//846 1694//846
f 1651//840 1696//840 1652//840
f 1739//841 1784//841 1783//841
f 1652//845 1739//845 1651//845
f 1783//844 1696//844 1695//844
f 1652//840 1697//840 1653//840
f 1740//841 1785//841 1784//841
f 1653//843 1740//843 1652//843
f 1784//842 1697//842 1696//842
f 1697//840 1654//840 1653//840
f 1742//841 1785//841 1741//841
f 1654//889 1741//889 1653//889
f 1785//890 1698//890 1697//890
f 1698//840 1655//840 1654//840
f 1743//841 1786//841 1742//841
f 1655//891 1742//891 1654//891
f 1786//892 1699//892 1698//892
f 1655//840 1700//840 1656//840
f 1743//841 1788//841 1787//841
f 1656//893 1743//893 1655//893
f 1787//894 1700//894 1699//894
f 1656//840 1701//840 1657//840
f 1744//841 1789//841 1788//841
f 1657//895 1744//895 1656//895
f 1788//896 1701//896 1700//896
f 1657//840 1702//840 1658//840
f 1745//841 1790//841 1789//841
f 1658//897 1745//897 1657//897
f 1789//898 1702//898 1701//898
f 1702//840 1659//840 1658//840
f 1747//841 1790//841 1746//841
f 1659//899 1746//899 1658//899
f 1790//900 1703//900 1702//900
f 1703//840 1660//840 1659//840
f 1748//841 1791//841 1747//841
f 1660//901 1747//901 1659//901
f 1791//902 1704//902 1703//902
f 1704//840 1661//840 1660//840
f 1749//841 1792//841 1748//841
f 1661//903 1748//903 1660//903
f 1792//904 1705//904 1704//904
f 1661//840 1706//840 1662//840
f 1749//841 1794//841 1793//841
f 1662//905 1749//905 1661//905
f 1793//906 1706//906 1705//906
f 1662//840 1663//840 1619//840
f 1750//841 1751//841 1794//841
f 1619//907 1750//907 1662//907
f 1794//908 1663//908 1706//908
f 1619//840 1663//840 1664//840
f 1707//841 1708//841 1752//841
f 1620//842 1708//842 1707//842
f 1751//843 1752//843 1664//843
f 1620//840 1664//840 1665//840
f 1708//841 1709//841 1753//841
f 1621//844 1709//844 1708//844
f 1752//845 1753//845 1665//845
f 1621//840 1665//840 1666//840
f 1709//841 1710//841 1754//841
f 1622//846 1710//846 1709//846
f 1753//847 1754//847 1666//847
f 1622//840 1666//840 1667//840
f 1710//841 1711//841 1755//841
f 1623//848 1711//848 1710//848
f 1754//849 1755//849 1667//849
f 1623//840 1667//840 1668//840
f 1711//841 1712//841 1756//841
f 1624//850 1712//850 1711//850
f 1755//851 1756//851 1668//851
f 1624//840 1668//840 1669//840
f 1712//841 1713//841 1757//841
f 1625//852 1713//852 1712//852
f 1756//887 1757//887 1669//887
f 1625//840 1669//840 1670//840
f 1713//841 1714//841 1758//841
f 1626//854 1714//854 1713//854
f 1757//855 1758//855 1670//855
f 1626//840 1670//840 1671//840
f 1714//841 1715//841 1759//841
f 1627//856 1715//856 1714//856
f 1758//857 1759//857 1671//857
f 1627//840 1671//840 1672//840
f 1715//841 1716//841 1760//841
f 1628//858 1716//858 1715//858
f 1759//859 1760//859 1672//859
f 1628//840 1672//840 1673//840
f 1716//841 1717//841 1761//841
f 1629//860 1717//860 1716//860
f 1760//861 1761//861 1673//861
f 1629//840 1673//840 1674//840
f 1717//841 1718//841 1762//841
f 1630//862 1718//862 1717//862
f 1761//863 1762//863 1674//863
f 1674//840 1675//840 1631//840
f 1719//841 1763//841 1762//841
f 1631//864 1719//864 1718//864
f 1762//865 1763//865 1675//865
f 1675//840 1676//840 1632//840
f 1720//841 1764//841 1763//841
f 1632//866 1720//866 1719//866
f 1763//867 1764//867 1676//867
f 1632//840 1676//840 1677//840
f 1721//841 1765//841 1764//841
f 1633//868 1721//868 1720//868
f 1764//869 1765//869 1677//869
f 1677//840 1678//840 1634//840
f 1722//841 1766//841 1765//841
f 1634//870 1722//870 1721//870
f 1765//871 1766//871 1678//871
f 1678//840 1679//840 1635//840
f 1723//841 1767//841 1766//841
f 1635//872 1723//872 1722//872
f 1766//873 1767//873 1679//873
f 1679//840 1680//840 1636//840
f 1724//841 1768//841 1767//841
f 1636//874 1724//874 1723//874
f 1767//875 1768//875 1680//875
f 1636//840 1680//840 1681//840
f 1724//841 1725//841 1769//841
f 1637//876 1725//876 1724//876
f 1768//877 1769//877 1681//877
f 1681//840 1682//840 1638//840
f 1726//841 1770//841 1769//841
f 1638//878 1726//878 1725//878
f 1769//879 1770//879 1682//879
f 1682//840 1683//840 1639//840
f 1727//841 1771//841 1770//841
f 1639//880 1727//880 1726//880
f 1770//881 1771//881 1683//881
f 1639//840 1683//840 1684//840
f 1727//841 1728//841 1772//841
f 1640//909 1728//909 1727//909
f 1771//883 1772//883 1684//883
f 1640//840 1684//840 1685//840
f 1728//841 1729//841 1773//841
f 1641//884 1729//884 1728//884
f 1772//885 1773//885 1685//885
f 1685//840 1686//840 1642//840
f 1730//841 1774//841 1773//841
f 1642//886 1730//886 1729//886
f 1773//864 1774//864 1686//864
f 1642//840 1686//840 1687//840
f 1730//841 1731//841 1775//841
f 1643//863 1731//863 1730//863
f 1774//862 1775//862 1687//862
f 1643//840 1687//840 1688//840
f 1731//841 1732//841 1776//841
f 1644//861 1732//861 1731//861
f 1775//860 1776//860 1688//860
f 1644//840 1688//840 1689//840
f 1732//841 1733//841 1777//841
f 1645//859 1733//859 1732//859
f 1776//858 1777//858 1689//858
f 1645//840 1689//840 1690//840
f 1733//841 1734//841 1778//841
f 1646//857 1734//857 1733//857
f 1777//856 1778//856 1690//856
f 1646//840 1690//840 1691//840
f 1734//841 1735//841 1779//841
f 1647//855 1735//855 1734//855
f 1778//854 1779//854 1691//854
f 1647//840 1691//840 1692//840
f 1735//841 1736//841 1780//841
f 1648//887 1736//887 1735//887
f 1779//852 1780//852 1692//852
f 1648//840 1692//840 1693//840
f 1736//841 1737//841 1781//841
f 1649//851 1737//851 1736//851
f 1780//850 1781//850 1693//850
f 1649//840 1693//840 1694//840
f 1737//841 1738//841 1782//841
f 1650//849 1738//849 1737//849
f 1781//848 1782//848 1694//848
f 1650//840 1694//840 1695//840
f 1738//841 1739//841 1783//841
f 1651//847 1739//847 1738//847
f 1782//846 1783//846 1695//846
f 1651//840 1695//840 1696//840
f 1739//841 1740//841 1784//841
f 1652//845 1740//845 1739//845
f 1783//844 1784//844 1696//844
f 1652//840 1696//840 1697//840
f 1740//841 1741//841 1785//841
f 1653//843 1741//843 1740//843
f 1784//842 1785//842 1697//842
f 1697//840 1698//840 1654//840
f 1742//841 1786//841 1785//841
f 1654//889 1742//889 1741//889
f 1785//890 1786//890 1698//890
f 1698//840 1699//840 1655//840
f 1743//841 1787//841 1786//841
f 1655//891 1743//891 1742//891
f 1786//892 1787//892 1699//892
f 1655//840 1699//840 1700//840
f 1743//841 1744//841 1788//841
f 1656//893 1744//893 1743//893
f 1787//894 1788//894 1700//894
f 1656//840 1700//840 1701//840
f 1744//841 1745//841 1789//841
f 1657//895 1745//895 1744//895
f 1788//896 1789//896 1701//896
f 1657//840 1701//840 1702//840
f 1745//841 1746//841 1790//841
f 1658//910 1746//910 1745//910
f 1789//911 1790//911 1702//911
f 1702//840 1703//840 1659//840
f 1747//841 1791//841 1790//841
f 1659//899 1747//899 1746//899
f 1790//912 1791//912 1703//912
f 1703//840 1704//840 1660//840
f 1748//841 1792//841 1791//841
f 1660//901 1748//901 1747//901
f 1791//902 1792//902 1704//902
f 1704//840 1705//840 1661//840
f 1749//841 1793//841 1792//841
f 1661//903 1749//903 1748//903
f 1792//904 1793//904 1705//904
f 1661//840 1705//840 1706//840
f 1749//841 1750//841 1794//841
f 1662//905 1750//905 1749//905
f 1793//906 1794//906 1706//906
f 1662//840 1706//840 1663//840
f 1750//841 1707//841 1751//841
f 1619//913 1707//913 1750//913
f 1794//914 1751//914 1663//914
o lower_rib_1_recess_floor
v 0.422046 -0.031786 -0.028731
v 0.421559 -0.031786 -0.052733
v 0.420479 -0.031786 -0.076416
v 0.418806 -0.031786 -0.099515
v 0.416539 -0.031786 -0.122029
v 0.413674 -0.031786 -0.143960
v 0.410208 -0.031786 -0.165308
v 0.406139 -0.031786 -0.186072
v 0.401462 -0.031786 -0.206253
v 0.396174 -0.031786 -0.225848
v 0.390271 -0.031786 -0.244856
v 0.383750 -0.031786 -0.263275
v 0.376782 -0.031786 -0.280677
v 0.373278 -0.031786 -0.286547
v 0.368132 -0.031786 -0.291046
v 0.361847 -0.031786 -0.293736
v 0.355039 -0.031786 -0.294351
v 0.348373 -0.031786 -0.292832
v 0.342503 -0.031786 -0.289328
v 0.338004 -0.031786 -0.284182
v 0.335314 -0.031786 -0.277897
v 0.334699 -0.031786 -0.271089
v 0.336218 -0.031786 -0.264423
v 0.342858 -0.031786 -0.247862
v 0.348796 -0.031786 -0.231090
v 0.354201 -0.031786 -0.213682
v 0.359072 -0.031786 -0.195634
v 0.363403 -0.031786 -0.176944
v 0.367192 -0.031786 -0.157612
v 0.370434 -0.031786 -0.137636
v 0.373128 -0.031786 -0.117017
v 0.375269 -0.031786 -0.095755
v 0.376854 -0.031786 -0.073850
v 0.377883 -0.031786 -0.051304
v 0.378354 -0.031786 -0.027849
v 0.379560 -0.031786 -0.021120
v 0.382786 -0.031786 -0.015093
v 0.387716 -0.031786 -0.010357
v 0.393869 -0.031786 -0.007377
v 0.400641 -0.031786 -0.006444
v 0.407370 -0.031786 -0.007650
v 0.413397 -0.031786 -0.010876
v 0.418133 -0.031786 -0.015806
v 0.421113 -0.031786 -0.021959
v 0.419742 -0.031786 -0.028685
v 0.419257 -0.031786 -0.052658
v 0.418179 -0.031786 -0.076281
v 0.416511 -0.031786 -0.099317
v 0.414251 -0.031786 -0.121765
v 0.411395 -0.031786 -0.143627
v 0.407941 -0.031786 -0.164902
v 0.403886 -0.031786 -0.185591
v 0.399227 -0.031786 -0.205693
v 0.393961 -0.031786 -0.225207
v 0.388085 -0.031786 -0.244131
v 0.381594 -0.031786 -0.262463
v 0.374644 -0.031786 -0.279820
v 0.371510 -0.031786 -0.285071
v 0.366906 -0.031786 -0.289096
v 0.361283 -0.031786 -0.291502
v 0.355193 -0.031786 -0.292053
v 0.349230 -0.031786 -0.290694
v 0.343979 -0.031786 -0.287560
v 0.339954 -0.031786 -0.282956
v 0.337548 -0.031786 -0.277333
v 0.336997 -0.031786 -0.271243
v 0.338356 -0.031786 -0.265280
v 0.345014 -0.031786 -0.248674
v 0.350982 -0.031786 -0.231816
v 0.356414 -0.031786 -0.214323
v 0.361306 -0.031786 -0.196194
v 0.365656 -0.031786 -0.177425
v 0.369459 -0.031786 -0.158018
v 0.372714 -0.031786 -0.137970
v 0.375416 -0.031786 -0.117282
v 0.377564 -0.031786 -0.095953
v 0.379154 -0.031786 -0.073986
v 0.380185 -0.031786 -0.051379
v 0.380658 -0.031786 -0.027895
v 0.381736 -0.031786 -0.021876
v 0.384622 -0.031786 -0.016484
v 0.389033 -0.031786 -0.012248
v 0.394536 -0.031786 -0.009582
v 0.400595 -0.031786 -0.008748
v 0.406614 -0.031786 -0.009826
v 0.412006 -0.031786 -0.012712
v 0.416242 -0.031786 -0.017123
v 0.418908 -0.031786 -0.022626
v 0.422046 -0.031418 -0.028731
v 0.421559 -0.031418 -0.052733
v 0.420479 -0.031418 -0.076416
v 0.418806 -0.031418 -0.099515
v 0.416539 -0.031418 -0.122029
v 0.413674 -0.031418 -0.143960
v 0.410208 -0.031418 -0.165308
v 0.406139 -0.031418 -0.186072
v 0.401462 -0.031418 -0.206253
v 0.396174 -0.031418 -0.225848
v 0.390271 -0.031418 -0.244856
v 0.383750 -0.031418 -0.263275
v 0.376782 -0.031418 -0.280677
v 0.373278 -0.031418 -0.286547
v 0.368132 -0.031418 -0.291046
v 0.361847 -0.031418 -0.293736
v 0.355039 -0.031418 -0.294351
v 0.348373 -0.031418 -0.292832
v 0.342503 -0.031418 -0.289328
v 0.338004 -0.031418 -0.284182
v 0.335314 -0.031418 -0.277897
v 0.334699 -0.031418 -0.271089
v 0.336218 -0.031418 -0.264423
v 0.342858 -0.031418 -0.247862
v 0.348796 -0.031418 -0.231090
v 0.354201 -0.031418 -0.213682
v 0.359072 -0.031418 -0.195634
v 0.363403 -0.031418 -0.176944
v 0.367192 -0.031418 -0.157612
v 0.370434 -0.031418 -0.137636
v 0.373128 -0.031418 -0.117017
v 0.375269 -0.031418 -0.095755
v 0.376854 -0.031418 -0.073850
v 0.377883 -0.031418 -0.051304
v 0.378354 -0.031418 -0.027849
v 0.379560 -0.031418 -0.021120
v 0.382786 -0.031418 -0.015093
v 0.387716 -0.031418 -0.010357
v 0.393869 -0.031418 -0.007377
v 0.400641 -0.031418 -0.006444
v 0.407370 -0.031418 -0.007650
v 0.413397 -0.031418 -0.010876
v 0.418133 -0.031418 -0.015806
v 0.421113 -0.031418 -0.021959
v 0.419742 -0.031418 -0.028685
v 0.419257 -0.031418 -0.052658
v 0.418179 -0.031418 -0.076281
v 0.416511 -0.031418 -0.099317
v 0.414251 -0.031418 -0.121765
v 0.411395 -0.031418 -0.143627
v 0.407941 -0.031418 -0.164902
v 0.403886 -0.031418 -0.185591
v 0.399227 -0.031418 -0.205693
v 0.393961 -0.031418 -0.225207
v 0.388085 -0.031418 -0.244131
v 0.381594 -0.031418 -0.262463
v 0.374644 -0.031418 -0.279820
v 0.371510 -0.031418 -0.285071
v 0.366906 -0.031418 -0.289096
v 0.361283 -0.031418 -0.291502
v 0.355193 -0.031418 -0.292053
v 0.349230 -0.031418 -0.290694
v 0.343979 -0.031418 -0.287560
v 0.339954 -0.031418 -0.282956
v 0.337548 -0.031418 -0.277333
v 0.336997 -0.031418 -0.271243
v 0.338356 -0.031418 -0.265280
v 0.345014 -0.031418 -0.248674
v 0.350982 -0.031418 -0.231816
v 0.356414 -0.031418 -0.214323
v 0.361306 -0.031418 -0.196194
v 0.365656 -0.031418 -0.177425
v 0.369459 -0.031418 -0.158018
v 0.372714 -0.031418 -0.137970
v 0.375416 -0.031418 -0.117282
v 0.377564 -0.031418 -0.095953
v 0.379154 -0.031418 -0.073986
v 0.380185 -0.031418 -0.051379
v 0.380658 -0.031418 -0.027895
v 0.381736 -0.031418 -0.021876
v 0.384622 -0.031418 -0.016484
v 0.389033 -0.031418 -0.012248
v 0.394536 -0.031418 -0.009582
v 0.400595 -0.031418 -0.008748
v 0.406614 -0.031418 -0.009826
v 0.412006 -0.031418 -0.012712
v 0.416242 -0.031418 -0.017123
v 0.418908 -0.031418 -0.022626
vn -0.0000 -1.0000 -0.0000
vn -0.0000 1.0000 -0.0000
vn 0.9998 -0.0000 -0.0203
vn -0.9998 -0.0000 0.0203
vn 0.9990 -0.0000 -0.0456
vn -0.9990 -0.0000 0.0456
vn 0.9974 -0.0000 -0.0722
vn -0.9974 -0.0000 0.0722
vn 0.9950 -0.0000 -0.1002
vn -0.9950 -0.0000 0.1002
vn 0.9916 -0.0000 -0.1295
vn -0.9916 -0.0000 0.1295
vn 0.9871 -0.0000 -0.1602
vn -0.9871 -0.0000 0.1602
vn 0.9813 -0.0000 -0.1923
vn -0.9813 -0.0000 0.1923
vn 0.9742 -0.0000 -0.2258
vn -0.9742 -0.0000 0.2258
vn 0.9655 -0.0000 -0.2605
vn -0.9655 -0.0000 0.2605
vn 0.9550 -0.0000 -0.2966
vn -0.9550 -0.0000 0.2966
vn 0.9427 -0.0000 -0.3337
vn -0.9427 -0.0000 0.3338
vn 0.9284 -0.0000 -0.3717
vn -0.9283 -0.0000 0.3717
vn 0.8586 -0.0000 -0.5126
vn -0.8587 -0.0000 0.5126
vn 0.6582 -0.0000 -0.7528
vn -0.6582 -0.0000 0.7528
vn 0.3934 -0.0000 -0.9194
vn -0.3934 -0.0000 0.9194
vn 0.0900 -0.0000 -0.9959
vn -0.0900 -0.0000 0.9959
vn -0.2221 -0.0000 -0.9750
vn 0.2221 -0.0000 0.9750
vn -0.5126 -0.0000 -0.8586
vn 0.5126 -0.0000 0.8586
vn -0.7528 -0.0000 -0.6582
vn 0.7528 -0.0000 0.6582
vn -0.9194 -0.0000 -0.3934
vn 0.9194 -0.0000 0.3934
vn -0.9959 -0.0000 -0.0900
vn 0.9959 -0.0000 0.0900
vn -0.9750 -0.0000 0.2221
vn 0.9750 -0.0000 -0.2221
vn -0.9282 -0.0000 0.3722
vn 0.9282 -0.0000 -0.3721
vn -0.9427 -0.0000 0.3337
vn 0.9550 -0.0000 -0.2965
vn -0.9998 -0.0000 0.0201
vn 0.9998 -0.0000 -0.0201
vn -0.9843 -0.0000 0.1763
vn 0.9843 -0.0000 -0.1763
vn -0.8817 -0.0000 0.4719
vn 0.8817 -0.0000 -0.4719
vn -0.6927 -0.0000 0.7212
vn 0.6927 -0.0000 -0.7213
vn -0.4359 -0.0000 0.9000
vn 0.4359 -0.0000 -0.9000
vn -0.1365 -0.0000 0.9906
vn 0.1365 -0.0000 -0.9906
vn 0.1763 -0.0000 0.9843
vn -0.1763 -0.0000 -0.9843
vn 0.4719 -0.0000 0.8817
vn -0.4719 -0.0000 -0.8817
vn 0.7212 -0.0000 0.6927
vn -0.7212 -0.0000 -0.6927
vn 0.9000 -0.0000 0.4359
vn -0.9000 -0.0000 -0.4359
vn 0.9906 -0.0000 0.1365
vn -0.9906 -0.0000 -0.1365
vn -0.9871 -0.0000 0.1603
vn -0.9655 -0.0000 0.2606
vn 0.9283 -0.0000 -0.3717
vn 0.8587 -0.0000 -0.5125
vn -0.8586 -0.0000 0.5126
vn -0.7528 -0.0000 -0.6583
vn -0.9550 -0.0000 0.2965
vn 0.6927 -0.0000 -0.7212
vn 0.1764 -0.0000 0.9843
vn 0.7213 -0.0000 0.6927
s 0
usemtl molded_recess_dark_red
f 1795//915 1840//915 1796//915
f 1883//916 1928//916 1927//916
f 1796//917 1883//917 1795//917
f 1927//918 1840//918 1839//918
f 1796//915 1841//915 1797//915
f 1884//916 1929//916 1928//916
f 1797//919 1884//919 1796//919
f 1928//920 1841//920 1840//920
f 1797//915 1842//915 1798//915
f 1885//916 1930//916 1929//916
f 1798//921 1885//921 1797//921
f 1929//922 1842//922 1841//922
f 1798//915 1843//915 1799//915
f 1886//916 1931//916 1930//916
f 1799//923 1886//923 1798//923
f 1930//924 1843//924 1842//924
f 1799//915 1844//915 1800//915
f 1887//916 1932//916 1931//916
f 1800//925 1887//925 1799//925
f 1931//926 1844//926 1843//926
f 1800//915 1845//915 1801//915
f 1888//916 1933//916 1932//916
f 1801//927 1888//927 1800//927
f 1932//928 1845//928 1844//928
f 1801//915 1846//915 1802//915
f 1889//916 1934//916 1933//916
f 1802//929 1889//929 1801//929
f 1933//930 1846//930 1845//930
f 1802//915 1847//915 1803//915
f 1890//916 1935//916 1934//916
f 1803//931 1890//931 1802//931
f 1934//932 1847//932 1846//932
f 1803//915 1848//915 1804//915
f 1891//916 1936//916 1935//916
f 1804//933 1891//933 1803//933
f 1935//934 1848//934 1847//934
f 1804//915 1849//915 1805//915
f 1892//916 1937//916 1936//916
f 1805//935 1892//935 1804//935
f 1936//936 1849//936 1848//936
f 1805//915 1850//915 1806//915
f 1893//916 1938//916 1937//916
f 1806//937 1893//937 1805//937
f 1937//938 1850//938 1849//938
f 1850//915 1807//915 1806//915
f 1895//916 1938//916 1894//916
f 1807//939 1894//939 1806//939
f 1938//940 1851//940 1850//940
f 1851//915 1808//915 1807//915
f 1896//916 1939//916 1895//916
f 1808//941 1895//941 1807//941
f 1939//942 1852//942 1851//942
f 1852//915 1809//915 1808//915
f 1897//916 1940//916 1896//916
f 1809//943 1896//943 1808//943
f 1940//944 1853//944 1852//944
f 1809//915 1854//915 1810//915
f 1897//916 1942//916 1941//916
f 1810//945 1897//945 1809//945
f 1941//946 1854//946 1853//946
f 1810//915 1855//915 1811//915
f 1898//916 1943//916 1942//916
f 1811//947 1898//947 1810//947
f 1942//948 1855//948 1854//948
f 1811//915 1856//915 1812//915
f 1899//916 1944//916 1943//916
f 1812//949 1899//949 1811//949
f 1943//950 1856//950 1855//950
f 1812//915 1857//915 1813//915
f 1900//916 1945//916 1944//916
f 1813//951 1900//951 1812//951
f 1944//952 1857//952 1856//952
f 1813//915 1858//915 1814//915
f 1901//916 1946//916 1945//916
f 1814//953 1901//953 1813//953
f 1945//954 1858//954 1857//954
f 1858//915 1815//915 1814//915
f 1903//916 1946//916 1902//916
f 1815//955 1902//955 1814//955
f 1946//956 1859//956 1858//956
f 1859//915 1816//915 1815//915
f 1904//916 1947//916 1903//916
f 1816//957 1903//957 1815//957
f 1947//958 1860//958 1859//958
f 1816//915 1861//915 1817//915
f 1904//916 1949//916 1948//916
f 1817//959 1904//959 1816//959
f 1948//960 1861//960 1860//960
f 1861//915 1818//915 1817//915
f 1906//916 1949//916 1905//916
f 1818//961 1905//961 1817//961
f 1949//962 1862//962 1861//962
f 1818//915 1863//915 1819//915
f 1906//916 1951//916 1950//916
f 1819//963 1906//963 1818//963
f 1950//937 1863//937 1862//937
f 1819//915 1864//915 1820//915
f 1907//916 1952//916 1951//916
f 1820//936 1907//936 1819//936
f 1951//964 1864//964 1863//964
f 1820//915 1865//915 1821//915
f 1908//916 1953//916 1952//916
f 1821//934 1908//934 1820//934
f 1952//933 1865//933 1864//933
f 1821//915 1866//915 1822//915
f 1909//916 1954//916 1953//916
f 1822//932 1909//932 1821//932
f 1953//931 1866//931 1865//931
f 1822//915 1867//915 1823//915
f 1910//916 1955//916 1954//916
f 1823//930 1910//930 1822//930
f 1954//929 1867//929 1866//929
f 1823//915 1868//915 1824//915
f 1911//916 1956//916 1955//916
f 1824//928 1911//928 1823//928
f 1955//927 1868//927 1867//927
f 1824//915 1869//915 1825//915
f 1912//916 1957//916 1956//916
f 1825//926 1912//926 1824//926
f 1956//925 1869//925 1868//925
f 1825//915 1870//915 1826//915
f 1913//916 1958//916 1957//916
f 1826//924 1913//924 1825//924
f 1957//923 1870//923 1869//923
f 1826//915 1871//915 1827//915
f 1914//916 1959//916 1958//916
f 1827//922 1914//922 1826//922
f 1958//921 1871//921 1870//921
f 1827//915 1872//915 1828//915
f 1915//916 1960//916 1959//916
f 1828//920 1915//920 1827//920
f 1959//919 1872//919 1871//919
f 1828//915 1873//915 1829//915
f 1916//916 1961//916 1960//916
f 1829//965 1916//965 1828//965
f 1960//966 1873//966 1872//966
f 1873//915 1830//915 1829//915
f 1918//916 1961//916 1917//916
f 1830//967 1917//967 1829//967
f 1961//968 1874//968 1873//968
f 1830//915 1875//915 1831//915
f 1918//916 1963//916 1962//916
f 1831//969 1918//969 1830//969
f 1962//970 1875//970 1874//970
f 1875//915 1832//915 1831//915
f 1920//916 1963//916 1919//916
f 1832//971 1919//971 1831//971
f 1963//972 1876//972 1875//972
f 1832//915 1877//915 1833//915
f 1920//916 1965//916 1964//916
f 1833//973 1920//973 1832//973
f 1964//974 1877//974 1876//974
f 1833//915 1878//915 1834//915
f 1921//916 1966//916 1965//916
f 1834//975 1921//975 1833//975
f 1965//976 1878//976 1877//976
f 1878//915 1835//915 1834//915
f 1923//916 1966//916 1922//916
f 1835//977 1922//977 1834//977
f 1966//978 1879//978 1878//978
f 1879//915 1836//915 1835//915
f 1924//916 1967//916 1923//916
f 1836//979 1923//979 1835//979
f 1967//980 1880//980 1879//980
f 1880//915 1837//915 1836//915
f 1925//916 1968//916 1924//916
f 1837//981 1924//981 1836//981
f 1968//982 1881//982 1880//982
f 1881//915 1838//915 1837//915
f 1926//916 1969//916 1925//916
f 1838//983 1925//983 1837//983
f 1969//984 1882//984 1881//984
f 1882//915 1795//915 1838//915
f 1883//916 1970//916 1926//916
f 1795//985 1926//985 1838//985
f 1970//986 1839//986 1882//986
f 1795//915 1839//915 1840//915
f 1883//916 1884//916 1928//916
f 1796//917 1884//917 1883//917
f 1927//918 1928//918 1840//918
f 1796//915 1840//915 1841//915
f 1884//916 1885//916 1929//916
f 1797//919 1885//919 1884//919
f 1928//920 1929//920 1841//920
f 1797//915 1841//915 1842//915
f 1885//916 1886//916 1930//916
f 1798//921 1886//921 1885//921
f 1929//922 1930//922 1842//922
f 1798//915 1842//915 1843//915
f 1886//916 1887//916 1931//916
f 1799//923 1887//923 1886//923
f 1930//924 1931//924 1843//924
f 1799//915 1843//915 1844//915
f 1887//916 1888//916 1932//916
f 1800//925 1888//925 1887//925
f 1931//926 1932//926 1844//926
f 1800//915 1844//915 1845//915
f 1888//916 1889//916 1933//916
f 1801//927 1889//927 1888//927
f 1932//987 1933//987 1845//987
f 1801//915 1845//915 1846//915
f 1889//916 1890//916 1934//916
f 1802//929 1890//929 1889//929
f 1933//930 1934//930 1846//930
f 1802//915 1846//915 1847//915
f 1890//916 1891//916 1935//916
f 1803//931 1891//931 1890//931
f 1934//932 1935//932 1847//932
f 1803//915 1847//915 1848//915
f 1891//916 1892//916 1936//916
f 1804//933 1892//933 1891//933
f 1935//988 1936//988 1848//988
f 1804//915 1848//915 1849//915
f 1892//916 1893//916 1937//916
f 1805//935 1893//935 1892//935
f 1936//936 1937//936 1849//936
f 1805//915 1849//915 1850//915
f 1893//916 1894//916 1938//916
f 1806//937 1894//937 1893//937
f 1937//963 1938//963 1850//963
f 1850//915 1851//915 1807//915
f 1895//916 1939//916 1938//916
f 1807//989 1895//989 1894//989
f 1938//940 1939//940 1851//940
f 1851//915 1852//915 1808//915
f 1896//916 1940//916 1939//916
f 1808//990 1896//990 1895//990
f 1939//991 1940//991 1852//991
f 1852//915 1853//915 1809//915
f 1897//916 1941//916 1940//916
f 1809//943 1897//943 1896//943
f 1940//944 1941//944 1853//944
f 1809//915 1853//915 1854//915
f 1897//916 1898//916 1942//916
f 1810//945 1898//945 1897//945
f 1941//946 1942//946 1854//946
f 1810//915 1854//915 1855//915
f 1898//916 1899//916 1943//916
f 1811//947 1899//947 1898//947
f 1942//948 1943//948 1855//948
f 1811//915 1855//915 1856//915
f 1899//916 1900//916 1944//916
f 1812//949 1900//949 1899//949
f 1943//950 1944//950 1856//950
f 1812//915 1856//915 1857//915
f 1900//916 1901//916 1945//916
f 1813//951 1901//951 1900//951
f 1944//952 1945//952 1857//952
f 1813//915 1857//915 1858//915
f 1901//916 1902//916 1946//916
f 1814//992 1902//992 1901//992
f 1945//954 1946//954 1858//954
f 1858//915 1859//915 1815//915
f 1903//916 1947//916 1946//916
f 1815//955 1903//955 1902//955
f 1946//956 1947//956 1859//956
f 1859//915 1860//915 1816//915
f 1904//916 1948//916 1947//916
f 1816//957 1904//957 1903//957
f 1947//958 1948//958 1860//958
f 1816//915 1860//915 1861//915
f 1904//916 1905//916 1949//916
f 1817//959 1905//959 1904//959
f 1948//960 1949//960 1861//960
f 1861//915 1862//915 1818//915
f 1906//916 1950//916 1949//916
f 1818//961 1906//961 1905//961
f 1949//962 1950//962 1862//962
f 1818//915 1862//915 1863//915
f 1906//916 1907//916 1951//916
f 1819//963 1907//963 1906//963
f 1950//937 1951//937 1863//937
f 1819//915 1863//915 1864//915
f 1907//916 1908//916 1952//916
f 1820//993 1908//993 1907//993
f 1951//964 1952//964 1864//964
f 1820//915 1864//915 1865//915
f 1908//916 1909//916 1953//916
f 1821//934 1909//934 1908//934
f 1952//933 1953//933 1865//933
f 1821//915 1865//915 1866//915
f 1909//916 1910//916 1954//916
f 1822//932 1910//932 1909//932
f 1953//931 1954//931 1866//931
f 1822//915 1866//915 1867//915
f 1910//916 1911//916 1955//916
f 1823//930 1911//930 1910//930
f 1954//929 1955//929 1867//929
f 1823//915 1867//915 1868//915
f 1911//916 1912//916 1956//916
f 1824//928 1912//928 1911//928
f 1955//927 1956//927 1868//927
f 1824//915 1868//915 1869//915
f 1912//916 1913//916 1957//916
f 1825//926 1913//926 1912//926
f 1956//925 1957//925 1869//925
f 1825//915 1869//915 1870//915
f 1913//916 1914//916 1958//916
f 1826//924 1914//924 1913//924
f 1957//923 1958//923 1870//923
f 1826//915 1870//915 1871//915
f 1914//916 1915//916 1959//916
f 1827//922 1915//922 1914//922
f 1958//921 1959//921 1871//921
f 1827//915 1871//915 1872//915
f 1915//916 1916//916 1960//916
f 1828//920 1916//920 1915//920
f 1959//919 1960//919 1872//919
f 1828//915 1872//915 1873//915
f 1916//916 1917//916 1961//916
f 1829//965 1917//965 1916//965
f 1960//966 1961//966 1873//966
f 1873//915 1874//915 1830//915
f 1918//916 1962//916 1961//916
f 1830//967 1918//967 1917//967
f 1961//968 1962//968 1874//968
f 1830//915 1874//915 1875//915
f 1918//916 1919//916 1963//916
f 1831//969 1919//969 1918//969
f 1962//970 1963//970 1875//970
f 1875//915 1876//915 1832//915
f 1920//916 1964//916 1963//916
f 1832//971 1920//971 1919//971
f 1963//994 1964//994 1876//994
f 1832//915 1876//915 1877//915
f 1920//916 1921//916 1965//916
f 1833//973 1921//973 1920//973
f 1964//974 1965//974 1877//974
f 1833//915 1877//915 1878//915
f 1921//916 1922//916 1966//916
f 1834//975 1922//975 1921//975
f 1965//976 1966//976 1878//976
f 1878//915 1879//915 1835//915
f 1923//916 1967//916 1966//916
f 1835//995 1923//995 1922//995
f 1966//978 1967//978 1879//978
f 1879//915 1880//915 1836//915
f 1924//916 1968//916 1967//916
f 1836//979 1924//979 1923//979
f 1967//980 1968//980 1880//980
f 1880//915 1881//915 1837//915
f 1925//916 1969//916 1968//916
f 1837//996 1925//996 1924//996
f 1968//982 1969//982 1881//982
f 1881//915 1882//915 1838//915
f 1926//916 1970//916 1969//916
f 1838//983 1926//983 1925//983
f 1969//984 1970//984 1882//984
f 1882//915 1839//915 1795//915
f 1883//916 1927//916 1970//916
f 1795//985 1883//985 1926//985
f 1970//986 1927//986 1839//986
o curved_front_emblem_recess_floor
v 0.172435 -0.031786 0.157358
v 0.182447 -0.031786 0.145817
v 0.191940 -0.031786 0.136874
v 0.201125 -0.031786 0.130141
v 0.209934 -0.031786 0.125525
v 0.218367 -0.031786 0.122872
v 0.226550 -0.031786 0.122014
v 0.234733 -0.031786 0.122872
v 0.243166 -0.031786 0.125525
v 0.251976 -0.031786 0.130141
v 0.261160 -0.031786 0.136874
v 0.270653 -0.031786 0.145817
v 0.280665 -0.031786 0.157358
v 0.283199 -0.031786 0.159486
v 0.286268 -0.031786 0.160727
v 0.289569 -0.031786 0.160958
v 0.292781 -0.031786 0.160159
v 0.295588 -0.031786 0.158405
v 0.297716 -0.031786 0.155871
v 0.298957 -0.031786 0.152802
v 0.299189 -0.031786 0.149501
v 0.298389 -0.031786 0.146289
v 0.296635 -0.031786 0.143482
v 0.285947 -0.031786 0.131199
v 0.274740 -0.031786 0.120650
v 0.263225 -0.031786 0.112222
v 0.251334 -0.031786 0.106008
v 0.239067 -0.031786 0.102164
v 0.226550 -0.031786 0.100856
v 0.214033 -0.031786 0.102164
v 0.201766 -0.031786 0.106008
v 0.189875 -0.031786 0.112222
v 0.178360 -0.031786 0.120650
v 0.167153 -0.031786 0.131199
v 0.156465 -0.031786 0.143482
v 0.154711 -0.031786 0.146289
v 0.153911 -0.031786 0.149501
v 0.154143 -0.031786 0.152802
v 0.155384 -0.031786 0.155871
v 0.157512 -0.031786 0.158405
v 0.160319 -0.031786 0.160159
v 0.163531 -0.031786 0.160958
v 0.166832 -0.031786 0.160727
v 0.169901 -0.031786 0.159486
v 0.170697 -0.031786 0.155847
v 0.180782 -0.031786 0.144225
v 0.190461 -0.031786 0.135107
v 0.199900 -0.031786 0.128190
v 0.209045 -0.031786 0.123400
v 0.217895 -0.031786 0.120617
v 0.226550 -0.031786 0.119710
v 0.235205 -0.031786 0.120617
v 0.244055 -0.031786 0.123400
v 0.253200 -0.031786 0.128190
v 0.262639 -0.031786 0.135107
v 0.272318 -0.031786 0.144225
v 0.282403 -0.031786 0.155847
v 0.284386 -0.031786 0.157512
v 0.286787 -0.031786 0.158482
v 0.289369 -0.031786 0.158664
v 0.291881 -0.031786 0.158038
v 0.294077 -0.031786 0.156667
v 0.295742 -0.031786 0.154684
v 0.296712 -0.031786 0.152283
v 0.296894 -0.031786 0.149701
v 0.296268 -0.031786 0.147189
v 0.294897 -0.031786 0.144993
v 0.284282 -0.031786 0.132790
v 0.273261 -0.031786 0.122416
v 0.262000 -0.031786 0.114173
v 0.250445 -0.031786 0.108133
v 0.238595 -0.031786 0.104418
v 0.226550 -0.031786 0.103160
v 0.214505 -0.031786 0.104418
v 0.202655 -0.031786 0.108133
v 0.191100 -0.031786 0.114173
v 0.179839 -0.031786 0.122416
v 0.168818 -0.031786 0.132790
v 0.158203 -0.031786 0.144993
v 0.156832 -0.031786 0.147189
v 0.156206 -0.031786 0.149701
v 0.156388 -0.031786 0.152283
v 0.157358 -0.031786 0.154684
v 0.159023 -0.031786 0.156667
v 0.161219 -0.031786 0.158038
v 0.163731 -0.031786 0.158664
v 0.166313 -0.031786 0.158482
v 0.168714 -0.031786 0.157512
v 0.172435 -0.031418 0.157358
v 0.182447 -0.031418 0.145817
v 0.191940 -0.031418 0.136874
v 0.201125 -0.031418 0.130141
v 0.209934 -0.031418 0.125525
v 0.218367 -0.031418 0.122872
v 0.226550 -0.031418 0.122014
v 0.234733 -0.031418 0.122872
v 0.243166 -0.031418 0.125525
v 0.251976 -0.031418 0.130141
v 0.261160 -0.031418 0.136874
v 0.270653 -0.031418 0.145817
v 0.280665 -0.031418 0.157358
v 0.283199 -0.031418 0.159486
v 0.286268 -0.031418 0.160727
v 0.289569 -0.031418 0.160958
v 0.292781 -0.031418 0.160159
v 0.295588 -0.031418 0.158405
v 0.297716 -0.031418 0.155871
v 0.298957 -0.031418 0.152802
v 0.299189 -0.031418 0.149501
v 0.298389 -0.031418 0.146289
v 0.296635 -0.031418 0.143482
v 0.285947 -0.031418 0.131199
v 0.274740 -0.031418 0.120650
v 0.263225 -0.031418 0.112222
v 0.251334 -0.031418 0.106008
v 0.239067 -0.031418 0.102164
v 0.226550 -0.031418 0.100856
v 0.214033 -0.031418 0.102164
v 0.201766 -0.031418 0.106008
v 0.189875 -0.031418 0.112222
v 0.178360 -0.031418 0.120650
v 0.167153 -0.031418 0.131199
v 0.156465 -0.031418 0.143482
v 0.154711 -0.031418 0.146289
v 0.153911 -0.031418 0.149501
v 0.154143 -0.031418 0.152802
v 0.155384 -0.031418 0.155871
v 0.157512 -0.031418 0.158405
v 0.160319 -0.031418 0.160159
v 0.163531 -0.031418 0.160958
v 0.166832 -0.031418 0.160727
v 0.169901 -0.031418 0.159486
v 0.170697 -0.031418 0.155847
v 0.180782 -0.031418 0.144225
v 0.190461 -0.031418 0.135107
v 0.199900 -0.031418 0.128190
v 0.209045 -0.031418 0.123400
v 0.217895 -0.031418 0.120617
v 0.226550 -0.031418 0.119710
v 0.235205 -0.031418 0.120617
v 0.244055 -0.031418 0.123400
v 0.253200 -0.031418 0.128190
v 0.262639 -0.031418 0.135107
v 0.272318 -0.031418 0.144225
v 0.282403 -0.031418 0.155847
v 0.284386 -0.031418 0.157512
v 0.286787 -0.031418 0.158482
v 0.289369 -0.031418 0.158664
v 0.291881 -0.031418 0.158038
v 0.294077 -0.031418 0.156667
v 0.295742 -0.031418 0.154684
v 0.296712 -0.031418 0.152283
v 0.296894 -0.031418 0.149701
v 0.296268 -0.031418 0.147189
v 0.294897 -0.031418 0.144993
v 0.284282 -0.031418 0.132790
v 0.273261 -0.031418 0.122416
v 0.262000 -0.031418 0.114173
v 0.250445 -0.031418 0.108133
v 0.238595 -0.031418 0.104418
v 0.226550 -0.031418 0.103160
v 0.214505 -0.031418 0.104418
v 0.202655 -0.031418 0.108133
v 0.191100 -0.031418 0.114173
v 0.179839 -0.031418 0.122416
v 0.168818 -0.031418 0.132790
v 0.158203 -0.031418 0.144993
v 0.156832 -0.031418 0.147189
v 0.156206 -0.031418 0.149701
v 0.156388 -0.031418 0.152283
v 0.157358 -0.031418 0.154684
v 0.159023 -0.031418 0.156667
v 0.161219 -0.031418 0.158038
v 0.163731 -0.031418 0.158664
v 0.166313 -0.031418 0.158482
v 0.168714 -0.031418 0.157512
vn -0.0000 -1.0000 -0.0000
vn -0.0000 1.0000 -0.0000
vn 0.7554 -0.0000 0.6553
vn -0.7553 -0.0000 -0.6554
vn 0.6858 -0.0000 0.7278
vn -0.6857 -0.0000 -0.7279
vn 0.5912 -0.0000 0.8065
vn -0.5911 -0.0000 -0.8066
vn 0.4641 -0.0000 0.8858
vn -0.4639 -0.0000 -0.8859
vn 0.3001 -0.0000 0.9539
vn -0.3000 -0.0000 -0.9540
vn 0.1044 -0.0000 0.9945
vn -0.1043 -0.0000 -0.9945
vn -0.1044 -0.0000 0.9945
vn 0.1043 -0.0000 -0.9945
vn -0.3001 -0.0000 0.9539
vn 0.2999 -0.0000 -0.9540
vn -0.4641 -0.0000 0.8858
vn 0.4640 -0.0000 -0.8859
vn -0.5912 -0.0000 0.8065
vn 0.5911 -0.0000 -0.8066
vn -0.6858 -0.0000 0.7278
vn 0.6857 -0.0000 -0.7279
vn -0.7554 -0.0000 0.6553
vn 0.7553 -0.0000 -0.6554
vn -0.6430 -0.0000 0.7659
vn 0.6430 -0.0000 -0.7659
vn -0.3748 -0.0000 0.9271
vn 0.3748 -0.0000 -0.9271
vn -0.0700 -0.0000 0.9975
vn 0.0700 -0.0000 -0.9975
vn 0.2417 -0.0000 0.9704
vn -0.2417 -0.0000 -0.9704
vn 0.5297 -0.0000 0.8482
vn -0.5297 -0.0000 -0.8482
vn 0.7659 -0.0000 0.6430
vn -0.7659 -0.0000 -0.6430
vn 0.9271 -0.0000 0.3748
vn -0.9271 -0.0000 -0.3748
vn 0.9975 -0.0000 0.0700
vn -0.9975 -0.0000 -0.0700
vn 0.9704 -0.0000 -0.2417
vn -0.9704 -0.0000 0.2417
vn 0.8482 -0.0000 -0.5297
vn -0.8482 -0.0000 0.5297
vn 0.7544 -0.0000 -0.6564
vn -0.7545 -0.0000 0.6563
vn 0.6854 -0.0000 -0.7282
vn -0.6854 -0.0000 0.7281
vn 0.5906 -0.0000 -0.8070
vn -0.5906 -0.0000 0.8069
vn 0.4631 -0.0000 -0.8863
vn -0.4632 -0.0000 0.8862
vn 0.2991 -0.0000 -0.9542
vn -0.2991 -0.0000 0.9542
vn 0.1039 -0.0000 -0.9946
vn -0.1039 -0.0000 0.9946
vn -0.1039 -0.0000 -0.9946
vn 0.1039 -0.0000 0.9946
vn -0.2991 -0.0000 -0.9542
vn 0.2991 -0.0000 0.9542
vn -0.4632 -0.0000 -0.8863
vn 0.4632 -0.0000 0.8862
vn -0.5906 -0.0000 -0.8070
vn 0.5907 -0.0000 0.8069
vn -0.6854 -0.0000 -0.7282
vn 0.6854 -0.0000 0.7281
vn -0.7544 -0.0000 -0.6564
vn 0.7545 -0.0000 0.6563
vn -0.8482 -0.0000 -0.5297
vn 0.8482 -0.0000 0.5297
vn -0.9704 -0.0000 -0.2417
vn 0.9704 -0.0000 0.2417
vn -0.9975 -0.0000 0.0700
vn 0.9975 -0.0000 -0.0700
vn -0.9271 -0.0000 0.3749
vn 0.9271 -0.0000 -0.3748
vn -0.7659 -0.0000 0.6430
vn 0.7659 -0.0000 -0.6430
vn -0.5297 -0.0000 0.8482
vn 0.5297 -0.0000 -0.8482
vn -0.2417 -0.0000 0.9704
vn 0.2417 -0.0000 -0.9704
vn 0.0700 -0.0000 0.9975
vn -0.0700 -0.0000 -0.9975
vn 0.3748 -0.0000 0.9271
vn -0.3749 -0.0000 -0.9271
vn 0.6430 -0.0000 0.7659
vn -0.6430 -0.0000 -0.7659
vn -0.5912 -0.0000 -0.8066
vn -0.4640 -0.0000 -0.8859
vn -0.2999 -0.0000 -0.9540
vn -0.5907 -0.0000 0.8069
vn 0.4632 -0.0000 -0.8863
vn -0.4631 -0.0000 -0.8863
vn 0.5906 -0.0000 0.8069
vn -0.9271 -0.0000 0.3748
vn -0.3748 -0.0000 -0.9271
s 0
usemtl molded_recess_dark_red
f 2015//997 1972//997 1971//997
f 2060//998 2103//998 2059//998
f 1972//999 2059//999 1971//999
f 2103//1000 2016//1000 2015//1000
f 2016//997 1973//997 1972//997
f 2061//998 2104//998 2060//998
f 1973//1001 2060//1001 1972//1001
f 2104//1002 2017//1002 2016//1002
f 2017//997 1974//997 1973//997
f 2062//998 2105//998 2061//998
f 1974//1003 2061//1003 1973//1003
f 2105//1004 2018//1004 2017//1004
f 2018//997 1975//997 1974//997
f 2063//998 2106//998 2062//998
f 1975//1005 2062//1005 1974//1005
f 2106//1006 2019//1006 2018//1006
f 2019//997 1976//997 1975//997
f 2064//998 2107//998 2063//998
f 1976//1007 2063//1007 1975//1007
f 2107//1008 2020//1008 2019//1008
f 2020//997 1977//997 1976//997
f 2065//998 2108//998 2064//998
f 1977//1009 2064//1009 1976//1009
f 2108//1010 2021//1010 2020//1010
f 1977//997 2022//997 1978//997
f 2065//998 2110//998 2109//998
f 1978//1011 2065//1011 1977//1011
f 2109//1012 2022//1012 2021//1012
f 1978//997 2023//997 1979//997
f 2066//998 2111//998 2110//998
f 1979//1013 2066//1013 1978//1013
f 2110//1014 2023//1014 2022//1014
f 1979//997 2024//997 1980//997
f 2067//998 2112//998 2111//998
f 1980//1015 2067//1015 1979//1015
f 2111//1016 2024//1016 2023//1016
f 1980//997 2025//997 1981//997
f 2068//998 2113//998 2112//998
f 1981//1017 2068//1017 1980//1017
f 2112//1018 2025//1018 2024//1018
f 1981//997 2026//997 1982//997
f 2069//998 2114//998 2113//998
f 1982//1019 2069//1019 1981//1019
f 2113//1020 2026//1020 2025//1020
f 1982//997 2027//997 1983//997
f 2070//998 2115//998 2114//998
f 1983//1021 2070//1021 1982//1021
f 2114//1022 2027//1022 2026//1022
f 2027//997 1984//997 1983//997
f 2072//998 2115//998 2071//998
f 1984//1023 2071//1023 1983//1023
f 2115//1024 2028//1024 2027//1024
f 1984//997 2029//997 1985//997
f 2072//998 2117//998 2116//998
f 1985//1025 2072//1025 1984//1025
f 2116//1026 2029//1026 2028//1026
f 2029//997 1986//997 1985//997
f 2074//998 2117//998 2073//998
f 1986//1027 2073//1027 1985//1027
f 2117//1028 2030//1028 2029//1028
f 1986//997 2031//997 1987//997
f 2074//998 2119//998 2118//998
f 1987//1029 2074//1029 1986//1029
f 2118//1030 2031//1030 2030//1030
f 1987//997 2032//997 1988//997
f 2075//998 2120//998 2119//998
f 1988//1031 2075//1031 1987//1031
f 2119//1032 2032//1032 2031//1032
f 2032//997 1989//997 1988//997
f 2077//998 2120//998 2076//998
f 1989//1033 2076//1033 1988//1033
f 2120//1034 2033//1034 2032//1034
f 2033//997 1990//997 1989//997
f 2078//998 2121//998 2077//998
f 1990//1035 2077//1035 1989//1035
f 2121//1036 2034//1036 2033//1036
f 2034//997 1991//997 1990//997
f 2079//998 2122//998 2078//998
f 1991//1037 2078//1037 1990//1037
f 2122//1038 2035//1038 2034//1038
f 2035//997 1992//997 1991//997
f 2080//998 2123//998 2079//998
f 1992//1039 2079//1039 1991//1039
f 2123//1040 2036//1040 2035//1040
f 2036//997 1993//997 1992//997
f 2081//998 2124//998 2080//998
f 1993//1041 2080//1041 1992//1041
f 2124//1042 2037//1042 2036//1042
f 1993//997 2038//997 1994//997
f 2081//998 2126//998 2125//998
f 1994//1043 2081//1043 1993//1043
f 2125//1044 2038//1044 2037//1044
f 1994//997 2039//997 1995//997
f 2082//998 2127//998 2126//998
f 1995//1045 2082//1045 1994//1045
f 2126//1046 2039//1046 2038//1046
f 1995//997 2040//997 1996//997
f 2083//998 2128//998 2127//998
f 1996//1047 2083//1047 1995//1047
f 2127//1048 2040//1048 2039//1048
f 1996//997 2041//997 1997//997
f 2084//998 2129//998 2128//998
f 1997//1049 2084//1049 1996//1049
f 2128//1050 2041//1050 2040//1050
f 1997//997 2042//997 1998//997
f 2085//998 2130//998 2129//998
f 1998//1051 2085//1051 1997//1051
f 2129//1052 2042//1052 2041//1052
f 1998//997 2043//997 1999//997
f 2086//998 2131//998 2130//998
f 1999//1053 2086//1053 1998//1053
f 2130//1054 2043//1054 2042//1054
f 2043//997 2000//997 1999//997
f 2088//998 2131//998 2087//998
f 2000//1055 2087//1055 1999//1055
f 2131//1056 2044//1056 2043//1056
f 2044//997 2001//997 2000//997
f 2089//998 2132//998 2088//998
f 2001//1057 2088//1057 2000//1057
f 2132//1058 2045//1058 2044//1058
f 2045//997 2002//997 2001//997
f 2090//998 2133//998 2089//998
f 2002//1059 2089//1059 2001//1059
f 2133//1060 2046//1060 2045//1060
f 2046//997 2003//997 2002//997
f 2091//998 2134//998 2090//998
f 2003//1061 2090//1061 2002//1061
f 2134//1062 2047//1062 2046//1062
f 2047//997 2004//997 2003//997
f 2092//998 2135//998 2091//998
f 2004//1063 2091//1063 2003//1063
f 2135//1064 2048//1064 2047//1064
f 2048//997 2005//997 2004//997
f 2093//998 2136//998 2092//998
f 2005//1065 2092//1065 2004//1065
f 2136//1066 2049//1066 2048//1066
f 2005//997 2050//997 2006//997
f 2093//998 2138//998 2137//998
f 2006//1067 2093//1067 2005//1067
f 2137//1068 2050//1068 2049//1068
f 2006//997 2051//997 2007//997
f 2094//998 2139//998 2138//998
f 2007//1069 2094//1069 2006//1069
f 2138//1070 2051//1070 2050//1070
f 2007//997 2052//997 2008//997
f 2095//998 2140//998 2139//998
f 2008//1071 2095//1071 2007//1071
f 2139//1072 2052//1072 2051//1072
f 2008//997 2053//997 2009//997
f 2096//998 2141//998 2140//998
f 2009//1073 2096//1073 2008//1073
f 2140//1074 2053//1074 2052//1074
f 2009//997 2054//997 2010//997
f 2097//998 2142//998 2141//998
f 2010//1075 2097//1075 2009//1075
f 2141//1076 2054//1076 2053//1076
f 2054//997 2011//997 2010//997
f 2099//998 2142//998 2098//998
f 2011//1077 2098//1077 2010//1077
f 2142//1078 2055//1078 2054//1078
f 2055//997 2012//997 2011//997
f 2100//998 2143//998 2099//998
f 2012//1079 2099//1079 2011//1079
f 2143//1080 2056//1080 2055//1080
f 2012//997 2057//997 2013//997
f 2100//998 2145//998 2144//998
f 2013//1081 2100//1081 2012//1081
f 2144//1082 2057//1082 2056//1082
f 2057//997 2014//997 2013//997
f 2102//998 2145//998 2101//998
f 2014//1083 2101//1083 2013//1083
f 2145//1084 2058//1084 2057//1084
f 2014//997 2015//997 1971//997
f 2102//998 2103//998 2146//998
f 1971//1085 2102//1085 2014//1085
f 2146//1086 2015//1086 2058//1086
f 2015//997 2016//997 1972//997
f 2060//998 2104//998 2103//998
f 1972//999 2060//999 2059//999
f 2103//1000 2104//1000 2016//1000
f 2016//997 2017//997 1973//997
f 2061//998 2105//998 2104//998
f 1973//1001 2061//1001 2060//1001
f 2104//1002 2105//1002 2017//1002
f 2017//997 2018//997 1974//997
f 2062//998 2106//998 2105//998
f 1974//1003 2062//1003 2061//1003
f 2105//1087 2106//1087 2018//1087
f 2018//997 2019//997 1975//997
f 2063//998 2107//998 2106//998
f 1975//1005 2063//1005 2062//1005
f 2106//1088 2107//1088 2019//1088
f 2019//997 2020//997 1976//997
f 2064//998 2108//998 2107//998
f 1976//1007 2064//1007 2063//1007
f 2107//1089 2108//1089 2020//1089
f 2020//997 2021//997 1977//997
f 2065//998 2109//998 2108//998
f 1977//1009 2065//1009 2064//1009
f 2108//1010 2109//1010 2021//1010
f 1977//997 2021//997 2022//997
f 2065//998 2066//998 2110//998
f 1978//1011 2066//1011 2065//1011
f 2109//1012 2110//1012 2022//1012
f 1978//997 2022//997 2023//997
f 2066//998 2067//998 2111//998
f 1979//1013 2067//1013 2066//1013
f 2110//1014 2111//1014 2023//1014
f 1979//997 2023//997 2024//997
f 2067//998 2068//998 2112//998
f 1980//1015 2068//1015 2067//1015
f 2111//1016 2112//1016 2024//1016
f 1980//997 2024//997 2025//997
f 2068//998 2069//998 2113//998
f 1981//1017 2069//1017 2068//1017
f 2112//1018 2113//1018 2025//1018
f 1981//997 2025//997 2026//997
f 2069//998 2070//998 2114//998
f 1982//1019 2070//1019 2069//1019
f 2113//1020 2114//1020 2026//1020
f 1982//997 2026//997 2027//997
f 2070//998 2071//998 2115//998
f 1983//1021 2071//1021 2070//1021
f 2114//1022 2115//1022 2027//1022
f 2027//997 2028//997 1984//997
f 2072//998 2116//998 2115//998
f 1984//1023 2072//1023 2071//1023
f 2115//1024 2116//1024 2028//1024
f 1984//997 2028//997 2029//997
f 2072//998 2073//998 2117//998
f 1985//1025 2073//1025 2072//1025
f 2116//1026 2117//1026 2029//1026
f 2029//997 2030//997 1986//997
f 2074//998 2118//998 2117//998
f 1986//1027 2074//1027 2073//1027
f 2117//1028 2118//1028 2030//1028
f 1986//997 2030//997 2031//997
f 2074//998 2075//998 2119//998
f 1987//1029 2075//1029 2074//1029
f 2118//1030 2119//1030 2031//1030
f 1987//997 2031//997 2032//997
f 2075//998 2076//998 2120//998
f 1988//1031 2076//1031 2075//1031
f 2119//1032 2120//1032 2032//1032
f 2032//997 2033//997 1989//997
f 2077//998 2121//998 2120//998
f 1989//1033 2077//1033 2076//1033
f 2120//1034 2121//1034 2033//1034
f 2033//997 2034//997 1990//997
f 2078//998 2122//998 2121//998
f 1990//1035 2078//1035 2077//1035
f 2121//1036 2122//1036 2034//1036
f 2034//997 2035//997 1991//997
f 2079//998 2123//998 2122//998
f 1991//1037 2079//1037 2078//1037
f 2122//1038 2123//1038 2035//1038
f 2035//997 2036//997 1992//997
f 2080//998 2124//998 2123//998
f 1992//1039 2080//1039 2079//1039
f 2123//1040 2124//1040 2036//1040
f 2036//997 2037//997 1993//997
f 2081//998 2125//998 2124//998
f 1993//1041 2081//1041 2080//1041
f 2124//1042 2125//1042 2037//1042
f 1993//997 2037//997 2038//997
f 2081//998 2082//998 2126//998
f 1994//1043 2082//1043 2081//1043
f 2125//1044 2126//1044 2038//1044
f 1994//997 2038//997 2039//997
f 2082//998 2083//998 2127//998
f 1995//1045 2083//1045 2082//1045
f 2126//1046 2127//1046 2039//1046
f 1995//997 2039//997 2040//997
f 2083//998 2084//998 2128//998
f 1996//1047 2084//1047 2083//1047
f 2127//1090 2128//1090 2040//1090
f 1996//997 2040//997 2041//997
f 2084//998 2085//998 2129//998
f 1997//1091 2085//1091 2084//1091
f 2128//1050 2129//1050 2041//1050
f 1997//997 2041//997 2042//997
f 2085//998 2086//998 2130//998
f 1998//1051 2086//1051 2085//1051
f 2129//1052 2130//1052 2042//1052
f 1998//997 2042//997 2043//997
f 2086//998 2087//998 2131//998
f 1999//1053 2087//1053 2086//1053
f 2130//1054 2131//1054 2043//1054
f 2043//997 2044//997 2000//997
f 2088//998 2132//998 2131//998
f 2000//1055 2088//1055 2087//1055
f 2131//1056 2132//1056 2044//1056
f 2044//997 2045//997 2001//997
f 2089//998 2133//998 2132//998
f 2001//1057 2089//1057 2088//1057
f 2132//1058 2133//1058 2045//1058
f 2045//997 2046//997 2002//997
f 2090//998 2134//998 2133//998
f 2002//1092 2090//1092 2089//1092
f 2133//1060 2134//1060 2046//1060
f 2046//997 2047//997 2003//997
f 2091//998 2135//998 2134//998
f 2003//1061 2091//1061 2090//1061
f 2134//1093 2135//1093 2047//1093
f 2047//997 2048//997 2004//997
f 2092//998 2136//998 2135//998
f 2004//1063 2092//1063 2091//1063
f 2135//1064 2136//1064 2048//1064
f 2048//997 2049//997 2005//997
f 2093//998 2137//998 2136//998
f 2005//1065 2093//1065 2092//1065
f 2136//1066 2137//1066 2049//1066
f 2005//997 2049//997 2050//997
f 2093//998 2094//998 2138//998
f 2006//1067 2094//1067 2093//1067
f 2137//1068 2138//1068 2050//1068
f 2006//997 2050//997 2051//997
f 2094//998 2095//998 2139//998
f 2007//1069 2095//1069 2094//1069
f 2138//1070 2139//1070 2051//1070
f 2007//997 2051//997 2052//997
f 2095//998 2096//998 2140//998
f 2008//1071 2096//1071 2095//1071
f 2139//1072 2140//1072 2052//1072
f 2008//997 2052//997 2053//997
f 2096//998 2097//998 2141//998
f 2009//1094 2097//1094 2096//1094
f 2140//1074 2141//1074 2053//1074
f 2009//997 2053//997 2054//997
f 2097//998 2098//998 2142//998
f 2010//1075 2098//1075 2097//1075
f 2141//1076 2142//1076 2054//1076
f 2054//997 2055//997 2011//997
f 2099//998 2143//998 2142//998
f 2011//1077 2099//1077 2098//1077
f 2142//1078 2143//1078 2055//1078
f 2055//997 2056//997 2012//997
f 2100//998 2144//998 2143//998
f 2012//1079 2100//1079 2099//1079
f 2143//1080 2144//1080 2056//1080
f 2012//997 2056//997 2057//997
f 2100//998 2101//998 2145//998
f 2013//1081 2101//1081 2100//1081
f 2144//1082 2145//1082 2057//1082
f 2057//997 2058//997 2014//997
f 2102//998 2146//998 2145//998
f 2014//1083 2102//1083 2101//1083
f 2145//1095 2146//1095 2058//1095
f 2014//997 2058//997 2015//997
f 2102//998 2059//998 2103//998
f 1971//1085 2059//1085 2102//1085
f 2146//1086 2103//1086 2015//1086
