# Blender 4.5.0
# www.blender.org
mtllib link_telescoping_handle_slide.mtl
o extended_rail_-1
v -0.092423000 -0.002723001 -0.000000192
v -0.092423000 -0.003680001 0.000956808
v -0.093380000 -0.002723001 0.000956808
v -0.092423000 -0.002910001 0.000018808
v -0.092423000 -0.003089001 0.000072808
v -0.092423000 -0.003255001 0.000160808
v -0.092423000 -0.003400001 0.000279808
v -0.092610000 -0.002723001 0.000018808
v -0.092616000 -0.002918001 0.000039808
v -0.092616000 -0.003099001 0.000097808
v -0.092614000 -0.003255001 0.000184808
v -0.092613000 -0.003386001 0.000293808
v -0.092789000 -0.002723001 0.000072808
v -0.092798000 -0.002918001 0.000098808
v -0.092794000 -0.003094001 0.000156808
v -0.092782000 -0.003238001 0.000234808
v -0.092776000 -0.003352001 0.000327808
v -0.092955000 -0.002723001 0.000160808
v -0.092956000 -0.002915001 0.000185808
v -0.092938000 -0.003083001 0.000234808
v -0.092912000 -0.003212001 0.000295808
v -0.092898000 -0.003311001 0.000369808
v -0.092976000 -0.003276001 0.000404808
v -0.092610000 -0.003662001 0.000956808
v -0.092789000 -0.003607001 0.000956808
v -0.092955000 -0.003519001 0.000956808
v -0.093100000 -0.003400001 0.000956808
v -0.092423000 -0.003662001 0.000769808
v -0.092618000 -0.003640001 0.000764808
v -0.092799000 -0.003582001 0.000763808
v -0.092955000 -0.003495001 0.000765808
v -0.093086000 -0.003387001 0.000766808
v -0.092423000 -0.003607001 0.000590808
v -0.092618000 -0.003582001 0.000581808
v -0.092794000 -0.003523001 0.000586808
v -0.092938000 -0.003445001 0.000597808
v -0.093052000 -0.003352001 0.000603808
v -0.092423000 -0.003519001 0.000424808
v -0.092615000 -0.003494001 0.000423808
v -0.092783000 -0.003445001 0.000441808
v -0.092912000 -0.003385001 0.000467808
v -0.093011000 -0.003311001 0.000481808
v -0.093362000 -0.002723001 0.000769808
v -0.093307000 -0.002723001 0.000590808
v -0.093219000 -0.002723001 0.000424808
v -0.093100000 -0.002723001 0.000279808
v -0.093362000 -0.002910001 0.000956808
v -0.093340000 -0.002916001 0.000761808
v -0.093282000 -0.002916001 0.000580808
v -0.093195000 -0.002914001 0.000424808
v -0.093087000 -0.002913001 0.000293808
v -0.093307000 -0.003089001 0.000956808
v -0.093282000 -0.003098001 0.000761808
v -0.093223000 -0.003094001 0.000585808
v -0.093145000 -0.003082001 0.000441808
v -0.093052000 -0.003076001 0.000327808
v -0.093219000 -0.003255001 0.000956808
v -0.093194000 -0.003256001 0.000764808
v -0.093145000 -0.003238001 0.000596808
v -0.093085000 -0.003212001 0.000467808
v -0.093011000 -0.003198001 0.000369808
v -0.092423000 -0.003680001 0.214776808
v -0.092423000 -0.002723001 0.215732808
v -0.093380000 -0.002723001 0.214776808
v -0.092423000 -0.003662001 0.214962808
v -0.092423000 -0.003607001 0.215142808
v -0.092423000 -0.003519001 0.215307808
v -0.092423000 -0.003400001 0.215452808
v -0.092610000 -0.003662001 0.214776808
v -0.092616000 -0.003640001 0.214970808
v -0.092616000 -0.003582001 0.215151808
v -0.092614000 -0.003495001 0.215308808
v -0.092613000 -0.003387001 0.215438808
v -0.092789000 -0.003607001 0.214776808
v -0.092798000 -0.003582001 0.214970808
v -0.092794000 -0.003523001 0.215147808
v -0.092782000 -0.003445001 0.215290808
v -0.092776000 -0.003352001 0.215404808
v -0.092955000 -0.003519001 0.214776808
v -0.092956000 -0.003494001 0.214968808
v -0.092938000 -0.003445001 0.215135808
v -0.092912000 -0.003385001 0.215264808
v -0.092898000 -0.003311001 0.215363808
v -0.092976000 -0.003276001 0.215328808
v -0.092610000 -0.002723001 0.215714808
v -0.092789000 -0.002723001 0.215660808
v -0.092955000 -0.002723001 0.215571808
v -0.093100000 -0.002723001 0.215452808
v -0.092423000 -0.002910001 0.215714808
v -0.092618000 -0.002916001 0.215692808
v -0.092799000 -0.002916001 0.215634808
v -0.092955000 -0.002914001 0.215547808
v -0.093086000 -0.002913001 0.215439808
v -0.092423000 -0.003089001 0.215660808
v -0.092618000 -0.003098001 0.215634808
v -0.092794000 -0.003094001 0.215576808
v -0.092938000 -0.003082001 0.215498808
v -0.093052000 -0.003076001 0.215405808
v -0.092423000 -0.003255001 0.215571808
v -0.092615000 -0.003256001 0.215547808
v -0.092783000 -0.003238001 0.215497808
v -0.092912000 -0.003212001 0.215437808
v -0.093011000 -0.003198001 0.215363808
v -0.093362000 -0.002910001 0.214776808
v -0.093307000 -0.003089001 0.214776808
v -0.093219000 -0.003255001 0.214776808
v -0.093100000 -0.003400001 0.214776808
v -0.093362000 -0.002723001 0.214962808
v -0.093340000 -0.002918001 0.214968808
v -0.093282000 -0.003099001 0.214968808
v -0.093195000 -0.003255001 0.214967808
v -0.093087000 -0.003386001 0.214966808
v -0.093307000 -0.002723001 0.215142808
v -0.093282000 -0.002918001 0.215151808
v -0.093223000 -0.003094001 0.215146808
v -0.093145000 -0.003238001 0.215135808
v -0.093052000 -0.003352001 0.215128808
v -0.093219000 -0.002723001 0.215307808
v -0.093194000 -0.002915001 0.215309808
v -0.093145000 -0.003083001 0.215290808
v -0.093085000 -0.003212001 0.215264808
v -0.093011000 -0.003311001 0.215251808
v -0.092423000 0.002722999 -0.000000192
v -0.093380000 0.002722999 0.000956808
v -0.092423000 0.003679999 0.000956808
v -0.092610000 0.002722999 0.000018808
v -0.092789000 0.002722999 0.000072808
v -0.092955000 0.002722999 0.000160808
v -0.093100000 0.002722999 0.000279808
v -0.092423000 0.002909999 0.000018808
v -0.092618000 0.002915999 0.000039808
v -0.092799000 0.002915999 0.000097808
v -0.092955000 0.002913999 0.000184808
v -0.093086000 0.002912999 0.000293808
v -0.092423000 0.003088999 0.000072808
v -0.092618000 0.003097999 0.000098808
v -0.092794000 0.003093999 0.000156808
v -0.092938000 0.003081999 0.000234808
v -0.093052000 0.003075999 0.000327808
v -0.092423000 0.003254999 0.000160808
v -0.092615000 0.003255999 0.000185808
v -0.092783000 0.003237999 0.000234808
v -0.092912000 0.003211999 0.000295808
v -0.093011000 0.003197999 0.000369808
v -0.092976000 0.003275999 0.000404808
v -0.093362000 0.002909999 0.000956808
v -0.093307000 0.003088999 0.000956808
v -0.093219000 0.003254999 0.000956808
v -0.093100000 0.003399999 0.000956808
v -0.093362000 0.002722999 0.000769808
v -0.093340000 0.002917999 0.000764808
v -0.093282000 0.003098999 0.000763808
v -0.093195000 0.003254999 0.000765808
v -0.093087000 0.003385999 0.000766808
v -0.093307000 0.002722999 0.000590808
v -0.093282000 0.002917999 0.000581808
v -0.093223000 0.003093999 0.000586808
v -0.093145000 0.003237999 0.000597808
v -0.093052000 0.003351999 0.000603808
v -0.093219000 0.002722999 0.000424808
v -0.093194000 0.002914999 0.000423808
v -0.093145000 0.003082999 0.000441808
v -0.093085000 0.003211999 0.000467808
v -0.093011000 0.003310999 0.000481808
v -0.092423000 0.003661999 0.000769808
v -0.092423000 0.003606999 0.000590808
v -0.092423000 0.003518999 0.000424808
v -0.092423000 0.003399999 0.000279808
v -0.092610000 0.003661999 0.000956808
v -0.092616000 0.003639999 0.000761808
v -0.092616000 0.003581999 0.000580808
v -0.092614000 0.003494999 0.000424808
v -0.092613000 0.003386999 0.000293808
v -0.092789000 0.003606999 0.000956808
v -0.092798000 0.003581999 0.000761808
v -0.092794000 0.003522999 0.000585808
v -0.092782000 0.003444999 0.000441808
v -0.092776000 0.003351999 0.000327808
v -0.092955000 0.003518999 0.000956808
v -0.092956000 0.003493999 0.000764808
v -0.092938000 0.003444999 0.000596808
v -0.092912000 0.003384999 0.000467808
v -0.092898000 0.003310999 0.000369808
v -0.092423000 0.002722999 0.215732808
v -0.092423000 0.003679999 0.214776808
v -0.093380000 0.002722999 0.214776808
v -0.092423000 0.002909999 0.215714808
v -0.092423000 0.003088999 0.215660808
v -0.092423000 0.003254999 0.215571808
v -0.092423000 0.003399999 0.215452808
v -0.092610000 0.002722999 0.215714808
v -0.092616000 0.002917999 0.215692808
v -0.092616000 0.003098999 0.215634808
v -0.092614000 0.003254999 0.215547808
v -0.092613000 0.003385999 0.215439808
v -0.092789000 0.002722999 0.215660808
v -0.092798000 0.002917999 0.215634808
v -0.092794000 0.003093999 0.215576808
v -0.092782000 0.003237999 0.215498808
v -0.092776000 0.003351999 0.215405808
v -0.092955000 0.002722999 0.215571808
v -0.092956000 0.002914999 0.215547808
v -0.092938000 0.003082999 0.215497808
v -0.092912000 0.003211999 0.215437808
v -0.092898000 0.003310999 0.215363808
v -0.092976000 0.003275999 0.215328808
v -0.092610000 0.003661999 0.214776808
v -0.092789000 0.003606999 0.214776808
v -0.092955000 0.003518999 0.214776808
v -0.093100000 0.003399999 0.214776808
v -0.092423000 0.003661999 0.214962808
v -0.092618000 0.003639999 0.214968808
v -0.092799000 0.003581999 0.214968808
v -0.092955000 0.003494999 0.214967808
v -0.093086000 0.003386999 0.214966808
v -0.092423000 0.003606999 0.215142808
v -0.092618000 0.003581999 0.215151808
v -0.092794000 0.003522999 0.215146808
v -0.092938000 0.003444999 0.215135808
v -0.093052000 0.003351999 0.215128808
v -0.092423000 0.003518999 0.215307808
v -0.092615000 0.003493999 0.215309808
v -0.092783000 0.003444999 0.215290808
v -0.092912000 0.003384999 0.215264808
v -0.093011000 0.003310999 0.215251808
v -0.093362000 0.002722999 0.214962808
v -0.093307000 0.002722999 0.215142808
v -0.093219000 0.002722999 0.215307808
v -0.093100000 0.002722999 0.215452808
v -0.093362000 0.002909999 0.214776808
v -0.093340000 0.002915999 0.214970808
v -0.093282000 0.002915999 0.215151808
v -0.093195000 0.002913999 0.215308808
v -0.093087000 0.002912999 0.215438808
v -0.093307000 0.003088999 0.214776808
v -0.093282000 0.003097999 0.214970808
v -0.093223000 0.003093999 0.215147808
v -0.093145000 0.003081999 0.215290808
v -0.093052000 0.003075999 0.215404808
v -0.093219000 0.003254999 0.214776808
v -0.093194000 0.003255999 0.214968808
v -0.093145000 0.003237999 0.215135808
v -0.093085000 0.003211999 0.215264808
v -0.093011000 0.003197999 0.215363808
v -0.086977000 -0.002723001 -0.000000192
v -0.086020000 -0.002723001 0.000956808
v -0.086977000 -0.003680001 0.000956808
v -0.086790000 -0.002723001 0.000018808
v -0.086611000 -0.002723001 0.000072808
v -0.086445000 -0.002723001 0.000160808
v -0.086300000 -0.002723001 0.000279808
v -0.086977000 -0.002910001 0.000018808
v -0.086782000 -0.002916001 0.000039808
v -0.086601000 -0.002916001 0.000097808
v -0.086445000 -0.002914001 0.000184808
v -0.086314000 -0.002913001 0.000293808
v -0.086977000 -0.003089001 0.000072808
v -0.086782000 -0.003098001 0.000098808
v -0.086606000 -0.003094001 0.000156808
v -0.086462000 -0.003082001 0.000234808
v -0.086348000 -0.003076001 0.000327808
v -0.086977000 -0.003255001 0.000160808
v -0.086785000 -0.003256001 0.000185808
v -0.086617000 -0.003238001 0.000234808
v -0.086488000 -0.003212001 0.000295808
v -0.086389000 -0.003198001 0.000369808
v -0.086424000 -0.003276001 0.000404808
v -0.086038000 -0.002910001 0.000956808
v -0.086093000 -0.003089001 0.000956808
v -0.086181000 -0.003255001 0.000956808
v -0.086300000 -0.003400001 0.000956808
v -0.086038000 -0.002723001 0.000769808
v -0.086060000 -0.002918001 0.000764808
v -0.086118000 -0.003099001 0.000763808
v -0.086205000 -0.003255001 0.000765808
v -0.086313000 -0.003386001 0.000766808
v -0.086093000 -0.002723001 0.000590808
v -0.086118000 -0.002918001 0.000581808
v -0.086177000 -0.003094001 0.000586808
v -0.086255000 -0.003238001 0.000597808
v -0.086348000 -0.003352001 0.000603808
v -0.086181000 -0.002723001 0.000424808
v -0.086206000 -0.002915001 0.000423808
v -0.086255000 -0.003083001 0.000441808
v -0.086315000 -0.003212001 0.000467808
v -0.086389000 -0.003311001 0.000481808
v -0.086977000 -0.003662001 0.000769808
v -0.086977000 -0.003607001 0.000590808
v -0.086977000 -0.003519001 0.000424808
v -0.086977000 -0.003400001 0.000279808
v -0.086790000 -0.003662001 0.000956808
v -0.086784000 -0.003640001 0.000761808
v -0.086784000 -0.003582001 0.000580808
v -0.086786000 -0.003495001 0.000424808
v -0.086787000 -0.003387001 0.000293808
v -0.086611000 -0.003607001 0.000956808
v -0.086602000 -0.003582001 0.000761808
v -0.086606000 -0.003523001 0.000585808
v -0.086618000 -0.003445001 0.000441808
v -0.086624000 -0.003352001 0.000327808
v -0.086445000 -0.003519001 0.000956808
v -0.086444000 -0.003494001 0.000764808
v -0.086462000 -0.003445001 0.000596808
v -0.086488000 -0.003385001 0.000467808
v -0.086502000 -0.003311001 0.000369808
v -0.086977000 -0.002723001 0.215732808
v -0.086977000 -0.003680001 0.214776808
v -0.086020000 -0.002723001 0.214776808
v -0.086977000 -0.002910001 0.215714808
v -0.086977000 -0.003089001 0.215660808
v -0.086977000 -0.003255001 0.215571808
v -0.086977000 -0.003400001 0.215452808
v -0.086790000 -0.002723001 0.215714808
v -0.086784000 -0.002918001 0.215692808
v -0.086784000 -0.003099001 0.215634808
v -0.086786000 -0.003255001 0.215547808
v -0.086787000 -0.003386001 0.215439808
v -0.086611000 -0.002723001 0.215660808
v -0.086602000 -0.002918001 0.215634808
v -0.086606000 -0.003094001 0.215576808
v -0.086618000 -0.003238001 0.215498808
v -0.086624000 -0.003352001 0.215405808
v -0.086445000 -0.002723001 0.215571808
v -0.086444000 -0.002915001 0.215547808
v -0.086462000 -0.003083001 0.215497808
v -0.086488000 -0.003212001 0.215437808
v -0.086502000 -0.003311001 0.215363808
v -0.086424000 -0.003276001 0.215328808
v -0.086790000 -0.003662001 0.214776808
v -0.086611000 -0.003607001 0.214776808
v -0.086445000 -0.003519001 0.214776808
v -0.086300000 -0.003400001 0.214776808
v -0.086977000 -0.003662001 0.214962808
v -0.086782000 -0.003640001 0.214968808
v -0.086601000 -0.003582001 0.214968808
v -0.086445000 -0.003495001 0.214967808
v -0.086314000 -0.003387001 0.214966808
v -0.086977000 -0.003607001 0.215142808
v -0.086782000 -0.003582001 0.215151808
v -0.086606000 -0.003523001 0.215146808
v -0.086462000 -0.003445001 0.215135808
v -0.086348000 -0.003352001 0.215128808
v -0.086977000 -0.003519001 0.215307808
v -0.086785000 -0.003494001 0.215309808
v -0.086617000 -0.003445001 0.215290808
v -0.086488000 -0.003385001 0.215264808
v -0.086389000 -0.003311001 0.215251808
v -0.086038000 -0.002723001 0.214962808
v -0.086093000 -0.002723001 0.215142808
v -0.086181000 -0.002723001 0.215307808
v -0.086300000 -0.002723001 0.215452808
v -0.086038000 -0.002910001 0.214776808
v -0.086060000 -0.002916001 0.214970808
v -0.086118000 -0.002916001 0.215151808
v -0.086205000 -0.002914001 0.215308808
v -0.086313000 -0.002913001 0.215438808
v -0.086093000 -0.003089001 0.214776808
v -0.086118000 -0.003098001 0.214970808
v -0.086177000 -0.003094001 0.215147808
v -0.086255000 -0.003082001 0.215290808
v -0.086348000 -0.003076001 0.215404808
v -0.086181000 -0.003255001 0.214776808
v -0.086206000 -0.003256001 0.214968808
v -0.086255000 -0.003238001 0.215135808
v -0.086315000 -0.003212001 0.215264808
v -0.086389000 -0.003198001 0.215363808
v -0.086977000 0.002722999 -0.000000192
v -0.086977000 0.003679999 0.000956808
v -0.086020000 0.002722999 0.000956808
v -0.086977000 0.002909999 0.000018808
v -0.086977000 0.003088999 0.000072808
v -0.086977000 0.003254999 0.000160808
v -0.086977000 0.003399999 0.000279808
v -0.086790000 0.002722999 0.000018808
v -0.086784000 0.002917999 0.000039808
v -0.086784000 0.003098999 0.000097808
v -0.086786000 0.003254999 0.000184808
v -0.086787000 0.003385999 0.000293808
v -0.086611000 0.002722999 0.000072808
v -0.086602000 0.002917999 0.000098808
v -0.086606000 0.003093999 0.000156808
v -0.086618000 0.003237999 0.000234808
v -0.086624000 0.003351999 0.000327808
v -0.086445000 0.002722999 0.000160808
v -0.086444000 0.002914999 0.000185808
v -0.086462000 0.003082999 0.000234808
v -0.086488000 0.003211999 0.000295808
v -0.086502000 0.003310999 0.000369808
v -0.086424000 0.003275999 0.000404808
v -0.086790000 0.003661999 0.000956808
v -0.086611000 0.003606999 0.000956808
v -0.086445000 0.003518999 0.000956808
v -0.086300000 0.003399999 0.000956808
v -0.086977000 0.003661999 0.000769808
v -0.086782000 0.003639999 0.000764808
v -0.086601000 0.003581999 0.000763808
v -0.086445000 0.003494999 0.000765808
v -0.086314000 0.003386999 0.000766808
v -0.086977000 0.003606999 0.000590808
v -0.086782000 0.003581999 0.000581808
v -0.086606000 0.003522999 0.000586808
v -0.086462000 0.003444999 0.000597808
v -0.086348000 0.003351999 0.000603808
v -0.086977000 0.003518999 0.000424808
v -0.086785000 0.003493999 0.000423808
v -0.086617000 0.003444999 0.000441808
v -0.086488000 0.003384999 0.000467808
v -0.086389000 0.003310999 0.000481808
v -0.086038000 0.002722999 0.000769808
v -0.086093000 0.002722999 0.000590808
v -0.086181000 0.002722999 0.000424808
v -0.086300000 0.002722999 0.000279808
v -0.086038000 0.002909999 0.000956808
v -0.086060000 0.002915999 0.000761808
v -0.086118000 0.002915999 0.000580808
v -0.086205000 0.002913999 0.000424808
v -0.086313000 0.002912999 0.000293808
v -0.086093000 0.003088999 0.000956808
v -0.086118000 0.003097999 0.000761808
v -0.086177000 0.003093999 0.000585808
v -0.086255000 0.003081999 0.000441808
v -0.086348000 0.003075999 0.000327808
v -0.086181000 0.003254999 0.000956808
v -0.086206000 0.003255999 0.000764808
v -0.086255000 0.003237999 0.000596808
v -0.086315000 0.003211999 0.000467808
v -0.086389000 0.003197999 0.000369808
v -0.086977000 0.002722999 0.215732808
v -0.086020000 0.002722999 0.214776808
v -0.086977000 0.003679999 0.214776808
v -0.086790000 0.002722999 0.215714808
v -0.086611000 0.002722999 0.215660808
v -0.086445000 0.002722999 0.215571808
v -0.086300000 0.002722999 0.215452808
v -0.086977000 0.002909999 0.215714808
v -0.086782000 0.002915999 0.215692808
v -0.086601000 0.002915999 0.215634808
v -0.086445000 0.002913999 0.215547808
v -0.086314000 0.002912999 0.215439808
v -0.086977000 0.003088999 0.215660808
v -0.086782000 0.003097999 0.215634808
v -0.086606000 0.003093999 0.215576808
v -0.086462000 0.003081999 0.215498808
v -0.086348000 0.003075999 0.215405808
v -0.086977000 0.003254999 0.215571808
v -0.086785000 0.003255999 0.215547808
v -0.086617000 0.003237999 0.215497808
v -0.086488000 0.003211999 0.215437808
v -0.086389000 0.003197999 0.215363808
v -0.086424000 0.003275999 0.215328808
v -0.086038000 0.002909999 0.214776808
v -0.086093000 0.003088999 0.214776808
v -0.086181000 0.003254999 0.214776808
v -0.086300000 0.003399999 0.214776808
v -0.086038000 0.002722999 0.214962808
v -0.086060000 0.002917999 0.214968808
v -0.086118000 0.003098999 0.214968808
v -0.086205000 0.003254999 0.214967808
v -0.086313000 0.003385999 0.214966808
v -0.086093000 0.002722999 0.215142808
v -0.086118000 0.002917999 0.215151808
v -0.086177000 0.003093999 0.215146808
v -0.086255000 0.003237999 0.215135808
v -0.086348000 0.003351999 0.215128808
v -0.086181000 0.002722999 0.215307808
v -0.086206000 0.002914999 0.215309808
v -0.086255000 0.003082999 0.215290808
v -0.086315000 0.003211999 0.215264808
v -0.086389000 0.003310999 0.215251808
v -0.086977000 0.003661999 0.214962808
v -0.086977000 0.003606999 0.215142808
v -0.086977000 0.003518999 0.215307808
v -0.086977000 0.003399999 0.215452808
v -0.086790000 0.003661999 0.214776808
v -0.086784000 0.003639999 0.214970808
v -0.086784000 0.003581999 0.215151808
v -0.086786000 0.003494999 0.215308808
v -0.086787000 0.003386999 0.215438808
v -0.086611000 0.003606999 0.214776808
v -0.086602000 0.003581999 0.214970808
v -0.086606000 0.003522999 0.215147808
v -0.086618000 0.003444999 0.215290808
v -0.086624000 0.003351999 0.215404808
v -0.086445000 0.003518999 0.214776808
v -0.086444000 0.003493999 0.214968808
v -0.086462000 0.003444999 0.215135808
v -0.086488000 0.003384999 0.215264808
v -0.086502000 0.003310999 0.215363808
vn -0.0166 -0.2282 -0.9735
vn -0.1935 -0.0019 -0.9811
vn -0.0019 -0.0020 -1.0000
vn -0.0160 -0.4129 -0.9106
vn -0.2005 -0.2019 -0.9587
vn -0.0153 -0.5814 -0.8135
vn -0.1991 -0.3900 -0.8990
vn -0.0142 -0.7278 -0.6857
vn -0.1940 -0.5552 -0.8088
vn -0.3811 -0.0019 -0.9245
vn -0.3894 -0.2006 -0.8990
vn -0.3817 -0.3824 -0.8415
vn -0.1912 -0.6937 -0.6945
vn -0.3659 -0.5352 -0.7613
vn -0.5550 -0.0025 -0.8319
vn -0.5558 -0.1950 -0.8081
vn -0.5037 -0.5039 -0.7017
vn -0.5353 -0.3663 -0.7611
vn -0.4824 -0.6194 -0.6194
vn -0.7071 -0.0030 -0.7071
vn -0.6945 -0.1912 -0.6937
vn -0.6194 -0.4824 -0.6193
vn -0.6607 -0.3567 -0.6606
vn -0.5774 -0.5773 -0.5774
vn -0.2306 -0.9729 -0.0142
vn -0.0019 -0.9811 -0.1935
vn -0.0021 -1.0000 0.0011
vn -0.4150 -0.9097 -0.0136
vn -0.2019 -0.9586 -0.2005
vn -0.5831 -0.8123 -0.0130
vn -0.3900 -0.8990 -0.1991
vn -0.7292 -0.6842 -0.0119
vn -0.5552 -0.8088 -0.1940
vn -0.0019 -0.9245 -0.3811
vn -0.2006 -0.8990 -0.3894
vn -0.3824 -0.8415 -0.3816
vn -0.6937 -0.6944 -0.1912
vn -0.5352 -0.7613 -0.3659
vn -0.0025 -0.8319 -0.5550
vn -0.1950 -0.8081 -0.5558
vn -0.5039 -0.7017 -0.5037
vn -0.3663 -0.7612 -0.5352
vn -0.6194 -0.6194 -0.4824
vn -0.3567 -0.6606 -0.6606
vn -0.9735 -0.0166 -0.2283
vn -0.9811 -0.1933 0.0015
vn -1.0000 -0.0021 0.0011
vn -0.9106 -0.0161 -0.4129
vn -0.9586 -0.2005 -0.2020
vn -0.8135 -0.0153 -0.5814
vn -0.8990 -0.1991 -0.3900
vn -0.8088 -0.1940 -0.5551
vn -0.9246 -0.3810 0.0015
vn -0.8990 -0.3894 -0.2006
vn -0.8415 -0.3816 -0.3824
vn -0.7613 -0.3659 -0.5352
vn -0.8319 -0.5549 0.0006
vn -0.8081 -0.5558 -0.1950
vn -0.7017 -0.5037 -0.5039
vn -0.7612 -0.5352 -0.3663
vn -0.6605 -0.6607 -0.3567
vn -0.0166 -0.9735 0.2283
vn -0.1933 -0.9811 -0.0016
vn -0.0021 -1.0000 -0.0011
vn -0.0161 -0.9106 0.4129
vn -0.2005 -0.9586 0.2020
vn -0.0153 -0.8135 0.5814
vn -0.1991 -0.8990 0.3900
vn -0.0142 -0.6857 0.7278
vn -0.1940 -0.8088 0.5551
vn -0.3809 -0.9246 -0.0015
vn -0.3894 -0.8990 0.2006
vn -0.3816 -0.8415 0.3824
vn -0.1912 -0.6945 0.6937
vn -0.3659 -0.7613 0.5352
vn -0.5549 -0.8319 -0.0006
vn -0.5558 -0.8081 0.1950
vn -0.5037 -0.7017 0.5039
vn -0.5352 -0.7612 0.3663
vn -0.4824 -0.6194 0.6193
vn -0.7071 -0.7071 -0.0000
vn -0.6945 -0.6937 0.1912
vn -0.6194 -0.6193 0.4824
vn -0.6606 -0.6606 0.3567
vn -0.5773 -0.5774 0.5774
vn -0.2283 -0.0165 0.9735
vn -0.0019 -0.1935 0.9811
vn -0.0021 -0.0021 1.0000
vn -0.4129 -0.0161 0.9106
vn -0.2020 -0.2005 0.9586
vn -0.5814 -0.0153 0.8135
vn -0.3900 -0.1991 0.8990
vn -0.7278 -0.0142 0.6856
vn -0.5551 -0.1940 0.8088
vn -0.0018 -0.3811 0.9245
vn -0.2006 -0.3894 0.8990
vn -0.3824 -0.3817 0.8415
vn -0.6937 -0.1912 0.6944
vn -0.5352 -0.3659 0.7613
vn -0.0025 -0.5550 0.8319
vn -0.1950 -0.5558 0.8081
vn -0.5039 -0.5037 0.7017
vn -0.3663 -0.5352 0.7612
vn -0.6193 -0.4824 0.6194
vn -0.3566 -0.6607 0.6606
vn -0.9729 -0.2307 0.0140
vn -0.9811 -0.0019 0.1935
vn -1.0000 -0.0021 -0.0011
vn -0.9097 -0.4150 0.0136
vn -0.9586 -0.2020 0.2005
vn -0.8123 -0.5831 0.0130
vn -0.8990 -0.3900 0.1991
vn -0.8088 -0.5552 0.1940
vn -0.9245 -0.0019 0.3811
vn -0.8990 -0.2006 0.3894
vn -0.8415 -0.3824 0.3816
vn -0.7613 -0.5352 0.3659
vn -0.8319 -0.0025 0.5550
vn -0.8081 -0.1950 0.5558
vn -0.7017 -0.5039 0.5037
vn -0.7612 -0.3663 0.5352
vn -0.6606 -0.3567 0.6606
vn -0.2283 0.0166 -0.9735
vn -0.0019 0.1935 -0.9811
vn -0.0021 0.0021 -1.0000
vn -0.4129 0.0161 -0.9106
vn -0.2020 0.2005 -0.9586
vn -0.5814 0.0153 -0.8135
vn -0.3900 0.1991 -0.8990
vn -0.7278 0.0142 -0.6857
vn -0.5551 0.1940 -0.8088
vn -0.0019 0.3811 -0.9245
vn -0.2006 0.3894 -0.8990
vn -0.3824 0.3816 -0.8415
vn -0.6937 0.1912 -0.6944
vn -0.5352 0.3659 -0.7613
vn -0.0025 0.5550 -0.8319
vn -0.1950 0.5558 -0.8081
vn -0.5039 0.5037 -0.7017
vn -0.3663 0.5352 -0.7612
vn -0.6193 0.4824 -0.6194
vn -0.0030 0.7071 -0.7071
vn -0.1912 0.6945 -0.6937
vn -0.4824 0.6194 -0.6193
vn -0.3566 0.6607 -0.6606
vn -0.5773 0.5774 -0.5774
vn -0.9729 0.2307 -0.0140
vn -0.9811 0.0019 -0.1935
vn -1.0000 0.0021 0.0011
vn -0.9097 0.4150 -0.0136
vn -0.9586 0.2020 -0.2005
vn -0.8123 0.5831 -0.0130
vn -0.8990 0.3900 -0.1991
vn -0.6842 0.7292 -0.0119
vn -0.8088 0.5552 -0.1940
vn -0.9245 0.0019 -0.3811
vn -0.8990 0.2006 -0.3894
vn -0.8415 0.3824 -0.3816
vn -0.6945 0.6937 -0.1912
vn -0.7613 0.5352 -0.3659
vn -0.8319 0.0025 -0.5550
vn -0.8081 0.1950 -0.5558
vn -0.7017 0.5039 -0.5037
vn -0.7612 0.3663 -0.5352
vn -0.6194 0.6193 -0.4824
vn -0.6606 0.3567 -0.6606
vn -0.0166 0.9735 -0.2283
vn -0.1933 0.9811 0.0016
vn -0.0021 1.0000 0.0011
vn -0.0161 0.9106 -0.4129
vn -0.2005 0.9586 -0.2020
vn -0.0153 0.8135 -0.5814
vn -0.1991 0.8990 -0.3900
vn -0.1940 0.8088 -0.5551
vn -0.3809 0.9246 0.0015
vn -0.3894 0.8990 -0.2006
vn -0.3816 0.8415 -0.3824
vn -0.3659 0.7613 -0.5352
vn -0.5549 0.8319 0.0006
vn -0.5558 0.8081 -0.1950
vn -0.5037 0.7017 -0.5039
vn -0.5352 0.7612 -0.3663
vn -0.6606 0.6606 -0.3567
vn -0.0166 0.2282 0.9735
vn -0.1935 0.0020 0.9811
vn -0.0020 0.0020 1.0000
vn -0.0160 0.4129 0.9106
vn -0.2005 0.2019 0.9587
vn -0.0153 0.5814 0.8135
vn -0.1991 0.3900 0.8990
vn -0.0142 0.7278 0.6857
vn -0.1940 0.5552 0.8088
vn -0.3811 0.0019 0.9245
vn -0.3894 0.2006 0.8990
vn -0.3817 0.3824 0.8415
vn -0.1912 0.6937 0.6945
vn -0.3659 0.5352 0.7613
vn -0.5550 0.0025 0.8319
vn -0.5558 0.1950 0.8081
vn -0.5037 0.5039 0.7017
vn -0.5353 0.3663 0.7611
vn -0.4824 0.6194 0.6194
vn -0.7071 0.0030 0.7071
vn -0.6945 0.1912 0.6937
vn -0.6194 0.4824 0.6193
vn -0.6607 0.3567 0.6606
vn -0.5774 0.5773 0.5774
vn -0.2306 0.9729 0.0142
vn -0.0019 0.9811 0.1935
vn -0.0021 1.0000 -0.0011
vn -0.4150 0.9097 0.0136
vn -0.2019 0.9586 0.2005
vn -0.5831 0.8123 0.0130
vn -0.3900 0.8990 0.1991
vn -0.7292 0.6842 0.0119
vn -0.5552 0.8088 0.1940
vn -0.0019 0.9245 0.3811
vn -0.2006 0.8990 0.3894
vn -0.3824 0.8415 0.3816
vn -0.6937 0.6944 0.1912
vn -0.5352 0.7613 0.3659
vn -0.0025 0.8319 0.5550
vn -0.1950 0.8081 0.5558
vn -0.5039 0.7017 0.5037
vn -0.3663 0.7612 0.5352
vn -0.6194 0.6194 0.4824
vn -0.3567 0.6606 0.6606
vn -0.9735 0.0166 0.2283
vn -0.9811 0.1933 -0.0015
vn -1.0000 0.0021 -0.0011
vn -0.9106 0.0161 0.4129
vn -0.9586 0.2005 0.2020
vn -0.8135 0.0153 0.5814
vn -0.8990 0.1991 0.3900
vn -0.8088 0.1940 0.5551
vn -0.9246 0.3810 -0.0015
vn -0.8990 0.3894 0.2006
vn -0.8415 0.3816 0.3824
vn -0.7613 0.3659 0.5352
vn -0.8319 0.5549 -0.0006
vn -0.8081 0.5558 0.1950
vn -0.7017 0.5037 0.5039
vn -0.7612 0.5352 0.3663
vn -0.6605 0.6607 0.3567
vn 0.2283 -0.0166 -0.9735
vn 0.0019 -0.1935 -0.9811
vn 0.0021 -0.0021 -1.0000
vn 0.4129 -0.0161 -0.9106
vn 0.2020 -0.2005 -0.9586
vn 0.5814 -0.0153 -0.8135
vn 0.3900 -0.1991 -0.8990
vn 0.7278 -0.0142 -0.6857
vn 0.5551 -0.1940 -0.8088
vn 0.0019 -0.3811 -0.9245
vn 0.2006 -0.3894 -0.8990
vn 0.3824 -0.3816 -0.8415
vn 0.6937 -0.1912 -0.6944
vn 0.5352 -0.3659 -0.7613
vn 0.0025 -0.5550 -0.8319
vn 0.1950 -0.5558 -0.8081
vn 0.5039 -0.5037 -0.7017
vn 0.3663 -0.5352 -0.7612
vn 0.6193 -0.4824 -0.6194
vn 0.0030 -0.7071 -0.7071
vn 0.1912 -0.6945 -0.6937
vn 0.4824 -0.6194 -0.6193
vn 0.3566 -0.6607 -0.6606
vn 0.5773 -0.5774 -0.5774
vn 0.9729 -0.2307 -0.0140
vn 0.9811 -0.0019 -0.1935
vn 1.0000 -0.0021 0.0011
vn 0.9097 -0.4150 -0.0136
vn 0.9586 -0.2020 -0.2005
vn 0.8123 -0.5831 -0.0130
vn 0.8990 -0.3900 -0.1991
vn 0.6842 -0.7292 -0.0119
vn 0.8088 -0.5552 -0.1940
vn 0.9245 -0.0019 -0.3811
vn 0.8990 -0.2006 -0.3894
vn 0.8415 -0.3824 -0.3816
vn 0.6945 -0.6937 -0.1912
vn 0.7613 -0.5352 -0.3659
vn 0.8319 -0.0025 -0.5550
vn 0.8081 -0.1950 -0.5558
vn 0.7017 -0.5039 -0.5037
vn 0.7612 -0.3663 -0.5352
vn 0.6194 -0.6193 -0.4824
vn 0.6606 -0.3567 -0.6606
vn 0.0166 -0.9735 -0.2283
vn 0.1933 -0.9811 0.0016
vn 0.0021 -1.0000 0.0011
vn 0.0161 -0.9106 -0.4129
vn 0.2005 -0.9586 -0.2020
vn 0.0153 -0.8135 -0.5814
vn 0.1991 -0.8990 -0.3900
vn 0.1940 -0.8088 -0.5551
vn 0.3809 -0.9246 0.0015
vn 0.3894 -0.8990 -0.2006
vn 0.3816 -0.8415 -0.3824
vn 0.3659 -0.7613 -0.5352
vn 0.5549 -0.8319 0.0006
vn 0.5558 -0.8081 -0.1950
vn 0.5037 -0.7017 -0.5039
vn 0.5352 -0.7612 -0.3663
vn 0.6606 -0.6606 -0.3567
vn 0.0166 -0.2282 0.9735
vn 0.1935 -0.0019 0.9811
vn 0.0019 -0.0020 1.0000
vn 0.0160 -0.4129 0.9106
vn 0.2005 -0.2019 0.9587
vn 0.0153 -0.5814 0.8135
vn 0.1991 -0.3900 0.8990
vn 0.0142 -0.7278 0.6857
vn 0.1940 -0.5552 0.8088
vn 0.3811 -0.0019 0.9245
vn 0.3894 -0.2006 0.8990
vn 0.3817 -0.3824 0.8415
vn 0.1912 -0.6937 0.6945
vn 0.3659 -0.5352 0.7613
vn 0.5550 -0.0025 0.8319
vn 0.5558 -0.1950 0.8081
vn 0.5037 -0.5039 0.7017
vn 0.5353 -0.3663 0.7611
vn 0.4824 -0.6194 0.6194
vn 0.7071 -0.0030 0.7071
vn 0.6945 -0.1912 0.6937
vn 0.6194 -0.4824 0.6193
vn 0.6607 -0.3567 0.6606
vn 0.5774 -0.5773 0.5774
vn 0.2306 -0.9729 0.0142
vn 0.0019 -0.9811 0.1935
vn 0.0021 -1.0000 -0.0011
vn 0.4150 -0.9097 0.0136
vn 0.2019 -0.9586 0.2005
vn 0.5831 -0.8123 0.0130
vn 0.3900 -0.8990 0.1991
vn 0.7292 -0.6842 0.0119
vn 0.5552 -0.8088 0.1940
vn 0.0019 -0.9245 0.3811
vn 0.2006 -0.8990 0.3894
vn 0.3824 -0.8415 0.3816
vn 0.6937 -0.6944 0.1912
vn 0.5352 -0.7613 0.3659
vn 0.0025 -0.8319 0.5550
vn 0.1950 -0.8081 0.5558
vn 0.5039 -0.7017 0.5037
vn 0.3663 -0.7612 0.5352
vn 0.6194 -0.6194 0.4824
vn 0.3567 -0.6606 0.6606
vn 0.9735 -0.0166 0.2283
vn 0.9811 -0.1933 -0.0015
vn 1.0000 -0.0021 -0.0011
vn 0.9106 -0.0161 0.4129
vn 0.9586 -0.2005 0.2020
vn 0.8135 -0.0153 0.5814
vn 0.8990 -0.1991 0.3900
vn 0.8088 -0.1940 0.5551
vn 0.9246 -0.3810 -0.0015
vn 0.8990 -0.3894 0.2006
vn 0.8415 -0.3816 0.3824
vn 0.7613 -0.3659 0.5352
vn 0.8319 -0.5549 -0.0006
vn 0.8081 -0.5558 0.1950
vn 0.7017 -0.5037 0.5039
vn 0.7612 -0.5352 0.3663
vn 0.6605 -0.6607 0.3567
vn 0.0166 0.2282 -0.9735
vn 0.1935 0.0019 -0.9811
vn 0.0019 0.0020 -1.0000
vn 0.0160 0.4129 -0.9106
vn 0.2005 0.2019 -0.9587
vn 0.0153 0.5814 -0.8135
vn 0.1991 0.3900 -0.8990
vn 0.0142 0.7278 -0.6857
vn 0.1940 0.5552 -0.8088
vn 0.3811 0.0019 -0.9245
vn 0.3894 0.2006 -0.8990
vn 0.3817 0.3824 -0.8415
vn 0.1912 0.6937 -0.6945
vn 0.3659 0.5352 -0.7613
vn 0.5550 0.0025 -0.8319
vn 0.5558 0.1950 -0.8081
vn 0.5037 0.5039 -0.7017
vn 0.5353 0.3663 -0.7611
vn 0.4824 0.6194 -0.6194
vn 0.7071 0.0030 -0.7071
vn 0.6945 0.1912 -0.6937
vn 0.6194 0.4824 -0.6193
vn 0.6607 0.3567 -0.6606
vn 0.5774 0.5773 -0.5774
vn 0.2307 0.9729 -0.0140
vn 0.0019 0.9811 -0.1935
vn 0.0021 1.0000 0.0011
vn 0.4150 0.9097 -0.0136
vn 0.2019 0.9586 -0.2005
vn 0.5831 0.8123 -0.0130
vn 0.3900 0.8990 -0.1991
vn 0.7292 0.6842 -0.0119
vn 0.5552 0.8088 -0.1940
vn 0.0019 0.9245 -0.3811
vn 0.2006 0.8990 -0.3894
vn 0.3824 0.8415 -0.3816
vn 0.6937 0.6944 -0.1912
vn 0.5352 0.7613 -0.3659
vn 0.0025 0.8319 -0.5550
vn 0.1950 0.8081 -0.5558
vn 0.5039 0.7017 -0.5037
vn 0.3663 0.7612 -0.5352
vn 0.6194 0.6194 -0.4824
vn 0.3567 0.6606 -0.6606
vn 0.9735 0.0166 -0.2283
vn 0.9811 0.1933 0.0016
vn 1.0000 0.0021 0.0011
vn 0.9106 0.0161 -0.4129
vn 0.9586 0.2005 -0.2020
vn 0.8135 0.0153 -0.5814
vn 0.8990 0.1991 -0.3900
vn 0.8088 0.1940 -0.5551
vn 0.9246 0.3810 0.0015
vn 0.8990 0.3894 -0.2006
vn 0.8415 0.3816 -0.3824
vn 0.7613 0.3659 -0.5352
vn 0.8319 0.5549 0.0006
vn 0.8081 0.5558 -0.1950
vn 0.7017 0.5037 -0.5039
vn 0.7612 0.5352 -0.3663
vn 0.6605 0.6607 -0.3567
vn 0.2283 0.0166 0.9735
vn 0.0019 0.1935 0.9811
vn 0.0021 0.0021 1.0000
vn 0.4129 0.0161 0.9106
vn 0.2020 0.2005 0.9586
vn 0.5814 0.0153 0.8135
vn 0.3900 0.1991 0.8990
vn 0.7278 0.0142 0.6857
vn 0.5551 0.1940 0.8088
vn 0.0019 0.3811 0.9245
vn 0.2006 0.3894 0.8990
vn 0.3824 0.3816 0.8415
vn 0.6937 0.1912 0.6944
vn 0.5352 0.3659 0.7613
vn 0.0025 0.5550 0.8319
vn 0.1950 0.5558 0.8081
vn 0.5039 0.5037 0.7017
vn 0.3663 0.5352 0.7612
vn 0.6193 0.4824 0.6194
vn 0.0030 0.7071 0.7071
vn 0.1912 0.6945 0.6937
vn 0.4824 0.6194 0.6193
vn 0.3566 0.6607 0.6606
vn 0.5773 0.5774 0.5774
vn 0.9729 0.2306 0.0141
vn 0.9811 0.0019 0.1935
vn 1.0000 0.0021 -0.0011
vn 0.9097 0.4150 0.0136
vn 0.9586 0.2020 0.2005
vn 0.8123 0.5831 0.0130
vn 0.8990 0.3900 0.1991
vn 0.6842 0.7292 0.0119
vn 0.8088 0.5552 0.1940
vn 0.9245 0.0019 0.3811
vn 0.8990 0.2006 0.3894
vn 0.8415 0.3824 0.3816
vn 0.6945 0.6937 0.1912
vn 0.7613 0.5352 0.3659
vn 0.8319 0.0025 0.5550
vn 0.8081 0.1950 0.5558
vn 0.7017 0.5039 0.5037
vn 0.7612 0.3663 0.5352
vn 0.6194 0.6193 0.4824
vn 0.6606 0.3567 0.6606
vn 0.0166 0.9735 0.2283
vn 0.1933 0.9811 -0.0015
vn 0.0021 1.0000 -0.0011
vn 0.0161 0.9106 0.4129
vn 0.2005 0.9586 0.2020
vn 0.0153 0.8135 0.5814
vn 0.1991 0.8990 0.3900
vn 0.1940 0.8088 0.5551
vn 0.3809 0.9246 -0.0015
vn 0.3894 0.8990 0.2006
vn 0.3816 0.8415 0.3824
vn 0.3659 0.7613 0.5352
vn 0.5549 0.8319 -0.0006
vn 0.5558 0.8081 0.1950
vn 0.5037 0.7017 0.5039
vn 0.5352 0.7612 0.3663
vn 0.6606 0.6606 0.3567
vt 0.157500 0.723840
vt 0.151160 0.717500
vt 0.157500 0.717500
vt 0.157500 0.729937
vt 0.150965 0.724116
vt 0.157500 0.735556
vt 0.150955 0.730263
vt 0.157500 0.750000
vt 0.151012 0.735578
vt 0.145063 0.717500
vt 0.144756 0.724118
vt 0.144918 0.730111
vt 0.151045 0.750000
vt 0.145299 0.734984
vt 0.139444 0.717500
vt 0.139391 0.724027
vt 0.140895 0.734105
vt 0.140011 0.729718
vt 0.141366 0.750000
vt 0.125000 0.717500
vt 0.125000 0.723955
vt 0.125000 0.733634
vt 0.125000 0.729483
vt 0.138736 0.750000
vt 0.376109 0.973840
vt 0.375892 0.967500
vt 0.376109 0.967500
vt 0.376109 0.979937
vt 0.375886 0.974116
vt 0.376109 0.985556
vt 0.375885 0.980263
vt 0.376109 1.000000
vt 0.375888 0.985578
vt 0.375685 0.967500
vt 0.375674 0.974118
vt 0.375680 0.980111
vt 0.375889 1.000000
vt 0.375693 0.984984
vt 0.375493 0.967500
vt 0.375491 0.974027
vt 0.375542 0.984105
vt 0.375512 0.979718
vt 0.375558 1.000000
vt 0.375000 0.967500
vt 0.375000 0.973955
vt 0.375000 0.983634
vt 0.375000 0.979483
vt 0.375469 1.000000
vt 0.375892 0.032500
vt 0.376109 0.026160
vt 0.376109 0.032500
vt 0.375684 0.032500
vt 0.375883 0.025965
vt 0.375493 0.032500
vt 0.375673 0.025955
vt 0.375000 0.032500
vt 0.375492 0.026012
vt 0.376109 0.020063
vt 0.375883 0.019756
vt 0.375679 0.019918
vt 0.375000 0.026045
vt 0.375512 0.020299
vt 0.376109 0.014444
vt 0.375886 0.014391
vt 0.375542 0.015895
vt 0.375692 0.015011
vt 0.375000 0.016366
vt 0.376109 0.000000
vt 0.375889 0.000000
vt 0.375558 0.000000
vt 0.375700 0.000000
vt 0.375000 0.013736
vt 0.624108 0.967500
vt 0.623891 0.973841
vt 0.623891 0.967500
vt 0.624316 0.967500
vt 0.624117 0.974035
vt 0.624507 0.967500
vt 0.624327 0.974045
vt 0.625000 0.967500
vt 0.624508 0.973988
vt 0.623891 0.979937
vt 0.624117 0.980245
vt 0.624322 0.980082
vt 0.625000 0.973955
vt 0.624488 0.979701
vt 0.623891 0.985556
vt 0.624114 0.985609
vt 0.624458 0.984105
vt 0.624308 0.984989
vt 0.625000 0.983634
vt 0.623891 1.000000
vt 0.624111 1.000000
vt 0.624442 1.000000
vt 0.624300 1.000000
vt 0.625000 0.986264
vt 0.848840 0.717500
vt 0.842500 0.723840
vt 0.842500 0.717500
vt 0.854937 0.717500
vt 0.849116 0.724035
vt 0.860556 0.717500
vt 0.855263 0.724045
vt 0.875000 0.717500
vt 0.860578 0.723988
vt 0.842500 0.729937
vt 0.849118 0.730244
vt 0.855112 0.730082
vt 0.875000 0.723955
vt 0.859984 0.729701
vt 0.842500 0.735556
vt 0.849027 0.735609
vt 0.859105 0.734105
vt 0.854718 0.734989
vt 0.875000 0.733634
vt 0.842500 0.750000
vt 0.848955 0.750000
vt 0.858634 0.750000
vt 0.854483 0.750000
vt 0.875000 0.736264
vt 0.623891 0.026160
vt 0.624108 0.032500
vt 0.623891 0.032500
vt 0.623891 0.020063
vt 0.624114 0.025884
vt 0.623891 0.014444
vt 0.624115 0.019737
vt 0.623891 0.000000
vt 0.624113 0.014422
vt 0.624316 0.032500
vt 0.624326 0.025882
vt 0.624321 0.019889
vt 0.624111 0.000000
vt 0.624308 0.015016
vt 0.624507 0.032500
vt 0.624509 0.025973
vt 0.624458 0.015894
vt 0.624488 0.020282
vt 0.624442 0.000000
vt 0.625000 0.032500
vt 0.625000 0.026045
vt 0.625000 0.016366
vt 0.625000 0.020517
vt 0.624531 0.000000
vt 0.151160 0.532500
vt 0.157500 0.526160
vt 0.157500 0.532500
vt 0.145063 0.532500
vt 0.150884 0.525965
vt 0.139444 0.532500
vt 0.144737 0.525955
vt 0.125000 0.532500
vt 0.139422 0.526012
vt 0.157500 0.520063
vt 0.150882 0.519755
vt 0.144889 0.519918
vt 0.125000 0.526045
vt 0.140016 0.520299
vt 0.157500 0.514444
vt 0.150973 0.514391
vt 0.140895 0.515895
vt 0.145282 0.515011
vt 0.125000 0.516366
vt 0.157500 0.500000
vt 0.151045 0.500000
vt 0.141366 0.500000
vt 0.145517 0.500000
vt 0.125000 0.513736
vt 0.376109 0.223840
vt 0.375892 0.217500
vt 0.376109 0.217500
vt 0.376109 0.229937
vt 0.375886 0.224116
vt 0.376109 0.235556
vt 0.375885 0.230263
vt 0.376109 0.250000
vt 0.375887 0.235578
vt 0.375684 0.217500
vt 0.375674 0.224118
vt 0.375680 0.230111
vt 0.375889 0.250000
vt 0.375692 0.234984
vt 0.375493 0.217500
vt 0.375491 0.224027
vt 0.375542 0.234105
vt 0.375512 0.229718
vt 0.375558 0.250000
vt 0.375000 0.217500
vt 0.375000 0.223955
vt 0.375000 0.233634
vt 0.375000 0.229483
vt 0.375234 0.256868
vt 0.375892 0.282500
vt 0.376109 0.276160
vt 0.376109 0.282500
vt 0.375684 0.282500
vt 0.375883 0.275965
vt 0.375493 0.282500
vt 0.375673 0.275955
vt 0.375000 0.282500
vt 0.375492 0.276012
vt 0.376109 0.270063
vt 0.375883 0.269756
vt 0.375679 0.269918
vt 0.375000 0.276045
vt 0.375512 0.270299
vt 0.376109 0.264444
vt 0.375886 0.264391
vt 0.375542 0.265895
vt 0.375692 0.265011
vt 0.375000 0.266366
vt 0.375700 0.250000
vt 0.842500 0.526159
vt 0.848840 0.532500
vt 0.842500 0.532500
vt 0.842500 0.520063
vt 0.849035 0.525884
vt 0.842500 0.514444
vt 0.849045 0.519737
vt 0.842500 0.500000
vt 0.848988 0.514422
vt 0.854937 0.532500
vt 0.855244 0.525882
vt 0.855082 0.519888
vt 0.848955 0.500000
vt 0.854701 0.515016
vt 0.860556 0.532500
vt 0.860609 0.525973
vt 0.859105 0.515895
vt 0.859989 0.520282
vt 0.858634 0.500000
vt 0.875000 0.532500
vt 0.875000 0.526045
vt 0.875000 0.516366
vt 0.875000 0.520517
vt 0.861264 0.500000
vt 0.623891 0.276160
vt 0.624108 0.282500
vt 0.623891 0.282500
vt 0.623891 0.270063
vt 0.624114 0.275884
vt 0.623891 0.264444
vt 0.624114 0.269737
vt 0.623891 0.250000
vt 0.624113 0.264422
vt 0.624316 0.282500
vt 0.624326 0.275882
vt 0.624321 0.269889
vt 0.624111 0.250000
vt 0.624308 0.265016
vt 0.624507 0.282500
vt 0.624509 0.275973
vt 0.624458 0.265895
vt 0.624488 0.270282
vt 0.624442 0.250000
vt 0.625000 0.282500
vt 0.625000 0.276045
vt 0.625000 0.266366
vt 0.625000 0.270517
vt 0.624766 0.243132
vt 0.624108 0.217500
vt 0.623891 0.223840
vt 0.623891 0.217500
vt 0.624316 0.217500
vt 0.624117 0.224035
vt 0.624507 0.217500
vt 0.624327 0.224045
vt 0.625000 0.217500
vt 0.624508 0.223988
vt 0.623891 0.229937
vt 0.624117 0.230244
vt 0.624322 0.230082
vt 0.625000 0.223955
vt 0.624488 0.229701
vt 0.623891 0.235556
vt 0.624114 0.235609
vt 0.624458 0.234105
vt 0.624308 0.234989
vt 0.625000 0.233634
vt 0.624300 0.250000
vt 0.348840 0.717500
vt 0.342500 0.723840
vt 0.342500 0.717500
vt 0.354937 0.717500
vt 0.349116 0.724035
vt 0.360556 0.717500
vt 0.355263 0.724045
vt 0.375000 0.717500
vt 0.360578 0.723987
vt 0.342500 0.729937
vt 0.349118 0.730244
vt 0.355111 0.730082
vt 0.375000 0.723955
vt 0.359984 0.729701
vt 0.342500 0.735556
vt 0.349027 0.735609
vt 0.359105 0.734105
vt 0.354718 0.734989
vt 0.375000 0.733634
vt 0.358750 0.766250
vt 0.361975 0.763020
vt 0.366823 0.758189
vt 0.364754 0.760271
vt 0.375156 0.750000
vt 0.376109 0.723840
vt 0.375892 0.717500
vt 0.376109 0.717500
vt 0.376109 0.729937
vt 0.375886 0.724116
vt 0.376109 0.735556
vt 0.375885 0.730263
vt 0.376109 0.750000
vt 0.375887 0.735578
vt 0.375684 0.717500
vt 0.375674 0.724118
vt 0.375680 0.730112
vt 0.375889 0.750000
vt 0.375692 0.734984
vt 0.375493 0.717500
vt 0.375491 0.724027
vt 0.375542 0.734105
vt 0.375512 0.729718
vt 0.375558 0.750000
vt 0.375000 0.729483
vt 0.375892 0.782500
vt 0.376109 0.776160
vt 0.376109 0.782500
vt 0.375684 0.782500
vt 0.375883 0.775965
vt 0.375493 0.782500
vt 0.375673 0.775955
vt 0.375492 0.776012
vt 0.376109 0.770063
vt 0.375883 0.769756
vt 0.375679 0.769918
vt 0.375512 0.770299
vt 0.376109 0.764444
vt 0.375886 0.764391
vt 0.375542 0.765895
vt 0.375692 0.765011
vt 0.375700 0.750000
vt 0.657500 0.723840
vt 0.651160 0.717500
vt 0.657500 0.717500
vt 0.657500 0.729937
vt 0.650965 0.724116
vt 0.657500 0.735556
vt 0.650955 0.730263
vt 0.641249 0.766251
vt 0.651012 0.735578
vt 0.645063 0.717500
vt 0.644756 0.724118
vt 0.644918 0.730111
vt 0.638019 0.763026
vt 0.645299 0.734984
vt 0.639444 0.717500
vt 0.639391 0.724027
vt 0.640895 0.734105
vt 0.640011 0.729718
vt 0.633189 0.758177
vt 0.625000 0.717500
vt 0.625000 0.723955
vt 0.625000 0.733634
vt 0.625000 0.729483
vt 0.629422 0.745421
vt 0.623891 0.776160
vt 0.624108 0.782500
vt 0.623891 0.782500
vt 0.623891 0.770063
vt 0.624114 0.775884
vt 0.623891 0.764444
vt 0.624114 0.769737
vt 0.623891 0.750000
vt 0.624113 0.764422
vt 0.624316 0.782500
vt 0.624326 0.775882
vt 0.624321 0.769889
vt 0.624111 0.750000
vt 0.624308 0.765016
vt 0.624507 0.782500
vt 0.624509 0.775973
vt 0.624458 0.765895
vt 0.624488 0.770282
vt 0.624442 0.750000
vt 0.635271 0.760246
vt 0.624108 0.717500
vt 0.623891 0.723840
vt 0.623891 0.717500
vt 0.624316 0.717500
vt 0.624117 0.724035
vt 0.624507 0.717500
vt 0.624327 0.724045
vt 0.624508 0.723988
vt 0.623891 0.729937
vt 0.624117 0.730244
vt 0.624322 0.730082
vt 0.624488 0.729701
vt 0.623891 0.735556
vt 0.624114 0.735609
vt 0.624458 0.734105
vt 0.624308 0.734989
vt 0.624300 0.750000
vt 0.342500 0.526159
vt 0.348840 0.532500
vt 0.342500 0.532500
vt 0.342500 0.520063
vt 0.349035 0.525884
vt 0.342500 0.514444
vt 0.349045 0.519737
vt 0.358751 0.483749
vt 0.348988 0.514422
vt 0.354937 0.532500
vt 0.355244 0.525882
vt 0.355082 0.519888
vt 0.361981 0.486974
vt 0.354701 0.515016
vt 0.360556 0.532500
vt 0.360609 0.525973
vt 0.359105 0.515895
vt 0.359989 0.520282
vt 0.366811 0.491823
vt 0.375000 0.532500
vt 0.375000 0.526045
vt 0.375000 0.516366
vt 0.375000 0.520517
vt 0.370577 0.504579
vt 0.376109 0.473840
vt 0.375892 0.467500
vt 0.376109 0.467500
vt 0.376109 0.479937
vt 0.375886 0.474116
vt 0.376109 0.485556
vt 0.375885 0.480263
vt 0.376109 0.500000
vt 0.375888 0.485578
vt 0.375685 0.467500
vt 0.375674 0.474118
vt 0.375680 0.480111
vt 0.375889 0.500000
vt 0.375693 0.484984
vt 0.375493 0.467500
vt 0.375491 0.474027
vt 0.375542 0.484105
vt 0.375512 0.479718
vt 0.375558 0.500000
vt 0.364729 0.489754
vt 0.375892 0.532500
vt 0.376109 0.526160
vt 0.376109 0.532500
vt 0.375684 0.532500
vt 0.375883 0.525965
vt 0.375493 0.532500
vt 0.375673 0.525955
vt 0.375492 0.526012
vt 0.376109 0.520063
vt 0.375883 0.519756
vt 0.375679 0.519918
vt 0.375512 0.520299
vt 0.376109 0.514444
vt 0.375886 0.514391
vt 0.375542 0.515895
vt 0.375692 0.515011
vt 0.375700 0.500000
vt 0.651160 0.532500
vt 0.657500 0.526160
vt 0.657500 0.532500
vt 0.645063 0.532500
vt 0.650884 0.525965
vt 0.639444 0.532500
vt 0.644737 0.525955
vt 0.625000 0.532500
vt 0.639422 0.526012
vt 0.657500 0.520063
vt 0.650882 0.519755
vt 0.644889 0.519918
vt 0.625000 0.526045
vt 0.640016 0.520299
vt 0.657500 0.514444
vt 0.650972 0.514391
vt 0.640894 0.515895
vt 0.645282 0.515011
vt 0.625000 0.516366
vt 0.641250 0.483750
vt 0.638025 0.486981
vt 0.633177 0.491811
vt 0.635246 0.489729
vt 0.624844 0.500000
vt 0.623891 0.526160
vt 0.624108 0.532500
vt 0.623891 0.532500
vt 0.623891 0.520063
vt 0.624114 0.525884
vt 0.623891 0.514444
vt 0.624115 0.519737
vt 0.623891 0.500000
vt 0.624113 0.514422
vt 0.624316 0.532500
vt 0.624326 0.525882
vt 0.624321 0.519889
vt 0.624111 0.500000
vt 0.624308 0.515016
vt 0.624507 0.532500
vt 0.624509 0.525973
vt 0.624458 0.515894
vt 0.624488 0.520282
vt 0.624442 0.500000
vt 0.625000 0.520517
vt 0.624108 0.467500
vt 0.623891 0.473840
vt 0.623891 0.467500
vt 0.624316 0.467500
vt 0.624117 0.474035
vt 0.624507 0.467500
vt 0.624327 0.474045
vt 0.624508 0.473988
vt 0.623891 0.479937
vt 0.624117 0.480244
vt 0.624322 0.480082
vt 0.624488 0.479701
vt 0.623891 0.485556
vt 0.624114 0.485609
vt 0.624458 0.484105
vt 0.624308 0.484989
vt 0.624300 0.500000
vt 0.145517 0.750000
vt 0.375700 1.000000
vt 0.375000 0.020517
vt 0.625000 0.979483
vt 0.875000 0.729483
vt 0.624300 0.000000
vt 0.125000 0.520517
vt 0.375000 0.270517
vt 0.854483 0.500000
vt 0.625000 0.229483
s 1
usemtl satin_silver_trim
f 4/1/1 8/2/2 1/3/3
f 5/4/4 9/5/5 4/1/1
f 6/6/6 10/7/7 5/4/4
f 7/8/8 11/9/9 6/6/6
f 9/5/5 13/10/10 8/2/2
f 10/7/7 14/11/11 9/5/5
f 11/9/9 15/12/12 10/7/7
f 12/13/13 16/14/14 11/9/9
f 14/11/11 18/15/15 13/10/10
f 15/12/12 19/16/16 14/11/11
f 15/12/12 21/17/17 20/18/18
f 16/14/14 22/19/19 21/17/17
f 19/16/16 46/20/20 18/15/15
f 20/18/18 51/21/21 19/16/16
f 20/18/18 61/22/22 56/23/23
f 21/17/17 23/24/24 61/22/22
f 24/25/25 28/26/26 2/27/27
f 25/28/28 29/29/29 24/25/25
f 26/30/30 30/31/31 25/28/28
f 27/32/32 31/33/33 26/30/30
f 29/29/29 33/34/34 28/26/26
f 30/31/31 34/35/35 29/29/29
f 31/33/33 35/36/36 30/31/31
f 32/37/37 36/38/38 31/33/33
f 34/35/35 38/39/39 33/34/34
f 35/36/36 39/40/40 34/35/35
f 35/36/36 41/41/41 40/42/42
f 36/38/38 42/43/43 41/41/41
f 39/40/40 7/44/8 38/39/39
f 40/42/42 12/45/13 39/40/40
f 40/42/42 22/46/19 17/47/44
f 41/41/41 23/48/24 22/46/19
f 43/49/45 47/50/46 3/51/47
f 44/52/48 48/53/49 43/49/45
f 45/54/50 49/55/51 44/52/48
f 46/56/20 50/57/52 45/54/50
f 48/53/49 52/58/53 47/50/46
f 49/55/51 53/59/54 48/53/49
f 50/57/52 54/60/55 49/55/51
f 51/61/21 55/62/56 50/57/52
f 53/59/54 57/63/57 52/58/53
f 54/60/55 58/64/58 53/59/54
f 54/60/55 60/65/59 59/66/60
f 55/62/56 61/67/22 60/65/59
f 58/64/58 27/68/32 57/63/57
f 59/66/60 32/69/37 58/64/58
f 59/66/60 42/70/43 37/71/61
f 60/65/59 23/72/24 42/70/43
f 65/73/62 69/74/63 62/75/64
f 66/76/65 70/77/66 65/73/62
f 67/78/67 71/79/68 66/76/65
f 68/80/69 72/81/70 67/78/67
f 70/77/66 74/82/71 69/74/63
f 71/79/68 75/83/72 70/77/66
f 72/81/70 76/84/73 71/79/68
f 73/85/74 77/86/75 72/81/70
f 75/83/72 79/87/76 74/82/71
f 76/84/73 80/88/77 75/83/72
f 76/84/73 82/89/78 81/90/79
f 77/86/75 83/91/80 82/89/78
f 80/88/77 107/92/81 79/87/76
f 81/90/79 112/93/82 80/88/77
f 81/90/79 122/94/83 117/95/84
f 82/89/78 84/96/85 122/94/83
f 85/97/86 89/98/87 63/99/88
f 86/100/89 90/101/90 85/97/86
f 87/102/91 91/103/92 86/100/89
f 88/104/93 92/105/94 87/102/91
f 90/101/90 94/106/95 89/98/87
f 91/103/92 95/107/96 90/101/90
f 92/105/94 96/108/97 91/103/92
f 93/109/98 97/110/99 92/105/94
f 95/107/96 99/111/100 94/106/95
f 96/108/97 100/112/101 95/107/96
f 96/108/97 102/113/102 101/114/103
f 97/110/99 103/115/104 102/113/102
f 100/112/101 68/116/69 99/111/100
f 101/114/103 73/117/74 100/112/101
f 101/114/103 83/118/80 78/119/105
f 102/113/102 84/120/85 83/118/80
f 104/121/106 108/122/107 64/123/108
f 105/124/109 109/125/110 104/121/106
f 106/126/111 110/127/112 105/124/109
f 107/128/81 111/129/113 106/126/111
f 109/125/110 113/130/114 108/122/107
f 110/127/112 114/131/115 109/125/110
f 111/129/113 115/132/116 110/127/112
f 112/133/82 116/134/117 111/129/113
f 114/131/115 118/135/118 113/130/114
f 115/132/116 119/136/119 114/131/115
f 115/132/116 121/137/120 120/138/121
f 116/134/117 122/139/83 121/137/120
f 119/136/119 88/140/93 118/135/118
f 120/138/121 93/141/98 119/136/119
f 120/138/121 103/142/104 98/143/122
f 121/137/120 84/144/85 103/142/104
f 126/145/123 130/146/124 123/147/125
f 127/148/126 131/149/127 126/145/123
f 128/150/128 132/151/129 127/148/126
f 129/152/130 133/153/131 128/150/128
f 131/149/127 135/154/132 130/146/124
f 132/151/129 136/155/133 131/149/127
f 133/153/131 137/156/134 132/151/129
f 134/157/135 138/158/136 133/153/131
f 136/155/133 140/159/137 135/154/132
f 137/156/134 141/160/138 136/155/133
f 137/156/134 143/161/139 142/162/140
f 138/158/136 144/163/141 143/161/139
f 141/160/138 168/164/142 140/159/137
f 142/162/140 173/165/143 141/160/138
f 142/162/140 183/166/144 178/167/145
f 143/161/139 145/168/146 183/166/144
f 146/169/147 150/170/148 124/171/149
f 147/172/150 151/173/151 146/169/147
f 148/174/152 152/175/153 147/172/150
f 149/176/154 153/177/155 148/174/152
f 151/173/151 155/178/156 150/170/148
f 152/175/153 156/179/157 151/173/151
f 153/177/155 157/180/158 152/175/153
f 154/181/159 158/182/160 153/177/155
f 156/179/157 160/183/161 155/178/156
f 157/180/158 161/184/162 156/179/157
f 157/180/158 163/185/163 162/186/164
f 158/182/160 164/187/165 163/185/163
f 161/184/162 129/188/130 160/183/161
f 162/186/164 134/189/135 161/184/162
f 162/186/164 144/190/141 139/191/166
f 163/185/163 145/192/146 144/190/141
f 165/193/167 169/194/168 125/195/169
f 166/196/170 170/197/171 165/193/167
f 167/198/172 171/199/173 166/196/170
f 168/200/142 172/201/174 167/198/172
f 170/197/171 174/202/175 169/194/168
f 171/199/173 175/203/176 170/197/171
f 172/201/174 176/204/177 171/199/173
f 173/205/143 177/206/178 172/201/174
f 175/203/176 179/207/179 174/202/175
f 176/204/177 180/208/180 175/203/176
f 176/204/177 182/209/181 181/210/182
f 177/206/178 183/211/144 182/209/181
f 180/208/180 149/176/154 179/207/179
f 181/210/182 154/181/159 180/208/180
f 181/210/182 164/187/165 159/212/183
f 182/209/181 145/192/146 164/187/165
f 187/213/184 191/214/185 184/215/186
f 188/216/187 192/217/188 187/213/184
f 189/218/189 193/219/190 188/216/187
f 190/220/191 194/221/192 189/218/189
f 192/217/188 196/222/193 191/214/185
f 193/219/190 197/223/194 192/217/188
f 194/221/192 198/224/195 193/219/190
f 195/225/196 199/226/197 194/221/192
f 197/223/194 201/227/198 196/222/193
f 198/224/195 202/228/199 197/223/194
f 198/224/195 204/229/200 203/230/201
f 199/226/197 205/231/202 204/229/200
f 202/228/199 229/232/203 201/227/198
f 203/230/201 234/233/204 202/228/199
f 203/230/201 244/234/205 239/235/206
f 204/229/200 206/236/207 244/234/205
f 207/237/208 211/238/209 185/239/210
f 208/240/211 212/241/212 207/237/208
f 209/242/213 213/243/214 208/240/211
f 210/244/215 214/245/216 209/242/213
f 212/241/212 216/246/217 211/238/209
f 213/243/214 217/247/218 212/241/212
f 214/245/216 218/248/219 213/243/214
f 215/249/220 219/250/221 214/245/216
f 217/247/218 221/251/222 216/246/217
f 218/248/219 222/252/223 217/247/218
f 218/248/219 224/253/224 223/254/225
f 219/250/221 225/255/226 224/253/224
f 222/252/223 190/256/191 221/251/222
f 223/254/225 195/257/196 222/252/223
f 223/254/225 205/258/202 200/259/227
f 224/253/224 206/260/207 205/258/202
f 226/261/228 230/262/229 186/263/230
f 227/264/231 231/265/232 226/261/228
f 228/266/233 232/267/234 227/264/231
f 229/268/203 233/269/235 228/266/233
f 231/265/232 235/270/236 230/262/229
f 232/267/234 236/271/237 231/265/232
f 233/269/235 237/272/238 232/267/234
f 234/273/204 238/274/239 233/269/235
f 236/271/237 240/275/240 235/270/236
f 237/272/238 241/276/241 236/271/237
f 237/272/238 243/277/242 242/278/243
f 238/274/239 244/279/205 243/277/242
f 241/276/241 210/244/215 240/275/240
f 242/278/243 215/249/220 241/276/241
f 242/278/243 225/255/226 220/280/244
f 243/277/242 206/260/207 225/255/226
f 248/281/245 252/282/246 245/283/247
f 249/284/248 253/285/249 248/281/245
f 250/286/250 254/287/251 249/284/248
f 251/288/252 255/289/253 250/286/250
f 253/285/249 257/290/254 252/282/246
f 254/287/251 258/291/255 253/285/249
f 255/289/253 259/292/256 254/287/251
f 256/293/257 260/294/258 255/289/253
f 258/291/255 262/295/259 257/290/254
f 259/292/256 263/296/260 258/291/255
f 259/292/256 265/297/261 264/298/262
f 260/294/258 266/299/263 265/297/261
f 263/296/260 290/300/264 262/295/259
f 264/298/262 295/301/265 263/296/260
f 264/298/262 305/302/266 300/303/267
f 265/297/261 267/304/268 305/302/266
f 268/305/269 272/306/270 246/307/271
f 269/308/272 273/309/273 268/305/269
f 270/310/274 274/311/275 269/308/272
f 271/312/276 275/313/277 270/310/274
f 273/309/273 277/314/278 272/306/270
f 274/311/275 278/315/279 273/309/273
f 275/313/277 279/316/280 274/311/275
f 276/317/281 280/318/282 275/313/277
f 278/315/279 282/319/283 277/314/278
f 279/316/280 283/320/284 278/315/279
f 279/316/280 285/321/285 284/322/286
f 280/318/282 286/323/287 285/321/285
f 283/320/284 251/288/252 282/319/283
f 284/322/286 256/293/257 283/320/284
f 284/322/286 266/299/263 261/324/288
f 285/321/285 267/304/268 266/299/263
f 287/325/289 291/326/290 247/327/291
f 288/328/292 292/329/293 287/325/289
f 289/330/294 293/331/295 288/328/292
f 290/300/264 294/332/296 289/330/294
f 292/329/293 296/333/297 291/326/290
f 293/331/295 297/334/298 292/329/293
f 294/332/296 298/335/299 293/331/295
f 295/301/265 299/336/300 294/332/296
f 297/334/298 301/337/301 296/333/297
f 298/335/299 302/338/302 297/334/298
f 298/335/299 304/339/303 303/340/304
f 299/336/300 305/302/266 304/339/303
f 302/338/302 271/312/276 301/337/301
f 303/340/304 276/317/281 302/338/302
f 303/340/304 286/323/287 281/341/305
f 304/339/303 267/304/268 286/323/287
f 309/342/306 313/343/307 306/344/308
f 310/345/309 314/346/310 309/342/306
f 311/347/311 315/348/312 310/345/309
f 312/349/313 316/350/314 311/347/311
f 314/346/310 318/351/315 313/343/307
f 315/348/312 319/352/316 314/346/310
f 316/350/314 320/353/317 315/348/312
f 317/354/318 321/355/319 316/350/314
f 319/352/316 323/356/320 318/351/315
f 320/353/317 324/357/321 319/352/316
f 320/353/317 326/358/322 325/359/323
f 321/355/319 327/360/324 326/358/322
f 324/357/321 351/361/325 323/356/320
f 325/359/323 356/362/326 324/357/321
f 325/359/323 366/363/327 361/364/328
f 326/358/322 328/365/329 366/363/327
f 329/366/330 333/367/331 307/368/332
f 330/369/333 334/370/334 329/366/330
f 331/371/335 335/372/336 330/369/333
f 332/373/337 336/374/338 331/371/335
f 334/370/334 338/375/339 333/367/331
f 335/372/336 339/376/340 334/370/334
f 336/374/338 340/377/341 335/372/336
f 337/378/342 341/379/343 336/374/338
f 339/376/340 343/380/344 338/375/339
f 340/377/341 344/381/345 339/376/340
f 340/377/341 346/382/346 345/383/347
f 341/379/343 347/384/348 346/382/346
f 344/381/345 312/349/313 343/380/344
f 345/383/347 317/354/318 344/381/345
f 345/383/347 327/360/324 322/385/349
f 346/382/346 328/365/329 327/360/324
f 348/386/350 352/387/351 308/388/352
f 349/389/353 353/390/354 348/386/350
f 350/391/355 354/392/356 349/389/353
f 351/361/325 355/393/357 350/391/355
f 353/390/354 357/394/358 352/387/351
f 354/392/356 358/395/359 353/390/354
f 355/393/357 359/396/360 354/392/356
f 356/362/326 360/397/361 355/393/357
f 358/395/359 362/398/362 357/394/358
f 359/396/360 363/399/363 358/395/359
f 359/396/360 365/400/364 364/401/365
f 360/397/361 366/363/327 365/400/364
f 363/399/363 332/373/337 362/398/362
f 364/401/365 337/378/342 363/399/363
f 364/401/365 347/384/348 342/402/366
f 365/400/364 328/365/329 347/384/348
f 370/403/367 374/404/368 367/405/369
f 371/406/370 375/407/371 370/403/367
f 372/408/372 376/409/373 371/406/370
f 373/410/374 377/411/375 372/408/372
f 375/407/371 379/412/376 374/404/368
f 376/409/373 380/413/377 375/407/371
f 377/411/375 381/414/378 376/409/373
f 378/415/379 382/416/380 377/411/375
f 380/413/377 384/417/381 379/412/376
f 381/414/378 385/418/382 380/413/377
f 381/414/378 387/419/383 386/420/384
f 382/416/380 388/421/385 387/419/383
f 385/418/382 412/422/386 384/417/381
f 386/420/384 417/423/387 385/418/382
f 386/420/384 427/424/388 422/425/389
f 387/419/383 389/426/390 427/424/388
f 390/427/391 394/428/392 368/429/393
f 391/430/394 395/431/395 390/427/391
f 392/432/396 396/433/397 391/430/394
f 393/434/398 397/435/399 392/432/396
f 395/431/395 399/436/400 394/428/392
f 396/433/397 400/437/401 395/431/395
f 397/435/399 401/438/402 396/433/397
f 398/439/403 402/440/404 397/435/399
f 400/437/401 404/441/405 399/436/400
f 401/438/402 405/442/406 400/437/401
f 401/438/402 407/443/407 406/444/408
f 402/440/404 408/445/409 407/443/407
f 405/442/406 373/410/374 404/441/405
f 406/444/408 378/415/379 405/442/406
f 406/444/408 388/421/385 383/446/410
f 407/443/407 389/426/390 388/421/385
f 409/447/411 413/448/412 369/449/413
f 410/450/414 414/451/415 409/447/411
f 411/452/416 415/453/417 410/450/414
f 412/422/386 416/454/418 411/452/416
f 414/451/415 418/455/419 413/448/412
f 415/453/417 419/456/420 414/451/415
f 416/454/418 420/457/421 415/453/417
f 417/423/387 421/458/422 416/454/418
f 419/456/420 423/459/423 418/455/419
f 420/457/421 424/460/424 419/456/420
f 420/457/421 426/461/425 425/462/426
f 421/458/422 427/424/388 426/461/425
f 424/460/424 393/434/398 423/459/423
f 425/462/426 398/439/403 424/460/424
f 425/462/426 408/445/409 403/463/427
f 426/461/425 389/426/390 408/445/409
f 431/464/428 435/465/429 428/466/430
f 432/467/431 436/468/432 431/464/428
f 433/469/433 437/470/434 432/467/431
f 434/471/435 438/472/436 433/469/433
f 436/468/432 440/473/437 435/465/429
f 437/470/434 441/474/438 436/468/432
f 438/472/436 442/475/439 437/470/434
f 439/476/440 443/477/441 438/472/436
f 441/474/438 445/478/442 440/473/437
f 442/475/439 446/479/443 441/474/438
f 442/475/439 448/480/444 447/481/445
f 443/477/441 449/482/446 448/480/444
f 446/479/443 473/483/447 445/478/442
f 447/481/445 478/484/448 446/479/443
f 447/481/445 488/485/449 483/486/450
f 448/480/444 450/487/451 488/485/449
f 451/488/452 455/489/453 429/490/454
f 452/491/455 456/492/456 451/488/452
f 453/493/457 457/494/458 452/491/455
f 454/495/459 458/496/460 453/493/457
f 456/492/456 460/497/461 455/489/453
f 457/494/458 461/498/462 456/492/456
f 458/496/460 462/499/463 457/494/458
f 459/500/464 463/501/465 458/496/460
f 461/498/462 465/502/466 460/497/461
f 462/499/463 466/503/467 461/498/462
f 462/499/463 468/504/468 467/505/469
f 463/501/465 469/506/470 468/504/468
f 466/503/467 434/471/435 465/502/466
f 467/505/469 439/476/440 466/503/467
f 467/505/469 449/482/446 444/507/471
f 468/504/468 450/487/451 449/482/446
f 470/508/472 474/509/473 430/510/474
f 471/511/475 475/512/476 470/508/472
f 472/513/477 476/514/478 471/511/475
f 473/483/447 477/515/479 472/513/477
f 475/512/476 479/516/480 474/509/473
f 476/514/478 480/517/481 475/512/476
f 477/515/479 481/518/482 476/514/478
f 478/484/448 482/519/483 477/515/479
f 480/517/481 484/520/484 479/516/480
f 481/518/482 485/521/485 480/517/481
f 481/518/482 487/522/486 486/523/487
f 482/519/483 488/485/449 487/522/486
f 485/521/485 454/495/459 484/520/484
f 486/523/487 459/500/464 485/521/485
f 486/523/487 469/506/470 464/524/488
f 487/522/486 450/487/451 469/506/470
f 1/3/3 126/145/123 123/147/125
f 8/2/2 127/148/126 126/145/123
f 13/10/10 128/150/128 127/148/126
f 18/15/15 129/152/130 128/150/128
f 46/56/20 160/183/161 129/188/130
f 45/54/50 155/178/156 160/183/161
f 44/52/48 150/170/148 155/178/156
f 43/49/45 124/171/149 150/170/148
f 62/75/64 24/25/25 2/27/27
f 69/74/63 25/28/28 24/25/25
f 74/82/71 26/30/30 25/28/28
f 79/87/76 27/32/32 26/30/30
f 107/128/81 57/63/57 27/68/32
f 106/126/111 52/58/53 57/63/57
f 105/124/109 47/50/46 52/58/53
f 47/50/46 64/123/108 3/51/47
f 63/99/88 191/214/185 85/97/86
f 191/214/185 86/100/89 85/97/86
f 196/222/193 87/102/91 86/100/89
f 201/227/198 88/104/93 87/102/91
f 229/268/203 118/135/118 88/140/93
f 228/266/233 113/130/114 118/135/118
f 227/264/231 108/122/107 113/130/114
f 226/261/228 64/123/108 108/122/107
f 125/195/169 207/237/208 185/239/210
f 169/194/168 208/240/211 207/237/208
f 174/202/175 209/242/213 208/240/211
f 179/207/179 210/244/215 209/242/213
f 149/176/154 240/275/240 210/244/215
f 148/174/152 235/270/236 240/275/240
f 147/172/150 230/262/229 235/270/236
f 230/262/229 124/171/149 186/263/230
f 123/147/125 370/403/367 367/405/369
f 130/146/124 371/406/370 370/403/367
f 135/154/132 372/408/372 371/406/370
f 140/159/137 373/410/374 372/408/372
f 168/200/142 404/441/405 373/410/374
f 167/198/172 399/436/400 404/441/405
f 166/196/170 394/428/392 399/436/400
f 165/193/167 368/429/393 394/428/392
f 428/466/430 187/213/184 184/215/186
f 435/465/429 188/216/187 187/213/184
f 440/473/437 189/218/189 188/216/187
f 445/478/442 190/220/191 189/218/189
f 473/483/447 221/251/222 190/256/191
f 472/513/477 216/246/217 221/251/222
f 471/511/475 211/238/209 216/246/217
f 470/508/472 185/239/210 211/238/209
f 369/449/413 451/488/452 429/490/454
f 413/448/412 452/491/455 451/488/452
f 418/455/419 453/493/457 452/491/455
f 423/459/423 454/495/459 453/493/457
f 393/434/398 484/520/484 454/495/459
f 392/432/396 479/516/480 484/520/484
f 391/430/394 474/509/473 479/516/480
f 474/509/473 368/429/393 430/510/474
f 367/405/369 248/281/245 245/283/247
f 374/404/368 249/284/248 248/281/245
f 379/412/376 250/286/250 249/284/248
f 384/417/381 251/288/252 250/286/250
f 412/422/386 282/319/283 251/288/252
f 411/452/416 277/314/278 282/319/283
f 410/450/414 272/306/270 277/314/278
f 409/447/411 246/307/271 272/306/270
f 306/344/308 431/464/428 428/466/430
f 313/343/307 432/467/431 431/464/428
f 318/351/315 433/469/433 432/467/431
f 323/356/320 434/471/435 433/469/433
f 351/361/325 465/502/466 434/471/435
f 350/391/355 460/497/461 465/502/466
f 349/389/353 455/489/453 460/497/461
f 348/386/350 429/490/454 455/489/453
f 247/327/291 329/366/330 307/368/332
f 291/326/290 330/369/333 329/366/330
f 296/333/297 331/371/335 330/369/333
f 301/337/301 332/373/337 331/371/335
f 271/312/276 362/398/362 332/373/337
f 270/310/274 357/394/358 362/398/362
f 269/308/272 352/387/351 357/394/358
f 352/387/351 246/307/271 308/388/352
f 245/283/247 4/1/1 1/3/3
f 252/282/246 5/4/4 4/1/1
f 257/290/254 6/6/6 5/4/4
f 262/295/259 7/8/8 6/6/6
f 290/300/264 38/39/39 7/44/8
f 289/330/294 33/34/34 38/39/39
f 288/328/292 28/26/26 33/34/34
f 287/325/289 2/27/27 28/26/26
f 63/99/88 309/342/306 306/344/308
f 89/98/87 310/345/309 309/342/306
f 94/106/95 311/347/311 310/345/309
f 99/111/100 312/349/313 311/347/311
f 68/80/69 343/380/344 312/349/313
f 67/78/67 338/375/339 343/380/344
f 66/76/65 333/367/331 338/375/339
f 65/73/62 307/368/332 333/367/331
f 367/405/369 1/3/3 123/147/125
f 64/123/108 124/171/149 3/51/47
f 307/368/332 2/27/27 247/327/291
f 184/215/186 306/344/308 428/466/430
f 185/239/210 368/429/393 125/195/169
f 429/490/454 246/307/271 369/449/413
f 4/1/1 9/5/5 8/2/2
f 5/4/4 10/7/7 9/5/5
f 6/6/6 11/9/9 10/7/7
f 7/8/8 12/13/13 11/9/9
f 9/5/5 14/11/11 13/10/10
f 10/7/7 15/12/12 14/11/11
f 11/9/9 16/14/14 15/12/12
f 12/13/13 17/525/44 16/14/14
f 14/11/11 19/16/16 18/15/15
f 15/12/12 20/18/18 19/16/16
f 15/12/12 16/14/14 21/17/17
f 16/14/14 17/525/44 22/19/19
f 19/16/16 51/21/21 46/20/20
f 20/18/18 56/23/23 51/21/21
f 20/18/18 21/17/17 61/22/22
f 21/17/17 22/19/19 23/24/24
f 24/25/25 29/29/29 28/26/26
f 25/28/28 30/31/31 29/29/29
f 26/30/30 31/33/33 30/31/31
f 27/32/32 32/37/37 31/33/33
f 29/29/29 34/35/35 33/34/34
f 30/31/31 35/36/36 34/35/35
f 31/33/33 36/38/38 35/36/36
f 32/37/37 37/526/61 36/38/38
f 34/35/35 39/40/40 38/39/39
f 35/36/36 40/42/42 39/40/40
f 35/36/36 36/38/38 41/41/41
f 36/38/38 37/526/61 42/43/43
f 39/40/40 12/45/13 7/44/8
f 40/42/42 17/47/44 12/45/13
f 40/42/42 41/41/41 22/46/19
f 41/41/41 42/43/43 23/48/24
f 43/49/45 48/53/49 47/50/46
f 44/52/48 49/55/51 48/53/49
f 45/54/50 50/57/52 49/55/51
f 46/56/20 51/61/21 50/57/52
f 48/53/49 53/59/54 52/58/53
f 49/55/51 54/60/55 53/59/54
f 50/57/52 55/62/56 54/60/55
f 51/61/21 56/527/23 55/62/56
f 53/59/54 58/64/58 57/63/57
f 54/60/55 59/66/60 58/64/58
f 54/60/55 55/62/56 60/65/59
f 55/62/56 56/527/23 61/67/22
f 58/64/58 32/69/37 27/68/32
f 59/66/60 37/71/61 32/69/37
f 59/66/60 60/65/59 42/70/43
f 60/65/59 61/67/22 23/72/24
f 65/73/62 70/77/66 69/74/63
f 66/76/65 71/79/68 70/77/66
f 67/78/67 72/81/70 71/79/68
f 68/80/69 73/85/74 72/81/70
f 70/77/66 75/83/72 74/82/71
f 71/79/68 76/84/73 75/83/72
f 72/81/70 77/86/75 76/84/73
f 73/85/74 78/528/105 77/86/75
f 75/83/72 80/88/77 79/87/76
f 76/84/73 81/90/79 80/88/77
f 76/84/73 77/86/75 82/89/78
f 77/86/75 78/528/105 83/91/80
f 80/88/77 112/93/82 107/92/81
f 81/90/79 117/95/84 112/93/82
f 81/90/79 82/89/78 122/94/83
f 82/89/78 83/91/80 84/96/85
f 85/97/86 90/101/90 89/98/87
f 86/100/89 91/103/92 90/101/90
f 87/102/91 92/105/94 91/103/92
f 88/104/93 93/109/98 92/105/94
f 90/101/90 95/107/96 94/106/95
f 91/103/92 96/108/97 95/107/96
f 92/105/94 97/110/99 96/108/97
f 93/109/98 98/529/122 97/110/99
f 95/107/96 100/112/101 99/111/100
f 96/108/97 101/114/103 100/112/101
f 96/108/97 97/110/99 102/113/102
f 97/110/99 98/529/122 103/115/104
f 100/112/101 73/117/74 68/116/69
f 101/114/103 78/119/105 73/117/74
f 101/114/103 102/113/102 83/118/80
f 102/113/102 103/115/104 84/120/85
f 104/121/106 109/125/110 108/122/107
f 105/124/109 110/127/112 109/125/110
f 106/126/111 111/129/113 110/127/112
f 107/128/81 112/133/82 111/129/113
f 109/125/110 114/131/115 113/130/114
f 110/127/112 115/132/116 114/131/115
f 111/129/113 116/134/117 115/132/116
f 112/133/82 117/530/84 116/134/117
f 114/131/115 119/136/119 118/135/118
f 115/132/116 120/138/121 119/136/119
f 115/132/116 116/134/117 121/137/120
f 116/134/117 117/530/84 122/139/83
f 119/136/119 93/141/98 88/140/93
f 120/138/121 98/143/122 93/141/98
f 120/138/121 121/137/120 103/142/104
f 121/137/120 122/139/83 84/144/85
f 126/145/123 131/149/127 130/146/124
f 127/148/126 132/151/129 131/149/127
f 128/150/128 133/153/131 132/151/129
f 129/152/130 134/157/135 133/153/131
f 131/149/127 136/155/133 135/154/132
f 132/151/129 137/156/134 136/155/133
f 133/153/131 138/158/136 137/156/134
f 134/157/135 139/531/166 138/158/136
f 136/155/133 141/160/138 140/159/137
f 137/156/134 142/162/140 141/160/138
f 137/156/134 138/158/136 143/161/139
f 138/158/136 139/531/166 144/163/141
f 141/160/138 173/165/143 168/164/142
f 142/162/140 178/167/145 173/165/143
f 142/162/140 143/161/139 183/166/144
f 143/161/139 144/163/141 145/168/146
f 146/169/147 151/173/151 150/170/148
f 147/172/150 152/175/153 151/173/151
f 148/174/152 153/177/155 152/175/153
f 149/176/154 154/181/159 153/177/155
f 151/173/151 156/179/157 155/178/156
f 152/175/153 157/180/158 156/179/157
f 153/177/155 158/182/160 157/180/158
f 154/181/159 159/212/183 158/182/160
f 156/179/157 161/184/162 160/183/161
f 157/180/158 162/186/164 161/184/162
f 157/180/158 158/182/160 163/185/163
f 158/182/160 159/212/183 164/187/165
f 161/184/162 134/189/135 129/188/130
f 162/186/164 139/191/166 134/189/135
f 162/186/164 163/185/163 144/190/141
f 163/185/163 164/187/165 145/192/146
f 165/193/167 170/197/171 169/194/168
f 166/196/170 171/199/173 170/197/171
f 167/198/172 172/201/174 171/199/173
f 168/200/142 173/205/143 172/201/174
f 170/197/171 175/203/176 174/202/175
f 171/199/173 176/204/177 175/203/176
f 172/201/174 177/206/178 176/204/177
f 173/205/143 178/532/145 177/206/178
f 175/203/176 180/208/180 179/207/179
f 176/204/177 181/210/182 180/208/180
f 176/204/177 177/206/178 182/209/181
f 177/206/178 178/532/145 183/211/144
f 180/208/180 154/181/159 149/176/154
f 181/210/182 159/212/183 154/181/159
f 181/210/182 182/209/181 164/187/165
f 182/209/181 183/211/144 145/192/146
f 187/213/184 192/217/188 191/214/185
f 188/216/187 193/219/190 192/217/188
f 189/218/189 194/221/192 193/219/190
f 190/220/191 195/225/196 194/221/192
f 192/217/188 197/223/194 196/222/193
f 193/219/190 198/224/195 197/223/194
f 194/221/192 199/226/197 198/224/195
f 195/225/196 200/533/227 199/226/197
f 197/223/194 202/228/199 201/227/198
f 198/224/195 203/230/201 202/228/199
f 198/224/195 199/226/197 204/229/200
f 199/226/197 200/533/227 205/231/202
f 202/228/199 234/233/204 229/232/203
f 203/230/201 239/235/206 234/233/204
f 203/230/201 204/229/200 244/234/205
f 204/229/200 205/231/202 206/236/207
f 207/237/208 212/241/212 211/238/209
f 208/240/211 213/243/214 212/241/212
f 209/242/213 214/245/216 213/243/214
f 210/244/215 215/249/220 214/245/216
f 212/241/212 217/247/218 216/246/217
f 213/243/214 218/248/219 217/247/218
f 214/245/216 219/250/221 218/248/219
f 215/249/220 220/280/244 219/250/221
f 217/247/218 222/252/223 221/251/222
f 218/248/219 223/254/225 222/252/223
f 218/248/219 219/250/221 224/253/224
f 219/250/221 220/280/244 225/255/226
f 222/252/223 195/257/196 190/256/191
f 223/254/225 200/259/227 195/257/196
f 223/254/225 224/253/224 205/258/202
f 224/253/224 225/255/226 206/260/207
f 226/261/228 231/265/232 230/262/229
f 227/264/231 232/267/234 231/265/232
f 228/266/233 233/269/235 232/267/234
f 229/268/203 234/273/204 233/269/235
f 231/265/232 236/271/237 235/270/236
f 232/267/234 237/272/238 236/271/237
f 233/269/235 238/274/239 237/272/238
f 234/273/204 239/534/206 238/274/239
f 236/271/237 241/276/241 240/275/240
f 237/272/238 242/278/243 241/276/241
f 237/272/238 238/274/239 243/277/242
f 238/274/239 239/534/206 244/279/205
f 241/276/241 215/249/220 210/244/215
f 242/278/243 220/280/244 215/249/220
f 242/278/243 243/277/242 225/255/226
f 243/277/242 244/279/205 206/260/207
f 248/281/245 253/285/249 252/282/246
f 249/284/248 254/287/251 253/285/249
f 250/286/250 255/289/253 254/287/251
f 251/288/252 256/293/257 255/289/253
f 253/285/249 258/291/255 257/290/254
f 254/287/251 259/292/256 258/291/255
f 255/289/253 260/294/258 259/292/256
f 256/293/257 261/324/288 260/294/258
f 258/291/255 263/296/260 262/295/259
f 259/292/256 264/298/262 263/296/260
f 259/292/256 260/294/258 265/297/261
f 260/294/258 261/324/288 266/299/263
f 263/296/260 295/301/265 290/300/264
f 264/298/262 300/303/267 295/301/265
f 264/298/262 265/297/261 305/302/266
f 265/297/261 266/299/263 267/304/268
f 268/305/269 273/309/273 272/306/270
f 269/308/272 274/311/275 273/309/273
f 270/310/274 275/313/277 274/311/275
f 271/312/276 276/317/281 275/313/277
f 273/309/273 278/315/279 277/314/278
f 274/311/275 279/316/280 278/315/279
f 275/313/277 280/318/282 279/316/280
f 276/317/281 281/341/305 280/318/282
f 278/315/279 283/320/284 282/319/283
f 279/316/280 284/322/286 283/320/284
f 279/316/280 280/318/282 285/321/285
f 280/318/282 281/341/305 286/323/287
f 283/320/284 256/293/257 251/288/252
f 284/322/286 261/324/288 256/293/257
f 284/322/286 285/321/285 266/299/263
f 285/321/285 286/323/287 267/304/268
f 287/325/289 292/329/293 291/326/290
f 288/328/292 293/331/295 292/329/293
f 289/330/294 294/332/296 293/331/295
f 290/300/264 295/301/265 294/332/296
f 292/329/293 297/334/298 296/333/297
f 293/331/295 298/335/299 297/334/298
f 294/332/296 299/336/300 298/335/299
f 295/301/265 300/303/267 299/336/300
f 297/334/298 302/338/302 301/337/301
f 298/335/299 303/340/304 302/338/302
f 298/335/299 299/336/300 304/339/303
f 299/336/300 300/303/267 305/302/266
f 302/338/302 276/317/281 271/312/276
f 303/340/304 281/341/305 276/317/281
f 303/340/304 304/339/303 286/323/287
f 304/339/303 305/302/266 267/304/268
f 309/342/306 314/346/310 313/343/307
f 310/345/309 315/348/312 314/346/310
f 311/347/311 316/350/314 315/348/312
f 312/349/313 317/354/318 316/350/314
f 314/346/310 319/352/316 318/351/315
f 315/348/312 320/353/317 319/352/316
f 316/350/314 321/355/319 320/353/317
f 317/354/318 322/385/349 321/355/319
f 319/352/316 324/357/321 323/356/320
f 320/353/317 325/359/323 324/357/321
f 320/353/317 321/355/319 326/358/322
f 321/355/319 322/385/349 327/360/324
f 324/357/321 356/362/326 351/361/325
f 325/359/323 361/364/328 356/362/326
f 325/359/323 326/358/322 366/363/327
f 326/358/322 327/360/324 328/365/329
f 329/366/330 334/370/334 333/367/331
f 330/369/333 335/372/336 334/370/334
f 331/371/335 336/374/338 335/372/336
f 332/373/337 337/378/342 336/374/338
f 334/370/334 339/376/340 338/375/339
f 335/372/336 340/377/341 339/376/340
f 336/374/338 341/379/343 340/377/341
f 337/378/342 342/402/366 341/379/343
f 339/376/340 344/381/345 343/380/344
f 340/377/341 345/383/347 344/381/345
f 340/377/341 341/379/343 346/382/346
f 341/379/343 342/402/366 347/384/348
f 344/381/345 317/354/318 312/349/313
f 345/383/347 322/385/349 317/354/318
f 345/383/347 346/382/346 327/360/324
f 346/382/346 347/384/348 328/365/329
f 348/386/350 353/390/354 352/387/351
f 349/389/353 354/392/356 353/390/354
f 350/391/355 355/393/357 354/392/356
f 351/361/325 356/362/326 355/393/357
f 353/390/354 358/395/359 357/394/358
f 354/392/356 359/396/360 358/395/359
f 355/393/357 360/397/361 359/396/360
f 356/362/326 361/364/328 360/397/361
f 358/395/359 363/399/363 362/398/362
f 359/396/360 364/401/365 363/399/363
f 359/396/360 360/397/361 365/400/364
f 360/397/361 361/364/328 366/363/327
f 363/399/363 337/378/342 332/373/337
f 364/401/365 342/402/366 337/378/342
f 364/401/365 365/400/364 347/384/348
f 365/400/364 366/363/327 328/365/329
f 370/403/367 375/407/371 374/404/368
f 371/406/370 376/409/373 375/407/371
f 372/408/372 377/411/375 376/409/373
f 373/410/374 378/415/379 377/411/375
f 375/407/371 380/413/377 379/412/376
f 376/409/373 381/414/378 380/413/377
f 377/411/375 382/416/380 381/414/378
f 378/415/379 383/446/410 382/416/380
f 380/413/377 385/418/382 384/417/381
f 381/414/378 386/420/384 385/418/382
f 381/414/378 382/416/380 387/419/383
f 382/416/380 383/446/410 388/421/385
f 385/418/382 417/423/387 412/422/386
f 386/420/384 422/425/389 417/423/387
f 386/420/384 387/419/383 427/424/388
f 387/419/383 388/421/385 389/426/390
f 390/427/391 395/431/395 394/428/392
f 391/430/394 396/433/397 395/431/395
f 392/432/396 397/435/399 396/433/397
f 393/434/398 398/439/403 397/435/399
f 395/431/395 400/437/401 399/436/400
f 396/433/397 401/438/402 400/437/401
f 397/435/399 402/440/404 401/438/402
f 398/439/403 403/463/427 402/440/404
f 400/437/401 405/442/406 404/441/405
f 401/438/402 406/444/408 405/442/406
f 401/438/402 402/440/404 407/443/407
f 402/440/404 403/463/427 408/445/409
f 405/442/406 378/415/379 373/410/374
f 406/444/408 383/446/410 378/415/379
f 406/444/408 407/443/407 388/421/385
f 407/443/407 408/445/409 389/426/390
f 409/447/411 414/451/415 413/448/412
f 410/450/414 415/453/417 414/451/415
f 411/452/416 416/454/418 415/453/417
f 412/422/386 417/423/387 416/454/418
f 414/451/415 419/456/420 418/455/419
f 415/453/417 420/457/421 419/456/420
f 416/454/418 421/458/422 420/457/421
f 417/423/387 422/425/389 421/458/422
f 419/456/420 424/460/424 423/459/423
f 420/457/421 425/462/426 424/460/424
f 420/457/421 421/458/422 426/461/425
f 421/458/422 422/425/389 427/424/388
f 424/460/424 398/439/403 393/434/398
f 425/462/426 403/463/427 398/439/403
f 425/462/426 426/461/425 408/445/409
f 426/461/425 427/424/388 389/426/390
f 431/464/428 436/468/432 435/465/429
f 432/467/431 437/470/434 436/468/432
f 433/469/433 438/472/436 437/470/434
f 434/471/435 439/476/440 438/472/436
f 436/468/432 441/474/438 440/473/437
f 437/470/434 442/475/439 441/474/438
f 438/472/436 443/477/441 442/475/439
f 439/476/440 444/507/471 443/477/441
f 441/474/438 446/479/443 445/478/442
f 442/475/439 447/481/445 446/479/443
f 442/475/439 443/477/441 448/480/444
f 443/477/441 444/507/471 449/482/446
f 446/479/443 478/484/448 473/483/447
f 447/481/445 483/486/450 478/484/448
f 447/481/445 448/480/444 488/485/449
f 448/480/444 449/482/446 450/487/451
f 451/488/452 456/492/456 455/489/453
f 452/491/455 457/494/458 456/492/456
f 453/493/457 458/496/460 457/494/458
f 454/495/459 459/500/464 458/496/460
f 456/492/456 461/498/462 460/497/461
f 457/494/458 462/499/463 461/498/462
f 458/496/460 463/501/465 462/499/463
f 459/500/464 464/524/488 463/501/465
f 461/498/462 466/503/467 465/502/466
f 462/499/463 467/505/469 466/503/467
f 462/499/463 463/501/465 468/504/468
f 463/501/465 464/524/488 469/506/470
f 466/503/467 439/476/440 434/471/435
f 467/505/469 444/507/471 439/476/440
f 467/505/469 468/504/468 449/482/446
f 468/504/468 469/506/470 450/487/451
f 470/508/472 475/512/476 474/509/473
f 471/511/475 476/514/478 475/512/476
f 472/513/477 477/515/479 476/514/478
f 473/483/447 478/484/448 477/515/479
f 475/512/476 480/517/481 479/516/480
f 476/514/478 481/518/482 480/517/481
f 477/515/479 482/519/483 481/518/482
f 478/484/448 483/486/450 482/519/483
f 480/517/481 485/521/485 484/520/484
f 481/518/482 486/523/487 485/521/485
f 481/518/482 482/519/483 487/522/486
f 482/519/483 483/486/450 488/485/449
f 485/521/485 459/500/464 454/495/459
f 486/523/487 464/524/488 459/500/464
f 486/523/487 487/522/486 469/506/470
f 487/522/486 488/485/449 450/487/451
f 1/3/3 8/2/2 126/145/123
f 8/2/2 13/10/10 127/148/126
f 13/10/10 18/15/15 128/150/128
f 18/15/15 46/20/20 129/152/130
f 46/56/20 45/54/50 160/183/161
f 45/54/50 44/52/48 155/178/156
f 44/52/48 43/49/45 150/170/148
f 43/49/45 3/51/47 124/171/149
f 62/75/64 69/74/63 24/25/25
f 69/74/63 74/82/71 25/28/28
f 74/82/71 79/87/76 26/30/30
f 79/87/76 107/92/81 27/32/32
f 107/128/81 106/126/111 57/63/57
f 106/126/111 105/124/109 52/58/53
f 105/124/109 104/121/106 47/50/46
f 47/50/46 104/121/106 64/123/108
f 63/99/88 184/215/186 191/214/185
f 191/214/185 196/222/193 86/100/89
f 196/222/193 201/227/198 87/102/91
f 201/227/198 229/232/203 88/104/93
f 229/268/203 228/266/233 118/135/118
f 228/266/233 227/264/231 113/130/114
f 227/264/231 226/261/228 108/122/107
f 226/261/228 186/263/230 64/123/108
f 125/195/169 169/194/168 207/237/208
f 169/194/168 174/202/175 208/240/211
f 174/202/175 179/207/179 209/242/213
f 179/207/179 149/176/154 210/244/215
f 149/176/154 148/174/152 240/275/240
f 148/174/152 147/172/150 235/270/236
f 147/172/150 146/169/147 230/262/229
f 230/262/229 146/169/147 124/171/149
f 123/147/125 130/146/124 370/403/367
f 130/146/124 135/154/132 371/406/370
f 135/154/132 140/159/137 372/408/372
f 140/159/137 168/164/142 373/410/374
f 168/200/142 167/198/172 404/441/405
f 167/198/172 166/196/170 399/436/400
f 166/196/170 165/193/167 394/428/392
f 165/193/167 125/195/169 368/429/393
f 428/466/430 435/465/429 187/213/184
f 435/465/429 440/473/437 188/216/187
f 440/473/437 445/478/442 189/218/189
f 445/478/442 473/483/447 190/220/191
f 473/483/447 472/513/477 221/251/222
f 472/513/477 471/511/475 216/246/217
f 471/511/475 470/508/472 211/238/209
f 470/508/472 430/510/474 185/239/210
f 369/449/413 413/448/412 451/488/452
f 413/448/412 418/455/419 452/491/455
f 418/455/419 423/459/423 453/493/457
f 423/459/423 393/434/398 454/495/459
f 393/434/398 392/432/396 484/520/484
f 392/432/396 391/430/394 479/516/480
f 391/430/394 390/427/391 474/509/473
f 474/509/473 390/427/391 368/429/393
f 367/405/369 374/404/368 248/281/245
f 374/404/368 379/412/376 249/284/248
f 379/412/376 384/417/381 250/286/250
f 384/417/381 412/422/386 251/288/252
f 412/422/386 411/452/416 282/319/283
f 411/452/416 410/450/414 277/314/278
f 410/450/414 409/447/411 272/306/270
f 409/447/411 369/449/413 246/307/271
f 306/344/308 313/343/307 431/464/428
f 313/343/307 318/351/315 432/467/431
f 318/351/315 323/356/320 433/469/433
f 323/356/320 351/361/325 434/471/435
f 351/361/325 350/391/355 465/502/466
f 350/391/355 349/389/353 460/497/461
f 349/389/353 348/386/350 455/489/453
f 348/386/350 308/388/352 429/490/454
f 247/327/291 291/326/290 329/366/330
f 291/326/290 296/333/297 330/369/333
f 296/333/297 301/337/301 331/371/335
f 301/337/301 271/312/276 332/373/337
f 271/312/276 270/310/274 362/398/362
f 270/310/274 269/308/272 357/394/358
f 269/308/272 268/305/269 352/387/351
f 352/387/351 268/305/269 246/307/271
f 245/283/247 252/282/246 4/1/1
f 252/282/246 257/290/254 5/4/4
f 257/290/254 262/295/259 6/6/6
f 262/295/259 290/300/264 7/8/8
f 290/300/264 289/330/294 38/39/39
f 289/330/294 288/328/292 33/34/34
f 288/328/292 287/325/289 28/26/26
f 287/325/289 247/327/291 2/27/27
f 63/99/88 89/98/87 309/342/306
f 89/98/87 94/106/95 310/345/309
f 94/106/95 99/111/100 311/347/311
f 99/111/100 68/116/69 312/349/313
f 68/80/69 67/78/67 343/380/344
f 67/78/67 66/76/65 338/375/339
f 66/76/65 65/73/62 333/367/331
f 65/73/62 62/75/64 307/368/332
f 367/405/369 245/283/247 1/3/3
f 64/123/108 186/263/230 124/171/149
f 307/368/332 62/75/64 2/27/27
f 184/215/186 63/99/88 306/344/308
f 185/239/210 430/510/474 368/429/393
f 429/490/454 308/388/352 246/307/271
o telescoping_cross_grip
v -0.106950 -0.011830 0.240688
v -0.105555 -0.013225 0.240688
v -0.105555 -0.011830 0.242083
v -0.106764 -0.012527 0.240688
v -0.106764 -0.011830 0.241385
v -0.106583 -0.012497 0.241355
v -0.105555 -0.013039 0.241385
v -0.106252 -0.013039 0.240688
v -0.106222 -0.012858 0.241355
v -0.106252 -0.011830 0.241897
v -0.105555 -0.012527 0.241897
v -0.106222 -0.012497 0.241716
v 0.106950 -0.011830 0.240688
v 0.105555 -0.011830 0.242083
v 0.105555 -0.013225 0.240688
v 0.106764 -0.011830 0.241385
v 0.106764 -0.012527 0.240688
v 0.106583 -0.012497 0.241355
v 0.105555 -0.012527 0.241897
v 0.106252 -0.011830 0.241897
v 0.106222 -0.012497 0.241716
v 0.106252 -0.013039 0.240688
v 0.105555 -0.013039 0.241385
v 0.106222 -0.012858 0.241355
v 0.105557 -0.011830 0.211148
v 0.106950 -0.011830 0.212478
v 0.105555 -0.013225 0.212545
v 0.106253 -0.011830 0.211302
v 0.105556 -0.012527 0.211335
v 0.106223 -0.012497 0.211485
v 0.106763 -0.012527 0.212487
v 0.106764 -0.011830 0.211790
v 0.106583 -0.012497 0.211828
v 0.105555 -0.013039 0.211847
v 0.106251 -0.013039 0.212512
v 0.106222 -0.012858 0.211845
v 0.102494 -0.011830 0.211291
v 0.102615 -0.013225 0.212682
v 0.102510 -0.012527 0.211477
v 0.102554 -0.013038 0.211986
v 0.098038 -0.011830 0.211858
v 0.098245 -0.013225 0.213238
v 0.098065 -0.012527 0.212043
v 0.098141 -0.013038 0.212548
v 0.093581 -0.011830 0.212633
v 0.093820 -0.013225 0.214008
v 0.093613 -0.012527 0.212817
v 0.093701 -0.013038 0.213320
v 0.089125 -0.011830 0.213408
v 0.089332 -0.013225 0.214788
v 0.089153 -0.012527 0.213593
v 0.089229 -0.013038 0.214098
v 0.084669 -0.011830 0.213976
v 0.084790 -0.013225 0.215366
v 0.084685 -0.012527 0.214162
v 0.084729 -0.013038 0.214671
v 0.080213 -0.011830 0.214183
v 0.080213 -0.013225 0.215580
v 0.080213 -0.012527 0.214370
v 0.080213 -0.013038 0.214881
v 0.075756 -0.011830 0.213976
v 0.075635 -0.013225 0.215366
v 0.075740 -0.012527 0.214162
v 0.075696 -0.013038 0.214671
v 0.071300 -0.011830 0.213408
v 0.071093 -0.013225 0.214788
v 0.071272 -0.012527 0.213593
v 0.071196 -0.013038 0.214098
v 0.066844 -0.011830 0.212633
v 0.066605 -0.013225 0.214008
v 0.066812 -0.012527 0.212817
v 0.066724 -0.013038 0.213320
v 0.062388 -0.011830 0.211858
v 0.062180 -0.013225 0.213238
v 0.062360 -0.012527 0.212043
v 0.062284 -0.013038 0.212548
v 0.057931 -0.011830 0.211291
v 0.057810 -0.013225 0.212682
v 0.057915 -0.012527 0.211477
v 0.057871 -0.013038 0.211986
v 0.053475 -0.011830 0.211083
v 0.053475 -0.013225 0.212480
v 0.053475 -0.012527 0.211270
v 0.053475 -0.013038 0.211781
v 0.049019 -0.011830 0.211291
v 0.049140 -0.013225 0.212682
v 0.049035 -0.012527 0.211477
v 0.049079 -0.013038 0.211986
v 0.044562 -0.011830 0.211858
v 0.044770 -0.013225 0.213238
v 0.044590 -0.012527 0.212043
v 0.044666 -0.013038 0.212548
v 0.040106 -0.011830 0.212633
v 0.040345 -0.013225 0.214008
v 0.040138 -0.012527 0.212817
v 0.040226 -0.013038 0.213320
v 0.035650 -0.011830 0.213408
v 0.035857 -0.013225 0.214788
v 0.035678 -0.012527 0.213593
v 0.035754 -0.013038 0.214098
v 0.031194 -0.011830 0.213976
v 0.031315 -0.013225 0.215366
v 0.031210 -0.012527 0.214162
v 0.031254 -0.013038 0.214671
v 0.026737 -0.011830 0.214183
v 0.026737 -0.013225 0.215580
v 0.026737 -0.012527 0.214370
v 0.026737 -0.013038 0.214881
v 0.022281 -0.011830 0.213976
v 0.022160 -0.013225 0.215366
v 0.022265 -0.012527 0.214162
v 0.022221 -0.013038 0.214671
v 0.017825 -0.011830 0.213408
v 0.017618 -0.013225 0.214788
v 0.017797 -0.012527 0.213593
v 0.017721 -0.013038 0.214098
v 0.013369 -0.011830 0.212633
v 0.013130 -0.013225 0.214008
v 0.013337 -0.012527 0.212817
v 0.013249 -0.013038 0.213320
v 0.008912 -0.011830 0.211858
v 0.008705 -0.013225 0.213238
v 0.008885 -0.012527 0.212043
v 0.008809 -0.013038 0.212548
v 0.004456 -0.011830 0.211291
v 0.004335 -0.013225 0.212682
v 0.004440 -0.012527 0.211477
v 0.004396 -0.013038 0.211986
v 0.000000 -0.011830 0.211083
v 0.000000 -0.013225 0.212480
v 0.000000 -0.012527 0.211270
v 0.000000 -0.013038 0.211781
v -0.004456 -0.011830 0.211291
v -0.004335 -0.013225 0.212682
v -0.004440 -0.012527 0.211477
v -0.004396 -0.013038 0.211986
v -0.008912 -0.011830 0.211858
v -0.008705 -0.013225 0.213238
v -0.008885 -0.012527 0.212043
v -0.008809 -0.013038 0.212548
v -0.013369 -0.011830 0.212633
v -0.013130 -0.013225 0.214008
v -0.013337 -0.012527 0.212817
v -0.013249 -0.013038 0.213320
v -0.017825 -0.011830 0.213408
v -0.017618 -0.013225 0.214788
v -0.017797 -0.012527 0.213593
v -0.017721 -0.013038 0.214098
v -0.022281 -0.011830 0.213976
v -0.022160 -0.013225 0.215366
v -0.022265 -0.012527 0.214162
v -0.022221 -0.013038 0.214671
v -0.026737 -0.011830 0.214183
v -0.026737 -0.013225 0.215580
v -0.026737 -0.012527 0.214370
v -0.026737 -0.013038 0.214881
v -0.031194 -0.011830 0.213976
v -0.031315 -0.013225 0.215366
v -0.031210 -0.012527 0.214162
v -0.031254 -0.013038 0.214671
v -0.035650 -0.011830 0.213408
v -0.035857 -0.013225 0.214788
v -0.035678 -0.012527 0.213593
v -0.035754 -0.013038 0.214098
v -0.040106 -0.011830 0.212633
v -0.040345 -0.013225 0.214008
v -0.040138 -0.012527 0.212817
v -0.040226 -0.013038 0.213320
v -0.044562 -0.011830 0.211858
v -0.044770 -0.013225 0.213238
v -0.044590 -0.012527 0.212043
v -0.044666 -0.013038 0.212548
v -0.049019 -0.011830 0.211291
v -0.049140 -0.013225 0.212682
v -0.049035 -0.012527 0.211477
v -0.049079 -0.013038 0.211986
v -0.053475 -0.011830 0.211083
v -0.053475 -0.013225 0.212480
v -0.053475 -0.012527 0.211270
v -0.053475 -0.013038 0.211781
v -0.057931 -0.011830 0.211291
v -0.057810 -0.013225 0.212682
v -0.057915 -0.012527 0.211477
v -0.057871 -0.013038 0.211986
v -0.062387 -0.011830 0.211858
v -0.062180 -0.013225 0.213238
v -0.062360 -0.012527 0.212043
v -0.062284 -0.013038 0.212548
v -0.066844 -0.011830 0.212633
v -0.066605 -0.013225 0.214008
v -0.066812 -0.012527 0.212817
v -0.066724 -0.013038 0.213320
v -0.071300 -0.011830 0.213408
v -0.071093 -0.013225 0.214788
v -0.071272 -0.012527 0.213593
v -0.071196 -0.013038 0.214098
v -0.075756 -0.011830 0.213976
v -0.075635 -0.013225 0.215366
v -0.075740 -0.012527 0.214162
v -0.075696 -0.013038 0.214671
v -0.080212 -0.011830 0.214183
v -0.080212 -0.013225 0.215580
v -0.080212 -0.012527 0.214370
v -0.080212 -0.013038 0.214881
v -0.084669 -0.011830 0.213976
v -0.084790 -0.013225 0.215366
v -0.084685 -0.012527 0.214162
v -0.084729 -0.013038 0.214671
v -0.089125 -0.011830 0.213408
v -0.089332 -0.013225 0.214788
v -0.089153 -0.012527 0.213593
v -0.089229 -0.013038 0.214098
v -0.093581 -0.011830 0.212633
v -0.093820 -0.013225 0.214008
v -0.093613 -0.012527 0.212817
v -0.093701 -0.013038 0.213320
v -0.098037 -0.011830 0.211858
v -0.098245 -0.013225 0.213238
v -0.098065 -0.012527 0.212043
v -0.098141 -0.013038 0.212548
v -0.102494 -0.011830 0.211291
v -0.102615 -0.013225 0.212682
v -0.102510 -0.012527 0.211477
v -0.102554 -0.013038 0.211986
v -0.106950 -0.011830 0.212478
v -0.105557 -0.011830 0.211148
v -0.105555 -0.013225 0.212545
v -0.106764 -0.011830 0.211790
v -0.106763 -0.012527 0.212487
v -0.106583 -0.012497 0.211828
v -0.105556 -0.012527 0.211335
v -0.106253 -0.011830 0.211302
v -0.106223 -0.012497 0.211485
v -0.106251 -0.013039 0.212512
v -0.105555 -0.013039 0.211847
v -0.106222 -0.012858 0.211845
v -0.106950 0.011830 0.240688
v -0.105555 0.011830 0.242083
v -0.105555 0.013225 0.240688
v -0.106764 0.011830 0.241385
v -0.106764 0.012527 0.240688
v -0.106583 0.012497 0.241355
v -0.105555 0.012527 0.241897
v -0.106252 0.011830 0.241897
v -0.106222 0.012497 0.241716
v -0.106252 0.013039 0.240688
v -0.105555 0.013039 0.241385
v -0.106222 0.012858 0.241355
v 0.105555 0.011830 0.242083
v 0.106950 0.011830 0.240688
v 0.105555 0.013225 0.240688
v 0.106252 0.011830 0.241897
v 0.105555 0.012527 0.241897
v 0.106222 0.012497 0.241716
v 0.106764 0.012527 0.240688
v 0.106764 0.011830 0.241385
v 0.106583 0.012497 0.241355
v 0.105555 0.013039 0.241385
v 0.106252 0.013039 0.240688
v 0.106222 0.012858 0.241355
v 0.106950 0.011830 0.212478
v 0.105557 0.011830 0.211148
v 0.105555 0.013225 0.212545
v 0.106764 0.011830 0.211790
v 0.106763 0.012527 0.212487
v 0.106583 0.012497 0.211828
v 0.105556 0.012527 0.211335
v 0.106253 0.011830 0.211302
v 0.106223 0.012497 0.211485
v 0.106251 0.013039 0.212512
v 0.105555 0.013039 0.211847
v 0.106222 0.012858 0.211845
v 0.102494 0.011830 0.211291
v 0.102615 0.013225 0.212682
v 0.102510 0.012528 0.211477
v 0.102554 0.013038 0.211986
v 0.098038 0.011830 0.211858
v 0.098245 0.013225 0.213238
v 0.098065 0.012528 0.212043
v 0.098141 0.013038 0.212548
v 0.093581 0.011830 0.212633
v 0.093820 0.013225 0.214008
v 0.093613 0.012528 0.212817
v 0.093701 0.013038 0.213320
v 0.089125 0.011830 0.213408
v 0.089332 0.013225 0.214788
v 0.089153 0.012528 0.213593
v 0.089229 0.013038 0.214098
v 0.084669 0.011830 0.213976
v 0.084790 0.013225 0.215366
v 0.084685 0.012528 0.214162
v 0.084729 0.013038 0.214671
v 0.080213 0.011830 0.214183
v 0.080213 0.013225 0.215580
v 0.080213 0.012528 0.214370
v 0.080213 0.013038 0.214881
v 0.075756 0.011830 0.213976
v 0.075635 0.013225 0.215366
v 0.075740 0.012528 0.214162
v 0.075696 0.013038 0.214671
v 0.071300 0.011830 0.213408
v 0.071093 0.013225 0.214788
v 0.071272 0.012528 0.213593
v 0.071196 0.013038 0.214098
v 0.066844 0.011830 0.212633
v 0.066605 0.013225 0.214008
v 0.066812 0.012528 0.212817
v 0.066724 0.013038 0.213320
v 0.062388 0.011830 0.211858
v 0.062180 0.013225 0.213238
v 0.062360 0.012528 0.212043
v 0.062284 0.013038 0.212548
v 0.057931 0.011830 0.211291
v 0.057810 0.013225 0.212682
v 0.057915 0.012528 0.211477
v 0.057871 0.013038 0.211986
v 0.053475 0.011830 0.211083
v 0.053475 0.013225 0.212480
v 0.053475 0.012528 0.211270
v 0.053475 0.013038 0.211781
v 0.049019 0.011830 0.211291
v 0.049140 0.013225 0.212682
v 0.049035 0.012528 0.211477
v 0.049079 0.013038 0.211986
v 0.044562 0.011830 0.211858
v 0.044770 0.013225 0.213238
v 0.044590 0.012528 0.212043
v 0.044666 0.013038 0.212548
v 0.040106 0.011830 0.212633
v 0.040345 0.013225 0.214008
v 0.040138 0.012528 0.212817
v 0.040226 0.013038 0.213320
v 0.035650 0.011830 0.213408
v 0.035857 0.013225 0.214788
v 0.035678 0.012528 0.213593
v 0.035754 0.013038 0.214098
v 0.031194 0.011830 0.213976
v 0.031315 0.013225 0.215366
v 0.031210 0.012528 0.214162
v 0.031254 0.013038 0.214671
v 0.026737 0.011830 0.214183
v 0.026737 0.013225 0.215580
v 0.026737 0.012528 0.214370
v 0.026737 0.013038 0.214881
v 0.022281 0.011830 0.213976
v 0.022160 0.013225 0.215366
v 0.022265 0.012528 0.214162
v 0.022221 0.013038 0.214671
v 0.017825 0.011830 0.213408
v 0.017618 0.013225 0.214788
v 0.017797 0.012528 0.213593
v 0.017721 0.013038 0.214098
v 0.013369 0.011830 0.212633
v 0.013130 0.013225 0.214008
v 0.013337 0.012528 0.212817
v 0.013249 0.013038 0.213320
v 0.008912 0.011830 0.211858
v 0.008705 0.013225 0.213238
v 0.008885 0.012528 0.212043
v 0.008809 0.013038 0.212548
v 0.004456 0.011830 0.211291
v 0.004335 0.013225 0.212682
v 0.004440 0.012528 0.211477
v 0.004396 0.013038 0.211986
v 0.000000 0.011830 0.211083
v 0.000000 0.013225 0.212480
v 0.000000 0.012528 0.211270
v 0.000000 0.013038 0.211781
v -0.004456 0.011830 0.211291
v -0.004335 0.013225 0.212682
v -0.004440 0.012528 0.211477
v -0.004396 0.013038 0.211986
v -0.008912 0.011830 0.211858
v -0.008705 0.013225 0.213238
v -0.008885 0.012528 0.212043
v -0.008809 0.013038 0.212548
v -0.013369 0.011830 0.212633
v -0.013130 0.013225 0.214008
v -0.013337 0.012528 0.212817
v -0.013249 0.013038 0.213320
v -0.017825 0.011830 0.213408
v -0.017618 0.013225 0.214788
v -0.017797 0.012528 0.213593
v -0.017721 0.013038 0.214098
v -0.022281 0.011830 0.213976
v -0.022160 0.013225 0.215366
v -0.022265 0.012528 0.214162
v -0.022221 0.013038 0.214671
v -0.026737 0.011830 0.214183
v -0.026737 0.013225 0.215580
v -0.026737 0.012528 0.214370
v -0.026737 0.013038 0.214881
v -0.031194 0.011830 0.213976
v -0.031315 0.013225 0.215366
v -0.031210 0.012528 0.214162
v -0.031254 0.013038 0.214671
v -0.035650 0.011830 0.213408
v -0.035857 0.013225 0.214788
v -0.035678 0.012528 0.213593
v -0.035754 0.013038 0.214098
v -0.040106 0.011830 0.212633
v -0.040345 0.013225 0.214008
v -0.040138 0.012528 0.212817
v -0.040226 0.013038 0.213320
v -0.044562 0.011830 0.211858
v -0.044770 0.013225 0.213238
v -0.044590 0.012528 0.212043
v -0.044666 0.013038 0.212548
v -0.049019 0.011830 0.211291
v -0.049140 0.013225 0.212682
v -0.049035 0.012528 0.211477
v -0.049079 0.013038 0.211986
v -0.053475 0.011830 0.211083
v -0.053475 0.013225 0.212480
v -0.053475 0.012528 0.211270
v -0.053475 0.013038 0.211781
v -0.057931 0.011830 0.211291
v -0.057810 0.013225 0.212682
v -0.057915 0.012528 0.211477
v -0.057871 0.013038 0.211986
v -0.062387 0.011830 0.211858
v -0.062180 0.013225 0.213238
v -0.062360 0.012528 0.212043
v -0.062284 0.013038 0.212548
v -0.066844 0.011830 0.212633
v -0.066605 0.013225 0.214008
v -0.066812 0.012528 0.212817
v -0.066724 0.013038 0.213320
v -0.071300 0.011830 0.213408
v -0.071093 0.013225 0.214788
v -0.071272 0.012528 0.213593
v -0.071196 0.013038 0.214098
v -0.075756 0.011830 0.213976
v -0.075635 0.013225 0.215366
v -0.075740 0.012528 0.214162
v -0.075696 0.013038 0.214671
v -0.080212 0.011830 0.214183
v -0.080212 0.013225 0.215580
v -0.080212 0.012528 0.214370
v -0.080212 0.013038 0.214881
v -0.084669 0.011830 0.213976
v -0.084790 0.013225 0.215366
v -0.084685 0.012528 0.214162
v -0.084729 0.013038 0.214671
v -0.089125 0.011830 0.213408
v -0.089332 0.013225 0.214788
v -0.089153 0.012528 0.213593
v -0.089229 0.013038 0.214098
v -0.093581 0.011830 0.212633
v -0.093820 0.013225 0.214008
v -0.093613 0.012528 0.212817
v -0.093701 0.013038 0.213320
v -0.098037 0.011830 0.211858
v -0.098245 0.013225 0.213238
v -0.098065 0.012528 0.212043
v -0.098141 0.013038 0.212548
v -0.102494 0.011830 0.211291
v -0.102615 0.013225 0.212682
v -0.102510 0.012528 0.211477
v -0.102554 0.013038 0.211986
v -0.106950 0.011830 0.212478
v -0.105555 0.013225 0.212545
v -0.105557 0.011830 0.211148
v -0.106763 0.012527 0.212487
v -0.106764 0.011830 0.211790
v -0.106583 0.012497 0.211828
v -0.105555 0.013039 0.211848
v -0.106251 0.013039 0.212512
v -0.106222 0.012858 0.211846
v -0.106253 0.011830 0.211302
v -0.105556 0.012527 0.211335
v -0.106223 0.012497 0.211485
vn -0.9353 -0.2503 0.2502
vn -0.6902 -0.6901 0.2178
vn -0.2502 -0.9353 0.2502
vn -0.2181 -0.6901 0.6901
vn -0.2500 -0.2503 0.9353
vn -0.6900 -0.2178 0.6903
vn -0.5772 -0.5774 0.5774
vn 0.9353 -0.2502 0.2502
vn 0.6902 -0.2178 0.6901
vn 0.2500 -0.2503 0.9353
vn 0.2175 -0.6901 0.6902
vn 0.2502 -0.9353 0.2502
vn 0.6902 -0.6901 0.2178
vn 0.5772 -0.5774 0.5774
vn 0.2084 -0.2535 -0.9446
vn 0.6730 -0.2235 -0.7050
vn 0.9339 -0.2535 -0.2522
vn 0.6848 -0.6951 -0.2187
vn 0.2392 -0.9381 -0.2506
vn 0.1866 -0.6952 -0.6942
vn 0.5589 -0.5870 -0.5857
vn -0.9339 -0.2535 -0.2522
vn -0.6729 -0.2236 -0.7052
vn -0.2084 -0.2535 -0.9446
vn -0.1866 -0.6952 -0.6942
vn -0.2392 -0.9381 -0.2506
vn -0.6847 -0.6952 -0.2187
vn -0.5589 -0.5870 -0.5857
vn -0.9353 0.2503 0.2502
vn -0.6901 0.2178 0.6902
vn -0.2500 0.2503 0.9353
vn -0.2175 0.6901 0.6902
vn -0.2502 0.9353 0.2502
vn -0.6902 0.6901 0.2178
vn -0.5773 0.5774 0.5774
vn 0.2500 0.2503 0.9353
vn 0.6900 0.2178 0.6903
vn 0.9353 0.2502 0.2502
vn 0.6902 0.6901 0.2178
vn 0.2502 0.9353 0.2502
vn 0.2181 0.6901 0.6901
vn 0.5772 0.5774 0.5774
vn 0.9339 0.2535 -0.2522
vn 0.6729 0.2236 -0.7052
vn 0.2084 0.2535 -0.9446
vn 0.1866 0.6952 -0.6942
vn 0.2392 0.9381 -0.2506
vn 0.6848 0.6952 -0.2187
vn 0.5589 0.5870 -0.5857
vn -0.9339 0.2535 -0.2522
vn -0.6848 0.6951 -0.2187
vn -0.2393 0.9380 -0.2507
vn -0.1866 0.6952 -0.6942
vn -0.2084 0.2536 -0.9446
vn -0.6729 0.2236 -0.7051
vn -0.5590 0.5869 -0.5857
vn -0.9660 -0.2584 -0.0000
vn -0.7071 -0.7071 -0.0000
vn -0.2584 -0.9660 -0.0000
vn 0.0120 -0.9659 -0.2586
vn 0.0328 -0.7071 -0.7064
vn 0.0450 -0.2589 -0.9649
vn 0.0327 -0.9659 -0.2567
vn 0.0893 -0.7071 -0.7015
vn 0.1220 -0.2588 -0.9582
vn 0.0443 -0.9659 -0.2550
vn 0.1212 -0.7071 -0.6966
vn 0.1655 -0.2588 -0.9516
vn 0.1211 -0.7071 -0.6967
vn 0.0327 -0.9659 -0.2568
vn 0.1220 -0.2589 -0.9582
vn 0.0121 -0.9659 -0.2585
vn 0.0329 -0.7071 -0.7063
vn 0.0450 -0.2588 -0.9649
vn -0.0120 -0.9659 -0.2585
vn -0.0329 -0.7071 -0.7064
vn -0.0450 -0.2589 -0.9649
vn -0.0327 -0.9659 -0.2567
vn -0.0893 -0.7071 -0.7015
vn -0.1220 -0.2588 -0.9582
vn -0.0443 -0.9659 -0.2550
vn -0.1212 -0.7071 -0.6966
vn -0.1655 -0.2588 -0.9517
vn -0.1212 -0.7071 -0.6967
vn -0.0327 -0.9659 -0.2568
vn -0.1220 -0.2589 -0.9582
vn -0.0121 -0.9659 -0.2585
vn -0.0329 -0.7071 -0.7063
vn -0.0450 -0.2588 -0.9649
vn 0.0329 -0.7071 -0.7064
vn -0.0121 -0.9660 -0.2582
vn -0.0328 -0.7071 -0.7064
vn -0.0450 -0.2587 -0.9649
vn 0.2584 -0.9660 -0.0000
vn 0.7071 -0.7071 -0.0000
vn 0.9660 -0.2584 -0.0000
vn -0.0000 -0.9660 0.2585
vn -0.0000 -0.7071 0.7071
vn -0.0000 -0.2585 0.9660
vn -0.2584 0.9660 -0.0000
vn -0.7071 0.7071 -0.0000
vn -0.9660 0.2585 -0.0000
vn -0.0000 0.2585 0.9660
vn -0.0000 0.7071 0.7071
vn -0.0000 0.9660 0.2585
vn 0.9660 0.2584 -0.0000
vn 0.7071 0.7071 -0.0000
vn 0.2584 0.9660 -0.0000
vn -0.0450 0.2587 -0.9649
vn -0.0328 0.7071 -0.7064
vn -0.0121 0.9660 -0.2582
vn -0.1220 0.2589 -0.9582
vn -0.0893 0.7071 -0.7014
vn -0.0327 0.9659 -0.2568
vn -0.1655 0.2588 -0.9517
vn -0.1212 0.7071 -0.6967
vn -0.0443 0.9659 -0.2550
vn -0.1212 0.7071 -0.6966
vn -0.1220 0.2588 -0.9582
vn -0.0893 0.7071 -0.7015
vn -0.0327 0.9659 -0.2567
vn -0.0450 0.2589 -0.9649
vn -0.0329 0.7071 -0.7063
vn -0.0120 0.9659 -0.2586
vn 0.0450 0.2588 -0.9649
vn 0.0329 0.7071 -0.7063
vn 0.0121 0.9659 -0.2585
vn 0.1220 0.2589 -0.9582
vn 0.0893 0.7071 -0.7015
vn 0.0327 0.9659 -0.2568
vn 0.1655 0.2588 -0.9516
vn 0.1211 0.7071 -0.6967
vn 0.0443 0.9659 -0.2550
vn 0.1212 0.7071 -0.6966
vn 0.1220 0.2588 -0.9582
vn 0.0327 0.9659 -0.2567
vn 0.0450 0.2589 -0.9649
vn 0.0329 0.7071 -0.7064
vn 0.0120 0.9659 -0.2585
vn -0.0450 0.2588 -0.9649
vn -0.0121 0.9659 -0.2585
vn 0.0328 0.7071 -0.7064
vn -0.2585 -0.0000 0.9660
vn -0.7070 -0.0000 0.7072
vn -0.9660 -0.0000 0.2585
vn 0.9660 -0.0000 0.2584
vn 0.7071 -0.0000 0.7071
vn 0.2585 -0.0000 0.9660
vn 0.2154 -0.0000 -0.9765
vn 0.6904 -0.0000 -0.7235
vn 0.9654 -0.0000 -0.2607
vn -0.9654 -0.0000 -0.2607
vn -0.6905 -0.0000 -0.7233
vn -0.2154 -0.0000 -0.9765
vn -1.0000 -0.0000 -0.0000
vn -0.0000 -1.0000 -0.0000
vn -0.0000 -0.0000 1.0000
vn 1.0000 -0.0000 -0.0000
vn -0.0465 -0.0000 -0.9989
vn -0.1263 -0.0000 -0.9920
vn -0.1713 -0.0000 -0.9852
vn -0.0466 -0.0000 -0.9989
vn 0.0466 -0.0000 -0.9989
vn 0.1263 -0.0000 -0.9920
vn 0.1713 -0.0000 -0.9852
vn -0.0000 1.0000 -0.0000
vn -0.9280 -0.2635 0.2635
vn -0.6902 -0.6901 0.2177
vn -0.2635 -0.9280 0.2635
vn -0.2175 -0.6901 0.6902
vn -0.2637 -0.2634 0.9279
vn -0.6902 -0.2178 0.6901
vn 0.9280 -0.2635 0.2635
vn 0.6900 -0.2178 0.6903
vn 0.2636 -0.2634 0.9279
vn 0.2181 -0.6901 0.6901
vn 0.2635 -0.9280 0.2635
vn 0.2223 -0.2671 -0.9377
vn 0.6729 -0.2236 -0.7052
vn 0.9263 -0.2671 -0.2658
vn 0.6848 -0.6952 -0.2187
vn 0.2520 -0.9310 -0.2640
vn -0.9263 -0.2671 -0.2658
vn -0.6730 -0.2235 -0.7050
vn -0.2223 -0.2671 -0.9377
vn -0.2520 -0.9310 -0.2639
vn -0.6848 -0.6951 -0.2187
vn -0.9280 0.2635 0.2635
vn -0.6900 0.2178 0.6902
vn -0.2636 0.2634 0.9279
vn -0.2181 0.6901 0.6901
vn -0.2635 0.9280 0.2635
vn 0.2637 0.2634 0.9279
vn 0.6902 0.2178 0.6901
vn 0.9280 0.2635 0.2635
vn 0.2635 0.9280 0.2635
vn 0.2175 0.6901 0.6902
vn 0.9263 0.2671 -0.2658
vn 0.6730 0.2235 -0.7050
vn 0.2223 0.2671 -0.9377
vn 0.2520 0.9310 -0.2640
vn 0.6848 0.6951 -0.2187
vn -0.9263 0.2671 -0.2657
vn -0.6847 0.6952 -0.2187
vn -0.2519 0.9310 -0.2640
vn -0.1866 0.6951 -0.6942
vn -0.2226 0.2671 -0.9376
vn -0.6729 0.2236 -0.7052
vn -0.9659 -0.2588 -0.0000
vn -0.2585 -0.9660 -0.0000
vn 0.0121 -0.9660 -0.2582
vn 0.0450 -0.2587 -0.9649
vn 0.1212 -0.7071 -0.6967
vn 0.1655 -0.2588 -0.9517
vn 0.0120 -0.9659 -0.2585
vn -0.0893 -0.7071 -0.7014
vn -0.1211 -0.7071 -0.6967
vn -0.1655 -0.2588 -0.9516
vn -0.0120 -0.9659 -0.2586
vn 0.2585 -0.9660 -0.0000
vn 0.9659 -0.2588 -0.0000
vn -0.0000 -0.9660 0.2584
vn -0.2586 0.9660 -0.0000
vn -0.9659 0.2588 -0.0000
vn -0.0000 0.9660 0.2584
vn 0.9659 0.2588 -0.0000
vn 0.2585 0.9660 -0.0000
vn -0.0120 0.9659 -0.2585
vn -0.1655 0.2588 -0.9516
vn -0.1211 0.7071 -0.6967
vn 0.0120 0.9659 -0.2586
vn 0.1655 0.2588 -0.9517
vn 0.1212 0.7071 -0.6967
vn 0.0893 0.7071 -0.7014
vn -0.0329 0.7071 -0.7064
vn 0.0121 0.9660 -0.2583
vn -0.7071 -0.0000 0.7071
vn -0.9660 -0.0000 0.2584
vn 0.9660 -0.0000 0.2585
vn 0.7070 -0.0000 0.7072
vn 0.6906 -0.0000 -0.7232
vn -0.9654 -0.0000 -0.2608
vn -0.6904 -0.0000 -0.7235
vn -0.2156 -0.0000 -0.9765
vn -0.0000 -1.0000 0.0001
vn 0.0465 -0.0000 -0.9989
vn -0.0000 1.0000 -0.0001
vn -0.0000 0.9662 0.2577
vn -0.0000 0.9665 0.2567
s 0
usemtl gray_handle_polymer
f 492//489 493//489 489//489
f 496//490 494//490 492//490
f 495//491 496//491 490//491
f 495//492 500//492 497//492
f 498//493 499//493 491//493
f 493//494 500//494 498//494
f 494//495 497//495 500//495
f 504//496 505//496 501//496
f 504//497 509//497 506//497
f 507//498 508//498 502//498
f 511//499 509//499 507//499
f 510//500 511//500 503//500
f 510//501 506//501 512//501
f 506//502 509//502 512//502
f 516//503 517//503 513//503
f 520//504 518//504 516//504
f 519//505 520//505 514//505
f 519//506 524//506 521//506
f 522//507 523//507 515//507
f 517//508 524//508 522//508
f 518//509 521//509 524//509
f 716//510 717//510 713//510
f 716//511 721//511 718//511
f 719//512 720//512 714//512
f 719//513 724//513 721//513
f 722//514 723//514 715//514
f 717//515 724//515 722//515
f 718//516 721//516 724//516
f 728//517 729//517 725//517
f 732//518 730//518 728//518
f 731//519 732//519 726//519
f 735//520 733//520 731//520
f 734//521 735//521 727//521
f 729//522 736//522 734//522
f 730//523 733//523 736//523
f 740//524 741//524 737//524
f 744//525 742//525 740//525
f 743//526 744//526 738//526
f 743//527 748//527 745//527
f 746//528 747//528 739//528
f 746//529 742//529 748//529
f 742//530 745//530 748//530
f 752//531 753//531 749//531
f 752//532 757//532 754//532
f 755//533 756//533 750//533
f 755//534 760//534 757//534
f 758//535 759//535 751//535
f 753//536 760//536 758//536
f 754//537 757//537 760//537
f 952//538 953//538 949//538
f 952//539 957//539 954//539
f 955//540 956//540 950//540
f 959//541 957//541 955//541
f 958//542 959//542 951//542
f 953//543 960//543 958//543
f 954//544 957//544 960//544
f 489//545 717//545 492//545
f 492//546 722//546 496//546
f 496//547 715//547 490//547
f 715//548 712//548 710//548
f 723//549 711//549 712//549
f 719//550 709//550 711//550
f 710//551 708//551 706//551
f 712//552 707//552 708//552
f 711//553 705//553 707//553
f 706//554 704//554 702//554
f 708//555 703//555 704//555
f 707//556 701//556 703//556
f 702//554 700//554 698//554
f 704//557 699//557 700//557
f 703//556 697//556 699//556
f 698//558 696//558 694//558
f 700//552 695//552 696//552
f 699//559 693//559 695//559
f 694//560 692//560 690//560
f 696//561 691//561 692//561
f 695//562 689//562 691//562
f 686//563 692//563 688//563
f 688//564 691//564 687//564
f 687//565 689//565 685//565
f 682//566 688//566 684//566
f 684//567 687//567 683//567
f 683//568 685//568 681//568
f 678//569 684//569 680//569
f 680//570 683//570 679//570
f 679//571 681//571 677//571
f 674//569 680//569 676//569
f 676//572 679//572 675//572
f 675//571 677//571 673//571
f 670//573 676//573 672//573
f 672//567 675//567 671//567
f 671//574 673//574 669//574
f 666//575 672//575 668//575
f 668//576 671//576 667//576
f 667//577 669//577 665//577
f 666//548 664//548 662//548
f 668//561 663//561 664//561
f 667//550 661//550 663//550
f 662//551 660//551 658//551
f 664//552 659//552 660//552
f 663//553 657//553 659//553
f 658//554 656//554 654//554
f 660//555 655//555 656//555
f 659//556 653//556 655//556
f 654//554 652//554 650//554
f 656//557 651//557 652//557
f 655//556 649//556 651//556
f 650//558 648//558 646//558
f 652//552 647//552 648//552
f 651//559 645//559 647//559
f 646//560 644//560 642//560
f 648//561 643//561 644//561
f 647//562 641//562 643//562
f 638//563 644//563 640//563
f 640//576 643//576 639//576
f 639//565 641//565 637//565
f 634//566 640//566 636//566
f 636//567 639//567 635//567
f 635//568 637//568 633//568
f 630//569 636//569 632//569
f 632//570 635//570 631//570
f 631//571 633//571 629//571
f 626//569 632//569 628//569
f 628//572 631//572 627//572
f 627//571 629//571 625//571
f 622//573 628//573 624//573
f 624//567 627//567 623//567
f 623//574 625//574 621//574
f 618//575 624//575 620//575
f 620//576 623//576 619//576
f 619//577 621//577 617//577
f 618//548 616//548 614//548
f 620//561 615//561 616//561
f 619//550 613//550 615//550
f 614//551 612//551 610//551
f 616//552 611//552 612//552
f 615//553 609//553 611//553
f 610//554 608//554 606//554
f 612//555 607//555 608//555
f 611//556 605//556 607//556
f 606//554 604//554 602//554
f 608//557 603//557 604//557
f 607//556 601//556 603//556
f 602//558 600//558 598//558
f 604//552 599//552 600//552
f 603//559 597//559 599//559
f 598//560 596//560 594//560
f 600//561 595//561 596//561
f 599//562 593//562 595//562
f 590//563 596//563 592//563
f 592//576 595//576 591//576
f 591//565 593//565 589//565
f 586//566 592//566 588//566
f 588//567 591//567 587//567
f 587//568 589//568 585//568
f 582//569 588//569 584//569
f 584//570 587//570 583//570
f 583//571 585//571 581//571
f 578//569 584//569 580//569
f 580//572 583//572 579//572
f 579//571 581//571 577//571
f 574//573 580//573 576//573
f 576//567 579//567 575//567
f 575//574 577//574 573//574
f 570//575 576//575 572//575
f 572//576 575//576 571//576
f 571//577 573//577 569//577
f 570//548 568//548 566//548
f 572//578 567//578 568//578
f 571//550 565//550 567//550
f 566//551 564//551 562//551
f 568//552 563//552 564//552
f 567//553 561//553 563//553
f 562//554 560//554 558//554
f 564//555 559//555 560//555
f 563//556 557//556 559//556
f 558//554 556//554 554//554
f 560//557 555//557 556//557
f 559//556 553//556 555//556
f 554//558 552//558 550//558
f 556//552 551//552 552//552
f 555//559 549//559 551//559
f 550//560 548//560 546//560
f 552//561 547//561 548//561
f 551//562 545//562 547//562
f 542//563 548//563 544//563
f 544//564 547//564 543//564
f 543//565 545//565 541//565
f 538//566 544//566 540//566
f 540//567 543//567 539//567
f 539//568 541//568 537//568
f 534//569 540//569 536//569
f 536//570 539//570 535//570
f 535//571 537//571 533//571
f 530//569 536//569 532//569
f 532//572 535//572 531//572
f 531//571 533//571 529//571
f 526//573 532//573 528//573
f 528//567 531//567 527//567
f 527//574 529//574 525//574
f 515//579 528//579 522//579
f 522//580 527//580 517//580
f 517//581 525//581 513//581
f 515//582 510//582 503//582
f 523//583 505//583 510//583
f 519//584 501//584 505//584
f 503//585 495//585 490//585
f 511//586 499//586 495//586
f 507//587 491//587 499//587
f 950//588 734//588 727//588
f 956//589 729//589 734//589
f 952//590 725//590 729//590
f 737//591 731//591 726//591
f 741//592 735//592 731//592
f 746//593 727//593 735//593
f 738//594 753//594 743//594
f 743//595 758//595 747//595
f 747//596 751//596 739//596
f 761//597 755//597 750//597
f 763//598 759//598 755//598
f 764//599 751//599 759//599
f 765//600 763//600 761//600
f 767//601 764//601 763//601
f 768//602 762//602 764//602
f 769//603 767//603 765//603
f 771//604 768//604 767//604
f 772//605 766//605 768//605
f 773//603 771//603 769//603
f 775//606 772//606 771//606
f 776//605 770//605 772//605
f 777//607 775//607 773//607
f 779//608 776//608 775//608
f 780//609 774//609 776//609
f 781//610 779//610 777//610
f 783//611 780//611 779//611
f 784//612 778//612 780//612
f 781//613 787//613 783//613
f 783//614 788//614 784//614
f 784//615 786//615 782//615
f 785//616 791//616 787//616
f 787//617 792//617 788//617
f 788//618 790//618 786//618
f 789//619 795//619 791//619
f 791//620 796//620 792//620
f 792//621 794//621 790//621
f 793//619 799//619 795//619
f 795//622 800//622 796//622
f 796//621 798//621 794//621
f 797//623 803//623 799//623
f 799//617 804//617 800//617
f 800//624 802//624 798//624
f 801//625 807//625 803//625
f 803//626 808//626 804//626
f 804//627 806//627 802//627
f 809//628 807//628 805//628
f 811//611 808//611 807//611
f 812//629 806//629 808//629
f 813//600 811//600 809//600
f 815//608 812//608 811//608
f 816//602 810//602 812//602
f 817//603 815//603 813//603
f 819//604 816//604 815//604
f 820//605 814//605 816//605
f 821//603 819//603 817//603
f 823//606 820//606 819//606
f 824//605 818//605 820//605
f 825//607 823//607 821//607
f 827//608 824//608 823//608
f 828//609 822//609 824//609
f 829//610 827//610 825//610
f 831//611 828//611 827//611
f 832//612 826//612 828//612
f 829//613 835//613 831//613
f 831//614 836//614 832//614
f 832//615 834//615 830//615
f 833//616 839//616 835//616
f 835//617 840//617 836//617
f 836//618 838//618 834//618
f 837//619 843//619 839//619
f 839//620 844//620 840//620
f 840//621 842//621 838//621
f 841//619 847//619 843//619
f 843//622 848//622 844//622
f 844//621 846//621 842//621
f 845//623 851//623 847//623
f 847//617 852//617 848//617
f 848//624 850//624 846//624
f 849//625 855//625 851//625
f 851//626 856//626 852//626
f 852//627 854//627 850//627
f 857//628 855//628 853//628
f 859//611 856//611 855//611
f 860//629 854//629 856//629
f 861//600 859//600 857//600
f 863//608 860//608 859//608
f 864//602 858//602 860//602
f 865//603 863//603 861//603
f 867//604 864//604 863//604
f 868//605 862//605 864//605
f 869//603 867//603 865//603
f 871//606 868//606 867//606
f 872//605 866//605 868//605
f 873//607 871//607 869//607
f 875//608 872//608 871//608
f 876//609 870//609 872//609
f 877//610 875//610 873//610
f 879//611 876//611 875//611
f 880//612 874//612 876//612
f 877//613 883//613 879//613
f 879//614 884//614 880//614
f 880//615 882//615 878//615
f 881//616 887//616 883//616
f 883//617 888//617 884//617
f 884//618 886//618 882//618
f 885//619 891//619 887//619
f 887//620 892//620 888//620
f 888//621 890//621 886//621
f 889//619 895//619 891//619
f 891//622 896//622 892//622
f 892//621 894//621 890//621
f 893//623 899//623 895//623
f 895//617 900//617 896//617
f 896//624 898//624 894//624
f 897//625 903//625 899//625
f 899//626 904//626 900//626
f 900//627 902//627 898//627
f 905//628 903//628 901//628
f 907//611 904//611 903//611
f 908//629 902//629 904//629
f 909//600 907//600 905//600
f 911//601 908//601 907//601
f 912//602 906//602 908//602
f 913//603 911//603 909//603
f 915//604 912//604 911//604
f 916//605 910//605 912//605
f 917//603 915//603 913//603
f 919//606 916//606 915//606
f 920//605 914//605 916//605
f 921//607 919//607 917//607
f 923//608 920//608 919//608
f 924//609 918//609 920//609
f 925//610 923//610 921//610
f 927//611 924//611 923//611
f 928//612 922//612 924//612
f 925//613 931//613 927//613
f 927//614 932//614 928//614
f 928//615 930//615 926//615
f 929//616 935//616 931//616
f 931//617 936//617 932//617
f 932//624 934//624 930//624
f 933//619 939//619 935//619
f 935//620 940//620 936//620
f 936//621 938//621 934//621
f 937//619 943//619 939//619
f 939//622 944//622 940//622
f 940//621 942//621 938//621
f 941//623 947//623 943//623
f 943//617 948//617 944//617
f 944//624 946//624 942//624
f 945//625 959//625 947//625
f 947//630 955//630 948//630
f 948//627 950//627 946//627
f 726//631 498//631 491//631
f 732//632 493//632 498//632
f 728//633 489//633 493//633
f 738//634 504//634 501//634
f 744//635 508//635 504//635
f 740//636 502//636 508//636
f 750//637 516//637 513//637
f 756//638 520//638 516//638
f 752//639 514//639 520//639
f 713//640 953//640 716//640
f 716//641 958//641 720//641
f 958//642 714//642 720//642
f 489//643 949//643 713//643
f 626//644 610//644 503//644
f 502//645 726//645 491//645
f 514//646 738//646 501//646
f 525//647 750//647 513//647
f 529//648 761//648 525//648
f 533//649 765//649 529//649
f 537//649 769//649 533//649
f 541//648 773//648 537//648
f 545//650 777//650 541//650
f 549//651 781//651 545//651
f 553//652 785//652 549//652
f 557//653 789//653 553//653
f 561//653 793//653 557//653
f 565//652 797//652 561//652
f 569//651 801//651 565//651
f 573//650 805//650 569//650
f 577//648 809//648 573//648
f 581//649 813//649 577//649
f 585//649 817//649 581//649
f 589//648 821//648 585//648
f 593//650 825//650 589//650
f 597//651 829//651 593//651
f 601//652 833//652 597//652
f 605//653 837//653 601//653
f 609//653 841//653 605//653
f 613//652 845//652 609//652
f 617//651 849//651 613//651
f 621//650 853//650 617//650
f 625//648 857//648 621//648
f 629//649 861//649 625//649
f 633//649 865//649 629//649
f 637//648 869//648 633//648
f 641//650 873//650 637//650
f 645//651 877//651 641//651
f 649//652 881//652 645//652
f 653//653 885//653 649//653
f 657//653 889//653 653//653
f 661//652 893//652 657//652
f 665//651 897//651 661//651
f 669//650 901//650 665//650
f 673//648 905//648 669//648
f 677//649 909//649 673//649
f 681//649 913//649 677//649
f 685//648 917//648 681//648
f 689//650 921//650 685//650
f 693//651 925//651 689//651
f 697//652 929//652 693//652
f 701//653 933//653 697//653
f 705//653 937//653 701//653
f 709//652 941//652 705//652
f 714//651 945//651 709//651
f 727//654 846//654 862//654
f 492//655 494//655 493//655
f 496//656 497//656 494//656
f 495//657 497//657 496//657
f 495//658 499//658 500//658
f 498//659 500//659 499//659
f 493//660 494//660 500//660
f 504//661 506//661 505//661
f 504//662 508//662 509//662
f 507//663 509//663 508//663
f 511//664 512//664 509//664
f 510//665 512//665 511//665
f 510//501 505//501 506//501
f 516//666 518//666 517//666
f 520//667 521//667 518//667
f 519//668 521//668 520//668
f 519//669 523//669 524//669
f 522//670 524//670 523//670
f 517//508 518//508 524//508
f 716//671 718//671 717//671
f 716//672 720//672 721//672
f 719//673 721//673 720//673
f 719//513 723//513 724//513
f 722//674 724//674 723//674
f 717//675 718//675 724//675
f 728//676 730//676 729//676
f 732//677 733//677 730//677
f 731//678 733//678 732//678
f 735//679 736//679 733//679
f 734//680 736//680 735//680
f 729//522 730//522 736//522
f 740//681 742//681 741//681
f 744//682 745//682 742//682
f 743//683 745//683 744//683
f 743//527 747//527 748//527
f 746//684 748//684 747//684
f 746//685 741//685 742//685
f 752//686 754//686 753//686
f 752//687 756//687 757//687
f 755//688 757//688 756//688
f 755//534 759//534 760//534
f 758//689 760//689 759//689
f 753//690 754//690 760//690
f 952//691 954//691 953//691
f 952//692 956//692 957//692
f 955//693 957//693 956//693
f 959//694 960//694 957//694
f 958//695 960//695 959//695
f 953//696 954//696 960//696
f 489//697 713//697 717//697
f 492//546 717//546 722//546
f 496//698 722//698 715//698
f 715//699 723//699 712//699
f 723//549 719//549 711//549
f 719//700 714//700 709//700
f 710//558 712//558 708//558
f 712//552 711//552 707//552
f 711//559 709//559 705//559
f 706//554 708//554 704//554
f 708//701 707//701 703//701
f 707//702 705//702 701//702
f 702//554 704//554 700//554
f 704//555 703//555 699//555
f 703//702 701//702 697//702
f 698//551 700//551 696//551
f 700//552 699//552 695//552
f 699//553 697//553 693//553
f 694//703 696//703 692//703
f 696//578 695//578 691//578
f 695//550 693//550 689//550
f 686//575 690//575 692//575
f 688//576 692//576 691//576
f 687//577 691//577 689//577
f 682//573 686//573 688//573
f 684//704 688//704 687//704
f 683//574 687//574 685//574
f 678//569 682//569 684//569
f 680//705 684//705 683//705
f 679//706 683//706 681//706
f 674//569 678//569 680//569
f 676//570 680//570 679//570
f 675//706 679//706 677//706
f 670//566 674//566 676//566
f 672//567 676//567 675//567
f 671//568 675//568 673//568
f 666//707 670//707 672//707
f 668//564 672//564 671//564
f 667//565 671//565 669//565
f 666//560 668//560 664//560
f 668//561 667//561 663//561
f 667//562 665//562 661//562
f 662//558 664//558 660//558
f 664//552 663//552 659//552
f 663//559 661//559 657//559
f 658//554 660//554 656//554
f 660//701 659//701 655//701
f 659//702 657//702 653//702
f 654//554 656//554 652//554
f 656//555 655//555 651//555
f 655//702 653//702 649//702
f 650//551 652//551 648//551
f 652//552 651//552 647//552
f 651//553 649//553 645//553
f 646//703 648//703 644//703
f 648//578 647//578 643//578
f 647//550 645//550 641//550
f 638//575 642//575 644//575
f 640//576 644//576 643//576
f 639//577 643//577 641//577
f 634//573 638//573 640//573
f 636//704 640//704 639//704
f 635//574 639//574 637//574
f 630//569 634//569 636//569
f 632//705 636//705 635//705
f 631//706 635//706 633//706
f 626//569 630//569 632//569
f 628//570 632//570 631//570
f 627//706 631//706 629//706
f 622//566 626//566 628//566
f 624//567 628//567 627//567
f 623//568 627//568 625//568
f 618//707 622//707 624//707
f 620//576 624//576 623//576
f 619//565 623//565 621//565
f 618//560 620//560 616//560
f 620//561 619//561 615//561
f 619//562 617//562 613//562
f 614//558 616//558 612//558
f 616//552 615//552 611//552
f 615//559 613//559 609//559
f 610//554 612//554 608//554
f 612//701 611//701 607//701
f 611//702 609//702 605//702
f 606//554 608//554 604//554
f 608//555 607//555 603//555
f 607//702 605//702 601//702
f 602//551 604//551 600//551
f 604//552 603//552 599//552
f 603//553 601//553 597//553
f 598//703 600//703 596//703
f 600//561 599//561 595//561
f 599//550 597//550 593//550
f 590//575 594//575 596//575
f 592//576 596//576 595//576
f 591//577 595//577 593//577
f 586//573 590//573 592//573
f 588//567 592//567 591//567
f 587//574 591//574 589//574
f 582//569 586//569 588//569
f 584//705 588//705 587//705
f 583//706 587//706 585//706
f 578//569 582//569 584//569
f 580//570 584//570 583//570
f 579//706 583//706 581//706
f 574//566 578//566 580//566
f 576//567 580//567 579//567
f 575//568 579//568 577//568
f 570//707 574//707 576//707
f 572//576 576//576 575//576
f 571//565 575//565 573//565
f 570//560 572//560 568//560
f 572//561 571//561 567//561
f 571//562 569//562 565//562
f 566//558 568//558 564//558
f 568//552 567//552 563//552
f 567//559 565//559 561//559
f 562//554 564//554 560//554
f 564//701 563//701 559//701
f 563//702 561//702 557//702
f 558//554 560//554 556//554
f 560//555 559//555 555//555
f 559//702 557//702 553//702
f 554//551 556//551 552//551
f 556//552 555//552 551//552
f 555//553 553//553 549//553
f 550//703 552//703 548//703
f 552//578 551//578 547//578
f 551//550 549//550 545//550
f 542//575 546//575 548//575
f 544//576 548//576 547//576
f 543//577 547//577 545//577
f 538//573 542//573 544//573
f 540//704 544//704 543//704
f 539//574 543//574 541//574
f 534//569 538//569 540//569
f 536//705 540//705 539//705
f 535//706 539//706 537//706
f 530//569 534//569 536//569
f 532//570 536//570 535//570
f 531//706 535//706 533//706
f 526//566 530//566 532//566
f 528//567 532//567 531//567
f 527//568 531//568 529//568
f 515//707 526//707 528//707
f 522//580 528//580 527//580
f 517//565 527//565 525//565
f 515//708 523//708 510//708
f 523//583 519//583 505//583
f 519//709 514//709 501//709
f 503//710 511//710 495//710
f 511//586 507//586 499//586
f 507//587 502//587 491//587
f 950//711 956//711 734//711
f 956//589 952//589 729//589
f 952//712 949//712 725//712
f 737//591 741//591 731//591
f 741//592 746//592 735//592
f 746//713 739//713 727//713
f 738//714 749//714 753//714
f 743//595 753//595 758//595
f 747//715 758//715 751//715
f 761//610 763//610 755//610
f 763//598 764//598 759//598
f 764//716 762//716 751//716
f 765//607 767//607 763//607
f 767//608 768//608 764//608
f 768//609 766//609 762//609
f 769//717 771//717 767//717
f 771//606 772//606 768//606
f 772//605 770//605 766//605
f 773//717 775//717 771//717
f 775//718 776//718 772//718
f 776//605 774//605 770//605
f 777//600 779//600 775//600
f 779//608 780//608 776//608
f 780//609 778//609 774//609
f 781//628 783//628 779//628
f 783//611 784//611 780//611
f 784//629 782//629 778//629
f 781//625 785//625 787//625
f 783//614 787//614 788//614
f 784//719 788//719 786//719
f 785//623 789//623 791//623
f 787//617 791//617 792//617
f 788//624 792//624 790//624
f 789//720 793//720 795//720
f 791//622 795//622 796//622
f 792//621 796//621 794//621
f 793//720 797//720 799//720
f 795//721 799//721 800//721
f 796//621 800//621 798//621
f 797//616 801//616 803//616
f 799//722 803//722 804//722
f 800//618 804//618 802//618
f 801//613 805//613 807//613
f 803//614 807//614 808//614
f 804//615 808//615 806//615
f 809//610 811//610 807//610
f 811//723 812//723 808//723
f 812//716 810//716 806//716
f 813//607 815//607 811//607
f 815//608 816//608 812//608
f 816//609 814//609 810//609
f 817//717 819//717 815//717
f 819//606 820//606 816//606
f 820//605 818//605 814//605
f 821//717 823//717 819//717
f 823//718 824//718 820//718
f 824//605 822//605 818//605
f 825//600 827//600 823//600
f 827//601 828//601 824//601
f 828//602 826//602 822//602
f 829//628 831//628 827//628
f 831//611 832//611 828//611
f 832//629 830//629 826//629
f 829//625 833//625 835//625
f 831//614 835//614 836//614
f 832//719 836//719 834//719
f 833//623 837//623 839//623
f 835//617 839//617 840//617
f 836//624 840//624 838//624
f 837//720 841//720 843//720
f 839//622 843//622 844//622
f 840//621 844//621 842//621
f 841//720 845//720 847//720
f 843//721 847//721 848//721
f 844//621 848//621 846//621
f 845//616 849//616 851//616
f 847//617 851//617 852//617
f 848//618 852//618 850//618
f 849//613 853//613 855//613
f 851//614 855//614 856//614
f 852//615 856//615 854//615
f 857//610 859//610 855//610
f 859//723 860//723 856//723
f 860//716 858//716 854//716
f 861//607 863//607 859//607
f 863//608 864//608 860//608
f 864//609 862//609 858//609
f 865//717 867//717 863//717
f 867//606 868//606 864//606
f 868//605 866//605 862//605
f 869//717 871//717 867//717
f 871//718 872//718 868//718
f 872//605 870//605 866//605
f 873//600 875//600 871//600
f 875//608 876//608 872//608
f 876//602 874//602 870//602
f 877//628 879//628 875//628
f 879//611 880//611 876//611
f 880//629 878//629 874//629
f 877//625 881//625 883//625
f 879//614 883//614 884//614
f 880//719 884//719 882//719
f 881//623 885//623 887//623
f 883//617 887//617 888//617
f 884//624 888//624 886//624
f 885//720 889//720 891//720
f 887//622 891//622 892//622
f 888//621 892//621 890//621
f 889//720 893//720 895//720
f 891//721 895//721 896//721
f 892//621 896//621 894//621
f 893//616 897//616 899//616
f 895//722 899//722 900//722
f 896//618 900//618 898//618
f 897//613 901//613 903//613
f 899//614 903//614 904//614
f 900//615 904//615 902//615
f 905//610 907//610 903//610
f 907//723 908//723 904//723
f 908//716 906//716 902//716
f 909//607 911//607 907//607
f 911//608 912//608 908//608
f 912//609 910//609 906//609
f 913//717 915//717 911//717
f 915//606 916//606 912//606
f 916//605 914//605 910//605
f 917//717 919//717 915//717
f 919//718 920//718 916//718
f 920//605 918//605 914//605
f 921//600 923//600 919//600
f 923//608 924//608 920//608
f 924//609 922//609 918//609
f 925//628 927//628 923//628
f 927//611 928//611 924//611
f 928//629 926//629 922//629
f 925//625 929//625 931//625
f 927//614 931//614 932//614
f 928//719 932//719 930//719
f 929//623 933//623 935//623
f 931//617 935//617 936//617
f 932//624 936//624 934//624
f 933//720 937//720 939//720
f 935//622 939//622 940//622
f 936//621 940//621 938//621
f 937//720 941//720 943//720
f 939//721 943//721 944//721
f 940//621 944//621 942//621
f 941//616 945//616 947//616
f 943//722 947//722 948//722
f 944//618 948//618 946//618
f 945//625 951//625 959//625
f 947//630 959//630 955//630
f 948//724 955//724 950//724
f 726//631 732//631 498//631
f 732//725 728//725 493//725
f 728//726 725//726 489//726
f 738//727 744//727 504//727
f 744//728 740//728 508//728
f 740//636 737//636 502//636
f 750//637 756//637 516//637
f 756//729 752//729 520//729
f 752//639 749//639 514//639
f 713//730 949//730 953//730
f 716//731 953//731 958//731
f 958//732 951//732 714//732
f 489//643 725//643 949//643
f 490//644 715//644 710//644
f 710//644 706//644 702//644
f 710//733 702//733 698//733
f 526//644 515//644 503//644
f 534//644 530//644 526//644
f 538//644 534//644 526//644
f 490//644 710//644 698//644
f 490//644 698//644 694//644
f 538//644 526//644 503//644
f 542//644 538//644 503//644
f 503//644 490//644 694//644
f 503//644 694//644 690//644
f 546//644 542//644 503//644
f 550//644 546//644 503//644
f 503//644 690//644 686//644
f 682//644 678//644 674//644
f 503//644 686//644 682//644
f 554//644 550//644 503//644
f 562//644 558//644 554//644
f 570//644 566//644 562//644
f 578//644 574//644 570//644
f 586//644 582//644 578//644
f 586//644 578//644 570//644
f 570//644 562//644 554//644
f 503//644 682//644 674//644
f 674//644 670//644 666//644
f 666//644 662//644 658//644
f 658//644 654//644 650//644
f 666//644 658//644 650//644
f 503//644 674//644 666//644
f 570//644 554//644 503//644
f 586//644 570//644 503//644
f 503//644 666//644 650//644
f 503//644 650//644 646//644
f 590//644 586//644 503//644
f 594//644 590//644 503//644
f 503//644 646//644 642//644
f 503//644 642//644 638//644
f 598//644 594//644 503//644
f 610//644 606//644 602//644
f 602//644 598//644 503//644
f 503//644 638//644 634//644
f 634//644 630//644 626//644
f 626//644 622//644 618//644
f 618//644 614//644 610//644
f 610//644 602//644 503//644
f 503//644 634//644 626//644
f 626//644 618//644 610//644
f 502//645 737//645 726//645
f 514//646 749//646 738//646
f 525//650 761//650 750//650
f 529//648 765//648 761//648
f 533//649 769//649 765//649
f 537//649 773//649 769//649
f 541//648 777//648 773//648
f 545//650 781//650 777//650
f 549//651 785//651 781//651
f 553//652 789//652 785//652
f 557//653 793//653 789//653
f 561//653 797//653 793//653
f 565//652 801//652 797//652
f 569//651 805//651 801//651
f 573//650 809//650 805//650
f 577//648 813//648 809//648
f 581//649 817//649 813//649
f 585//649 821//649 817//649
f 589//648 825//648 821//648
f 593//650 829//650 825//650
f 597//651 833//651 829//651
f 601//652 837//652 833//652
f 605//653 841//653 837//653
f 609//653 845//653 841//653
f 613//652 849//652 845//652
f 617//651 853//651 849//651
f 621//650 857//650 853//650
f 625//648 861//648 857//648
f 629//649 865//649 861//649
f 633//649 869//649 865//649
f 637//648 873//648 869//648
f 641//650 877//650 873//650
f 645//651 881//651 877//651
f 649//652 885//652 881//652
f 653//653 889//653 885//653
f 657//653 893//653 889//653
f 661//652 897//652 893//652
f 665//651 901//651 897//651
f 669//650 905//650 901//650
f 673//648 909//648 905//648
f 677//649 913//649 909//649
f 681//649 917//649 913//649
f 685//648 921//648 917//648
f 689//650 925//650 921//650
f 693//651 929//651 925//651
f 697//652 933//652 929//652
f 701//653 937//653 933//653
f 705//653 941//653 937//653
f 709//652 945//652 941//652
f 714//734 951//734 945//734
f 739//654 751//654 762//654
f 762//654 766//654 770//654
f 762//735 770//735 774//735
f 946//654 950//654 727//654
f 938//654 942//654 946//654
f 934//654 938//654 946//654
f 739//654 762//654 774//654
f 739//654 774//654 778//654
f 934//654 946//654 727//654
f 930//654 934//654 727//654
f 727//654 739//654 778//654
f 727//654 778//654 782//654
f 926//654 930//654 727//654
f 922//654 926//654 727//654
f 727//654 782//654 786//654
f 790//654 794//654 798//654
f 727//654 786//654 790//654
f 918//654 922//654 727//654
f 910//654 914//654 918//654
f 902//654 906//654 910//654
f 894//654 898//654 902//654
f 886//654 890//654 894//654
f 886//654 894//654 902//654
f 902//654 910//654 918//654
f 727//654 790//654 798//654
f 798//654 802//654 806//654
f 806//654 810//654 814//654
f 814//654 818//654 822//654
f 806//654 814//654 822//654
f 727//654 798//654 806//654
f 902//654 918//654 727//654
f 886//654 902//654 727//654
f 727//654 806//654 822//654
f 727//654 822//654 826//654
f 882//654 886//654 727//654
f 878//654 882//654 727//654
f 727//654 826//654 830//654
f 727//654 830//654 834//654
f 874//654 878//654 727//654
f 862//736 866//736 870//736
f 870//654 874//654 727//654
f 727//654 834//654 838//654
f 838//737 842//737 846//737
f 846//654 850//654 854//654
f 854//654 858//654 862//654
f 862//654 870//654 727//654
f 727//654 838//654 846//654
f 846//654 854//654 862//654
o extended_rail_1
v 0.086977000 -0.002723001 -0.000000192
v 0.086977000 -0.003680001 0.000956808
v 0.086020000 -0.002723001 0.000956808
v 0.086977000 -0.002910001 0.000018808
v 0.086977000 -0.003089001 0.000072808
v 0.086977000 -0.003255001 0.000160808
v 0.086977000 -0.003400001 0.000279808
v 0.086790000 -0.002723001 0.000018808
v 0.086784000 -0.002918001 0.000039808
v 0.086784000 -0.003099001 0.000097808
v 0.086786000 -0.003255001 0.000184808
v 0.086787000 -0.003386001 0.000293808
v 0.086611000 -0.002723001 0.000072808
v 0.086602000 -0.002918001 0.000098808
v 0.086606000 -0.003094001 0.000156808
v 0.086618000 -0.003238001 0.000234808
v 0.086624000 -0.003352001 0.000327808
v 0.086445000 -0.002723001 0.000160808
v 0.086444000 -0.002915001 0.000185808
v 0.086462000 -0.003083001 0.000234808
v 0.086488000 -0.003212001 0.000295808
v 0.086502000 -0.003311001 0.000369808
v 0.086424000 -0.003276001 0.000404808
v 0.086790000 -0.003662001 0.000956808
v 0.086611000 -0.003607001 0.000956808
v 0.086445000 -0.003519001 0.000956808
v 0.086300000 -0.003400001 0.000956808
v 0.086977000 -0.003662001 0.000769808
v 0.086782000 -0.003640001 0.000764808
v 0.086601000 -0.003582001 0.000763808
v 0.086445000 -0.003495001 0.000765808
v 0.086314000 -0.003387001 0.000766808
v 0.086977000 -0.003607001 0.000590808
v 0.086782000 -0.003582001 0.000581808
v 0.086606000 -0.003523001 0.000586808
v 0.086462000 -0.003445001 0.000597808
v 0.086348000 -0.003352001 0.000603808
v 0.086977000 -0.003519001 0.000424808
v 0.086785000 -0.003494001 0.000423808
v 0.086617000 -0.003445001 0.000441808
v 0.086488000 -0.003385001 0.000467808
v 0.086389000 -0.003311001 0.000481808
v 0.086038000 -0.002723001 0.000769808
v 0.086093000 -0.002723001 0.000590808
v 0.086181000 -0.002723001 0.000424808
v 0.086300000 -0.002723001 0.000279808
v 0.086038000 -0.002910001 0.000956808
v 0.086060000 -0.002916001 0.000761808
v 0.086118000 -0.002916001 0.000580808
v 0.086205000 -0.002914001 0.000424808
v 0.086313000 -0.002913001 0.000293808
v 0.086093000 -0.003089001 0.000956808
v 0.086118000 -0.003098001 0.000761808
v 0.086177000 -0.003094001 0.000585808
v 0.086255000 -0.003082001 0.000441808
v 0.086348000 -0.003076001 0.000327808
v 0.086181000 -0.003255001 0.000956808
v 0.086206000 -0.003256001 0.000764808
v 0.086255000 -0.003238001 0.000596808
v 0.086315000 -0.003212001 0.000467808
v 0.086389000 -0.003198001 0.000369808
v 0.086977000 -0.003680001 0.214776808
v 0.086977000 -0.002723001 0.215732808
v 0.086020000 -0.002723001 0.214776808
v 0.086977000 -0.003662001 0.214962808
v 0.086977000 -0.003607001 0.215142808
v 0.086977000 -0.003519001 0.215307808
v 0.086977000 -0.003400001 0.215452808
v 0.086790000 -0.003662001 0.214776808
v 0.086784000 -0.003640001 0.214970808
v 0.086784000 -0.003582001 0.215151808
v 0.086786000 -0.003495001 0.215308808
v 0.086787000 -0.003387001 0.215438808
v 0.086611000 -0.003607001 0.214776808
v 0.086602000 -0.003582001 0.214970808
v 0.086606000 -0.003523001 0.215147808
v 0.086618000 -0.003445001 0.215290808
v 0.086624000 -0.003352001 0.215404808
v 0.086445000 -0.003519001 0.214776808
v 0.086444000 -0.003494001 0.214968808
v 0.086462000 -0.003445001 0.215135808
v 0.086488000 -0.003385001 0.215264808
v 0.086502000 -0.003311001 0.215363808
v 0.086424000 -0.003276001 0.215328808
v 0.086790000 -0.002723001 0.215714808
v 0.086611000 -0.002723001 0.215660808
v 0.086445000 -0.002723001 0.215571808
v 0.086300000 -0.002723001 0.215452808
v 0.086977000 -0.002910001 0.215714808
v 0.086782000 -0.002916001 0.215692808
v 0.086601000 -0.002916001 0.215634808
v 0.086445000 -0.002914001 0.215547808
v 0.086314000 -0.002913001 0.215439808
v 0.086977000 -0.003089001 0.215660808
v 0.086782000 -0.003098001 0.215634808
v 0.086606000 -0.003094001 0.215576808
v 0.086462000 -0.003082001 0.215498808
v 0.086348000 -0.003076001 0.215405808
v 0.086977000 -0.003255001 0.215571808
v 0.086785000 -0.003256001 0.215547808
v 0.086617000 -0.003238001 0.215497808
v 0.086488000 -0.003212001 0.215437808
v 0.086389000 -0.003198001 0.215363808
v 0.086038000 -0.002910001 0.214776808
v 0.086093000 -0.003089001 0.214776808
v 0.086181000 -0.003255001 0.214776808
v 0.086300000 -0.003400001 0.214776808
v 0.086038000 -0.002723001 0.214962808
v 0.086060000 -0.002918001 0.214968808
v 0.086118000 -0.003099001 0.214968808
v 0.086205000 -0.003255001 0.214967808
v 0.086313000 -0.003386001 0.214966808
v 0.086093000 -0.002723001 0.215142808
v 0.086118000 -0.002918001 0.215151808
v 0.086177000 -0.003094001 0.215146808
v 0.086255000 -0.003238001 0.215135808
v 0.086348000 -0.003352001 0.215128808
v 0.086181000 -0.002723001 0.215307808
v 0.086206000 -0.002915001 0.215309808
v 0.086255000 -0.003083001 0.215290808
v 0.086315000 -0.003212001 0.215264808
v 0.086389000 -0.003311001 0.215251808
v 0.086977000 0.002722999 -0.000000192
v 0.086020000 0.002722999 0.000956808
v 0.086977000 0.003679999 0.000956808
v 0.086790000 0.002722999 0.000018808
v 0.086611000 0.002722999 0.000072808
v 0.086445000 0.002722999 0.000160808
v 0.086300000 0.002722999 0.000279808
v 0.086977000 0.002909999 0.000018808
v 0.086782000 0.002915999 0.000039808
v 0.086601000 0.002915999 0.000097808
v 0.086445000 0.002913999 0.000184808
v 0.086314000 0.002912999 0.000293808
v 0.086977000 0.003088999 0.000072808
v 0.086782000 0.003097999 0.000098808
v 0.086606000 0.003093999 0.000156808
v 0.086462000 0.003081999 0.000234808
v 0.086348000 0.003075999 0.000327808
v 0.086977000 0.003254999 0.000160808
v 0.086785000 0.003255999 0.000185808
v 0.086617000 0.003237999 0.000234808
v 0.086488000 0.003211999 0.000295808
v 0.086389000 0.003197999 0.000369808
v 0.086424000 0.003275999 0.000404808
v 0.086038000 0.002909999 0.000956808
v 0.086093000 0.003088999 0.000956808
v 0.086181000 0.003254999 0.000956808
v 0.086300000 0.003399999 0.000956808
v 0.086038000 0.002722999 0.000769808
v 0.086060000 0.002917999 0.000764808
v 0.086118000 0.003098999 0.000763808
v 0.086205000 0.003254999 0.000765808
v 0.086313000 0.003385999 0.000766808
v 0.086093000 0.002722999 0.000590808
v 0.086118000 0.002917999 0.000581808
v 0.086177000 0.003093999 0.000586808
v 0.086255000 0.003237999 0.000597808
v 0.086348000 0.003351999 0.000603808
v 0.086181000 0.002722999 0.000424808
v 0.086206000 0.002914999 0.000423808
v 0.086255000 0.003082999 0.000441808
v 0.086315000 0.003211999 0.000467808
v 0.086389000 0.003310999 0.000481808
v 0.086977000 0.003661999 0.000769808
v 0.086977000 0.003606999 0.000590808
v 0.086977000 0.003518999 0.000424808
v 0.086977000 0.003399999 0.000279808
v 0.086790000 0.003661999 0.000956808
v 0.086784000 0.003639999 0.000761808
v 0.086784000 0.003581999 0.000580808
v 0.086786000 0.003494999 0.000424808
v 0.086787000 0.003386999 0.000293808
v 0.086611000 0.003606999 0.000956808
v 0.086602000 0.003581999 0.000761808
v 0.086606000 0.003522999 0.000585808
v 0.086618000 0.003444999 0.000441808
v 0.086624000 0.003351999 0.000327808
v 0.086445000 0.003518999 0.000956808
v 0.086444000 0.003493999 0.000764808
v 0.086462000 0.003444999 0.000596808
v 0.086488000 0.003384999 0.000467808
v 0.086502000 0.003310999 0.000369808
v 0.086977000 0.002722999 0.215732808
v 0.086977000 0.003679999 0.214776808
v 0.086020000 0.002722999 0.214776808
v 0.086977000 0.002909999 0.215714808
v 0.086977000 0.003088999 0.215660808
v 0.086977000 0.003254999 0.215571808
v 0.086977000 0.003399999 0.215452808
v 0.086790000 0.002722999 0.215714808
v 0.086784000 0.002917999 0.215692808
v 0.086784000 0.003098999 0.215634808
v 0.086786000 0.003254999 0.215547808
v 0.086787000 0.003385999 0.215439808
v 0.086611000 0.002722999 0.215660808
v 0.086602000 0.002917999 0.215634808
v 0.086606000 0.003093999 0.215576808
v 0.086618000 0.003237999 0.215498808
v 0.086624000 0.003351999 0.215405808
v 0.086445000 0.002722999 0.215571808
v 0.086444000 0.002914999 0.215547808
v 0.086462000 0.003082999 0.215497808
v 0.086488000 0.003211999 0.215437808
v 0.086502000 0.003310999 0.215363808
v 0.086424000 0.003275999 0.215328808
v 0.086790000 0.003661999 0.214776808
v 0.086611000 0.003606999 0.214776808
v 0.086445000 0.003518999 0.214776808
v 0.086300000 0.003399999 0.214776808
v 0.086977000 0.003661999 0.214962808
v 0.086782000 0.003639999 0.214968808
v 0.086601000 0.003581999 0.214968808
v 0.086445000 0.003494999 0.214967808
v 0.086314000 0.003386999 0.214966808
v 0.086977000 0.003606999 0.215142808
v 0.086782000 0.003581999 0.215151808
v 0.086606000 0.003522999 0.215146808
v 0.086462000 0.003444999 0.215135808
v 0.086348000 0.003351999 0.215128808
v 0.086977000 0.003518999 0.215307808
v 0.086785000 0.003493999 0.215309808
v 0.086617000 0.003444999 0.215290808
v 0.086488000 0.003384999 0.215264808
v 0.086389000 0.003310999 0.215251808
v 0.086038000 0.002722999 0.214962808
v 0.086093000 0.002722999 0.215142808
v 0.086181000 0.002722999 0.215307808
v 0.086300000 0.002722999 0.215452808
v 0.086038000 0.002909999 0.214776808
v 0.086060000 0.002915999 0.214970808
v 0.086118000 0.002915999 0.215151808
v 0.086205000 0.002913999 0.215308808
v 0.086313000 0.002912999 0.215438808
v 0.086093000 0.003088999 0.214776808
v 0.086118000 0.003097999 0.214970808
v 0.086177000 0.003093999 0.215147808
v 0.086255000 0.003081999 0.215290808
v 0.086348000 0.003075999 0.215404808
v 0.086181000 0.003254999 0.214776808
v 0.086206000 0.003255999 0.214968808
v 0.086255000 0.003237999 0.215135808
v 0.086315000 0.003211999 0.215264808
v 0.086389000 0.003197999 0.215363808
v 0.092423000 -0.002723001 -0.000000192
v 0.093380000 -0.002723001 0.000956808
v 0.092423000 -0.003680001 0.000956808
v 0.092610000 -0.002723001 0.000018808
v 0.092789000 -0.002723001 0.000072808
v 0.092955000 -0.002723001 0.000160808
v 0.093100000 -0.002723001 0.000279808
v 0.092423000 -0.002910001 0.000018808
v 0.092618000 -0.002916001 0.000039808
v 0.092799000 -0.002916001 0.000097808
v 0.092955000 -0.002914001 0.000184808
v 0.093086000 -0.002913001 0.000293808
v 0.092423000 -0.003089001 0.000072808
v 0.092618000 -0.003098001 0.000098808
v 0.092794000 -0.003094001 0.000156808
v 0.092938000 -0.003082001 0.000234808
v 0.093052000 -0.003076001 0.000327808
v 0.092423000 -0.003255001 0.000160808
v 0.092615000 -0.003256001 0.000185808
v 0.092783000 -0.003238001 0.000234808
v 0.092912000 -0.003212001 0.000295808
v 0.093011000 -0.003198001 0.000369808
v 0.092976000 -0.003276001 0.000404808
v 0.093362000 -0.002910001 0.000956808
v 0.093307000 -0.003089001 0.000956808
v 0.093219000 -0.003255001 0.000956808
v 0.093100000 -0.003400001 0.000956808
v 0.093362000 -0.002723001 0.000769808
v 0.093340000 -0.002918001 0.000764808
v 0.093282000 -0.003099001 0.000763808
v 0.093195000 -0.003255001 0.000765808
v 0.093087000 -0.003386001 0.000766808
v 0.093307000 -0.002723001 0.000590808
v 0.093282000 -0.002918001 0.000581808
v 0.093223000 -0.003094001 0.000586808
v 0.093145000 -0.003238001 0.000597808
v 0.093052000 -0.003352001 0.000603808
v 0.093219000 -0.002723001 0.000424808
v 0.093194000 -0.002915001 0.000423808
v 0.093145000 -0.003083001 0.000441808
v 0.093085000 -0.003212001 0.000467808
v 0.093011000 -0.003311001 0.000481808
v 0.092423000 -0.003662001 0.000769808
v 0.092423000 -0.003607001 0.000590808
v 0.092423000 -0.003519001 0.000424808
v 0.092423000 -0.003400001 0.000279808
v 0.092610000 -0.003662001 0.000956808
v 0.092616000 -0.003640001 0.000761808
v 0.092616000 -0.003582001 0.000580808
v 0.092614000 -0.003495001 0.000424808
v 0.092613000 -0.003387001 0.000293808
v 0.092789000 -0.003607001 0.000956808
v 0.092798000 -0.003582001 0.000761808
v 0.092794000 -0.003523001 0.000585808
v 0.092782000 -0.003445001 0.000441808
v 0.092776000 -0.003352001 0.000327808
v 0.092955000 -0.003519001 0.000956808
v 0.092956000 -0.003494001 0.000764808
v 0.092938000 -0.003445001 0.000596808
v 0.092912000 -0.003385001 0.000467808
v 0.092898000 -0.003311001 0.000369808
v 0.092423000 -0.002723001 0.215732808
v 0.092423000 -0.003680001 0.214776808
v 0.093380000 -0.002723001 0.214776808
v 0.092423000 -0.002910001 0.215714808
v 0.092423000 -0.003089001 0.215660808
v 0.092423000 -0.003255001 0.215571808
v 0.092423000 -0.003400001 0.215452808
v 0.092610000 -0.002723001 0.215714808
v 0.092616000 -0.002918001 0.215692808
v 0.092616000 -0.003099001 0.215634808
v 0.092614000 -0.003255001 0.215547808
v 0.092613000 -0.003386001 0.215439808
v 0.092789000 -0.002723001 0.215660808
v 0.092798000 -0.002918001 0.215634808
v 0.092794000 -0.003094001 0.215576808
v 0.092782000 -0.003238001 0.215498808
v 0.092776000 -0.003352001 0.215405808
v 0.092955000 -0.002723001 0.215571808
v 0.092956000 -0.002915001 0.215547808
v 0.092938000 -0.003083001 0.215497808
v 0.092912000 -0.003212001 0.215437808
v 0.092898000 -0.003311001 0.215363808
v 0.092976000 -0.003276001 0.215328808
v 0.092610000 -0.003662001 0.214776808
v 0.092789000 -0.003607001 0.214776808
v 0.092955000 -0.003519001 0.214776808
v 0.093100000 -0.003400001 0.214776808
v 0.092423000 -0.003662001 0.214962808
v 0.092618000 -0.003640001 0.214968808
v 0.092799000 -0.003582001 0.214968808
v 0.092955000 -0.003495001 0.214967808
v 0.093086000 -0.003387001 0.214966808
v 0.092423000 -0.003607001 0.215142808
v 0.092618000 -0.003582001 0.215151808
v 0.092794000 -0.003523001 0.215146808
v 0.092938000 -0.003445001 0.215135808
v 0.093052000 -0.003352001 0.215128808
v 0.092423000 -0.003519001 0.215307808
v 0.092615000 -0.003494001 0.215309808
v 0.092783000 -0.003445001 0.215290808
v 0.092912000 -0.003385001 0.215264808
v 0.093011000 -0.003311001 0.215251808
v 0.093362000 -0.002723001 0.214962808
v 0.093307000 -0.002723001 0.215142808
v 0.093219000 -0.002723001 0.215307808
v 0.093100000 -0.002723001 0.215452808
v 0.093362000 -0.002910001 0.214776808
v 0.093340000 -0.002916001 0.214970808
v 0.093282000 -0.002916001 0.215151808
v 0.093195000 -0.002914001 0.215308808
v 0.093087000 -0.002913001 0.215438808
v 0.093307000 -0.003089001 0.214776808
v 0.093282000 -0.003098001 0.214970808
v 0.093223000 -0.003094001 0.215147808
v 0.093145000 -0.003082001 0.215290808
v 0.093052000 -0.003076001 0.215404808
v 0.093219000 -0.003255001 0.214776808
v 0.093194000 -0.003256001 0.214968808
v 0.093145000 -0.003238001 0.215135808
v 0.093085000 -0.003212001 0.215264808
v 0.093011000 -0.003198001 0.215363808
v 0.092423000 0.002722999 -0.000000192
v 0.092423000 0.003679999 0.000956808
v 0.093380000 0.002722999 0.000956808
v 0.092423000 0.002909999 0.000018808
v 0.092423000 0.003088999 0.000072808
v 0.092423000 0.003254999 0.000160808
v 0.092423000 0.003399999 0.000279808
v 0.092610000 0.002722999 0.000018808
v 0.092616000 0.002917999 0.000039808
v 0.092616000 0.003098999 0.000097808
v 0.092614000 0.003254999 0.000184808
v 0.092613000 0.003385999 0.000293808
v 0.092789000 0.002722999 0.000072808
v 0.092798000 0.002917999 0.000098808
v 0.092794000 0.003093999 0.000156808
v 0.092782000 0.003237999 0.000234808
v 0.092776000 0.003351999 0.000327808
v 0.092955000 0.002722999 0.000160808
v 0.092956000 0.002914999 0.000185808
v 0.092938000 0.003082999 0.000234808
v 0.092912000 0.003211999 0.000295808
v 0.092898000 0.003310999 0.000369808
v 0.092976000 0.003275999 0.000404808
v 0.092610000 0.003661999 0.000956808
v 0.092789000 0.003606999 0.000956808
v 0.092955000 0.003518999 0.000956808
v 0.093100000 0.003399999 0.000956808
v 0.092423000 0.003661999 0.000769808
v 0.092618000 0.003639999 0.000764808
v 0.092799000 0.003581999 0.000763808
v 0.092955000 0.003494999 0.000765808
v 0.093086000 0.003386999 0.000766808
v 0.092423000 0.003606999 0.000590808
v 0.092618000 0.003581999 0.000581808
v 0.092794000 0.003522999 0.000586808
v 0.092938000 0.003444999 0.000597808
v 0.093052000 0.003351999 0.000603808
v 0.092423000 0.003518999 0.000424808
v 0.092615000 0.003493999 0.000423808
v 0.092783000 0.003444999 0.000441808
v 0.092912000 0.003384999 0.000467808
v 0.093011000 0.003310999 0.000481808
v 0.093362000 0.002722999 0.000769808
v 0.093307000 0.002722999 0.000590808
v 0.093219000 0.002722999 0.000424808
v 0.093100000 0.002722999 0.000279808
v 0.093362000 0.002909999 0.000956808
v 0.093340000 0.002915999 0.000761808
v 0.093282000 0.002915999 0.000580808
v 0.093195000 0.002913999 0.000424808
v 0.093087000 0.002912999 0.000293808
v 0.093307000 0.003088999 0.000956808
v 0.093282000 0.003097999 0.000761808
v 0.093223000 0.003093999 0.000585808
v 0.093145000 0.003081999 0.000441808
v 0.093052000 0.003075999 0.000327808
v 0.093219000 0.003254999 0.000956808
v 0.093194000 0.003255999 0.000764808
v 0.093145000 0.003237999 0.000596808
v 0.093085000 0.003211999 0.000467808
v 0.093011000 0.003197999 0.000369808
v 0.092423000 0.002722999 0.215732808
v 0.093380000 0.002722999 0.214776808
v 0.092423000 0.003679999 0.214776808
v 0.092610000 0.002722999 0.215714808
v 0.092789000 0.002722999 0.215660808
v 0.092955000 0.002722999 0.215571808
v 0.093100000 0.002722999 0.215452808
v 0.092423000 0.002909999 0.215714808
v 0.092618000 0.002915999 0.215692808
v 0.092799000 0.002915999 0.215634808
v 0.092955000 0.002913999 0.215547808
v 0.093086000 0.002912999 0.215439808
v 0.092423000 0.003088999 0.215660808
v 0.092618000 0.003097999 0.215634808
v 0.092794000 0.003093999 0.215576808
v 0.092938000 0.003081999 0.215498808
v 0.093052000 0.003075999 0.215405808
v 0.092423000 0.003254999 0.215571808
v 0.092615000 0.003255999 0.215547808
v 0.092783000 0.003237999 0.215497808
v 0.092912000 0.003211999 0.215437808
v 0.093011000 0.003197999 0.215363808
v 0.092976000 0.003275999 0.215328808
v 0.093362000 0.002909999 0.214776808
v 0.093307000 0.003088999 0.214776808
v 0.093219000 0.003254999 0.214776808
v 0.093100000 0.003399999 0.214776808
v 0.093362000 0.002722999 0.214962808
v 0.093340000 0.002917999 0.214968808
v 0.093282000 0.003098999 0.214968808
v 0.093195000 0.003254999 0.214967808
v 0.093087000 0.003385999 0.214966808
v 0.093307000 0.002722999 0.215142808
v 0.093282000 0.002917999 0.215151808
v 0.093223000 0.003093999 0.215146808
v 0.093145000 0.003237999 0.215135808
v 0.093052000 0.003351999 0.215128808
v 0.093219000 0.002722999 0.215307808
v 0.093194000 0.002914999 0.215309808
v 0.093145000 0.003082999 0.215290808
v 0.093085000 0.003211999 0.215264808
v 0.093011000 0.003310999 0.215251808
v 0.092423000 0.003661999 0.214962808
v 0.092423000 0.003606999 0.215142808
v 0.092423000 0.003518999 0.215307808
v 0.092423000 0.003399999 0.215452808
v 0.092610000 0.003661999 0.214776808
v 0.092616000 0.003639999 0.214970808
v 0.092616000 0.003581999 0.215151808
v 0.092614000 0.003494999 0.215308808
v 0.092613000 0.003386999 0.215438808
v 0.092789000 0.003606999 0.214776808
v 0.092798000 0.003581999 0.214970808
v 0.092794000 0.003522999 0.215147808
v 0.092782000 0.003444999 0.215290808
v 0.092776000 0.003351999 0.215404808
v 0.092955000 0.003518999 0.214776808
v 0.092956000 0.003493999 0.214968808
v 0.092938000 0.003444999 0.215135808
v 0.092912000 0.003384999 0.215264808
v 0.092898000 0.003310999 0.215363808
vn -0.0166 -0.2282 -0.9735
vn -0.1935 -0.0019 -0.9811
vn -0.0019 -0.0020 -1.0000
vn -0.0160 -0.4129 -0.9106
vn -0.2005 -0.2019 -0.9587
vn -0.0153 -0.5814 -0.8135
vn -0.1991 -0.3900 -0.8990
vn -0.0142 -0.7278 -0.6857
vn -0.1940 -0.5552 -0.8088
vn -0.3811 -0.0019 -0.9245
vn -0.3894 -0.2006 -0.8990
vn -0.3817 -0.3824 -0.8415
vn -0.1912 -0.6937 -0.6945
vn -0.3659 -0.5352 -0.7613
vn -0.5550 -0.0025 -0.8319
vn -0.5558 -0.1950 -0.8081
vn -0.5037 -0.5039 -0.7017
vn -0.5353 -0.3663 -0.7611
vn -0.4824 -0.6194 -0.6194
vn -0.7071 -0.0030 -0.7071
vn -0.6945 -0.1912 -0.6937
vn -0.6194 -0.4824 -0.6193
vn -0.6607 -0.3567 -0.6606
vn -0.5774 -0.5773 -0.5774
vn -0.2306 -0.9729 -0.0142
vn -0.0019 -0.9811 -0.1935
vn -0.0021 -1.0000 0.0011
vn -0.4150 -0.9097 -0.0136
vn -0.2019 -0.9586 -0.2005
vn -0.5831 -0.8123 -0.0130
vn -0.3900 -0.8990 -0.1991
vn -0.7292 -0.6842 -0.0119
vn -0.5552 -0.8088 -0.1940
vn -0.0019 -0.9245 -0.3811
vn -0.2006 -0.8990 -0.3894
vn -0.3824 -0.8415 -0.3816
vn -0.6937 -0.6944 -0.1912
vn -0.5352 -0.7613 -0.3659
vn -0.0025 -0.8319 -0.5550
vn -0.1950 -0.8081 -0.5558
vn -0.5039 -0.7017 -0.5037
vn -0.3663 -0.7612 -0.5352
vn -0.6194 -0.6194 -0.4824
vn -0.3567 -0.6606 -0.6606
vn -0.9735 -0.0166 -0.2283
vn -0.9811 -0.1933 0.0015
vn -1.0000 -0.0021 0.0011
vn -0.9106 -0.0161 -0.4129
vn -0.9586 -0.2005 -0.2020
vn -0.8135 -0.0153 -0.5814
vn -0.8990 -0.1991 -0.3900
vn -0.8088 -0.1940 -0.5551
vn -0.9246 -0.3810 0.0015
vn -0.8990 -0.3894 -0.2006
vn -0.8415 -0.3816 -0.3824
vn -0.7613 -0.3659 -0.5352
vn -0.8319 -0.5549 0.0006
vn -0.8081 -0.5558 -0.1950
vn -0.7017 -0.5037 -0.5039
vn -0.7612 -0.5352 -0.3663
vn -0.6605 -0.6607 -0.3567
vn -0.0166 -0.9735 0.2283
vn -0.1933 -0.9811 -0.0016
vn -0.0021 -1.0000 -0.0011
vn -0.0161 -0.9106 0.4129
vn -0.2005 -0.9586 0.2020
vn -0.0153 -0.8135 0.5814
vn -0.1991 -0.8990 0.3900
vn -0.0142 -0.6857 0.7278
vn -0.1940 -0.8088 0.5551
vn -0.3809 -0.9246 -0.0015
vn -0.3894 -0.8990 0.2006
vn -0.3816 -0.8415 0.3824
vn -0.1912 -0.6945 0.6937
vn -0.3659 -0.7613 0.5352
vn -0.5549 -0.8319 -0.0006
vn -0.5558 -0.8081 0.1950
vn -0.5037 -0.7017 0.5039
vn -0.5352 -0.7612 0.3663
vn -0.4824 -0.6194 0.6193
vn -0.7071 -0.7071 -0.0000
vn -0.6945 -0.6937 0.1912
vn -0.6194 -0.6193 0.4824
vn -0.6606 -0.6606 0.3567
vn -0.5773 -0.5774 0.5774
vn -0.2283 -0.0165 0.9735
vn -0.0019 -0.1935 0.9811
vn -0.0021 -0.0021 1.0000
vn -0.4129 -0.0161 0.9106
vn -0.2020 -0.2005 0.9586
vn -0.5814 -0.0153 0.8135
vn -0.3900 -0.1991 0.8990
vn -0.7278 -0.0142 0.6856
vn -0.5551 -0.1940 0.8088
vn -0.0018 -0.3811 0.9245
vn -0.2006 -0.3894 0.8990
vn -0.3824 -0.3817 0.8415
vn -0.6937 -0.1912 0.6944
vn -0.5352 -0.3659 0.7613
vn -0.0025 -0.5550 0.8319
vn -0.1950 -0.5558 0.8081
vn -0.5039 -0.5037 0.7017
vn -0.3663 -0.5352 0.7612
vn -0.6193 -0.4824 0.6194
vn -0.3566 -0.6607 0.6606
vn -0.9729 -0.2307 0.0140
vn -0.9811 -0.0019 0.1935
vn -1.0000 -0.0021 -0.0011
vn -0.9097 -0.4150 0.0136
vn -0.9586 -0.2020 0.2005
vn -0.8123 -0.5831 0.0130
vn -0.8990 -0.3900 0.1991
vn -0.8088 -0.5552 0.1940
vn -0.9245 -0.0019 0.3811
vn -0.8990 -0.2006 0.3894
vn -0.8415 -0.3824 0.3816
vn -0.7613 -0.5352 0.3659
vn -0.8319 -0.0025 0.5550
vn -0.8081 -0.1950 0.5558
vn -0.7017 -0.5039 0.5037
vn -0.7612 -0.3663 0.5352
vn -0.6606 -0.3567 0.6606
vn -0.2283 0.0166 -0.9735
vn -0.0019 0.1935 -0.9811
vn -0.0021 0.0021 -1.0000
vn -0.4129 0.0161 -0.9106
vn -0.2020 0.2005 -0.9586
vn -0.5814 0.0153 -0.8135
vn -0.3900 0.1991 -0.8990
vn -0.7278 0.0142 -0.6857
vn -0.5551 0.1940 -0.8088
vn -0.0019 0.3811 -0.9245
vn -0.2006 0.3894 -0.8990
vn -0.3824 0.3816 -0.8415
vn -0.6937 0.1912 -0.6944
vn -0.5352 0.3659 -0.7613
vn -0.0025 0.5550 -0.8319
vn -0.1950 0.5558 -0.8081
vn -0.5039 0.5037 -0.7017
vn -0.3663 0.5352 -0.7612
vn -0.6193 0.4824 -0.6194
vn -0.0030 0.7071 -0.7071
vn -0.1912 0.6945 -0.6937
vn -0.4824 0.6194 -0.6193
vn -0.3566 0.6607 -0.6606
vn -0.5773 0.5774 -0.5774
vn -0.9729 0.2307 -0.0140
vn -0.9811 0.0019 -0.1935
vn -1.0000 0.0021 0.0011
vn -0.9097 0.4150 -0.0136
vn -0.9586 0.2020 -0.2005
vn -0.8123 0.5831 -0.0130
vn -0.8990 0.3900 -0.1991
vn -0.6842 0.7292 -0.0119
vn -0.8088 0.5552 -0.1940
vn -0.9245 0.0019 -0.3811
vn -0.8990 0.2006 -0.3894
vn -0.8415 0.3824 -0.3816
vn -0.6945 0.6937 -0.1912
vn -0.7613 0.5352 -0.3659
vn -0.8319 0.0025 -0.5550
vn -0.8081 0.1950 -0.5558
vn -0.7017 0.5039 -0.5037
vn -0.7612 0.3663 -0.5352
vn -0.6194 0.6193 -0.4824
vn -0.6606 0.3567 -0.6606
vn -0.0166 0.9735 -0.2283
vn -0.1933 0.9811 0.0016
vn -0.0021 1.0000 0.0011
vn -0.0161 0.9106 -0.4129
vn -0.2005 0.9586 -0.2020
vn -0.0153 0.8135 -0.5814
vn -0.1991 0.8990 -0.3900
vn -0.1940 0.8088 -0.5551
vn -0.3809 0.9246 0.0015
vn -0.3894 0.8990 -0.2006
vn -0.3816 0.8415 -0.3824
vn -0.3659 0.7613 -0.5352
vn -0.5549 0.8319 0.0006
vn -0.5558 0.8081 -0.1950
vn -0.5037 0.7017 -0.5039
vn -0.5352 0.7612 -0.3663
vn -0.6606 0.6606 -0.3567
vn -0.0166 0.2282 0.9735
vn -0.1935 0.0020 0.9811
vn -0.0020 0.0020 1.0000
vn -0.0160 0.4129 0.9106
vn -0.2005 0.2019 0.9587
vn -0.0153 0.5814 0.8135
vn -0.1991 0.3900 0.8990
vn -0.0142 0.7278 0.6857
vn -0.1940 0.5552 0.8088
vn -0.3811 0.0019 0.9245
vn -0.3894 0.2006 0.8990
vn -0.3817 0.3824 0.8415
vn -0.1912 0.6937 0.6945
vn -0.3659 0.5352 0.7613
vn -0.5550 0.0025 0.8319
vn -0.5558 0.1950 0.8081
vn -0.5037 0.5039 0.7017
vn -0.5353 0.3663 0.7611
vn -0.4824 0.6194 0.6194
vn -0.7071 0.0030 0.7071
vn -0.6945 0.1912 0.6937
vn -0.6194 0.4824 0.6193
vn -0.6607 0.3567 0.6606
vn -0.5774 0.5773 0.5774
vn -0.2306 0.9729 0.0142
vn -0.0019 0.9811 0.1935
vn -0.0021 1.0000 -0.0011
vn -0.4150 0.9097 0.0136
vn -0.2019 0.9586 0.2005
vn -0.5831 0.8123 0.0130
vn -0.3900 0.8990 0.1991
vn -0.7292 0.6842 0.0119
vn -0.5552 0.8088 0.1940
vn -0.0019 0.9245 0.3811
vn -0.2006 0.8990 0.3894
vn -0.3824 0.8415 0.3816
vn -0.6937 0.6944 0.1912
vn -0.5352 0.7613 0.3659
vn -0.0025 0.8319 0.5550
vn -0.1950 0.8081 0.5558
vn -0.5039 0.7017 0.5037
vn -0.3663 0.7612 0.5352
vn -0.6194 0.6194 0.4824
vn -0.3567 0.6606 0.6606
vn -0.9735 0.0166 0.2283
vn -0.9811 0.1933 -0.0015
vn -1.0000 0.0021 -0.0011
vn -0.9106 0.0161 0.4129
vn -0.9586 0.2005 0.2020
vn -0.8135 0.0153 0.5814
vn -0.8990 0.1991 0.3900
vn -0.8088 0.1940 0.5551
vn -0.9246 0.3810 -0.0015
vn -0.8990 0.3894 0.2006
vn -0.8415 0.3816 0.3824
vn -0.7613 0.3659 0.5352
vn -0.8319 0.5549 -0.0006
vn -0.8081 0.5558 0.1950
vn -0.7017 0.5037 0.5039
vn -0.7612 0.5352 0.3663
vn -0.6605 0.6607 0.3567
vn 0.2283 -0.0166 -0.9735
vn 0.0019 -0.1935 -0.9811
vn 0.0021 -0.0021 -1.0000
vn 0.4129 -0.0161 -0.9106
vn 0.2020 -0.2005 -0.9586
vn 0.5814 -0.0153 -0.8135
vn 0.3900 -0.1991 -0.8990
vn 0.7278 -0.0142 -0.6857
vn 0.5551 -0.1940 -0.8088
vn 0.0019 -0.3811 -0.9245
vn 0.2006 -0.3894 -0.8990
vn 0.3824 -0.3816 -0.8415
vn 0.6937 -0.1912 -0.6944
vn 0.5352 -0.3659 -0.7613
vn 0.0025 -0.5550 -0.8319
vn 0.1950 -0.5558 -0.8081
vn 0.5039 -0.5037 -0.7017
vn 0.3663 -0.5352 -0.7612
vn 0.6193 -0.4824 -0.6194
vn 0.0030 -0.7071 -0.7071
vn 0.1912 -0.6945 -0.6937
vn 0.4824 -0.6194 -0.6193
vn 0.3566 -0.6607 -0.6606
vn 0.5773 -0.5774 -0.5774
vn 0.9729 -0.2307 -0.0140
vn 0.9811 -0.0019 -0.1935
vn 1.0000 -0.0021 0.0011
vn 0.9097 -0.4150 -0.0136
vn 0.9586 -0.2020 -0.2005
vn 0.8123 -0.5831 -0.0130
vn 0.8990 -0.3900 -0.1991
vn 0.6842 -0.7292 -0.0119
vn 0.8088 -0.5552 -0.1940
vn 0.9245 -0.0019 -0.3811
vn 0.8990 -0.2006 -0.3894
vn 0.8415 -0.3824 -0.3816
vn 0.6945 -0.6937 -0.1912
vn 0.7613 -0.5352 -0.3659
vn 0.8319 -0.0025 -0.5550
vn 0.8081 -0.1950 -0.5558
vn 0.7017 -0.5039 -0.5037
vn 0.7612 -0.3663 -0.5352
vn 0.6194 -0.6193 -0.4824
vn 0.6606 -0.3567 -0.6606
vn 0.0166 -0.9735 -0.2283
vn 0.1933 -0.9811 0.0016
vn 0.0021 -1.0000 0.0011
vn 0.0161 -0.9106 -0.4129
vn 0.2005 -0.9586 -0.2020
vn 0.0153 -0.8135 -0.5814
vn 0.1991 -0.8990 -0.3900
vn 0.1940 -0.8088 -0.5551
vn 0.3809 -0.9246 0.0015
vn 0.3894 -0.8990 -0.2006
vn 0.3816 -0.8415 -0.3824
vn 0.3659 -0.7613 -0.5352
vn 0.5549 -0.8319 0.0006
vn 0.5558 -0.8081 -0.1950
vn 0.5037 -0.7017 -0.5039
vn 0.5352 -0.7612 -0.3663
vn 0.6606 -0.6606 -0.3567
vn 0.0166 -0.2282 0.9735
vn 0.1935 -0.0019 0.9811
vn 0.0019 -0.0020 1.0000
vn 0.0160 -0.4129 0.9106
vn 0.2005 -0.2019 0.9587
vn 0.0153 -0.5814 0.8135
vn 0.1991 -0.3900 0.8990
vn 0.0142 -0.7278 0.6857
vn 0.1940 -0.5552 0.8088
vn 0.3811 -0.0019 0.9245
vn 0.3894 -0.2006 0.8990
vn 0.3817 -0.3824 0.8415
vn 0.1912 -0.6937 0.6945
vn 0.3659 -0.5352 0.7613
vn 0.5550 -0.0025 0.8319
vn 0.5558 -0.1950 0.8081
vn 0.5037 -0.5039 0.7017
vn 0.5353 -0.3663 0.7611
vn 0.4824 -0.6194 0.6194
vn 0.7071 -0.0030 0.7071
vn 0.6945 -0.1912 0.6937
vn 0.6194 -0.4824 0.6193
vn 0.6607 -0.3567 0.6606
vn 0.5774 -0.5773 0.5774
vn 0.2306 -0.9729 0.0142
vn 0.0019 -0.9811 0.1935
vn 0.0021 -1.0000 -0.0011
vn 0.4150 -0.9097 0.0136
vn 0.2019 -0.9586 0.2005
vn 0.5831 -0.8123 0.0130
vn 0.3900 -0.8990 0.1991
vn 0.7292 -0.6842 0.0119
vn 0.5552 -0.8088 0.1940
vn 0.0019 -0.9245 0.3811
vn 0.2006 -0.8990 0.3894
vn 0.3824 -0.8415 0.3816
vn 0.6937 -0.6944 0.1912
vn 0.5352 -0.7613 0.3659
vn 0.0025 -0.8319 0.5550
vn 0.1950 -0.8081 0.5558
vn 0.5039 -0.7017 0.5037
vn 0.3663 -0.7612 0.5352
vn 0.6194 -0.6194 0.4824
vn 0.3567 -0.6606 0.6606
vn 0.9735 -0.0166 0.2283
vn 0.9811 -0.1933 -0.0015
vn 1.0000 -0.0021 -0.0011
vn 0.9106 -0.0161 0.4129
vn 0.9586 -0.2005 0.2020
vn 0.8135 -0.0153 0.5814
vn 0.8990 -0.1991 0.3900
vn 0.8088 -0.1940 0.5551
vn 0.9246 -0.3810 -0.0015
vn 0.8990 -0.3894 0.2006
vn 0.8415 -0.3816 0.3824
vn 0.7613 -0.3659 0.5352
vn 0.8319 -0.5549 -0.0006
vn 0.8081 -0.5558 0.1950
vn 0.7017 -0.5037 0.5039
vn 0.7612 -0.5352 0.3663
vn 0.6605 -0.6607 0.3567
vn 0.0166 0.2282 -0.9735
vn 0.1935 0.0019 -0.9811
vn 0.0019 0.0020 -1.0000
vn 0.0160 0.4129 -0.9106
vn 0.2005 0.2019 -0.9587
vn 0.0153 0.5814 -0.8135
vn 0.1991 0.3900 -0.8990
vn 0.0142 0.7278 -0.6857
vn 0.1940 0.5552 -0.8088
vn 0.3811 0.0019 -0.9245
vn 0.3894 0.2006 -0.8990
vn 0.3817 0.3824 -0.8415
vn 0.1912 0.6937 -0.6945
vn 0.3659 0.5352 -0.7613
vn 0.5550 0.0025 -0.8319
vn 0.5558 0.1950 -0.8081
vn 0.5037 0.5039 -0.7017
vn 0.5353 0.3663 -0.7611
vn 0.4824 0.6194 -0.6194
vn 0.7071 0.0030 -0.7071
vn 0.6945 0.1912 -0.6937
vn 0.6194 0.4824 -0.6193
vn 0.6607 0.3567 -0.6606
vn 0.5774 0.5773 -0.5774
vn 0.2307 0.9729 -0.0140
vn 0.0019 0.9811 -0.1935
vn 0.0021 1.0000 0.0011
vn 0.4150 0.9097 -0.0136
vn 0.2019 0.9586 -0.2005
vn 0.5831 0.8123 -0.0130
vn 0.3900 0.8990 -0.1991
vn 0.7292 0.6842 -0.0119
vn 0.5552 0.8088 -0.1940
vn 0.0019 0.9245 -0.3811
vn 0.2006 0.8990 -0.3894
vn 0.3824 0.8415 -0.3816
vn 0.6937 0.6944 -0.1912
vn 0.5352 0.7613 -0.3659
vn 0.0025 0.8319 -0.5550
vn 0.1950 0.8081 -0.5558
vn 0.5039 0.7017 -0.5037
vn 0.3663 0.7612 -0.5352
vn 0.6194 0.6194 -0.4824
vn 0.3567 0.6606 -0.6606
vn 0.9735 0.0166 -0.2283
vn 0.9811 0.1933 0.0016
vn 1.0000 0.0021 0.0011
vn 0.9106 0.0161 -0.4129
vn 0.9586 0.2005 -0.2020
vn 0.8135 0.0153 -0.5814
vn 0.8990 0.1991 -0.3900
vn 0.8088 0.1940 -0.5551
vn 0.9246 0.3810 0.0015
vn 0.8990 0.3894 -0.2006
vn 0.8415 0.3816 -0.3824
vn 0.7613 0.3659 -0.5352
vn 0.8319 0.5549 0.0006
vn 0.8081 0.5558 -0.1950
vn 0.7017 0.5037 -0.5039
vn 0.7612 0.5352 -0.3663
vn 0.6605 0.6607 -0.3567
vn 0.2283 0.0166 0.9735
vn 0.0019 0.1935 0.9811
vn 0.0021 0.0021 1.0000
vn 0.4129 0.0161 0.9106
vn 0.2020 0.2005 0.9586
vn 0.5814 0.0153 0.8135
vn 0.3900 0.1991 0.8990
vn 0.7278 0.0142 0.6857
vn 0.5551 0.1940 0.8088
vn 0.0019 0.3811 0.9245
vn 0.2006 0.3894 0.8990
vn 0.3824 0.3816 0.8415
vn 0.6937 0.1912 0.6944
vn 0.5352 0.3659 0.7613
vn 0.0025 0.5550 0.8319
vn 0.1950 0.5558 0.8081
vn 0.5039 0.5037 0.7017
vn 0.3663 0.5352 0.7612
vn 0.6193 0.4824 0.6194
vn 0.0030 0.7071 0.7071
vn 0.1912 0.6945 0.6937
vn 0.4824 0.6194 0.6193
vn 0.3566 0.6607 0.6606
vn 0.5773 0.5774 0.5774
vn 0.9729 0.2306 0.0141
vn 0.9811 0.0019 0.1935
vn 1.0000 0.0021 -0.0011
vn 0.9097 0.4150 0.0136
vn 0.9586 0.2020 0.2005
vn 0.8123 0.5831 0.0130
vn 0.8990 0.3900 0.1991
vn 0.6842 0.7292 0.0119
vn 0.8088 0.5552 0.1940
vn 0.9245 0.0019 0.3811
vn 0.8990 0.2006 0.3894
vn 0.8415 0.3824 0.3816
vn 0.6945 0.6937 0.1912
vn 0.7613 0.5352 0.3659
vn 0.8319 0.0025 0.5550
vn 0.8081 0.1950 0.5558
vn 0.7017 0.5039 0.5037
vn 0.7612 0.3663 0.5352
vn 0.6194 0.6193 0.4824
vn 0.6606 0.3567 0.6606
vn 0.0166 0.9735 0.2283
vn 0.1933 0.9811 -0.0015
vn 0.0021 1.0000 -0.0011
vn 0.0161 0.9106 0.4129
vn 0.2005 0.9586 0.2020
vn 0.0153 0.8135 0.5814
vn 0.1991 0.8990 0.3900
vn 0.1940 0.8088 0.5551
vn 0.3809 0.9246 -0.0015
vn 0.3894 0.8990 0.2006
vn 0.3816 0.8415 0.3824
vn 0.3659 0.7613 0.5352
vn 0.5549 0.8319 -0.0006
vn 0.5558 0.8081 0.1950
vn 0.5037 0.7017 0.5039
vn 0.5352 0.7612 0.3663
vn 0.6606 0.6606 0.3567
vt 0.157500 0.723840
vt 0.151160 0.717500
vt 0.157500 0.717500
vt 0.157500 0.729937
vt 0.150965 0.724116
vt 0.157500 0.735556
vt 0.150955 0.730263
vt 0.157500 0.750000
vt 0.151012 0.735578
vt 0.145063 0.717500
vt 0.144756 0.724118
vt 0.144918 0.730111
vt 0.151045 0.750000
vt 0.145299 0.734984
vt 0.139444 0.717500
vt 0.139391 0.724027
vt 0.140895 0.734105
vt 0.140011 0.729718
vt 0.141366 0.750000
vt 0.125000 0.717500
vt 0.125000 0.723955
vt 0.125000 0.733634
vt 0.125000 0.729483
vt 0.138736 0.750000
vt 0.376109 0.973840
vt 0.375892 0.967500
vt 0.376109 0.967500
vt 0.376109 0.979937
vt 0.375886 0.974116
vt 0.376109 0.985556
vt 0.375885 0.980263
vt 0.376109 1.000000
vt 0.375888 0.985578
vt 0.375685 0.967500
vt 0.375674 0.974118
vt 0.375680 0.980111
vt 0.375889 1.000000
vt 0.375693 0.984984
vt 0.375493 0.967500
vt 0.375491 0.974027
vt 0.375542 0.984105
vt 0.375512 0.979718
vt 0.375558 1.000000
vt 0.375000 0.967500
vt 0.375000 0.973955
vt 0.375000 0.983634
vt 0.375000 0.979483
vt 0.375469 1.000000
vt 0.375893 0.032500
vt 0.376109 0.026160
vt 0.376109 0.032500
vt 0.375684 0.032500
vt 0.375883 0.025965
vt 0.375493 0.032500
vt 0.375673 0.025955
vt 0.375000 0.032500
vt 0.375492 0.026012
vt 0.376109 0.020063
vt 0.375883 0.019756
vt 0.375679 0.019918
vt 0.375000 0.026045
vt 0.375512 0.020299
vt 0.376109 0.014444
vt 0.375886 0.014391
vt 0.375542 0.015895
vt 0.375692 0.015011
vt 0.375000 0.016366
vt 0.376109 0.000000
vt 0.375889 0.000000
vt 0.375558 0.000000
vt 0.375700 0.000000
vt 0.375000 0.013736
vt 0.624108 0.967500
vt 0.623891 0.973841
vt 0.623891 0.967500
vt 0.624316 0.967500
vt 0.624117 0.974035
vt 0.624507 0.967500
vt 0.624327 0.974045
vt 0.625000 0.967500
vt 0.624508 0.973988
vt 0.623891 0.979937
vt 0.624117 0.980245
vt 0.624322 0.980082
vt 0.625000 0.973955
vt 0.624488 0.979701
vt 0.623891 0.985556
vt 0.624114 0.985609
vt 0.624458 0.984105
vt 0.624308 0.984989
vt 0.625000 0.983634
vt 0.623891 1.000000
vt 0.624111 1.000000
vt 0.624442 1.000000
vt 0.624300 1.000000
vt 0.625000 0.986264
vt 0.848840 0.717500
vt 0.842500 0.723840
vt 0.842500 0.717500
vt 0.854937 0.717500
vt 0.849116 0.724035
vt 0.860556 0.717500
vt 0.855263 0.724045
vt 0.875000 0.717500
vt 0.860578 0.723988
vt 0.842500 0.729937
vt 0.849118 0.730244
vt 0.855112 0.730082
vt 0.875000 0.723955
vt 0.859984 0.729701
vt 0.842500 0.735556
vt 0.849027 0.735609
vt 0.859105 0.734105
vt 0.854718 0.734989
vt 0.875000 0.733634
vt 0.842500 0.750000
vt 0.848955 0.750000
vt 0.858634 0.750000
vt 0.854483 0.750000
vt 0.875000 0.736264
vt 0.623891 0.026160
vt 0.624108 0.032500
vt 0.623891 0.032500
vt 0.623891 0.020063
vt 0.624114 0.025884
vt 0.623891 0.014444
vt 0.624115 0.019737
vt 0.623891 0.000000
vt 0.624113 0.014422
vt 0.624316 0.032500
vt 0.624326 0.025882
vt 0.624321 0.019889
vt 0.624111 0.000000
vt 0.624308 0.015016
vt 0.624507 0.032500
vt 0.624509 0.025973
vt 0.624458 0.015894
vt 0.624488 0.020282
vt 0.624442 0.000000
vt 0.625000 0.032500
vt 0.625000 0.026045
vt 0.625000 0.016366
vt 0.625000 0.020517
vt 0.624531 0.000000
vt 0.151160 0.532500
vt 0.157500 0.526160
vt 0.157500 0.532500
vt 0.145063 0.532500
vt 0.150884 0.525965
vt 0.139444 0.532500
vt 0.144737 0.525955
vt 0.125000 0.532500
vt 0.139422 0.526012
vt 0.157500 0.520063
vt 0.150882 0.519755
vt 0.144889 0.519918
vt 0.125000 0.526045
vt 0.140016 0.520299
vt 0.157500 0.514444
vt 0.150973 0.514391
vt 0.140895 0.515895
vt 0.145282 0.515011
vt 0.125000 0.516366
vt 0.157500 0.500000
vt 0.151045 0.500000
vt 0.141366 0.500000
vt 0.145517 0.500000
vt 0.125000 0.513736
vt 0.376109 0.223840
vt 0.375892 0.217500
vt 0.376109 0.217500
vt 0.376109 0.229937
vt 0.375886 0.224116
vt 0.376109 0.235556
vt 0.375885 0.230263
vt 0.376109 0.250000
vt 0.375887 0.235578
vt 0.375684 0.217500
vt 0.375674 0.224118
vt 0.375680 0.230111
vt 0.375889 0.250000
vt 0.375692 0.234984
vt 0.375493 0.217500
vt 0.375491 0.224027
vt 0.375542 0.234105
vt 0.375512 0.229718
vt 0.375558 0.250000
vt 0.375000 0.217500
vt 0.375000 0.223955
vt 0.375000 0.233634
vt 0.375000 0.229483
vt 0.375234 0.256868
vt 0.375892 0.282500
vt 0.376109 0.276160
vt 0.376109 0.282500
vt 0.375684 0.282500
vt 0.375883 0.275965
vt 0.375493 0.282500
vt 0.375673 0.275955
vt 0.375000 0.282500
vt 0.375492 0.276012
vt 0.376109 0.270063
vt 0.375883 0.269756
vt 0.375679 0.269918
vt 0.375000 0.276045
vt 0.375512 0.270299
vt 0.376109 0.264444
vt 0.375886 0.264391
vt 0.375542 0.265895
vt 0.375692 0.265011
vt 0.375000 0.266366
vt 0.375700 0.250000
vt 0.842500 0.526159
vt 0.848840 0.532500
vt 0.842500 0.532500
vt 0.842500 0.520063
vt 0.849035 0.525884
vt 0.842500 0.514444
vt 0.849045 0.519737
vt 0.842500 0.500000
vt 0.848988 0.514422
vt 0.854937 0.532500
vt 0.855244 0.525882
vt 0.855082 0.519888
vt 0.848955 0.500000
vt 0.854701 0.515016
vt 0.860556 0.532500
vt 0.860609 0.525973
vt 0.859105 0.515895
vt 0.859989 0.520282
vt 0.858634 0.500000
vt 0.875000 0.532500
vt 0.875000 0.526045
vt 0.875000 0.516366
vt 0.875000 0.520517
vt 0.861264 0.500000
vt 0.623891 0.276160
vt 0.624108 0.282500
vt 0.623891 0.282500
vt 0.623891 0.270063
vt 0.624114 0.275884
vt 0.623891 0.264444
vt 0.624114 0.269737
vt 0.623891 0.250000
vt 0.624113 0.264422
vt 0.624316 0.282500
vt 0.624326 0.275882
vt 0.624321 0.269889
vt 0.624111 0.250000
vt 0.624308 0.265016
vt 0.624507 0.282500
vt 0.624509 0.275973
vt 0.624458 0.265895
vt 0.624488 0.270282
vt 0.624442 0.250000
vt 0.625000 0.282500
vt 0.625000 0.276045
vt 0.625000 0.266366
vt 0.625000 0.270517
vt 0.624766 0.243132
vt 0.624108 0.217500
vt 0.623891 0.223840
vt 0.623891 0.217500
vt 0.624316 0.217500
vt 0.624117 0.224035
vt 0.624507 0.217500
vt 0.624327 0.224045
vt 0.625000 0.217500
vt 0.624508 0.223988
vt 0.623891 0.229937
vt 0.624117 0.230244
vt 0.624322 0.230082
vt 0.625000 0.223955
vt 0.624488 0.229701
vt 0.623891 0.235556
vt 0.624114 0.235609
vt 0.624458 0.234105
vt 0.624308 0.234989
vt 0.625000 0.233634
vt 0.624300 0.250000
vt 0.348840 0.717500
vt 0.342500 0.723840
vt 0.342500 0.717500
vt 0.354937 0.717500
vt 0.349116 0.724035
vt 0.360556 0.717500
vt 0.355263 0.724045
vt 0.375000 0.717500
vt 0.360578 0.723987
vt 0.342500 0.729937
vt 0.349118 0.730244
vt 0.355111 0.730082
vt 0.375000 0.723955
vt 0.359984 0.729701
vt 0.342500 0.735556
vt 0.349027 0.735609
vt 0.359105 0.734105
vt 0.354718 0.734989
vt 0.375000 0.733634
vt 0.358750 0.766250
vt 0.361975 0.763020
vt 0.366823 0.758189
vt 0.364754 0.760271
vt 0.375156 0.750000
vt 0.376109 0.723840
vt 0.375892 0.717500
vt 0.376109 0.717500
vt 0.376109 0.729937
vt 0.375886 0.724116
vt 0.376109 0.735556
vt 0.375885 0.730263
vt 0.376109 0.750000
vt 0.375887 0.735578
vt 0.375684 0.717500
vt 0.375674 0.724118
vt 0.375680 0.730112
vt 0.375889 0.750000
vt 0.375692 0.734984
vt 0.375493 0.717500
vt 0.375491 0.724027
vt 0.375542 0.734105
vt 0.375512 0.729718
vt 0.375558 0.750000
vt 0.375000 0.729483
vt 0.375892 0.782500
vt 0.376109 0.776160
vt 0.376109 0.782500
vt 0.375684 0.782500
vt 0.375883 0.775965
vt 0.375493 0.782500
vt 0.375673 0.775955
vt 0.375492 0.776012
vt 0.376109 0.770063
vt 0.375883 0.769756
vt 0.375679 0.769918
vt 0.375512 0.770299
vt 0.376109 0.764444
vt 0.375886 0.764391
vt 0.375542 0.765895
vt 0.375692 0.765011
vt 0.375700 0.750000
vt 0.657500 0.723840
vt 0.651160 0.717500
vt 0.657500 0.717500
vt 0.657500 0.729937
vt 0.650965 0.724116
vt 0.657500 0.735556
vt 0.650955 0.730263
vt 0.641249 0.766251
vt 0.651012 0.735578
vt 0.645063 0.717500
vt 0.644756 0.724118
vt 0.644918 0.730111
vt 0.638019 0.763026
vt 0.645299 0.734984
vt 0.639444 0.717500
vt 0.639391 0.724027
vt 0.640895 0.734105
vt 0.640011 0.729718
vt 0.633189 0.758177
vt 0.625000 0.717500
vt 0.625000 0.723955
vt 0.625000 0.733634
vt 0.625000 0.729483
vt 0.629422 0.745421
vt 0.623891 0.776160
vt 0.624108 0.782500
vt 0.623891 0.782500
vt 0.623891 0.770063
vt 0.624114 0.775884
vt 0.623891 0.764444
vt 0.624114 0.769737
vt 0.623891 0.750000
vt 0.624113 0.764422
vt 0.624316 0.782500
vt 0.624326 0.775882
vt 0.624321 0.769889
vt 0.624111 0.750000
vt 0.624308 0.765016
vt 0.624507 0.782500
vt 0.624509 0.775973
vt 0.624458 0.765895
vt 0.624488 0.770282
vt 0.624442 0.750000
vt 0.635271 0.760246
vt 0.624108 0.717500
vt 0.623891 0.723840
vt 0.623891 0.717500
vt 0.624316 0.717500
vt 0.624117 0.724035
vt 0.624507 0.717500
vt 0.624327 0.724045
vt 0.624508 0.723988
vt 0.623891 0.729937
vt 0.624117 0.730244
vt 0.624322 0.730082
vt 0.624488 0.729701
vt 0.623891 0.735556
vt 0.624114 0.735609
vt 0.624458 0.734105
vt 0.624308 0.734989
vt 0.624300 0.750000
vt 0.342500 0.526159
vt 0.348840 0.532500
vt 0.342500 0.532500
vt 0.342500 0.520063
vt 0.349035 0.525884
vt 0.342500 0.514444
vt 0.349045 0.519737
vt 0.358751 0.483749
vt 0.348988 0.514422
vt 0.354937 0.532500
vt 0.355244 0.525882
vt 0.355082 0.519888
vt 0.361981 0.486974
vt 0.354701 0.515016
vt 0.360556 0.532500
vt 0.360609 0.525973
vt 0.359105 0.515895
vt 0.359989 0.520282
vt 0.366811 0.491823
vt 0.375000 0.532500
vt 0.375000 0.526045
vt 0.375000 0.516366
vt 0.375000 0.520517
vt 0.370578 0.504579
vt 0.376109 0.473840
vt 0.375892 0.467500
vt 0.376109 0.467500
vt 0.376109 0.479937
vt 0.375886 0.474116
vt 0.376109 0.485556
vt 0.375885 0.480263
vt 0.376109 0.500000
vt 0.375888 0.485578
vt 0.375685 0.467500
vt 0.375674 0.474118
vt 0.375680 0.480111
vt 0.375889 0.500000
vt 0.375693 0.484984
vt 0.375493 0.467500
vt 0.375491 0.474027
vt 0.375542 0.484105
vt 0.375512 0.479718
vt 0.375558 0.500000
vt 0.364729 0.489754
vt 0.375892 0.532500
vt 0.376109 0.526160
vt 0.376109 0.532500
vt 0.375684 0.532500
vt 0.375883 0.525965
vt 0.375493 0.532500
vt 0.375673 0.525955
vt 0.375492 0.526012
vt 0.376109 0.520063
vt 0.375883 0.519756
vt 0.375679 0.519918
vt 0.375512 0.520299
vt 0.376109 0.514444
vt 0.375886 0.514391
vt 0.375542 0.515895
vt 0.375692 0.515011
vt 0.375700 0.500000
vt 0.651160 0.532500
vt 0.657500 0.526160
vt 0.657500 0.532500
vt 0.645063 0.532500
vt 0.650884 0.525965
vt 0.639444 0.532500
vt 0.644737 0.525955
vt 0.625000 0.532500
vt 0.639422 0.526012
vt 0.657500 0.520063
vt 0.650882 0.519755
vt 0.644889 0.519918
vt 0.625000 0.526045
vt 0.640016 0.520299
vt 0.657500 0.514444
vt 0.650972 0.514391
vt 0.640894 0.515895
vt 0.645282 0.515011
vt 0.625000 0.516366
vt 0.641250 0.483750
vt 0.638025 0.486981
vt 0.633177 0.491811
vt 0.635246 0.489729
vt 0.624844 0.500000
vt 0.623891 0.526160
vt 0.624108 0.532500
vt 0.623891 0.532500
vt 0.623891 0.520063
vt 0.624114 0.525884
vt 0.623891 0.514444
vt 0.624115 0.519737
vt 0.623891 0.500000
vt 0.624113 0.514422
vt 0.624316 0.532500
vt 0.624326 0.525882
vt 0.624321 0.519889
vt 0.624111 0.500000
vt 0.624308 0.515016
vt 0.624507 0.532500
vt 0.624509 0.525973
vt 0.624458 0.515894
vt 0.624488 0.520282
vt 0.624442 0.500000
vt 0.625000 0.520517
vt 0.624108 0.467500
vt 0.623891 0.473840
vt 0.623891 0.467500
vt 0.624316 0.467500
vt 0.624117 0.474035
vt 0.624507 0.467500
vt 0.624327 0.474045
vt 0.624508 0.473988
vt 0.623891 0.479937
vt 0.624117 0.480244
vt 0.624322 0.480082
vt 0.624488 0.479701
vt 0.623891 0.485556
vt 0.624114 0.485609
vt 0.624458 0.484105
vt 0.624308 0.484989
vt 0.624300 0.500000
vt 0.145517 0.750000
vt 0.375700 1.000000
vt 0.375000 0.020517
vt 0.625000 0.979483
vt 0.875000 0.729483
vt 0.624300 0.000000
vt 0.125000 0.520517
vt 0.375000 0.270517
vt 0.854483 0.500000
vt 0.625000 0.229483
s 1
usemtl satin_silver_trim
f 964/535/738 968/536/739 961/537/740
f 965/538/741 969/539/742 964/535/738
f 966/540/743 970/541/744 965/538/741
f 967/542/745 971/543/746 966/540/743
f 969/539/742 973/544/747 968/536/739
f 970/541/744 974/545/748 969/539/742
f 971/543/746 975/546/749 970/541/744
f 972/547/750 976/548/751 971/543/746
f 974/545/748 978/549/752 973/544/747
f 975/546/749 979/550/753 974/545/748
f 975/546/749 981/551/754 980/552/755
f 976/548/751 982/553/756 981/551/754
f 979/550/753 1006/554/757 978/549/752
f 980/552/755 1011/555/758 979/550/753
f 980/552/755 1021/556/759 1016/557/760
f 981/551/754 983/558/761 1021/556/759
f 984/559/762 988/560/763 962/561/764
f 985/562/765 989/563/766 984/559/762
f 986/564/767 990/565/768 985/562/765
f 987/566/769 991/567/770 986/564/767
f 989/563/766 993/568/771 988/560/763
f 990/565/768 994/569/772 989/563/766
f 991/567/770 995/570/773 990/565/768
f 992/571/774 996/572/775 991/567/770
f 994/569/772 998/573/776 993/568/771
f 995/570/773 999/574/777 994/569/772
f 995/570/773 1001/575/778 1000/576/779
f 996/572/775 1002/577/780 1001/575/778
f 999/574/777 967/578/745 998/573/776
f 1000/576/779 972/579/750 999/574/777
f 1000/576/779 982/580/756 977/581/781
f 1001/575/778 983/582/761 982/580/756
f 1003/583/782 1007/584/783 963/585/784
f 1004/586/785 1008/587/786 1003/583/782
f 1005/588/787 1009/589/788 1004/586/785
f 1006/590/757 1010/591/789 1005/588/787
f 1008/587/786 1012/592/790 1007/584/783
f 1009/589/788 1013/593/791 1008/587/786
f 1010/591/789 1014/594/792 1009/589/788
f 1011/595/758 1015/596/793 1010/591/789
f 1013/593/791 1017/597/794 1012/592/790
f 1014/594/792 1018/598/795 1013/593/791
f 1014/594/792 1020/599/796 1019/600/797
f 1015/596/793 1021/601/759 1020/599/796
f 1018/598/795 987/602/769 1017/597/794
f 1019/600/797 992/603/774 1018/598/795
f 1019/600/797 1002/604/780 997/605/798
f 1020/599/796 983/606/761 1002/604/780
f 1025/607/799 1029/608/800 1022/609/801
f 1026/610/802 1030/611/803 1025/607/799
f 1027/612/804 1031/613/805 1026/610/802
f 1028/614/806 1032/615/807 1027/612/804
f 1030/611/803 1034/616/808 1029/608/800
f 1031/613/805 1035/617/809 1030/611/803
f 1032/615/807 1036/618/810 1031/613/805
f 1033/619/811 1037/620/812 1032/615/807
f 1035/617/809 1039/621/813 1034/616/808
f 1036/618/810 1040/622/814 1035/617/809
f 1036/618/810 1042/623/815 1041/624/816
f 1037/620/812 1043/625/817 1042/623/815
f 1040/622/814 1067/626/818 1039/621/813
f 1041/624/816 1072/627/819 1040/622/814
f 1041/624/816 1082/628/820 1077/629/821
f 1042/623/815 1044/630/822 1082/628/820
f 1045/631/823 1049/632/824 1023/633/825
f 1046/634/826 1050/635/827 1045/631/823
f 1047/636/828 1051/637/829 1046/634/826
f 1048/638/830 1052/639/831 1047/636/828
f 1050/635/827 1054/640/832 1049/632/824
f 1051/637/829 1055/641/833 1050/635/827
f 1052/639/831 1056/642/834 1051/637/829
f 1053/643/835 1057/644/836 1052/639/831
f 1055/641/833 1059/645/837 1054/640/832
f 1056/642/834 1060/646/838 1055/641/833
f 1056/642/834 1062/647/839 1061/648/840
f 1057/644/836 1063/649/841 1062/647/839
f 1060/646/838 1028/650/806 1059/645/837
f 1061/648/840 1033/651/811 1060/646/838
f 1061/648/840 1043/652/817 1038/653/842
f 1062/647/839 1044/654/822 1043/652/817
f 1064/655/843 1068/656/844 1024/657/845
f 1065/658/846 1069/659/847 1064/655/843
f 1066/660/848 1070/661/849 1065/658/846
f 1067/662/818 1071/663/850 1066/660/848
f 1069/659/847 1073/664/851 1068/656/844
f 1070/661/849 1074/665/852 1069/659/847
f 1071/663/850 1075/666/853 1070/661/849
f 1072/667/819 1076/668/854 1071/663/850
f 1074/665/852 1078/669/855 1073/664/851
f 1075/666/853 1079/670/856 1074/665/852
f 1075/666/853 1081/671/857 1080/672/858
f 1076/668/854 1082/673/820 1081/671/857
f 1079/670/856 1048/674/830 1078/669/855
f 1080/672/858 1053/675/835 1079/670/856
f 1080/672/858 1063/676/841 1058/677/859
f 1081/671/857 1044/678/822 1063/676/841
f 1086/679/860 1090/680/861 1083/681/862
f 1087/682/863 1091/683/864 1086/679/860
f 1088/684/865 1092/685/866 1087/682/863
f 1089/686/867 1093/687/868 1088/684/865
f 1091/683/864 1095/688/869 1090/680/861
f 1092/685/866 1096/689/870 1091/683/864
f 1093/687/868 1097/690/871 1092/685/866
f 1094/691/872 1098/692/873 1093/687/868
f 1096/689/870 1100/693/874 1095/688/869
f 1097/690/871 1101/694/875 1096/689/870
f 1097/690/871 1103/695/876 1102/696/877
f 1098/692/873 1104/697/878 1103/695/876
f 1101/694/875 1128/698/879 1100/693/874
f 1102/696/877 1133/699/880 1101/694/875
f 1102/696/877 1143/700/881 1138/701/882
f 1103/695/876 1105/702/883 1143/700/881
f 1106/703/884 1110/704/885 1084/705/886
f 1107/706/887 1111/707/888 1106/703/884
f 1108/708/889 1112/709/890 1107/706/887
f 1109/710/891 1113/711/892 1108/708/889
f 1111/707/888 1115/712/893 1110/704/885
f 1112/709/890 1116/713/894 1111/707/888
f 1113/711/892 1117/714/895 1112/709/890
f 1114/715/896 1118/716/897 1113/711/892
f 1116/713/894 1120/717/898 1115/712/893
f 1117/714/895 1121/718/899 1116/713/894
f 1117/714/895 1123/719/900 1122/720/901
f 1118/716/897 1124/721/902 1123/719/900
f 1121/718/899 1089/722/867 1120/717/898
f 1122/720/901 1094/723/872 1121/718/899
f 1122/720/901 1104/724/878 1099/725/903
f 1123/719/900 1105/726/883 1104/724/878
f 1125/727/904 1129/728/905 1085/729/906
f 1126/730/907 1130/731/908 1125/727/904
f 1127/732/909 1131/733/910 1126/730/907
f 1128/734/879 1132/735/911 1127/732/909
f 1130/731/908 1134/736/912 1129/728/905
f 1131/733/910 1135/737/913 1130/731/908
f 1132/735/911 1136/738/914 1131/733/910
f 1133/739/880 1137/740/915 1132/735/911
f 1135/737/913 1139/741/916 1134/736/912
f 1136/738/914 1140/742/917 1135/737/913
f 1136/738/914 1142/743/918 1141/744/919
f 1137/740/915 1143/745/881 1142/743/918
f 1140/742/917 1109/710/891 1139/741/916
f 1141/744/919 1114/715/896 1140/742/917
f 1141/744/919 1124/721/902 1119/746/920
f 1142/743/918 1105/726/883 1124/721/902
f 1147/747/921 1151/748/922 1144/749/923
f 1148/750/924 1152/751/925 1147/747/921
f 1149/752/926 1153/753/927 1148/750/924
f 1150/754/928 1154/755/929 1149/752/926
f 1152/751/925 1156/756/930 1151/748/922
f 1153/753/927 1157/757/931 1152/751/925
f 1154/755/929 1158/758/932 1153/753/927
f 1155/759/933 1159/760/934 1154/755/929
f 1157/757/931 1161/761/935 1156/756/930
f 1158/758/932 1162/762/936 1157/757/931
f 1158/758/932 1164/763/937 1163/764/938
f 1159/760/934 1165/765/939 1164/763/937
f 1162/762/936 1189/766/940 1161/761/935
f 1163/764/938 1194/767/941 1162/762/936
f 1163/764/938 1204/768/942 1199/769/943
f 1164/763/937 1166/770/944 1204/768/942
f 1167/771/945 1171/772/946 1145/773/947
f 1168/774/948 1172/775/949 1167/771/945
f 1169/776/950 1173/777/951 1168/774/948
f 1170/778/952 1174/779/953 1169/776/950
f 1172/775/949 1176/780/954 1171/772/946
f 1173/777/951 1177/781/955 1172/775/949
f 1174/779/953 1178/782/956 1173/777/951
f 1175/783/957 1179/784/958 1174/779/953
f 1177/781/955 1181/785/959 1176/780/954
f 1178/782/956 1182/786/960 1177/781/955
f 1178/782/956 1184/787/961 1183/788/962
f 1179/784/958 1185/789/963 1184/787/961
f 1182/786/960 1150/790/928 1181/785/959
f 1183/788/962 1155/791/933 1182/786/960
f 1183/788/962 1165/792/939 1160/793/964
f 1184/787/961 1166/794/944 1165/792/939
f 1186/795/965 1190/796/966 1146/797/967
f 1187/798/968 1191/799/969 1186/795/965
f 1188/800/970 1192/801/971 1187/798/968
f 1189/802/940 1193/803/972 1188/800/970
f 1191/799/969 1195/804/973 1190/796/966
f 1192/801/971 1196/805/974 1191/799/969
f 1193/803/972 1197/806/975 1192/801/971
f 1194/807/941 1198/808/976 1193/803/972
f 1196/805/974 1200/809/977 1195/804/973
f 1197/806/975 1201/810/978 1196/805/974
f 1197/806/975 1203/811/979 1202/812/980
f 1198/808/976 1204/813/942 1203/811/979
f 1201/810/978 1170/778/952 1200/809/977
f 1202/812/980 1175/783/957 1201/810/978
f 1202/812/980 1185/789/963 1180/814/981
f 1203/811/979 1166/794/944 1185/789/963
f 1208/815/982 1212/816/983 1205/817/984
f 1209/818/985 1213/819/986 1208/815/982
f 1210/820/987 1214/821/988 1209/818/985
f 1211/822/989 1215/823/990 1210/820/987
f 1213/819/986 1217/824/991 1212/816/983
f 1214/821/988 1218/825/992 1213/819/986
f 1215/823/990 1219/826/993 1214/821/988
f 1216/827/994 1220/828/995 1215/823/990
f 1218/825/992 1222/829/996 1217/824/991
f 1219/826/993 1223/830/997 1218/825/992
f 1219/826/993 1225/831/998 1224/832/999
f 1220/828/995 1226/833/1000 1225/831/998
f 1223/830/997 1250/834/1001 1222/829/996
f 1224/832/999 1255/835/1002 1223/830/997
f 1224/832/999 1265/836/1003 1260/837/1004
f 1225/831/998 1227/838/1005 1265/836/1003
f 1228/839/1006 1232/840/1007 1206/841/1008
f 1229/842/1009 1233/843/1010 1228/839/1006
f 1230/844/1011 1234/845/1012 1229/842/1009
f 1231/846/1013 1235/847/1014 1230/844/1011
f 1233/843/1010 1237/848/1015 1232/840/1007
f 1234/845/1012 1238/849/1016 1233/843/1010
f 1235/847/1014 1239/850/1017 1234/845/1012
f 1236/851/1018 1240/852/1019 1235/847/1014
f 1238/849/1016 1242/853/1020 1237/848/1015
f 1239/850/1017 1243/854/1021 1238/849/1016
f 1239/850/1017 1245/855/1022 1244/856/1023
f 1240/852/1019 1246/857/1024 1245/855/1022
f 1243/854/1021 1211/822/989 1242/853/1020
f 1244/856/1023 1216/827/994 1243/854/1021
f 1244/856/1023 1226/833/1000 1221/858/1025
f 1245/855/1022 1227/838/1005 1226/833/1000
f 1247/859/1026 1251/860/1027 1207/861/1028
f 1248/862/1029 1252/863/1030 1247/859/1026
f 1249/864/1031 1253/865/1032 1248/862/1029
f 1250/834/1001 1254/866/1033 1249/864/1031
f 1252/863/1030 1256/867/1034 1251/860/1027
f 1253/865/1032 1257/868/1035 1252/863/1030
f 1254/866/1033 1258/869/1036 1253/865/1032
f 1255/835/1002 1259/870/1037 1254/866/1033
f 1257/868/1035 1261/871/1038 1256/867/1034
f 1258/869/1036 1262/872/1039 1257/868/1035
f 1258/869/1036 1264/873/1040 1263/874/1041
f 1259/870/1037 1265/836/1003 1264/873/1040
f 1262/872/1039 1231/846/1013 1261/871/1038
f 1263/874/1041 1236/851/1018 1262/872/1039
f 1263/874/1041 1246/857/1024 1241/875/1042
f 1264/873/1040 1227/838/1005 1246/857/1024
f 1269/876/1043 1273/877/1044 1266/878/1045
f 1270/879/1046 1274/880/1047 1269/876/1043
f 1271/881/1048 1275/882/1049 1270/879/1046
f 1272/883/1050 1276/884/1051 1271/881/1048
f 1274/880/1047 1278/885/1052 1273/877/1044
f 1275/882/1049 1279/886/1053 1274/880/1047
f 1276/884/1051 1280/887/1054 1275/882/1049
f 1277/888/1055 1281/889/1056 1276/884/1051
f 1279/886/1053 1283/890/1057 1278/885/1052
f 1280/887/1054 1284/891/1058 1279/886/1053
f 1280/887/1054 1286/892/1059 1285/893/1060
f 1281/889/1056 1287/894/1061 1286/892/1059
f 1284/891/1058 1311/895/1062 1283/890/1057
f 1285/893/1060 1316/896/1063 1284/891/1058
f 1285/893/1060 1326/897/1064 1321/898/1065
f 1286/892/1059 1288/899/1066 1326/897/1064
f 1289/900/1067 1293/901/1068 1267/902/1069
f 1290/903/1070 1294/904/1071 1289/900/1067
f 1291/905/1072 1295/906/1073 1290/903/1070
f 1292/907/1074 1296/908/1075 1291/905/1072
f 1294/904/1071 1298/909/1076 1293/901/1068
f 1295/906/1073 1299/910/1077 1294/904/1071
f 1296/908/1075 1300/911/1078 1295/906/1073
f 1297/912/1079 1301/913/1080 1296/908/1075
f 1299/910/1077 1303/914/1081 1298/909/1076
f 1300/911/1078 1304/915/1082 1299/910/1077
f 1300/911/1078 1306/916/1083 1305/917/1084
f 1301/913/1080 1307/918/1085 1306/916/1083
f 1304/915/1082 1272/883/1050 1303/914/1081
f 1305/917/1084 1277/888/1055 1304/915/1082
f 1305/917/1084 1287/894/1061 1282/919/1086
f 1306/916/1083 1288/899/1066 1287/894/1061
f 1308/920/1087 1312/921/1088 1268/922/1089
f 1309/923/1090 1313/924/1091 1308/920/1087
f 1310/925/1092 1314/926/1093 1309/923/1090
f 1311/895/1062 1315/927/1094 1310/925/1092
f 1313/924/1091 1317/928/1095 1312/921/1088
f 1314/926/1093 1318/929/1096 1313/924/1091
f 1315/927/1094 1319/930/1097 1314/926/1093
f 1316/896/1063 1320/931/1098 1315/927/1094
f 1318/929/1096 1322/932/1099 1317/928/1095
f 1319/930/1097 1323/933/1100 1318/929/1096
f 1319/930/1097 1325/934/1101 1324/935/1102
f 1320/931/1098 1326/897/1064 1325/934/1101
f 1323/933/1100 1292/907/1074 1322/932/1099
f 1324/935/1102 1297/912/1079 1323/933/1100
f 1324/935/1102 1307/918/1085 1302/936/1103
f 1325/934/1101 1288/899/1066 1307/918/1085
f 1330/937/1104 1334/938/1105 1327/939/1106
f 1331/940/1107 1335/941/1108 1330/937/1104
f 1332/942/1109 1336/943/1110 1331/940/1107
f 1333/944/1111 1337/945/1112 1332/942/1109
f 1335/941/1108 1339/946/1113 1334/938/1105
f 1336/943/1110 1340/947/1114 1335/941/1108
f 1337/945/1112 1341/948/1115 1336/943/1110
f 1338/949/1116 1342/950/1117 1337/945/1112
f 1340/947/1114 1344/951/1118 1339/946/1113
f 1341/948/1115 1345/952/1119 1340/947/1114
f 1341/948/1115 1347/953/1120 1346/954/1121
f 1342/950/1117 1348/955/1122 1347/953/1120
f 1345/952/1119 1372/956/1123 1344/951/1118
f 1346/954/1121 1377/957/1124 1345/952/1119
f 1346/954/1121 1387/958/1125 1382/959/1126
f 1347/953/1120 1349/960/1127 1387/958/1125
f 1350/961/1128 1354/962/1129 1328/963/1130
f 1351/964/1131 1355/965/1132 1350/961/1128
f 1352/966/1133 1356/967/1134 1351/964/1131
f 1353/968/1135 1357/969/1136 1352/966/1133
f 1355/965/1132 1359/970/1137 1354/962/1129
f 1356/967/1134 1360/971/1138 1355/965/1132
f 1357/969/1136 1361/972/1139 1356/967/1134
f 1358/973/1140 1362/974/1141 1357/969/1136
f 1360/971/1138 1364/975/1142 1359/970/1137
f 1361/972/1139 1365/976/1143 1360/971/1138
f 1361/972/1139 1367/977/1144 1366/978/1145
f 1362/974/1141 1368/979/1146 1367/977/1144
f 1365/976/1143 1333/944/1111 1364/975/1142
f 1366/978/1145 1338/949/1116 1365/976/1143
f 1366/978/1145 1348/955/1122 1343/980/1147
f 1367/977/1144 1349/960/1127 1348/955/1122
f 1369/981/1148 1373/982/1149 1329/983/1150
f 1370/984/1151 1374/985/1152 1369/981/1148
f 1371/986/1153 1375/987/1154 1370/984/1151
f 1372/956/1123 1376/988/1155 1371/986/1153
f 1374/985/1152 1378/989/1156 1373/982/1149
f 1375/987/1154 1379/990/1157 1374/985/1152
f 1376/988/1155 1380/991/1158 1375/987/1154
f 1377/957/1124 1381/992/1159 1376/988/1155
f 1379/990/1157 1383/993/1160 1378/989/1156
f 1380/991/1158 1384/994/1161 1379/990/1157
f 1380/991/1158 1386/995/1162 1385/996/1163
f 1381/992/1159 1387/958/1125 1386/995/1162
f 1384/994/1161 1353/968/1135 1383/993/1160
f 1385/996/1163 1358/973/1140 1384/994/1161
f 1385/996/1163 1368/979/1146 1363/997/1164
f 1386/995/1162 1349/960/1127 1368/979/1146
f 1391/998/1165 1395/999/1166 1388/1000/1167
f 1392/1001/1168 1396/1002/1169 1391/998/1165
f 1393/1003/1170 1397/1004/1171 1392/1001/1168
f 1394/1005/1172 1398/1006/1173 1393/1003/1170
f 1396/1002/1169 1400/1007/1174 1395/999/1166
f 1397/1004/1171 1401/1008/1175 1396/1002/1169
f 1398/1006/1173 1402/1009/1176 1397/1004/1171
f 1399/1010/1177 1403/1011/1178 1398/1006/1173
f 1401/1008/1175 1405/1012/1179 1400/1007/1174
f 1402/1009/1176 1406/1013/1180 1401/1008/1175
f 1402/1009/1176 1408/1014/1181 1407/1015/1182
f 1403/1011/1178 1409/1016/1183 1408/1014/1181
f 1406/1013/1180 1433/1017/1184 1405/1012/1179
f 1407/1015/1182 1438/1018/1185 1406/1013/1180
f 1407/1015/1182 1448/1019/1186 1443/1020/1187
f 1408/1014/1181 1410/1021/1188 1448/1019/1186
f 1411/1022/1189 1415/1023/1190 1389/1024/1191
f 1412/1025/1192 1416/1026/1193 1411/1022/1189
f 1413/1027/1194 1417/1028/1195 1412/1025/1192
f 1414/1029/1196 1418/1030/1197 1413/1027/1194
f 1416/1026/1193 1420/1031/1198 1415/1023/1190
f 1417/1028/1195 1421/1032/1199 1416/1026/1193
f 1418/1030/1197 1422/1033/1200 1417/1028/1195
f 1419/1034/1201 1423/1035/1202 1418/1030/1197
f 1421/1032/1199 1425/1036/1203 1420/1031/1198
f 1422/1033/1200 1426/1037/1204 1421/1032/1199
f 1422/1033/1200 1428/1038/1205 1427/1039/1206
f 1423/1035/1202 1429/1040/1207 1428/1038/1205
f 1426/1037/1204 1394/1005/1172 1425/1036/1203
f 1427/1039/1206 1399/1010/1177 1426/1037/1204
f 1427/1039/1206 1409/1016/1183 1404/1041/1208
f 1428/1038/1205 1410/1021/1188 1409/1016/1183
f 1430/1042/1209 1434/1043/1210 1390/1044/1211
f 1431/1045/1212 1435/1046/1213 1430/1042/1209
f 1432/1047/1214 1436/1048/1215 1431/1045/1212
f 1433/1017/1184 1437/1049/1216 1432/1047/1214
f 1435/1046/1213 1439/1050/1217 1434/1043/1210
f 1436/1048/1215 1440/1051/1218 1435/1046/1213
f 1437/1049/1216 1441/1052/1219 1436/1048/1215
f 1438/1018/1185 1442/1053/1220 1437/1049/1216
f 1440/1051/1218 1444/1054/1221 1439/1050/1217
f 1441/1052/1219 1445/1055/1222 1440/1051/1218
f 1441/1052/1219 1447/1056/1223 1446/1057/1224
f 1442/1053/1220 1448/1019/1186 1447/1056/1223
f 1445/1055/1222 1414/1029/1196 1444/1054/1221
f 1446/1057/1224 1419/1034/1201 1445/1055/1222
f 1446/1057/1224 1429/1040/1207 1424/1058/1225
f 1447/1056/1223 1410/1021/1188 1429/1040/1207
f 961/537/740 1086/679/860 1083/681/862
f 968/536/739 1087/682/863 1086/679/860
f 973/544/747 1088/684/865 1087/682/863
f 978/549/752 1089/686/867 1088/684/865
f 1006/590/757 1120/717/898 1089/722/867
f 1005/588/787 1115/712/893 1120/717/898
f 1004/586/785 1110/704/885 1115/712/893
f 1003/583/782 1084/705/886 1110/704/885
f 1022/609/801 984/559/762 962/561/764
f 1029/608/800 985/562/765 984/559/762
f 1034/616/808 986/564/767 985/562/765
f 1039/621/813 987/566/769 986/564/767
f 1067/662/818 1017/597/794 987/602/769
f 1066/660/848 1012/592/790 1017/597/794
f 1065/658/846 1007/584/783 1012/592/790
f 1007/584/783 1024/657/845 963/585/784
f 1023/633/825 1151/748/922 1045/631/823
f 1151/748/922 1046/634/826 1045/631/823
f 1156/756/930 1047/636/828 1046/634/826
f 1161/761/935 1048/638/830 1047/636/828
f 1189/802/940 1078/669/855 1048/674/830
f 1188/800/970 1073/664/851 1078/669/855
f 1187/798/968 1068/656/844 1073/664/851
f 1186/795/965 1024/657/845 1068/656/844
f 1085/729/906 1167/771/945 1145/773/947
f 1129/728/905 1168/774/948 1167/771/945
f 1134/736/912 1169/776/950 1168/774/948
f 1139/741/916 1170/778/952 1169/776/950
f 1109/710/891 1200/809/977 1170/778/952
f 1108/708/889 1195/804/973 1200/809/977
f 1107/706/887 1190/796/966 1195/804/973
f 1190/796/966 1084/705/886 1146/797/967
f 1083/681/862 1330/937/1104 1327/939/1106
f 1090/680/861 1331/940/1107 1330/937/1104
f 1095/688/869 1332/942/1109 1331/940/1107
f 1100/693/874 1333/944/1111 1332/942/1109
f 1128/734/879 1364/975/1142 1333/944/1111
f 1127/732/909 1359/970/1137 1364/975/1142
f 1126/730/907 1354/962/1129 1359/970/1137
f 1125/727/904 1328/963/1130 1354/962/1129
f 1388/1000/1167 1147/747/921 1144/749/923
f 1395/999/1166 1148/750/924 1147/747/921
f 1400/1007/1174 1149/752/926 1148/750/924
f 1405/1012/1179 1150/754/928 1149/752/926
f 1433/1017/1184 1181/785/959 1150/790/928
f 1432/1047/1214 1176/780/954 1181/785/959
f 1431/1045/1212 1171/772/946 1176/780/954
f 1430/1042/1209 1145/773/947 1171/772/946
f 1329/983/1150 1411/1022/1189 1389/1024/1191
f 1373/982/1149 1412/1025/1192 1411/1022/1189
f 1378/989/1156 1413/1027/1194 1412/1025/1192
f 1383/993/1160 1414/1029/1196 1413/1027/1194
f 1353/968/1135 1444/1054/1221 1414/1029/1196
f 1352/966/1133 1439/1050/1217 1444/1054/1221
f 1351/964/1131 1434/1043/1210 1439/1050/1217
f 1434/1043/1210 1328/963/1130 1390/1044/1211
f 1327/939/1106 1208/815/982 1205/817/984
f 1334/938/1105 1209/818/985 1208/815/982
f 1339/946/1113 1210/820/987 1209/818/985
f 1344/951/1118 1211/822/989 1210/820/987
f 1372/956/1123 1242/853/1020 1211/822/989
f 1371/986/1153 1237/848/1015 1242/853/1020
f 1370/984/1151 1232/840/1007 1237/848/1015
f 1369/981/1148 1206/841/1008 1232/840/1007
f 1266/878/1045 1391/998/1165 1388/1000/1167
f 1273/877/1044 1392/1001/1168 1391/998/1165
f 1278/885/1052 1393/1003/1170 1392/1001/1168
f 1283/890/1057 1394/1005/1172 1393/1003/1170
f 1311/895/1062 1425/1036/1203 1394/1005/1172
f 1310/925/1092 1420/1031/1198 1425/1036/1203
f 1309/923/1090 1415/1023/1190 1420/1031/1198
f 1308/920/1087 1389/1024/1191 1415/1023/1190
f 1207/861/1028 1289/900/1067 1267/902/1069
f 1251/860/1027 1290/903/1070 1289/900/1067
f 1256/867/1034 1291/905/1072 1290/903/1070
f 1261/871/1038 1292/907/1074 1291/905/1072
f 1231/846/1013 1322/932/1099 1292/907/1074
f 1230/844/1011 1317/928/1095 1322/932/1099
f 1229/842/1009 1312/921/1088 1317/928/1095
f 1312/921/1088 1206/841/1008 1268/922/1089
f 1205/817/984 964/535/738 961/537/740
f 1212/816/983 965/538/741 964/535/738
f 1217/824/991 966/540/743 965/538/741
f 1222/829/996 967/542/745 966/540/743
f 1250/834/1001 998/573/776 967/578/745
f 1249/864/1031 993/568/771 998/573/776
f 1248/862/1029 988/560/763 993/568/771
f 1247/859/1026 962/561/764 988/560/763
f 1023/633/825 1269/876/1043 1266/878/1045
f 1049/632/824 1270/879/1046 1269/876/1043
f 1054/640/832 1271/881/1048 1270/879/1046
f 1059/645/837 1272/883/1050 1271/881/1048
f 1028/614/806 1303/914/1081 1272/883/1050
f 1027/612/804 1298/909/1076 1303/914/1081
f 1026/610/802 1293/901/1068 1298/909/1076
f 1025/607/799 1267/902/1069 1293/901/1068
f 1327/939/1106 961/537/740 1083/681/862
f 1024/657/845 1084/705/886 963/585/784
f 1267/902/1069 962/561/764 1207/861/1028
f 1144/749/923 1266/878/1045 1388/1000/1167
f 1145/773/947 1328/963/1130 1085/729/906
f 1389/1024/1191 1206/841/1008 1329/983/1150
f 964/535/738 969/539/742 968/536/739
f 965/538/741 970/541/744 969/539/742
f 966/540/743 971/543/746 970/541/744
f 967/542/745 972/547/750 971/543/746
f 969/539/742 974/545/748 973/544/747
f 970/541/744 975/546/749 974/545/748
f 971/543/746 976/548/751 975/546/749
f 972/547/750 977/1059/781 976/548/751
f 974/545/748 979/550/753 978/549/752
f 975/546/749 980/552/755 979/550/753
f 975/546/749 976/548/751 981/551/754
f 976/548/751 977/1059/781 982/553/756
f 979/550/753 1011/555/758 1006/554/757
f 980/552/755 1016/557/760 1011/555/758
f 980/552/755 981/551/754 1021/556/759
f 981/551/754 982/553/756 983/558/761
f 984/559/762 989/563/766 988/560/763
f 985/562/765 990/565/768 989/563/766
f 986/564/767 991/567/770 990/565/768
f 987/566/769 992/571/774 991/567/770
f 989/563/766 994/569/772 993/568/771
f 990/565/768 995/570/773 994/569/772
f 991/567/770 996/572/775 995/570/773
f 992/571/774 997/1060/798 996/572/775
f 994/569/772 999/574/777 998/573/776
f 995/570/773 1000/576/779 999/574/777
f 995/570/773 996/572/775 1001/575/778
f 996/572/775 997/1060/798 1002/577/780
f 999/574/777 972/579/750 967/578/745
f 1000/576/779 977/581/781 972/579/750
f 1000/576/779 1001/575/778 982/580/756
f 1001/575/778 1002/577/780 983/582/761
f 1003/583/782 1008/587/786 1007/584/783
f 1004/586/785 1009/589/788 1008/587/786
f 1005/588/787 1010/591/789 1009/589/788
f 1006/590/757 1011/595/758 1010/591/789
f 1008/587/786 1013/593/791 1012/592/790
f 1009/589/788 1014/594/792 1013/593/791
f 1010/591/789 1015/596/793 1014/594/792
f 1011/595/758 1016/1061/760 1015/596/793
f 1013/593/791 1018/598/795 1017/597/794
f 1014/594/792 1019/600/797 1018/598/795
f 1014/594/792 1015/596/793 1020/599/796
f 1015/596/793 1016/1061/760 1021/601/759
f 1018/598/795 992/603/774 987/602/769
f 1019/600/797 997/605/798 992/603/774
f 1019/600/797 1020/599/796 1002/604/780
f 1020/599/796 1021/601/759 983/606/761
f 1025/607/799 1030/611/803 1029/608/800
f 1026/610/802 1031/613/805 1030/611/803
f 1027/612/804 1032/615/807 1031/613/805
f 1028/614/806 1033/619/811 1032/615/807
f 1030/611/803 1035/617/809 1034/616/808
f 1031/613/805 1036/618/810 1035/617/809
f 1032/615/807 1037/620/812 1036/618/810
f 1033/619/811 1038/1062/842 1037/620/812
f 1035/617/809 1040/622/814 1039/621/813
f 1036/618/810 1041/624/816 1040/622/814
f 1036/618/810 1037/620/812 1042/623/815
f 1037/620/812 1038/1062/842 1043/625/817
f 1040/622/814 1072/627/819 1067/626/818
f 1041/624/816 1077/629/821 1072/627/819
f 1041/624/816 1042/623/815 1082/628/820
f 1042/623/815 1043/625/817 1044/630/822
f 1045/631/823 1050/635/827 1049/632/824
f 1046/634/826 1051/637/829 1050/635/827
f 1047/636/828 1052/639/831 1051/637/829
f 1048/638/830 1053/643/835 1052/639/831
f 1050/635/827 1055/641/833 1054/640/832
f 1051/637/829 1056/642/834 1055/641/833
f 1052/639/831 1057/644/836 1056/642/834
f 1053/643/835 1058/1063/859 1057/644/836
f 1055/641/833 1060/646/838 1059/645/837
f 1056/642/834 1061/648/840 1060/646/838
f 1056/642/834 1057/644/836 1062/647/839
f 1057/644/836 1058/1063/859 1063/649/841
f 1060/646/838 1033/651/811 1028/650/806
f 1061/648/840 1038/653/842 1033/651/811
f 1061/648/840 1062/647/839 1043/652/817
f 1062/647/839 1063/649/841 1044/654/822
f 1064/655/843 1069/659/847 1068/656/844
f 1065/658/846 1070/661/849 1069/659/847
f 1066/660/848 1071/663/850 1070/661/849
f 1067/662/818 1072/667/819 1071/663/850
f 1069/659/847 1074/665/852 1073/664/851
f 1070/661/849 1075/666/853 1074/665/852
f 1071/663/850 1076/668/854 1075/666/853
f 1072/667/819 1077/1064/821 1076/668/854
f 1074/665/852 1079/670/856 1078/669/855
f 1075/666/853 1080/672/858 1079/670/856
f 1075/666/853 1076/668/854 1081/671/857
f 1076/668/854 1077/1064/821 1082/673/820
f 1079/670/856 1053/675/835 1048/674/830
f 1080/672/858 1058/677/859 1053/675/835
f 1080/672/858 1081/671/857 1063/676/841
f 1081/671/857 1082/673/820 1044/678/822
f 1086/679/860 1091/683/864 1090/680/861
f 1087/682/863 1092/685/866 1091/683/864
f 1088/684/865 1093/687/868 1092/685/866
f 1089/686/867 1094/691/872 1093/687/868
f 1091/683/864 1096/689/870 1095/688/869
f 1092/685/866 1097/690/871 1096/689/870
f 1093/687/868 1098/692/873 1097/690/871
f 1094/691/872 1099/1065/903 1098/692/873
f 1096/689/870 1101/694/875 1100/693/874
f 1097/690/871 1102/696/877 1101/694/875
f 1097/690/871 1098/692/873 1103/695/876
f 1098/692/873 1099/1065/903 1104/697/878
f 1101/694/875 1133/699/880 1128/698/879
f 1102/696/877 1138/701/882 1133/699/880
f 1102/696/877 1103/695/876 1143/700/881
f 1103/695/876 1104/697/878 1105/702/883
f 1106/703/884 1111/707/888 1110/704/885
f 1107/706/887 1112/709/890 1111/707/888
f 1108/708/889 1113/711/892 1112/709/890
f 1109/710/891 1114/715/896 1113/711/892
f 1111/707/888 1116/713/894 1115/712/893
f 1112/709/890 1117/714/895 1116/713/894
f 1113/711/892 1118/716/897 1117/714/895
f 1114/715/896 1119/746/920 1118/716/897
f 1116/713/894 1121/718/899 1120/717/898
f 1117/714/895 1122/720/901 1121/718/899
f 1117/714/895 1118/716/897 1123/719/900
f 1118/716/897 1119/746/920 1124/721/902
f 1121/718/899 1094/723/872 1089/722/867
f 1122/720/901 1099/725/903 1094/723/872
f 1122/720/901 1123/719/900 1104/724/878
f 1123/719/900 1124/721/902 1105/726/883
f 1125/727/904 1130/731/908 1129/728/905
f 1126/730/907 1131/733/910 1130/731/908
f 1127/732/909 1132/735/911 1131/733/910
f 1128/734/879 1133/739/880 1132/735/911
f 1130/731/908 1135/737/913 1134/736/912
f 1131/733/910 1136/738/914 1135/737/913
f 1132/735/911 1137/740/915 1136/738/914
f 1133/739/880 1138/1066/882 1137/740/915
f 1135/737/913 1140/742/917 1139/741/916
f 1136/738/914 1141/744/919 1140/742/917
f 1136/738/914 1137/740/915 1142/743/918
f 1137/740/915 1138/1066/882 1143/745/881
f 1140/742/917 1114/715/896 1109/710/891
f 1141/744/919 1119/746/920 1114/715/896
f 1141/744/919 1142/743/918 1124/721/902
f 1142/743/918 1143/745/881 1105/726/883
f 1147/747/921 1152/751/925 1151/748/922
f 1148/750/924 1153/753/927 1152/751/925
f 1149/752/926 1154/755/929 1153/753/927
f 1150/754/928 1155/759/933 1154/755/929
f 1152/751/925 1157/757/931 1156/756/930
f 1153/753/927 1158/758/932 1157/757/931
f 1154/755/929 1159/760/934 1158/758/932
f 1155/759/933 1160/1067/964 1159/760/934
f 1157/757/931 1162/762/936 1161/761/935
f 1158/758/932 1163/764/938 1162/762/936
f 1158/758/932 1159/760/934 1164/763/937
f 1159/760/934 1160/1067/964 1165/765/939
f 1162/762/936 1194/767/941 1189/766/940
f 1163/764/938 1199/769/943 1194/767/941
f 1163/764/938 1164/763/937 1204/768/942
f 1164/763/937 1165/765/939 1166/770/944
f 1167/771/945 1172/775/949 1171/772/946
f 1168/774/948 1173/777/951 1172/775/949
f 1169/776/950 1174/779/953 1173/777/951
f 1170/778/952 1175/783/957 1174/779/953
f 1172/775/949 1177/781/955 1176/780/954
f 1173/777/951 1178/782/956 1177/781/955
f 1174/779/953 1179/784/958 1178/782/956
f 1175/783/957 1180/814/981 1179/784/958
f 1177/781/955 1182/786/960 1181/785/959
f 1178/782/956 1183/788/962 1182/786/960
f 1178/782/956 1179/784/958 1184/787/961
f 1179/784/958 1180/814/981 1185/789/963
f 1182/786/960 1155/791/933 1150/790/928
f 1183/788/962 1160/793/964 1155/791/933
f 1183/788/962 1184/787/961 1165/792/939
f 1184/787/961 1185/789/963 1166/794/944
f 1186/795/965 1191/799/969 1190/796/966
f 1187/798/968 1192/801/971 1191/799/969
f 1188/800/970 1193/803/972 1192/801/971
f 1189/802/940 1194/807/941 1193/803/972
f 1191/799/969 1196/805/974 1195/804/973
f 1192/801/971 1197/806/975 1196/805/974
f 1193/803/972 1198/808/976 1197/806/975
f 1194/807/941 1199/1068/943 1198/808/976
f 1196/805/974 1201/810/978 1200/809/977
f 1197/806/975 1202/812/980 1201/810/978
f 1197/806/975 1198/808/976 1203/811/979
f 1198/808/976 1199/1068/943 1204/813/942
f 1201/810/978 1175/783/957 1170/778/952
f 1202/812/980 1180/814/981 1175/783/957
f 1202/812/980 1203/811/979 1185/789/963
f 1203/811/979 1204/813/942 1166/794/944
f 1208/815/982 1213/819/986 1212/816/983
f 1209/818/985 1214/821/988 1213/819/986
f 1210/820/987 1215/823/990 1214/821/988
f 1211/822/989 1216/827/994 1215/823/990
f 1213/819/986 1218/825/992 1217/824/991
f 1214/821/988 1219/826/993 1218/825/992
f 1215/823/990 1220/828/995 1219/826/993
f 1216/827/994 1221/858/1025 1220/828/995
f 1218/825/992 1223/830/997 1222/829/996
f 1219/826/993 1224/832/999 1223/830/997
f 1219/826/993 1220/828/995 1225/831/998
f 1220/828/995 1221/858/1025 1226/833/1000
f 1223/830/997 1255/835/1002 1250/834/1001
f 1224/832/999 1260/837/1004 1255/835/1002
f 1224/832/999 1225/831/998 1265/836/1003
f 1225/831/998 1226/833/1000 1227/838/1005
f 1228/839/1006 1233/843/1010 1232/840/1007
f 1229/842/1009 1234/845/1012 1233/843/1010
f 1230/844/1011 1235/847/1014 1234/845/1012
f 1231/846/1013 1236/851/1018 1235/847/1014
f 1233/843/1010 1238/849/1016 1237/848/1015
f 1234/845/1012 1239/850/1017 1238/849/1016
f 1235/847/1014 1240/852/1019 1239/850/1017
f 1236/851/1018 1241/875/1042 1240/852/1019
f 1238/849/1016 1243/854/1021 1242/853/1020
f 1239/850/1017 1244/856/1023 1243/854/1021
f 1239/850/1017 1240/852/1019 1245/855/1022
f 1240/852/1019 1241/875/1042 1246/857/1024
f 1243/854/1021 1216/827/994 1211/822/989
f 1244/856/1023 1221/858/1025 1216/827/994
f 1244/856/1023 1245/855/1022 1226/833/1000
f 1245/855/1022 1246/857/1024 1227/838/1005
f 1247/859/1026 1252/863/1030 1251/860/1027
f 1248/862/1029 1253/865/1032 1252/863/1030
f 1249/864/1031 1254/866/1033 1253/865/1032
f 1250/834/1001 1255/835/1002 1254/866/1033
f 1252/863/1030 1257/868/1035 1256/867/1034
f 1253/865/1032 1258/869/1036 1257/868/1035
f 1254/866/1033 1259/870/1037 1258/869/1036
f 1255/835/1002 1260/837/1004 1259/870/1037
f 1257/868/1035 1262/872/1039 1261/871/1038
f 1258/869/1036 1263/874/1041 1262/872/1039
f 1258/869/1036 1259/870/1037 1264/873/1040
f 1259/870/1037 1260/837/1004 1265/836/1003
f 1262/872/1039 1236/851/1018 1231/846/1013
f 1263/874/1041 1241/875/1042 1236/851/1018
f 1263/874/1041 1264/873/1040 1246/857/1024
f 1264/873/1040 1265/836/1003 1227/838/1005
f 1269/876/1043 1274/880/1047 1273/877/1044
f 1270/879/1046 1275/882/1049 1274/880/1047
f 1271/881/1048 1276/884/1051 1275/882/1049
f 1272/883/1050 1277/888/1055 1276/884/1051
f 1274/880/1047 1279/886/1053 1278/885/1052
f 1275/882/1049 1280/887/1054 1279/886/1053
f 1276/884/1051 1281/889/1056 1280/887/1054
f 1277/888/1055 1282/919/1086 1281/889/1056
f 1279/886/1053 1284/891/1058 1283/890/1057
f 1280/887/1054 1285/893/1060 1284/891/1058
f 1280/887/1054 1281/889/1056 1286/892/1059
f 1281/889/1056 1282/919/1086 1287/894/1061
f 1284/891/1058 1316/896/1063 1311/895/1062
f 1285/893/1060 1321/898/1065 1316/896/1063
f 1285/893/1060 1286/892/1059 1326/897/1064
f 1286/892/1059 1287/894/1061 1288/899/1066
f 1289/900/1067 1294/904/1071 1293/901/1068
f 1290/903/1070 1295/906/1073 1294/904/1071
f 1291/905/1072 1296/908/1075 1295/906/1073
f 1292/907/1074 1297/912/1079 1296/908/1075
f 1294/904/1071 1299/910/1077 1298/909/1076
f 1295/906/1073 1300/911/1078 1299/910/1077
f 1296/908/1075 1301/913/1080 1300/911/1078
f 1297/912/1079 1302/936/1103 1301/913/1080
f 1299/910/1077 1304/915/1082 1303/914/1081
f 1300/911/1078 1305/917/1084 1304/915/1082
f 1300/911/1078 1301/913/1080 1306/916/1083
f 1301/913/1080 1302/936/1103 1307/918/1085
f 1304/915/1082 1277/888/1055 1272/883/1050
f 1305/917/1084 1282/919/1086 1277/888/1055
f 1305/917/1084 1306/916/1083 1287/894/1061
f 1306/916/1083 1307/918/1085 1288/899/1066
f 1308/920/1087 1313/924/1091 1312/921/1088
f 1309/923/1090 1314/926/1093 1313/924/1091
f 1310/925/1092 1315/927/1094 1314/926/1093
f 1311/895/1062 1316/896/1063 1315/927/1094
f 1313/924/1091 1318/929/1096 1317/928/1095
f 1314/926/1093 1319/930/1097 1318/929/1096
f 1315/927/1094 1320/931/1098 1319/930/1097
f 1316/896/1063 1321/898/1065 1320/931/1098
f 1318/929/1096 1323/933/1100 1322/932/1099
f 1319/930/1097 1324/935/1102 1323/933/1100
f 1319/930/1097 1320/931/1098 1325/934/1101
f 1320/931/1098 1321/898/1065 1326/897/1064
f 1323/933/1100 1297/912/1079 1292/907/1074
f 1324/935/1102 1302/936/1103 1297/912/1079
f 1324/935/1102 1325/934/1101 1307/918/1085
f 1325/934/1101 1326/897/1064 1288/899/1066
f 1330/937/1104 1335/941/1108 1334/938/1105
f 1331/940/1107 1336/943/1110 1335/941/1108
f 1332/942/1109 1337/945/1112 1336/943/1110
f 1333/944/1111 1338/949/1116 1337/945/1112
f 1335/941/1108 1340/947/1114 1339/946/1113
f 1336/943/1110 1341/948/1115 1340/947/1114
f 1337/945/1112 1342/950/1117 1341/948/1115
f 1338/949/1116 1343/980/1147 1342/950/1117
f 1340/947/1114 1345/952/1119 1344/951/1118
f 1341/948/1115 1346/954/1121 1345/952/1119
f 1341/948/1115 1342/950/1117 1347/953/1120
f 1342/950/1117 1343/980/1147 1348/955/1122
f 1345/952/1119 1377/957/1124 1372/956/1123
f 1346/954/1121 1382/959/1126 1377/957/1124
f 1346/954/1121 1347/953/1120 1387/958/1125
f 1347/953/1120 1348/955/1122 1349/960/1127
f 1350/961/1128 1355/965/1132 1354/962/1129
f 1351/964/1131 1356/967/1134 1355/965/1132
f 1352/966/1133 1357/969/1136 1356/967/1134
f 1353/968/1135 1358/973/1140 1357/969/1136
f 1355/965/1132 1360/971/1138 1359/970/1137
f 1356/967/1134 1361/972/1139 1360/971/1138
f 1357/969/1136 1362/974/1141 1361/972/1139
f 1358/973/1140 1363/997/1164 1362/974/1141
f 1360/971/1138 1365/976/1143 1364/975/1142
f 1361/972/1139 1366/978/1145 1365/976/1143
f 1361/972/1139 1362/974/1141 1367/977/1144
f 1362/974/1141 1363/997/1164 1368/979/1146
f 1365/976/1143 1338/949/1116 1333/944/1111
f 1366/978/1145 1343/980/1147 1338/949/1116
f 1366/978/1145 1367/977/1144 1348/955/1122
f 1367/977/1144 1368/979/1146 1349/960/1127
f 1369/981/1148 1374/985/1152 1373/982/1149
f 1370/984/1151 1375/987/1154 1374/985/1152
f 1371/986/1153 1376/988/1155 1375/987/1154
f 1372/956/1123 1377/957/1124 1376/988/1155
f 1374/985/1152 1379/990/1157 1378/989/1156
f 1375/987/1154 1380/991/1158 1379/990/1157
f 1376/988/1155 1381/992/1159 1380/991/1158
f 1377/957/1124 1382/959/1126 1381/992/1159
f 1379/990/1157 1384/994/1161 1383/993/1160
f 1380/991/1158 1385/996/1163 1384/994/1161
f 1380/991/1158 1381/992/1159 1386/995/1162
f 1381/992/1159 1382/959/1126 1387/958/1125
f 1384/994/1161 1358/973/1140 1353/968/1135
f 1385/996/1163 1363/997/1164 1358/973/1140
f 1385/996/1163 1386/995/1162 1368/979/1146
f 1386/995/1162 1387/958/1125 1349/960/1127
f 1391/998/1165 1396/1002/1169 1395/999/1166
f 1392/1001/1168 1397/1004/1171 1396/1002/1169
f 1393/1003/1170 1398/1006/1173 1397/1004/1171
f 1394/1005/1172 1399/1010/1177 1398/1006/1173
f 1396/1002/1169 1401/1008/1175 1400/1007/1174
f 1397/1004/1171 1402/1009/1176 1401/1008/1175
f 1398/1006/1173 1403/1011/1178 1402/1009/1176
f 1399/1010/1177 1404/1041/1208 1403/1011/1178
f 1401/1008/1175 1406/1013/1180 1405/1012/1179
f 1402/1009/1176 1407/1015/1182 1406/1013/1180
f 1402/1009/1176 1403/1011/1178 1408/1014/1181
f 1403/1011/1178 1404/1041/1208 1409/1016/1183
f 1406/1013/1180 1438/1018/1185 1433/1017/1184
f 1407/1015/1182 1443/1020/1187 1438/1018/1185
f 1407/1015/1182 1408/1014/1181 1448/1019/1186
f 1408/1014/1181 1409/1016/1183 1410/1021/1188
f 1411/1022/1189 1416/1026/1193 1415/1023/1190
f 1412/1025/1192 1417/1028/1195 1416/1026/1193
f 1413/1027/1194 1418/1030/1197 1417/1028/1195
f 1414/1029/1196 1419/1034/1201 1418/1030/1197
f 1416/1026/1193 1421/1032/1199 1420/1031/1198
f 1417/1028/1195 1422/1033/1200 1421/1032/1199
f 1418/1030/1197 1423/1035/1202 1422/1033/1200
f 1419/1034/1201 1424/1058/1225 1423/1035/1202
f 1421/1032/1199 1426/1037/1204 1425/1036/1203
f 1422/1033/1200 1427/1039/1206 1426/1037/1204
f 1422/1033/1200 1423/1035/1202 1428/1038/1205
f 1423/1035/1202 1424/1058/1225 1429/1040/1207
f 1426/1037/1204 1399/1010/1177 1394/1005/1172
f 1427/1039/1206 1404/1041/1208 1399/1010/1177
f 1427/1039/1206 1428/1038/1205 1409/1016/1183
f 1428/1038/1205 1429/1040/1207 1410/1021/1188
f 1430/1042/1209 1435/1046/1213 1434/1043/1210
f 1431/1045/1212 1436/1048/1215 1435/1046/1213
f 1432/1047/1214 1437/1049/1216 1436/1048/1215
f 1433/1017/1184 1438/1018/1185 1437/1049/1216
f 1435/1046/1213 1440/1051/1218 1439/1050/1217
f 1436/1048/1215 1441/1052/1219 1440/1051/1218
f 1437/1049/1216 1442/1053/1220 1441/1052/1219
f 1438/1018/1185 1443/1020/1187 1442/1053/1220
f 1440/1051/1218 1445/1055/1222 1444/1054/1221
f 1441/1052/1219 1446/1057/1224 1445/1055/1222
f 1441/1052/1219 1442/1053/1220 1447/1056/1223
f 1442/1053/1220 1443/1020/1187 1448/1019/1186
f 1445/1055/1222 1419/1034/1201 1414/1029/1196
f 1446/1057/1224 1424/1058/1225 1419/1034/1201
f 1446/1057/1224 1447/1056/1223 1429/1040/1207
f 1447/1056/1223 1448/1019/1186 1410/1021/1188
f 961/537/740 968/536/739 1086/679/860
f 968/536/739 973/544/747 1087/682/863
f 973/544/747 978/549/752 1088/684/865
f 978/549/752 1006/554/757 1089/686/867
f 1006/590/757 1005/588/787 1120/717/898
f 1005/588/787 1004/586/785 1115/712/893
f 1004/586/785 1003/583/782 1110/704/885
f 1003/583/782 963/585/784 1084/705/886
f 1022/609/801 1029/608/800 984/559/762
f 1029/608/800 1034/616/808 985/562/765
f 1034/616/808 1039/621/813 986/564/767
f 1039/621/813 1067/626/818 987/566/769
f 1067/662/818 1066/660/848 1017/597/794
f 1066/660/848 1065/658/846 1012/592/790
f 1065/658/846 1064/655/843 1007/584/783
f 1007/584/783 1064/655/843 1024/657/845
f 1023/633/825 1144/749/923 1151/748/922
f 1151/748/922 1156/756/930 1046/634/826
f 1156/756/930 1161/761/935 1047/636/828
f 1161/761/935 1189/766/940 1048/638/830
f 1189/802/940 1188/800/970 1078/669/855
f 1188/800/970 1187/798/968 1073/664/851
f 1187/798/968 1186/795/965 1068/656/844
f 1186/795/965 1146/797/967 1024/657/845
f 1085/729/906 1129/728/905 1167/771/945
f 1129/728/905 1134/736/912 1168/774/948
f 1134/736/912 1139/741/916 1169/776/950
f 1139/741/916 1109/710/891 1170/778/952
f 1109/710/891 1108/708/889 1200/809/977
f 1108/708/889 1107/706/887 1195/804/973
f 1107/706/887 1106/703/884 1190/796/966
f 1190/796/966 1106/703/884 1084/705/886
f 1083/681/862 1090/680/861 1330/937/1104
f 1090/680/861 1095/688/869 1331/940/1107
f 1095/688/869 1100/693/874 1332/942/1109
f 1100/693/874 1128/698/879 1333/944/1111
f 1128/734/879 1127/732/909 1364/975/1142
f 1127/732/909 1126/730/907 1359/970/1137
f 1126/730/907 1125/727/904 1354/962/1129
f 1125/727/904 1085/729/906 1328/963/1130
f 1388/1000/1167 1395/999/1166 1147/747/921
f 1395/999/1166 1400/1007/1174 1148/750/924
f 1400/1007/1174 1405/1012/1179 1149/752/926
f 1405/1012/1179 1433/1017/1184 1150/754/928
f 1433/1017/1184 1432/1047/1214 1181/785/959
f 1432/1047/1214 1431/1045/1212 1176/780/954
f 1431/1045/1212 1430/1042/1209 1171/772/946
f 1430/1042/1209 1390/1044/1211 1145/773/947
f 1329/983/1150 1373/982/1149 1411/1022/1189
f 1373/982/1149 1378/989/1156 1412/1025/1192
f 1378/989/1156 1383/993/1160 1413/1027/1194
f 1383/993/1160 1353/968/1135 1414/1029/1196
f 1353/968/1135 1352/966/1133 1444/1054/1221
f 1352/966/1133 1351/964/1131 1439/1050/1217
f 1351/964/1131 1350/961/1128 1434/1043/1210
f 1434/1043/1210 1350/961/1128 1328/963/1130
f 1327/939/1106 1334/938/1105 1208/815/982
f 1334/938/1105 1339/946/1113 1209/818/985
f 1339/946/1113 1344/951/1118 1210/820/987
f 1344/951/1118 1372/956/1123 1211/822/989
f 1372/956/1123 1371/986/1153 1242/853/1020
f 1371/986/1153 1370/984/1151 1237/848/1015
f 1370/984/1151 1369/981/1148 1232/840/1007
f 1369/981/1148 1329/983/1150 1206/841/1008
f 1266/878/1045 1273/877/1044 1391/998/1165
f 1273/877/1044 1278/885/1052 1392/1001/1168
f 1278/885/1052 1283/890/1057 1393/1003/1170
f 1283/890/1057 1311/895/1062 1394/1005/1172
f 1311/895/1062 1310/925/1092 1425/1036/1203
f 1310/925/1092 1309/923/1090 1420/1031/1198
f 1309/923/1090 1308/920/1087 1415/1023/1190
f 1308/920/1087 1268/922/1089 1389/1024/1191
f 1207/861/1028 1251/860/1027 1289/900/1067
f 1251/860/1027 1256/867/1034 1290/903/1070
f 1256/867/1034 1261/871/1038 1291/905/1072
f 1261/871/1038 1231/846/1013 1292/907/1074
f 1231/846/1013 1230/844/1011 1322/932/1099
f 1230/844/1011 1229/842/1009 1317/928/1095
f 1229/842/1009 1228/839/1006 1312/921/1088
f 1312/921/1088 1228/839/1006 1206/841/1008
f 1205/817/984 1212/816/983 964/535/738
f 1212/816/983 1217/824/991 965/538/741
f 1217/824/991 1222/829/996 966/540/743
f 1222/829/996 1250/834/1001 967/542/745
f 1250/834/1001 1249/864/1031 998/573/776
f 1249/864/1031 1248/862/1029 993/568/771
f 1248/862/1029 1247/859/1026 988/560/763
f 1247/859/1026 1207/861/1028 962/561/764
f 1023/633/825 1049/632/824 1269/876/1043
f 1049/632/824 1054/640/832 1270/879/1046
f 1054/640/832 1059/645/837 1271/881/1048
f 1059/645/837 1028/650/806 1272/883/1050
f 1028/614/806 1027/612/804 1303/914/1081
f 1027/612/804 1026/610/802 1298/909/1076
f 1026/610/802 1025/607/799 1293/901/1068
f 1025/607/799 1022/609/801 1267/902/1069
f 1327/939/1106 1205/817/984 961/537/740
f 1024/657/845 1146/797/967 1084/705/886
f 1267/902/1069 1022/609/801 962/561/764
f 1144/749/923 1023/633/825 1266/878/1045
f 1145/773/947 1390/1044/1211 1328/963/1130
f 1389/1024/1191 1268/922/1089 1206/841/1008
