# Blender 4.5.0
# www.blender.org
mtllib fixed_root.mtl
o main_frame
v 0.293515 -0.360278 0.018809
v 0.289352 -0.364510 0.021863
v 0.283338 -0.366859 0.023558
v 0.276662 -0.366859 0.023558
v 0.270648 -0.364510 0.021863
v 0.266485 -0.360278 0.018809
v 0.265000 -0.355000 0.015000
v 0.266485 -0.349722 0.011191
v 0.270648 -0.345490 0.008137
v 0.276662 -0.343141 0.006442
v 0.283338 -0.343141 0.006442
v 0.289352 -0.345490 0.008137
v 0.293515 -0.349722 0.011191
v 0.295000 -0.355000 0.015000
v -0.293515 -0.360278 0.018809
v -0.289352 -0.364510 0.021863
v -0.283338 -0.366859 0.023558
v -0.276662 -0.366859 0.023558
v -0.270648 -0.364510 0.021863
v -0.266485 -0.360278 0.018809
v -0.265000 -0.355000 0.015000
v -0.266485 -0.349722 0.011191
v -0.270648 -0.345490 0.008137
v -0.276662 -0.343141 0.006442
v -0.283338 -0.343141 0.006442
v -0.289352 -0.345490 0.008137
v -0.293515 -0.349722 0.011191
v -0.295000 -0.355000 0.015000
v -0.293515 -0.360278 0.018809
v -0.289352 -0.364510 0.021863
v -0.283338 -0.366859 0.023558
v -0.276662 -0.366859 0.023558
v -0.270648 -0.364510 0.021863
v -0.266485 -0.360278 0.018809
v -0.265000 -0.355000 0.015000
v -0.266485 -0.349722 0.011191
v -0.270648 -0.345490 0.008137
v -0.276662 -0.343141 0.006442
v -0.283338 -0.343141 0.006442
v -0.289352 -0.345490 0.008137
v -0.293515 -0.349722 0.011191
v -0.295000 -0.355000 0.015000
v -0.293513 0.242405 0.853954
v -0.289352 0.238140 0.856963
v -0.283338 0.235745 0.858594
v -0.276662 0.235693 0.858522
v -0.270648 0.237995 0.856762
v -0.266487 0.242195 0.853663
v -0.265001 0.247461 0.849839
v -0.266487 0.252750 0.846046
v -0.270648 0.257015 0.843037
v -0.276662 0.259410 0.841406
v -0.283338 0.259462 0.841478
v -0.289352 0.257160 0.843238
v -0.293513 0.252960 0.846337
v -0.294999 0.247694 0.850161
v -0.293206 0.249091 0.863220
v -0.289050 0.244730 0.866095
v -0.283044 0.242194 0.867531
v -0.276378 0.241987 0.867243
v -0.270372 0.244149 0.865290
v -0.266215 0.248252 0.862056
v -0.264732 0.253483 0.858184
v -0.266215 0.258807 0.854439
v -0.270372 0.263168 0.851564
v -0.276378 0.265704 0.850128
v -0.283044 0.265911 0.850415
v -0.289050 0.263749 0.852369
v -0.293206 0.259647 0.855603
v -0.294690 0.254415 0.859475
v -0.292283 0.255856 0.872593
v -0.288144 0.251365 0.875289
v -0.282164 0.248642 0.876466
v -0.275526 0.248228 0.875891
v -0.269546 0.250203 0.873678
v -0.265407 0.254176 0.870266
v -0.263930 0.259361 0.866329
v -0.265407 0.264731 0.862649
v -0.269546 0.269222 0.859953
v -0.275526 0.271945 0.858776
v -0.282164 0.272359 0.859351
v -0.288144 0.270385 0.861564
v -0.292283 0.266411 0.864976
v -0.293760 0.261226 0.868913
v -0.290748 0.262566 0.881891
v -0.286639 0.257946 0.884408
v -0.280701 0.255036 0.885326
v -0.274111 0.254414 0.884464
v -0.268173 0.256202 0.881992
v -0.264064 0.260046 0.878400
v -0.262598 0.265185 0.874400
v -0.264064 0.270601 0.870783
v -0.268173 0.275222 0.868266
v -0.274111 0.278131 0.867348
v -0.280701 0.278753 0.868211
v -0.286639 0.276965 0.870682
v -0.290748 0.273121 0.874274
v -0.292214 0.267982 0.878275
v -0.288606 0.269194 0.891077
v -0.284539 0.264445 0.893414
v -0.278662 0.261348 0.894073
v -0.272138 0.260519 0.892923
v -0.266261 0.262120 0.890193
v -0.262194 0.265835 0.886421
v -0.260742 0.270928 0.882357
v -0.262194 0.276390 0.878804
v -0.266261 0.281140 0.876467
v -0.272138 0.284236 0.875808
v -0.278662 0.285066 0.876958
v -0.284539 0.283464 0.879689
v -0.288606 0.279749 0.883460
v -0.290058 0.274657 0.887524
v -0.285865 0.275715 0.900112
v -0.281852 0.270836 0.902270
v -0.276054 0.267553 0.902671
v -0.269617 0.266516 0.901233
v -0.263819 0.267930 0.898244
v -0.259806 0.271516 0.894293
v -0.258374 0.276562 0.890165
v -0.259806 0.282071 0.886676
v -0.263819 0.286950 0.884518
v -0.269618 0.290233 0.884118
v -0.276054 0.291270 0.885555
v -0.281852 0.289856 0.888545
v -0.285865 0.286270 0.892495
v -0.287297 0.281223 0.896624
v -0.282534 0.282101 0.908961
v -0.278589 0.277093 0.910941
v -0.272888 0.273623 0.911082
v -0.266560 0.272379 0.909358
v -0.260858 0.273606 0.906109
v -0.256913 0.277063 0.901980
v -0.255505 0.282064 0.897788
v -0.256913 0.287618 0.894363
v -0.260859 0.292626 0.892384
v -0.266560 0.296096 0.892242
v -0.272888 0.297340 0.893967
v -0.278589 0.296112 0.897215
v -0.282534 0.292656 0.901344
v -0.283943 0.287655 0.905537
v -0.278626 0.288326 0.917588
v -0.274761 0.283189 0.919389
v -0.269177 0.279533 0.919272
v -0.262979 0.278082 0.917261
v -0.257395 0.279124 0.913755
v -0.253530 0.282451 0.909447
v -0.252151 0.287406 0.905191
v -0.253530 0.293006 0.901830
v -0.257395 0.298143 0.900029
v -0.262979 0.301799 0.900146
v -0.269177 0.303250 0.902157
v -0.274761 0.302209 0.905663
v -0.278626 0.298881 0.909971
v -0.280005 0.293927 0.914227
v -0.274152 0.294365 0.925957
v -0.270383 0.289100 0.927579
v -0.264936 0.285259 0.927206
v -0.258891 0.283602 0.924910
v -0.253444 0.284458 0.921146
v -0.249675 0.287657 0.916660
v -0.248330 0.292566 0.912341
v -0.249675 0.298212 0.909043
v -0.253444 0.303477 0.907421
v -0.258891 0.307319 0.907794
v -0.264936 0.308976 0.910090
v -0.270383 0.308120 0.913854
v -0.274152 0.304921 0.918340
v -0.275497 0.300012 0.922659
v -0.269130 0.300194 0.934033
v -0.265471 0.294801 0.935479
v -0.260183 0.290775 0.934850
v -0.254314 0.288913 0.932270
v -0.249026 0.289585 0.928251
v -0.245367 0.292656 0.923588
v -0.244061 0.297520 0.919206
v -0.245367 0.303211 0.915971
v -0.249026 0.308604 0.914525
v -0.254314 0.312630 0.915154
v -0.260183 0.314492 0.917734
v -0.265471 0.313820 0.921753
v -0.269130 0.310749 0.926416
v -0.270436 0.305885 0.930798
v -0.263576 0.305786 0.941783
v -0.260042 0.300267 0.943053
v -0.254936 0.296058 0.942171
v -0.249269 0.293994 0.939310
v -0.244163 0.294482 0.935038
v -0.240629 0.297428 0.930200
v -0.239368 0.302246 0.925755
v -0.240629 0.307983 0.922583
v -0.244163 0.313502 0.921312
v -0.249269 0.317711 0.922195
v -0.254936 0.319775 0.925055
v -0.260042 0.319286 0.929328
v -0.263576 0.316341 0.934166
v -0.264837 0.311523 0.938611
v -0.257510 0.311120 0.949173
v -0.254119 0.305475 0.950271
v -0.249218 0.301086 0.949138
v -0.243779 0.298822 0.946000
v -0.238878 0.299130 0.941478
v -0.235486 0.301950 0.936467
v -0.234276 0.306724 0.931960
v -0.235486 0.312506 0.928850
v -0.238878 0.318150 0.927753
v -0.243779 0.322539 0.928885
v -0.249218 0.324803 0.932023
v -0.254119 0.324495 0.936545
v -0.257510 0.321675 0.941556
v -0.258721 0.316901 0.946063
v -0.250955 0.316170 0.956172
v -0.247722 0.310404 0.957100
v -0.243051 0.305838 0.955722
v -0.237867 0.303376 0.952312
v -0.233196 0.303508 0.947544
v -0.229964 0.306206 0.942364
v -0.228811 0.310935 0.937796
v -0.229964 0.316761 0.934747
v -0.233197 0.322527 0.933819
v -0.237867 0.327094 0.935197
v -0.243052 0.329555 0.938607
v -0.247722 0.329423 0.943375
v -0.250955 0.326726 0.948555
v -0.252108 0.321996 0.953123
v -0.243932 0.320916 0.962749
v -0.240877 0.315030 0.963511
v -0.236462 0.310291 0.961894
v -0.231561 0.307639 0.958218
v -0.227146 0.307597 0.953211
v -0.224091 0.310176 0.947865
v -0.223001 0.314863 0.943238
v -0.224091 0.320731 0.940248
v -0.227146 0.326617 0.939486
v -0.231561 0.331356 0.941103
v -0.236462 0.334008 0.944779
v -0.240877 0.334050 0.949786
v -0.243932 0.331472 0.955132
v -0.245023 0.326784 0.959758
v -0.236469 0.325336 0.968873
v -0.233609 0.319334 0.969475
v -0.229476 0.314428 0.967627
v -0.224889 0.311590 0.963694
v -0.220756 0.311382 0.958456
v -0.217896 0.313845 0.952949
v -0.216876 0.318491 0.948266
v -0.217896 0.324400 0.945332
v -0.220756 0.330402 0.944730
v -0.224889 0.335307 0.946579
v -0.229476 0.338146 0.950511
v -0.233609 0.338354 0.955750
v -0.236469 0.335891 0.961256
v -0.237490 0.331245 0.965940
v -0.228594 0.329408 0.974516
v -0.225948 0.323296 0.974965
v -0.222124 0.318230 0.972895
v -0.217880 0.315215 0.968717
v -0.214056 0.314847 0.963257
v -0.211410 0.317199 0.957598
v -0.210466 0.321806 0.952859
v -0.211410 0.327754 0.949981
v -0.214056 0.333867 0.949532
v -0.217880 0.338932 0.951601
v -0.222124 0.341948 0.955780
v -0.225948 0.342316 0.961240
v -0.228594 0.339963 0.966899
v -0.229538 0.335357 0.971637
v -0.220336 0.333114 0.979651
v -0.217923 0.326897 0.979955
v -0.214435 0.321681 0.977676
v -0.210565 0.318498 0.973266
v -0.207077 0.317979 0.967597
v -0.204664 0.320227 0.961793
v -0.203803 0.324796 0.957003
v -0.204664 0.330782 0.954176
v -0.207077 0.336999 0.953872
v -0.210565 0.342215 0.956150
v -0.214435 0.345398 0.960561
v -0.217923 0.345917 0.966230
v -0.220336 0.343669 0.972034
v -0.221197 0.339100 0.976824
v -0.211729 0.336434 0.984251
v -0.209567 0.330120 0.984421
v -0.206443 0.324764 0.981948
v -0.202975 0.321425 0.977323
v -0.199851 0.320767 0.971460
v -0.197689 0.322918 0.965522
v -0.196918 0.327452 0.960684
v -0.197689 0.333473 0.957905
v -0.199851 0.339786 0.957735
v -0.202975 0.345143 0.960207
v -0.206443 0.348481 0.964833
v -0.209567 0.349140 0.970696
v -0.211729 0.346989 0.976634
v -0.212500 0.342454 0.981472
v -0.202807 0.339350 0.988293
v -0.200915 0.332949 0.988341
v -0.198180 0.327465 0.985692
v -0.195145 0.323986 0.980871
v -0.192410 0.323200 0.974832
v -0.190517 0.325263 0.968772
v -0.189842 0.329766 0.963890
v -0.190517 0.335818 0.961155
v -0.192410 0.342220 0.961107
v -0.195145 0.347703 0.963755
v -0.198180 0.351182 0.968577
v -0.200915 0.351968 0.974615
v -0.202807 0.349905 0.980676
v -0.203483 0.345402 0.985557
v -0.193611 0.341848 0.991754
v -0.192004 0.335369 0.991695
v -0.189683 0.329773 0.988890
v -0.187106 0.326169 0.983896
v -0.184785 0.325271 0.977702
v -0.183178 0.327257 0.971534
v -0.182605 0.331732 0.966615
v -0.183178 0.337812 0.963917
v -0.184785 0.344291 0.963977
v -0.187106 0.349886 0.966781
v -0.189683 0.353490 0.971775
v -0.192004 0.354388 0.977969
v -0.193611 0.352403 0.984137
v -0.194184 0.347927 0.989057
v -0.184179 0.343912 0.994615
v -0.182873 0.337367 0.994464
v -0.180987 0.331677 0.991528
v -0.178894 0.327967 0.986388
v -0.177008 0.326974 0.980061
v -0.175702 0.328893 0.973802
v -0.175237 0.333345 0.968850
v -0.175702 0.339448 0.966185
v -0.177008 0.345993 0.966336
v -0.178894 0.351684 0.969272
v -0.180987 0.355394 0.974412
v -0.182873 0.356387 0.980738
v -0.184179 0.354468 0.986998
v -0.184645 0.350015 0.991950
v -0.174555 0.345532 0.996858
v -0.173564 0.338934 0.996634
v -0.172132 0.333167 0.993593
v -0.170542 0.329372 0.988335
v -0.169110 0.328303 0.981903
v -0.168119 0.330169 0.975571
v -0.167765 0.334603 0.970592
v -0.168119 0.340725 0.967954
v -0.169110 0.347322 0.968178
v -0.170542 0.353090 0.971220
v -0.172132 0.356884 0.976477
v -0.173564 0.357953 0.982909
v -0.174555 0.356087 0.989241
v -0.174909 0.351653 0.994220
v -0.164786 0.346695 0.998471
v -0.164119 0.340059 0.998194
v -0.163156 0.334236 0.995074
v -0.162086 0.330380 0.989731
v -0.161123 0.329255 0.983222
v -0.160456 0.331083 0.976836
v -0.160219 0.335502 0.971839
v -0.160456 0.341638 0.969219
v -0.161123 0.348274 0.969496
v -0.162086 0.354097 0.972616
v -0.163156 0.357953 0.977959
v -0.164119 0.359079 0.984468
v -0.164786 0.357250 0.990854
v -0.165024 0.352831 0.995852
v -0.154918 0.347397 0.999443
v -0.154583 0.340737 0.999133
v -0.154098 0.334880 0.995966
v -0.153561 0.330986 0.990571
v -0.153076 0.329827 0.984014
v -0.152741 0.331631 0.977596
v -0.152622 0.336042 0.972587
v -0.152741 0.342186 0.969979
v -0.153076 0.348846 0.970289
v -0.153561 0.354703 0.973455
v -0.154098 0.358597 0.978851
v -0.154582 0.359756 0.985407
v -0.154918 0.357952 0.991826
v -0.155037 0.353541 0.996835
v -0.145273 0.347629 0.999765
v -0.145189 0.340962 0.999445
v -0.145067 0.335094 0.996264
v -0.144933 0.331189 0.990852
v -0.144811 0.330018 0.984280
v -0.144727 0.331816 0.977852
v -0.144697 0.336224 0.972839
v -0.144727 0.342371 0.970235
v -0.144811 0.349038 0.970555
v -0.144933 0.354906 0.973736
v -0.145067 0.358811 0.979148
v -0.145189 0.359982 0.985720
v -0.145273 0.358184 0.992148
v -0.145303 0.353776 0.997161
v 0.145273 0.347629 0.999765
v 0.145189 0.340962 0.999445
v 0.145067 0.335094 0.996264
v 0.144933 0.331189 0.990852
v 0.144811 0.330018 0.984280
v 0.144727 0.331816 0.977852
v 0.144697 0.336224 0.972839
v 0.144727 0.342371 0.970235
v 0.144811 0.349038 0.970555
v 0.144933 0.354906 0.973736
v 0.145067 0.358811 0.979148
v 0.145189 0.359982 0.985720
v 0.145273 0.358184 0.992148
v 0.145303 0.353776 0.997161
v 0.154918 0.347397 0.999443
v 0.154583 0.340737 0.999133
v 0.154098 0.334880 0.995966
v 0.153561 0.330986 0.990571
v 0.153076 0.329827 0.984014
v 0.152741 0.331631 0.977596
v 0.152622 0.336042 0.972587
v 0.152741 0.342186 0.969979
v 0.153076 0.348846 0.970289
v 0.153561 0.354703 0.973455
v 0.154098 0.358597 0.978851
v 0.154582 0.359756 0.985407
v 0.154918 0.357952 0.991826
v 0.155037 0.353541 0.996835
v 0.164786 0.346695 0.998471
v 0.164119 0.340059 0.998194
v 0.163156 0.334236 0.995074
v 0.162086 0.330380 0.989731
v 0.161123 0.329255 0.983222
v 0.160456 0.331083 0.976836
v 0.160219 0.335502 0.971839
v 0.160456 0.341638 0.969219
v 0.161123 0.348274 0.969496
v 0.162086 0.354097 0.972616
v 0.163156 0.357953 0.977959
v 0.164119 0.359079 0.984468
v 0.164786 0.357250 0.990854
v 0.165024 0.352831 0.995852
v 0.174555 0.345532 0.996858
v 0.173564 0.338934 0.996634
v 0.172132 0.333167 0.993593
v 0.170542 0.329372 0.988335
v 0.169110 0.328303 0.981903
v 0.168119 0.330169 0.975571
v 0.167765 0.334603 0.970592
v 0.168119 0.340725 0.967954
v 0.169110 0.347322 0.968178
v 0.170542 0.353090 0.971220
v 0.172132 0.356884 0.976477
v 0.173564 0.357953 0.982909
v 0.174555 0.356087 0.989241
v 0.174909 0.351653 0.994220
v 0.184179 0.343912 0.994615
v 0.182873 0.337367 0.994464
v 0.180987 0.331677 0.991528
v 0.178894 0.327967 0.986388
v 0.177008 0.326974 0.980061
v 0.175702 0.328893 0.973802
v 0.175237 0.333345 0.968850
v 0.175702 0.339448 0.966185
v 0.177008 0.345993 0.966336
v 0.178894 0.351684 0.969272
v 0.180987 0.355394 0.974412
v 0.182873 0.356387 0.980738
v 0.184179 0.354468 0.986998
v 0.184645 0.350015 0.991950
v 0.193611 0.341848 0.991754
v 0.192004 0.335369 0.991695
v 0.189683 0.329773 0.988890
v 0.187106 0.326169 0.983896
v 0.184785 0.325271 0.977702
v 0.183178 0.327257 0.971534
v 0.182605 0.331732 0.966615
v 0.183178 0.337812 0.963917
v 0.184785 0.344291 0.963977
v 0.187106 0.349886 0.966781
v 0.189683 0.353490 0.971775
v 0.192004 0.354388 0.977969
v 0.193611 0.352403 0.984137
v 0.194184 0.347927 0.989057
v 0.202807 0.339350 0.988293
v 0.200915 0.332949 0.988341
v 0.198180 0.327465 0.985692
v 0.195145 0.323986 0.980871
v 0.192410 0.323200 0.974832
v 0.190517 0.325263 0.968772
v 0.189842 0.329766 0.963890
v 0.190517 0.335818 0.961155
v 0.192410 0.342220 0.961107
v 0.195145 0.347703 0.963755
v 0.198180 0.351182 0.968577
v 0.200915 0.351968 0.974615
v 0.202807 0.349905 0.980676
v 0.203483 0.345402 0.985557
v 0.211729 0.336434 0.984251
v 0.209567 0.330120 0.984421
v 0.206443 0.324764 0.981948
v 0.202975 0.321425 0.977323
v 0.199851 0.320767 0.971460
v 0.197689 0.322918 0.965522
v 0.196918 0.327452 0.960684
v 0.197689 0.333473 0.957905
v 0.199851 0.339786 0.957735
v 0.202975 0.345143 0.960207
v 0.206443 0.348481 0.964833
v 0.209567 0.349140 0.970696
v 0.211729 0.346989 0.976634
v 0.212500 0.342454 0.981472
v 0.220336 0.333114 0.979651
v 0.217923 0.326897 0.979955
v 0.214435 0.321681 0.977676
v 0.210565 0.318498 0.973266
v 0.207077 0.317979 0.967597
v 0.204664 0.320227 0.961793
v 0.203803 0.324796 0.957003
v 0.204664 0.330782 0.954176
v 0.207077 0.336999 0.953872
v 0.210565 0.342215 0.956150
v 0.214435 0.345398 0.960561
v 0.217923 0.345917 0.966230
v 0.220336 0.343669 0.972034
v 0.221197 0.339100 0.976824
v 0.228594 0.329408 0.974516
v 0.225948 0.323296 0.974965
v 0.222124 0.318230 0.972895
v 0.217880 0.315215 0.968717
v 0.214056 0.314847 0.963257
v 0.211410 0.317199 0.957598
v 0.210466 0.321806 0.952859
v 0.211410 0.327754 0.949981
v 0.214056 0.333867 0.949532
v 0.217880 0.338932 0.951601
v 0.222124 0.341948 0.955780
v 0.225948 0.342316 0.961240
v 0.228594 0.339963 0.966899
v 0.229538 0.335357 0.971637
v 0.236469 0.325336 0.968873
v 0.233609 0.319334 0.969475
v 0.229476 0.314428 0.967627
v 0.224889 0.311590 0.963694
v 0.220756 0.311382 0.958456
v 0.217896 0.313845 0.952949
v 0.216876 0.318491 0.948266
v 0.217896 0.324400 0.945332
v 0.220756 0.330402 0.944730
v 0.224889 0.335307 0.946579
v 0.229476 0.338146 0.950511
v 0.233609 0.338354 0.955750
v 0.236469 0.335891 0.961256
v 0.237490 0.331245 0.965940
v 0.243932 0.320916 0.962749
v 0.240877 0.315030 0.963511
v 0.236462 0.310291 0.961894
v 0.231561 0.307639 0.958218
v 0.227146 0.307597 0.953211
v 0.224091 0.310176 0.947865
v 0.223001 0.314863 0.943238
v 0.224091 0.320731 0.940248
v 0.227146 0.326617 0.939486
v 0.231561 0.331356 0.941103
v 0.236462 0.334009 0.944779
v 0.240877 0.334050 0.949786
v 0.243932 0.331472 0.955132
v 0.245023 0.326784 0.959758
v 0.250955 0.316170 0.956172
v 0.247722 0.310404 0.957100
v 0.243051 0.305838 0.955722
v 0.237867 0.303376 0.952312
v 0.233196 0.303508 0.947544
v 0.229964 0.306206 0.942364
v 0.228811 0.310935 0.937796
v 0.229964 0.316761 0.934747
v 0.233197 0.322527 0.933819
v 0.237867 0.327094 0.935197
v 0.243052 0.329555 0.938607
v 0.247722 0.329423 0.943375
v 0.250955 0.326726 0.948555
v 0.252108 0.321996 0.953123
v 0.257510 0.311120 0.949173
v 0.254119 0.305475 0.950271
v 0.249218 0.301086 0.949138
v 0.243779 0.298822 0.946000
v 0.238878 0.299130 0.941478
v 0.235486 0.301950 0.936467
v 0.234276 0.306724 0.931960
v 0.235486 0.312506 0.928850
v 0.238878 0.318150 0.927753
v 0.243779 0.322539 0.928885
v 0.249218 0.324803 0.932023
v 0.254119 0.324495 0.936545
v 0.257510 0.321675 0.941556
v 0.258721 0.316901 0.946063
v 0.263576 0.305786 0.941783
v 0.260042 0.300267 0.943053
v 0.254936 0.296058 0.942171
v 0.249269 0.293994 0.939310
v 0.244163 0.294482 0.935038
v 0.240629 0.297428 0.930200
v 0.239368 0.302246 0.925755
v 0.240629 0.307983 0.922583
v 0.244163 0.313502 0.921312
v 0.249269 0.317711 0.922195
v 0.254936 0.319775 0.925055
v 0.260042 0.319287 0.929328
v 0.263576 0.316341 0.934166
v 0.264837 0.311523 0.938611
v 0.269130 0.300194 0.934033
v 0.265471 0.294801 0.935479
v 0.260183 0.290775 0.934850
v 0.254314 0.288913 0.932270
v 0.249026 0.289585 0.928251
v 0.245367 0.292656 0.923588
v 0.244061 0.297520 0.919206
v 0.245367 0.303211 0.915971
v 0.249026 0.308604 0.914525
v 0.254314 0.312630 0.915154
v 0.260183 0.314492 0.917734
v 0.265471 0.313820 0.921753
v 0.269130 0.310749 0.926416
v 0.270436 0.305885 0.930798
v 0.274152 0.294365 0.925957
v 0.270383 0.289100 0.927579
v 0.264936 0.285259 0.927206
v 0.258891 0.283602 0.924910
v 0.253444 0.284458 0.921146
v 0.249675 0.287657 0.916660
v 0.248330 0.292566 0.912341
v 0.249675 0.298212 0.909043
v 0.253444 0.303477 0.907421
v 0.258891 0.307319 0.907794
v 0.264936 0.308976 0.910090
v 0.270383 0.308120 0.913854
v 0.274152 0.304921 0.918340
v 0.275497 0.300012 0.922659
v 0.278626 0.288326 0.917588
v 0.274761 0.283189 0.919389
v 0.269177 0.279533 0.919272
v 0.262979 0.278082 0.917261
v 0.257395 0.279124 0.913755
v 0.253530 0.282451 0.909447
v 0.252151 0.287406 0.905191
v 0.253530 0.293006 0.901830
v 0.257395 0.298143 0.900029
v 0.262979 0.301799 0.900146
v 0.269177 0.303250 0.902157
v 0.274761 0.302209 0.905663
v 0.278626 0.298881 0.909971
v 0.280005 0.293927 0.914227
v 0.282534 0.282101 0.908961
v 0.278589 0.277093 0.910941
v 0.272888 0.273623 0.911082
v 0.266560 0.272379 0.909358
v 0.260858 0.273606 0.906109
v 0.256913 0.277063 0.901980
v 0.255505 0.282064 0.897788
v 0.256913 0.287618 0.894363
v 0.260859 0.292626 0.892384
v 0.266560 0.296096 0.892242
v 0.272888 0.297340 0.893967
v 0.278589 0.296112 0.897215
v 0.282534 0.292656 0.901344
v 0.283943 0.287655 0.905537
v 0.285865 0.275715 0.900112
v 0.281852 0.270836 0.902270
v 0.276054 0.267553 0.902671
v 0.269617 0.266516 0.901233
v 0.263819 0.267930 0.898244
v 0.259806 0.271516 0.894293
v 0.258374 0.276562 0.890165
v 0.259806 0.282071 0.886676
v 0.263819 0.286950 0.884518
v 0.269618 0.290233 0.884118
v 0.276054 0.291270 0.885555
v 0.281852 0.289856 0.888545
v 0.285865 0.286270 0.892495
v 0.287297 0.281223 0.896624
v 0.288606 0.269194 0.891077
v 0.284539 0.264445 0.893414
v 0.278662 0.261348 0.894073
v 0.272138 0.260519 0.892923
v 0.266261 0.262120 0.890192
v 0.262194 0.265835 0.886421
v 0.260742 0.270928 0.882357
v 0.262194 0.276390 0.878804
v 0.266261 0.281140 0.876467
v 0.272138 0.284236 0.875808
v 0.278662 0.285066 0.876958
v 0.284539 0.283464 0.879689
v 0.288606 0.279749 0.883460
v 0.290058 0.274657 0.887524
v 0.290748 0.262566 0.881891
v 0.286639 0.257946 0.884408
v 0.280701 0.255036 0.885326
v 0.274111 0.254414 0.884464
v 0.268173 0.256202 0.881992
v 0.264064 0.260046 0.878400
v 0.262598 0.265185 0.874400
v 0.264064 0.270601 0.870783
v 0.268173 0.275222 0.868266
v 0.274111 0.278131 0.867348
v 0.280701 0.278753 0.868211
v 0.286639 0.276965 0.870683
v 0.290748 0.273121 0.874274
v 0.292214 0.267982 0.878275
v 0.292283 0.255856 0.872593
v 0.288144 0.251365 0.875289
v 0.282164 0.248642 0.876466
v 0.275526 0.248228 0.875891
v 0.269546 0.250203 0.873678
v 0.265407 0.254176 0.870266
v 0.263930 0.259361 0.866329
v 0.265407 0.264731 0.862649
v 0.269546 0.269222 0.859953
v 0.275526 0.271945 0.858776
v 0.282164 0.272359 0.859351
v 0.288144 0.270385 0.861564
v 0.292283 0.266411 0.864976
v 0.293760 0.261226 0.868913
v 0.293206 0.249091 0.863220
v 0.289050 0.244730 0.866095
v 0.283044 0.242194 0.867531
v 0.276378 0.241987 0.867243
v 0.270372 0.244149 0.865290
v 0.266215 0.248252 0.862056
v 0.264732 0.253483 0.858184
v 0.266215 0.258807 0.854439
v 0.270372 0.263168 0.851564
v 0.276378 0.265704 0.850128
v 0.283044 0.265911 0.850415
v 0.289050 0.263749 0.852369
v 0.293206 0.259647 0.855603
v 0.294690 0.254415 0.859475
v 0.293513 0.242405 0.853954
v 0.289352 0.238140 0.856963
v 0.283338 0.235745 0.858594
v 0.276662 0.235693 0.858522
v 0.270648 0.237995 0.856762
v 0.266487 0.242195 0.853663
v 0.265001 0.247461 0.849839
v 0.266487 0.252750 0.846046
v 0.270648 0.257015 0.843037
v 0.276662 0.259410 0.841406
v 0.283338 0.259462 0.841478
v 0.289352 0.257160 0.843238
v 0.293513 0.252960 0.846337
v 0.294999 0.247694 0.850161
v 0.293515 -0.360278 0.018809
v 0.289352 -0.364510 0.021863
v 0.283338 -0.366859 0.023558
v 0.276662 -0.366859 0.023558
v 0.270648 -0.364510 0.021863
v 0.266485 -0.360278 0.018809
v 0.265000 -0.355000 0.015000
v 0.266485 -0.349722 0.011191
v 0.270648 -0.345490 0.008137
v 0.276662 -0.343141 0.006442
v 0.283338 -0.343141 0.006442
v 0.289352 -0.345490 0.008137
v 0.293515 -0.349722 0.011191
v 0.295000 -0.355000 0.015000
vn -0.0000 -0.5852 -0.8109
vn -0.9010 -0.3518 0.2539
vn -0.6235 -0.6340 0.4575
vn -0.2225 -0.7906 0.5705
vn 0.2225 -0.7906 0.5705
vn 0.6235 -0.6340 0.4575
vn 0.9010 -0.3518 0.2539
vn 1.0000 -0.0000 -0.0000
vn 0.9010 0.3518 -0.2539
vn 0.6235 0.6340 -0.4575
vn 0.2225 0.7906 -0.5705
vn -0.2225 0.7906 -0.5705
vn -0.6235 0.6340 -0.4575
vn -0.9010 0.3518 -0.2539
vn -1.0000 -0.0000 -0.0000
vn -0.9012 -0.3442 0.2633
vn -0.6246 -0.6283 0.4637
vn -0.2243 -0.7885 0.5727
vn 0.2207 -0.7926 0.5684
vn 0.6223 -0.6395 0.4514
vn 0.9005 -0.3593 0.2448
vn 0.9999 -0.0076 -0.0106
vn 0.9005 0.3455 -0.2639
vn 0.6223 0.6299 -0.4647
vn 0.2207 0.7892 -0.5731
vn -0.2243 0.7920 -0.5679
vn -0.6246 0.6381 -0.4502
vn -0.9012 0.3583 -0.2437
vn -0.9999 0.0079 0.0109
vn -0.9004 -0.3226 0.2920
vn -0.6249 -0.6130 0.4835
vn -0.2258 -0.7829 0.5798
vn 0.2186 -0.7980 0.5616
vn 0.6203 -0.6547 0.4319
vn 0.8990 -0.3809 0.2161
vn 0.9986 -0.0310 -0.0429
vn 0.8990 0.3252 -0.2934
vn 0.6203 0.6162 -0.4853
vn 0.2186 0.7844 -0.5804
vn -0.2258 0.7969 -0.5603
vn -0.6249 0.6520 -0.4294
vn -0.9004 0.3788 -0.2141
vn -0.9986 0.0312 0.0432
vn -0.8966 -0.2946 0.3307
vn -0.6223 -0.5936 0.5103
vn -0.2248 -0.7758 0.5895
vn 0.2177 -0.8048 0.5521
vn 0.6177 -0.6741 0.4051
vn 0.8952 -0.4090 0.1773
vn 0.9943 -0.0621 -0.0861
vn 0.8952 0.2971 -0.3323
vn 0.6177 0.5969 -0.5121
vn 0.2177 0.7776 -0.5898
vn -0.2248 0.8040 -0.5506
vn -0.6222 0.6714 -0.4026
vn -0.8966 0.4067 -0.1754
vn -0.9943 0.0621 0.0861
vn -0.8902 -0.2666 0.3695
vn -0.6178 -0.5741 0.5373
vn -0.2232 -0.7688 0.5992
vn 0.2161 -0.8116 0.5427
vn 0.6132 -0.6934 0.3784
vn 0.8888 -0.4370 0.1385
vn 0.9872 -0.0932 -0.1292
vn 0.8888 0.2691 -0.3711
vn 0.6132 0.5776 -0.5388
vn 0.2161 0.7708 -0.5993
vn -0.2232 0.8110 -0.5408
vn -0.6178 0.6908 -0.3756
vn -0.8902 0.4347 -0.1366
vn -0.9872 0.0932 0.1292
vn -0.8811 -0.2385 0.4083
vn -0.6115 -0.5547 0.5642
vn -0.2210 -0.7618 0.6090
vn 0.2139 -0.8184 0.5333
vn 0.6070 -0.7127 0.3516
vn 0.8797 -0.4649 0.0997
vn 0.9772 -0.1243 -0.1722
vn 0.8797 0.2412 -0.4098
vn 0.6070 0.5583 -0.5656
vn 0.2139 0.7640 -0.6087
vn -0.2210 0.8180 -0.5311
vn -0.6116 0.7103 -0.3486
vn -0.8811 0.4627 -0.0977
vn -0.9772 0.1243 0.1722
vn -0.8693 -0.2105 0.4471
vn -0.6034 -0.5352 0.5911
vn -0.2181 -0.7547 0.6187
vn 0.2110 -0.8252 0.5239
vn 0.5988 -0.7320 0.3249
vn 0.8679 -0.4929 0.0610
vn 0.9641 -0.1553 -0.2153
vn 0.8679 0.2132 -0.4486
vn 0.5988 0.5390 -0.5923
vn 0.2110 0.7573 -0.6181
vn -0.2181 0.8250 -0.5213
vn -0.6034 0.7297 -0.3217
vn -0.8693 0.4907 -0.0589
vn -0.9641 0.1554 0.2153
vn -0.8547 -0.1825 0.4859
vn -0.5933 -0.5158 0.6181
vn -0.2145 -0.7477 0.6285
vn 0.2074 -0.8320 0.5145
vn 0.5887 -0.7513 0.2982
vn 0.8533 -0.5209 0.0223
vn 0.9479 -0.1864 -0.2583
vn 0.8533 0.1853 -0.4873
vn 0.5887 0.5198 -0.6191
vn 0.2074 0.7505 -0.6275
vn -0.2145 0.8320 -0.5116
vn -0.5933 0.7491 -0.2947
vn -0.8547 0.5187 -0.0201
vn -0.9479 0.1864 0.2583
vn -0.8372 -0.1546 0.5246
vn -0.5812 -0.4963 0.6449
vn -0.2101 -0.7407 0.6382
vn 0.2030 -0.8388 0.5052
vn 0.5766 -0.7706 0.2716
vn 0.8358 -0.5488 -0.0163
vn 0.9285 -0.2173 -0.3012
vn 0.8358 0.1575 -0.5260
vn 0.5766 0.5006 -0.6457
vn 0.2030 0.7437 -0.6369
vn -0.2101 0.8391 -0.5018
vn -0.5812 0.7685 -0.2678
vn -0.8372 0.5466 0.0186
vn -0.9285 0.2174 0.3012
vn -0.8166 -0.1267 0.5631
vn -0.5669 -0.4770 0.6717
vn -0.2050 -0.7336 0.6479
vn 0.1980 -0.8455 0.4958
vn 0.5623 -0.7897 0.2451
vn 0.8152 -0.5766 -0.0547
vn 0.9056 -0.2482 -0.3439
vn 0.8152 0.1297 -0.5644
vn 0.5624 0.4815 -0.6723
vn 0.1980 0.7370 -0.6462
vn -0.2050 0.8460 -0.4921
vn -0.5669 0.7877 -0.2410
vn -0.8166 0.5744 0.0572
vn -0.9056 0.2482 0.3440
vn -0.7928 -0.0990 0.6014
vn -0.5504 -0.4577 0.6982
vn -0.1991 -0.7267 0.6575
vn 0.1921 -0.8522 0.4866
vn 0.5459 -0.8088 0.2188
vn 0.7914 -0.6042 -0.0930
vn 0.8792 -0.2789 -0.3864
vn 0.7914 0.1022 -0.6027
vn 0.5459 0.4625 -0.6986
vn 0.1921 0.7304 -0.6555
vn -0.1991 0.8530 -0.4824
vn -0.5504 0.8069 -0.2144
vn -0.7928 0.6020 0.0955
vn -0.8791 0.2789 0.3864
vn -0.7656 -0.0716 0.6394
vn -0.5315 -0.4387 0.7246
vn -0.1924 -0.7197 0.6671
vn 0.1854 -0.8589 0.4775
vn 0.5271 -0.8277 0.1927
vn 0.7642 -0.6316 -0.1308
vn 0.8490 -0.3092 -0.4285
vn 0.7642 0.0749 -0.6406
vn 0.5271 0.4437 -0.7248
vn 0.1854 0.7238 -0.6647
vn -0.1924 0.8599 -0.4729
vn -0.5315 0.8259 -0.1880
vn -0.7656 0.6294 0.1335
vn -0.8489 0.3093 0.4286
vn -0.7348 -0.0445 0.6768
vn -0.5102 -0.4198 0.7506
vn -0.1847 -0.7129 0.6765
vn 0.1779 -0.8654 0.4684
vn 0.5058 -0.8463 0.1670
vn 0.7335 -0.6586 -0.1682
vn 0.8148 -0.3392 -0.4701
vn 0.7335 0.0479 -0.6780
vn 0.5058 0.4252 -0.7506
vn 0.1779 0.7173 -0.6737
vn -0.1847 0.8667 -0.4634
vn -0.5102 0.8447 -0.1619
vn -0.7348 0.6564 0.1710
vn -0.8148 0.3393 0.4701
vn -0.7003 -0.0179 0.7136
vn -0.4863 -0.4013 0.7762
vn -0.1761 -0.7061 0.6858
vn 0.1695 -0.8718 0.4596
vn 0.4820 -0.8646 0.1417
vn 0.6990 -0.6851 -0.2049
vn 0.7766 -0.3687 -0.5108
vn 0.6990 0.0215 -0.7148
vn 0.4820 0.4070 -0.7759
vn 0.1695 0.7109 -0.6826
vn -0.1761 0.8734 -0.4541
vn -0.4863 0.8631 -0.1363
vn -0.7003 0.6829 0.2079
vn -0.7766 0.3687 0.5109
vn -0.6620 0.0080 0.7495
vn -0.4598 -0.3833 0.8011
vn -0.1666 -0.6996 0.6949
vn 0.1601 -0.8780 0.4510
vn 0.4556 -0.8824 0.1171
vn 0.6608 -0.7110 -0.2406
vn 0.7341 -0.3974 -0.5506
vn 0.6608 -0.0043 -0.7506
vn 0.4556 0.3892 -0.8006
vn 0.1601 0.7047 -0.6912
vn -0.1666 0.8799 -0.4449
vn -0.4598 0.8810 -0.1113
vn -0.6620 0.7088 0.2438
vn -0.7340 0.3974 0.5507
vn -0.6197 0.0331 0.7841
vn -0.4304 -0.3658 0.8252
vn -0.1560 -0.6932 0.7037
vn 0.1498 -0.8841 0.4427
vn 0.4264 -0.8997 0.0933
vn 0.6185 -0.7360 -0.2752
vn 0.6872 -0.4251 -0.5891
vn 0.6185 -0.0293 -0.7852
vn 0.4264 0.3721 -0.8245
vn 0.1498 0.6987 -0.6995
vn -0.1560 0.8863 -0.4361
vn -0.4304 0.8984 -0.0871
vn -0.6197 0.7338 0.2785
vn -0.6871 0.4252 0.5892
vn -0.5733 0.0571 0.8173
vn -0.3983 -0.3491 0.8483
vn -0.1444 -0.6871 0.7121
vn 0.1385 -0.8898 0.4348
vn 0.3945 -0.9162 0.0706
vn 0.5722 -0.7599 -0.3083
vn 0.6358 -0.4517 -0.6259
vn 0.5722 -0.0531 -0.8184
vn 0.3945 0.3557 -0.8473
vn 0.1385 0.6930 -0.7075
vn -0.1444 0.8923 -0.4277
vn -0.3983 0.9150 -0.0640
vn -0.5733 0.7577 0.3118
vn -0.6357 0.4517 0.6260
vn -0.5229 0.0798 0.8486
vn -0.3633 -0.3333 0.8700
vn -0.1318 -0.6813 0.7200
vn 0.1262 -0.8952 0.4273
vn 0.3597 -0.9318 0.0491
vn 0.5219 -0.7825 -0.3395
vn 0.5799 -0.4768 -0.6607
vn 0.5219 -0.0756 -0.8497
vn 0.3597 0.3402 -0.8688
vn 0.1262 0.6876 -0.7150
vn -0.1318 0.8981 -0.4197
vn -0.3633 0.9307 -0.0421
vn -0.5229 0.7803 0.3431
vn -0.5798 0.4768 0.6607
vn -0.4684 0.1008 0.8777
vn -0.3255 -0.3186 0.8903
vn -0.1181 -0.6759 0.7274
vn 0.1130 -0.9003 0.4204
vn 0.3222 -0.9462 0.0292
vn 0.4675 -0.8035 -0.3685
vn 0.5195 -0.5000 -0.6929
vn 0.4675 -0.0965 -0.8787
vn 0.3222 0.3259 -0.8888
vn 0.1130 0.6827 -0.7219
vn -0.1181 0.9034 -0.4122
vn -0.3255 0.9453 -0.0218
vn -0.4684 0.8012 0.3723
vn -0.5194 0.5001 0.6930
vn -0.4101 0.1199 0.9041
vn -0.2850 -0.3053 0.9086
vn -0.1035 -0.6710 0.7342
vn 0.0989 -0.9048 0.4141
vn 0.2820 -0.9593 0.0111
vn 0.4093 -0.8226 -0.3948
vn 0.4548 -0.5212 -0.7222
vn 0.4093 -0.1155 -0.9051
vn 0.2820 0.3128 -0.9070
vn 0.0989 0.6782 -0.7282
vn -0.1035 0.9082 -0.4055
vn -0.2850 0.9585 -0.0034
vn -0.4101 0.8203 0.3987
vn -0.4547 0.5212 0.7222
vn -0.3481 0.1368 0.9274
vn -0.2419 -0.2935 0.9249
vn -0.0879 -0.6667 0.7401
vn 0.0839 -0.9088 0.4086
vn 0.2394 -0.9709 -0.0048
vn 0.3474 -0.8394 -0.4180
vn 0.3860 -0.5398 -0.7480
vn 0.3474 -0.1322 -0.9284
vn 0.2394 0.3014 -0.9230
vn 0.0839 0.6742 -0.7338
vn -0.0879 0.9125 -0.3995
vn -0.2419 0.9702 0.0129
vn -0.3481 0.8371 0.4221
vn -0.3859 0.5398 0.7481
vn -0.2828 0.1511 0.9472
vn -0.1966 -0.2835 0.9386
vn -0.0714 -0.6630 0.7452
vn 0.0681 -0.9123 0.4039
vn 0.1945 -0.9807 -0.0184
vn 0.2822 -0.8536 -0.4377
vn 0.3136 -0.5557 -0.7700
vn 0.2822 -0.1465 -0.9481
vn 0.1945 0.2916 -0.9366
vn 0.0681 0.6708 -0.7385
vn -0.0714 0.9161 -0.3944
vn -0.1966 0.9801 0.0267
vn -0.2828 0.8513 0.4419
vn -0.3136 0.5557 0.7700
vn -0.2148 0.1626 0.9630
vn -0.1493 -0.2755 0.9496
vn -0.0542 -0.6601 0.7492
vn 0.0517 -0.9150 0.4002
vn 0.1477 -0.9886 -0.0292
vn 0.2143 -0.8651 -0.4535
vn 0.2381 -0.5683 -0.7876
vn 0.2143 -0.1578 -0.9639
vn 0.1477 0.2838 -0.9474
vn 0.0517 0.6681 -0.7423
vn -0.0542 0.9191 -0.3904
vn -0.1493 0.9881 0.0378
vn -0.2148 0.8627 0.4578
vn -0.2381 0.5684 0.7876
vn -0.1445 0.1710 0.9746
vn -0.1004 -0.2696 0.9577
vn -0.0365 -0.6579 0.7522
vn 0.0348 -0.9170 0.3974
vn 0.0993 -0.9944 -0.0371
vn 0.1442 -0.8734 -0.4651
vn 0.1602 -0.5776 -0.8004
vn 0.1442 -0.1662 -0.9755
vn 0.0993 0.2781 -0.9554
vn 0.0348 0.6661 -0.7450
vn -0.0365 0.9212 -0.3874
vn -0.1004 0.9939 0.0459
vn -0.1445 0.8711 0.4694
vn -0.1602 0.5776 0.8004
vn -0.0730 0.1760 0.9817
vn -0.0507 -0.2661 0.9626
vn -0.0184 -0.6566 0.7540
vn 0.0175 -0.9182 0.3958
vn 0.0497 -0.9979 -0.0419
vn 0.0720 -0.8786 -0.4721
vn 0.0800 -0.5833 -0.8083
vn 0.0720 -0.1712 -0.9826
vn 0.0497 0.2747 -0.9602
vn 0.0175 0.6649 -0.7467
vn -0.0184 0.9225 -0.3856
vn -0.0507 0.9974 0.0508
vn -0.0730 0.8762 0.4764
vn -0.0810 0.5833 0.8082
vn -0.0185 0.1766 0.9841
vn -0.0128 -0.2670 0.9636
vn -0.0046 -0.6583 0.7528
vn 0.0044 -0.9197 0.3926
vn 0.0123 -0.9989 -0.0458
vn 0.0177 -0.8795 -0.4755
vn 0.0196 -0.5851 -0.8107
vn 0.0177 -0.1741 -0.9846
vn 0.0123 0.2713 -0.9624
vn 0.0044 0.6624 -0.7491
vn -0.0046 0.9218 -0.3875
vn -0.0128 0.9987 0.0502
vn -0.0185 0.8783 0.4777
vn -0.0206 0.5851 0.8107
vn 0.0185 0.1766 0.9841
vn 0.0128 -0.2670 0.9636
vn 0.0046 -0.6583 0.7528
vn -0.0044 -0.9197 0.3926
vn -0.0123 -0.9989 -0.0458
vn -0.0177 -0.8795 -0.4755
vn -0.0196 -0.5851 -0.8107
vn -0.0177 -0.1741 -0.9846
vn -0.0123 0.2713 -0.9624
vn -0.0044 0.6624 -0.7491
vn 0.0046 0.9218 -0.3875
vn 0.0128 0.9987 0.0502
vn 0.0185 0.8783 0.4777
vn 0.0206 0.5851 0.8107
vn 0.0730 0.1760 0.9817
vn 0.0507 -0.2661 0.9626
vn 0.0184 -0.6566 0.7540
vn -0.0175 -0.9182 0.3958
vn -0.0497 -0.9979 -0.0419
vn -0.0720 -0.8786 -0.4721
vn -0.0800 -0.5833 -0.8083
vn -0.0720 -0.1712 -0.9826
vn -0.0497 0.2747 -0.9602
vn -0.0175 0.6649 -0.7467
vn 0.0184 0.9225 -0.3856
vn 0.0507 0.9974 0.0508
vn 0.0730 0.8762 0.4764
vn 0.0810 0.5833 0.8082
vn 0.1445 0.1710 0.9746
vn 0.1004 -0.2696 0.9577
vn 0.0365 -0.6579 0.7522
vn -0.0348 -0.9170 0.3974
vn -0.0993 -0.9944 -0.0371
vn -0.1442 -0.8734 -0.4651
vn -0.1602 -0.5776 -0.8004
vn -0.1442 -0.1662 -0.9755
vn -0.0993 0.2781 -0.9554
vn -0.0348 0.6661 -0.7450
vn 0.0365 0.9212 -0.3874
vn 0.1004 0.9939 0.0459
vn 0.1445 0.8711 0.4694
vn 0.1602 0.5776 0.8004
vn 0.2148 0.1626 0.9630
vn 0.1493 -0.2755 0.9496
vn 0.0542 -0.6601 0.7492
vn -0.0517 -0.9150 0.4002
vn -0.1477 -0.9886 -0.0292
vn -0.2143 -0.8651 -0.4535
vn -0.2382 -0.5683 -0.7876
vn -0.2143 -0.1578 -0.9639
vn -0.1477 0.2838 -0.9474
vn -0.0517 0.6681 -0.7423
vn 0.0542 0.9191 -0.3904
vn 0.1493 0.9881 0.0378
vn 0.2148 0.8627 0.4578
vn 0.2381 0.5684 0.7876
vn 0.2828 0.1511 0.9472
vn 0.1966 -0.2835 0.9386
vn 0.0714 -0.6630 0.7452
vn -0.0681 -0.9123 0.4039
vn -0.1945 -0.9807 -0.0184
vn -0.2822 -0.8536 -0.4377
vn -0.3136 -0.5557 -0.7700
vn -0.2822 -0.1465 -0.9481
vn -0.1945 0.2916 -0.9366
vn -0.0681 0.6708 -0.7385
vn 0.0714 0.9161 -0.3944
vn 0.1966 0.9801 0.0267
vn 0.2828 0.8513 0.4419
vn 0.3136 0.5557 0.7700
vn 0.3481 0.1368 0.9274
vn 0.2419 -0.2935 0.9249
vn 0.0879 -0.6667 0.7401
vn -0.0839 -0.9088 0.4086
vn -0.2394 -0.9709 -0.0048
vn -0.3474 -0.8394 -0.4180
vn -0.3860 -0.5398 -0.7480
vn -0.3474 -0.1322 -0.9284
vn -0.2394 0.3014 -0.9230
vn -0.0839 0.6742 -0.7338
vn 0.0879 0.9125 -0.3995
vn 0.2419 0.9702 0.0129
vn 0.3481 0.8371 0.4221
vn 0.3859 0.5398 0.7481
vn 0.4101 0.1199 0.9041
vn 0.2850 -0.3053 0.9086
vn 0.1035 -0.6710 0.7342
vn -0.0989 -0.9048 0.4141
vn -0.2820 -0.9593 0.0111
vn -0.4093 -0.8226 -0.3948
vn -0.4548 -0.5212 -0.7222
vn -0.4093 -0.1155 -0.9051
vn -0.2820 0.3128 -0.9070
vn -0.0989 0.6782 -0.7282
vn 0.1035 0.9082 -0.4055
vn 0.2850 0.9585 -0.0034
vn 0.4101 0.8203 0.3987
vn 0.4547 0.5212 0.7222
vn 0.4684 0.1008 0.8777
vn 0.3255 -0.3186 0.8903
vn 0.1181 -0.6759 0.7274
vn -0.1130 -0.9003 0.4204
vn -0.3222 -0.9462 0.0292
vn -0.4675 -0.8035 -0.3685
vn -0.5195 -0.5000 -0.6929
vn -0.4675 -0.0965 -0.8787
vn -0.3222 0.3259 -0.8888
vn -0.1130 0.6827 -0.7219
vn 0.1181 0.9034 -0.4122
vn 0.3255 0.9453 -0.0218
vn 0.4684 0.8012 0.3723
vn 0.5194 0.5001 0.6930
vn 0.5229 0.0798 0.8486
vn 0.3633 -0.3333 0.8700
vn 0.1318 -0.6813 0.7200
vn -0.1262 -0.8952 0.4273
vn -0.3597 -0.9318 0.0491
vn -0.5219 -0.7825 -0.3395
vn -0.5799 -0.4768 -0.6607
vn -0.5219 -0.0756 -0.8497
vn -0.3597 0.3402 -0.8688
vn -0.1262 0.6877 -0.7150
vn 0.1318 0.8981 -0.4197
vn 0.3633 0.9307 -0.0421
vn 0.5229 0.7803 0.3431
vn 0.5798 0.4768 0.6607
vn 0.5733 0.0571 0.8173
vn 0.3983 -0.3491 0.8483
vn 0.1444 -0.6871 0.7121
vn -0.1385 -0.8898 0.4348
vn -0.3945 -0.9162 0.0706
vn -0.5722 -0.7599 -0.3083
vn -0.6358 -0.4517 -0.6259
vn -0.5722 -0.0531 -0.8184
vn -0.3945 0.3557 -0.8473
vn -0.1385 0.6930 -0.7075
vn 0.1444 0.8923 -0.4277
vn 0.3983 0.9150 -0.0640
vn 0.5733 0.7577 0.3118
vn 0.6357 0.4517 0.6260
vn 0.6197 0.0331 0.7841
vn 0.4304 -0.3658 0.8252
vn 0.1560 -0.6932 0.7037
vn -0.1498 -0.8841 0.4427
vn -0.4264 -0.8997 0.0933
vn -0.6185 -0.7360 -0.2752
vn -0.6872 -0.4251 -0.5891
vn -0.6185 -0.0293 -0.7852
vn -0.4264 0.3721 -0.8245
vn -0.1498 0.6987 -0.6995
vn 0.1560 0.8863 -0.4361
vn 0.4304 0.8984 -0.0871
vn 0.6197 0.7338 0.2785
vn 0.6871 0.4252 0.5892
vn 0.6620 0.0080 0.7495
vn 0.4598 -0.3833 0.8011
vn 0.1666 -0.6996 0.6949
vn -0.1601 -0.8780 0.4510
vn -0.4556 -0.8824 0.1171
vn -0.6608 -0.7110 -0.2406
vn -0.7341 -0.3974 -0.5506
vn -0.6608 -0.0043 -0.7506
vn -0.4556 0.3892 -0.8006
vn -0.1601 0.7047 -0.6912
vn 0.1666 0.8799 -0.4449
vn 0.4598 0.8810 -0.1113
vn 0.6620 0.7088 0.2438
vn 0.7340 0.3974 0.5507
vn 0.7003 -0.0179 0.7136
vn 0.4863 -0.4013 0.7762
vn 0.1761 -0.7061 0.6858
vn -0.1695 -0.8718 0.4596
vn -0.4820 -0.8646 0.1417
vn -0.6990 -0.6851 -0.2049
vn -0.7766 -0.3687 -0.5108
vn -0.6990 0.0215 -0.7148
vn -0.4820 0.4070 -0.7759
vn -0.1695 0.7109 -0.6826
vn 0.1761 0.8734 -0.4541
vn 0.4863 0.8631 -0.1363
vn 0.7003 0.6829 0.2079
vn 0.7766 0.3687 0.5109
vn 0.7348 -0.0445 0.6768
vn 0.5102 -0.4198 0.7506
vn 0.1847 -0.7129 0.6765
vn -0.1779 -0.8654 0.4684
vn -0.5058 -0.8463 0.1670
vn -0.7335 -0.6586 -0.1682
vn -0.8148 -0.3392 -0.4701
vn -0.7335 0.0479 -0.6780
vn -0.5058 0.4252 -0.7506
vn -0.1779 0.7173 -0.6737
vn 0.1847 0.8667 -0.4634
vn 0.5102 0.8447 -0.1619
vn 0.7348 0.6564 0.1710
vn 0.8148 0.3392 0.4701
vn 0.7656 -0.0716 0.6394
vn 0.5315 -0.4387 0.7246
vn 0.1924 -0.7197 0.6671
vn -0.1854 -0.8589 0.4775
vn -0.5271 -0.8277 0.1927
vn -0.7642 -0.6316 -0.1308
vn -0.8490 -0.3092 -0.4285
vn -0.7642 0.0749 -0.6406
vn -0.5271 0.4437 -0.7248
vn -0.1854 0.7238 -0.6647
vn 0.1924 0.8599 -0.4729
vn 0.5315 0.8259 -0.1880
vn 0.7656 0.6294 0.1335
vn 0.8489 0.3093 0.4286
vn 0.7928 -0.0990 0.6014
vn 0.5504 -0.4577 0.6982
vn 0.1991 -0.7267 0.6575
vn -0.1921 -0.8522 0.4866
vn -0.5459 -0.8088 0.2188
vn -0.7914 -0.6042 -0.0930
vn -0.8792 -0.2788 -0.3864
vn -0.7914 0.1022 -0.6027
vn -0.5459 0.4625 -0.6986
vn -0.1921 0.7304 -0.6555
vn 0.1991 0.8530 -0.4824
vn 0.5504 0.8069 -0.2144
vn 0.7928 0.6020 0.0955
vn 0.8791 0.2789 0.3864
vn 0.8166 -0.1267 0.5631
vn 0.5669 -0.4770 0.6717
vn 0.2050 -0.7336 0.6479
vn -0.1980 -0.8455 0.4958
vn -0.5623 -0.7897 0.2451
vn -0.8152 -0.5766 -0.0547
vn -0.9056 -0.2482 -0.3439
vn -0.8152 0.1297 -0.5644
vn -0.5624 0.4815 -0.6723
vn -0.1980 0.7370 -0.6462
vn 0.2050 0.8460 -0.4921
vn 0.5669 0.7877 -0.2410
vn 0.8166 0.5744 0.0572
vn 0.9056 0.2482 0.3440
vn 0.8372 -0.1546 0.5246
vn 0.5812 -0.4963 0.6449
vn 0.2101 -0.7407 0.6382
vn -0.2030 -0.8388 0.5052
vn -0.5766 -0.7706 0.2716
vn -0.8358 -0.5488 -0.0163
vn -0.9285 -0.2173 -0.3012
vn -0.8358 0.1575 -0.5260
vn -0.5766 0.5006 -0.6457
vn -0.2030 0.7437 -0.6369
vn 0.2101 0.8391 -0.5018
vn 0.5812 0.7685 -0.2678
vn 0.8372 0.5466 0.0186
vn 0.9285 0.2174 0.3012
vn 0.8547 -0.1825 0.4859
vn 0.5933 -0.5158 0.6181
vn 0.2145 -0.7477 0.6285
vn -0.2074 -0.8320 0.5145
vn -0.5887 -0.7513 0.2982
vn -0.8533 -0.5209 0.0223
vn -0.9479 -0.1864 -0.2583
vn -0.8533 0.1853 -0.4873
vn -0.5887 0.5198 -0.6191
vn -0.2074 0.7505 -0.6275
vn 0.2145 0.8320 -0.5116
vn 0.5933 0.7491 -0.2947
vn 0.8547 0.5187 -0.0201
vn 0.9479 0.1864 0.2583
vn 0.8693 -0.2105 0.4471
vn 0.6034 -0.5352 0.5911
vn 0.2181 -0.7547 0.6187
vn -0.2110 -0.8252 0.5239
vn -0.5988 -0.7320 0.3249
vn -0.8679 -0.4929 0.0610
vn -0.9641 -0.1553 -0.2153
vn -0.8679 0.2132 -0.4486
vn -0.5988 0.5390 -0.5923
vn -0.2110 0.7573 -0.6181
vn 0.2181 0.8250 -0.5213
vn 0.6034 0.7297 -0.3217
vn 0.8693 0.4907 -0.0589
vn 0.9641 0.1554 0.2153
vn 0.8811 -0.2385 0.4083
vn 0.6115 -0.5547 0.5642
vn 0.2210 -0.7618 0.6090
vn -0.2139 -0.8184 0.5333
vn -0.6070 -0.7127 0.3516
vn -0.8797 -0.4649 0.0997
vn -0.9772 -0.1243 -0.1722
vn -0.8797 0.2412 -0.4098
vn -0.6070 0.5583 -0.5656
vn -0.2139 0.7640 -0.6087
vn 0.2210 0.8180 -0.5311
vn 0.6115 0.7103 -0.3486
vn 0.8811 0.4627 -0.0977
vn 0.9772 0.1243 0.1722
vn 0.8902 -0.2666 0.3695
vn 0.6178 -0.5741 0.5373
vn 0.2232 -0.7688 0.5992
vn -0.2161 -0.8116 0.5427
vn -0.6132 -0.6934 0.3784
vn -0.8888 -0.4370 0.1385
vn -0.9872 -0.0932 -0.1292
vn -0.8888 0.2691 -0.3711
vn -0.6132 0.5776 -0.5388
vn -0.2161 0.7708 -0.5993
vn 0.2232 0.8110 -0.5408
vn 0.6178 0.6908 -0.3756
vn 0.8902 0.4347 -0.1366
vn 0.9872 0.0932 0.1292
vn 0.8966 -0.2946 0.3307
vn 0.6223 -0.5936 0.5103
vn 0.2248 -0.7758 0.5895
vn -0.2177 -0.8048 0.5521
vn -0.6177 -0.6741 0.4051
vn -0.8952 -0.4090 0.1773
vn -0.9943 -0.0621 -0.0861
vn -0.8952 0.2971 -0.3323
vn -0.6177 0.5969 -0.5121
vn -0.2177 0.7776 -0.5898
vn 0.2248 0.8040 -0.5506
vn 0.6223 0.6714 -0.4026
vn 0.8966 0.4067 -0.1754
vn 0.9943 0.0621 0.0861
vn 0.9004 -0.3226 0.2920
vn 0.6249 -0.6130 0.4835
vn 0.2258 -0.7829 0.5798
vn -0.2186 -0.7980 0.5616
vn -0.6203 -0.6548 0.4319
vn -0.8990 -0.3809 0.2161
vn -0.9986 -0.0310 -0.0429
vn -0.8990 0.3252 -0.2934
vn -0.6203 0.6162 -0.4853
vn -0.2186 0.7844 -0.5804
vn 0.2258 0.7969 -0.5603
vn 0.6249 0.6520 -0.4294
vn 0.9004 0.3788 -0.2141
vn 0.9986 0.0312 0.0432
vn 0.9012 -0.3442 0.2633
vn 0.6246 -0.6283 0.4637
vn 0.2243 -0.7885 0.5727
vn -0.2207 -0.7926 0.5684
vn -0.6223 -0.6395 0.4514
vn -0.9005 -0.3593 0.2448
vn -0.9999 -0.0077 -0.0106
vn -0.9005 0.3455 -0.2639
vn -0.6223 0.6299 -0.4647
vn -0.2207 0.7892 -0.5731
vn 0.2243 0.7920 -0.5679
vn 0.6246 0.6381 -0.4502
vn 0.9012 0.3583 -0.2437
vn 0.9999 0.0079 0.0109
vt 0.846154 0.000000
vt 0.692308 0.000000
vt 0.769231 0.000000
vt 0.615385 0.000000
vt 0.538462 0.000000
vt 0.923077 0.000000
vt 1.000000 0.000000
vt 0.461538 0.000000
vt 0.000000 0.000000
vt 0.384615 0.000000
vt 0.076923 0.000000
vt 0.307692 0.000000
vt 0.153846 0.000000
vt 0.230769 0.000000
vt 0.019608 1.000000
vt 0.000000 0.928571
vt 0.000000 1.000000
vt 0.019608 0.071429
vt 0.000000 0.071429
vt 0.019608 0.142857
vt 0.000000 0.142857
vt 0.019608 0.214286
vt 0.000000 0.214286
vt 0.019608 0.285714
vt 0.000000 0.285714
vt 0.019608 0.357143
vt 0.000000 0.357143
vt 0.019608 0.428571
vt 0.000000 0.428571
vt 0.000000 0.500000
vt 0.000000 0.571429
vt 0.019608 0.500000
vt 0.000000 0.642857
vt 0.019608 0.571429
vt 0.000000 0.714286
vt 0.019608 0.642857
vt 0.000000 0.785714
vt 0.019608 0.714286
vt 0.000000 0.857143
vt 0.019608 0.785714
vt 0.019608 0.857143
vt 0.039216 1.000000
vt 0.019608 0.928571
vt 0.039216 0.071429
vt 0.019608 0.000000
vt 0.039216 0.142857
vt 0.039216 0.214286
vt 0.039216 0.285714
vt 0.039216 0.357143
vt 0.039216 0.428571
vt 0.039216 0.500000
vt 0.039216 0.571429
vt 0.039216 0.642857
vt 0.039216 0.714286
vt 0.039216 0.785714
vt 0.039216 0.857143
vt 0.058824 1.000000
vt 0.039216 0.928571
vt 0.058824 0.071429
vt 0.039216 0.000000
vt 0.058824 0.142857
vt 0.058824 0.214286
vt 0.058824 0.285714
vt 0.058824 0.357143
vt 0.058824 0.428571
vt 0.058824 0.500000
vt 0.058824 0.571429
vt 0.058824 0.642857
vt 0.058824 0.714286
vt 0.058824 0.785714
vt 0.058824 0.857143
vt 0.078431 1.000000
vt 0.058824 0.928571
vt 0.078431 0.071429
vt 0.058824 0.000000
vt 0.078431 0.142857
vt 0.078431 0.214286
vt 0.078431 0.285714
vt 0.078431 0.357143
vt 0.078431 0.428571
vt 0.078431 0.500000
vt 0.078431 0.571429
vt 0.078431 0.642857
vt 0.078431 0.714286
vt 0.078431 0.785714
vt 0.078431 0.857143
vt 0.098039 1.000000
vt 0.078431 0.928571
vt 0.098039 0.071429
vt 0.078431 0.000000
vt 0.098039 0.142857
vt 0.098039 0.214286
vt 0.098039 0.285714
vt 0.098039 0.357143
vt 0.098039 0.428571
vt 0.098039 0.500000
vt 0.098039 0.571429
vt 0.098039 0.642857
vt 0.098039 0.714286
vt 0.098039 0.785714
vt 0.098039 0.857143
vt 0.117647 1.000000
vt 0.098039 0.928571
vt 0.117647 0.071429
vt 0.098039 0.000000
vt 0.117647 0.142857
vt 0.117647 0.214286
vt 0.117647 0.285714
vt 0.117647 0.357143
vt 0.117647 0.428571
vt 0.117647 0.500000
vt 0.117647 0.571429
vt 0.117647 0.642857
vt 0.117647 0.714286
vt 0.117647 0.785714
vt 0.117647 0.857143
vt 0.137255 1.000000
vt 0.117647 0.928571
vt 0.137255 0.071429
vt 0.117647 0.000000
vt 0.137255 0.142857
vt 0.137255 0.214286
vt 0.137255 0.285714
vt 0.137255 0.357143
vt 0.137255 0.428571
vt 0.137255 0.500000
vt 0.137255 0.571429
vt 0.137255 0.642857
vt 0.137255 0.714286
vt 0.137255 0.785714
vt 0.137255 0.857143
vt 0.156863 1.000000
vt 0.137255 0.928571
vt 0.156863 0.071429
vt 0.137255 0.000000
vt 0.156863 0.142857
vt 0.156863 0.214286
vt 0.156863 0.285714
vt 0.156863 0.357143
vt 0.156863 0.428571
vt 0.156863 0.500000
vt 0.156863 0.571429
vt 0.156863 0.642857
vt 0.156863 0.714286
vt 0.156863 0.785714
vt 0.156863 0.857143
vt 0.176471 1.000000
vt 0.156863 0.928571
vt 0.176471 0.071429
vt 0.156863 0.000000
vt 0.176471 0.142857
vt 0.176471 0.214286
vt 0.176471 0.285714
vt 0.176471 0.357143
vt 0.176471 0.428571
vt 0.176471 0.500000
vt 0.176471 0.571429
vt 0.176471 0.642857
vt 0.176471 0.714286
vt 0.176471 0.785714
vt 0.176471 0.857143
vt 0.196078 1.000000
vt 0.176471 0.928571
vt 0.196078 0.071429
vt 0.176471 0.000000
vt 0.196078 0.142857
vt 0.196078 0.214286
vt 0.196078 0.285714
vt 0.196078 0.357143
vt 0.196078 0.428571
vt 0.196078 0.500000
vt 0.196078 0.571429
vt 0.196078 0.642857
vt 0.196078 0.714286
vt 0.196078 0.785714
vt 0.196078 0.857143
vt 0.215686 1.000000
vt 0.196078 0.928571
vt 0.215686 0.071429
vt 0.196078 0.000000
vt 0.215686 0.142857
vt 0.215686 0.214286
vt 0.215686 0.285714
vt 0.215686 0.357143
vt 0.215686 0.428571
vt 0.215686 0.500000
vt 0.215686 0.571429
vt 0.215686 0.642857
vt 0.215686 0.714286
vt 0.215686 0.785714
vt 0.215686 0.857143
vt 0.235294 1.000000
vt 0.215686 0.928571
vt 0.235294 0.071429
vt 0.215686 0.000000
vt 0.235294 0.142857
vt 0.235294 0.214286
vt 0.235294 0.285714
vt 0.235294 0.357143
vt 0.235294 0.428571
vt 0.235294 0.500000
vt 0.235294 0.571429
vt 0.235294 0.642857
vt 0.235294 0.714286
vt 0.235294 0.785714
vt 0.235294 0.857143
vt 0.254902 1.000000
vt 0.235294 0.928571
vt 0.254902 0.071429
vt 0.235294 0.000000
vt 0.254902 0.142857
vt 0.254902 0.214286
vt 0.254902 0.285714
vt 0.254902 0.357143
vt 0.254902 0.428571
vt 0.254902 0.500000
vt 0.254902 0.571429
vt 0.254902 0.642857
vt 0.254902 0.714286
vt 0.254902 0.785714
vt 0.254902 0.857143
vt 0.274510 1.000000
vt 0.254902 0.928571
vt 0.274510 0.071429
vt 0.254902 0.000000
vt 0.274510 0.142857
vt 0.274510 0.214286
vt 0.274510 0.285714
vt 0.274510 0.357143
vt 0.274510 0.428571
vt 0.274510 0.500000
vt 0.274510 0.571429
vt 0.274510 0.642857
vt 0.274510 0.714286
vt 0.274510 0.785714
vt 0.274510 0.857143
vt 0.294118 1.000000
vt 0.274510 0.928571
vt 0.294118 0.071429
vt 0.274510 0.000000
vt 0.294118 0.142857
vt 0.294118 0.214286
vt 0.294118 0.285714
vt 0.294118 0.357143
vt 0.294118 0.428571
vt 0.294118 0.500000
vt 0.294118 0.571429
vt 0.294118 0.642857
vt 0.294118 0.714286
vt 0.294118 0.785714
vt 0.294118 0.857143
vt 0.313726 1.000000
vt 0.294118 0.928571
vt 0.313726 0.071429
vt 0.294118 0.000000
vt 0.313726 0.142857
vt 0.313726 0.214286
vt 0.313726 0.285714
vt 0.313726 0.357143
vt 0.313726 0.428571
vt 0.313726 0.500000
vt 0.313726 0.571429
vt 0.313726 0.642857
vt 0.313726 0.714286
vt 0.313726 0.785714
vt 0.313726 0.857143
vt 0.333333 1.000000
vt 0.313726 0.928571
vt 0.333333 0.071429
vt 0.313726 0.000000
vt 0.333333 0.142857
vt 0.333333 0.214286
vt 0.333333 0.285714
vt 0.333333 0.357143
vt 0.333333 0.428571
vt 0.333333 0.500000
vt 0.333333 0.571429
vt 0.333333 0.642857
vt 0.333333 0.714286
vt 0.333333 0.785714
vt 0.333333 0.857143
vt 0.352941 1.000000
vt 0.333333 0.928571
vt 0.352941 0.071429
vt 0.333333 0.000000
vt 0.352941 0.142857
vt 0.352941 0.214286
vt 0.352941 0.285714
vt 0.352941 0.357143
vt 0.352941 0.428571
vt 0.352941 0.500000
vt 0.352941 0.571429
vt 0.352941 0.642857
vt 0.352941 0.714286
vt 0.352941 0.785714
vt 0.352941 0.857143
vt 0.372549 1.000000
vt 0.352941 0.928571
vt 0.372549 0.071429
vt 0.352941 0.000000
vt 0.372549 0.142857
vt 0.372549 0.214286
vt 0.372549 0.285714
vt 0.372549 0.357143
vt 0.372549 0.428571
vt 0.372549 0.500000
vt 0.372549 0.571429
vt 0.372549 0.642857
vt 0.372549 0.714286
vt 0.372549 0.785714
vt 0.372549 0.857143
vt 0.392157 1.000000
vt 0.372549 0.928571
vt 0.392157 0.071429
vt 0.372549 0.000000
vt 0.392157 0.142857
vt 0.392157 0.214286
vt 0.392157 0.285714
vt 0.392157 0.357143
vt 0.392157 0.428571
vt 0.392157 0.500000
vt 0.392157 0.571429
vt 0.392157 0.642857
vt 0.392157 0.714286
vt 0.392157 0.785714
vt 0.392157 0.857143
vt 0.411765 1.000000
vt 0.392157 0.928571
vt 0.411765 0.071429
vt 0.392157 0.000000
vt 0.411765 0.142857
vt 0.411765 0.214286
vt 0.411765 0.285714
vt 0.411765 0.357143
vt 0.411765 0.428571
vt 0.411765 0.500000
vt 0.411765 0.571429
vt 0.411765 0.642857
vt 0.411765 0.714286
vt 0.411765 0.785714
vt 0.411765 0.857143
vt 0.431373 1.000000
vt 0.411765 0.928571
vt 0.431373 0.071429
vt 0.411765 0.000000
vt 0.431373 0.142857
vt 0.431373 0.214286
vt 0.431373 0.285714
vt 0.431373 0.357143
vt 0.431373 0.428571
vt 0.431373 0.500000
vt 0.431373 0.571429
vt 0.431373 0.642857
vt 0.431373 0.714286
vt 0.431373 0.785714
vt 0.431373 0.857143
vt 0.450980 1.000000
vt 0.431373 0.928571
vt 0.450980 0.071429
vt 0.431373 0.000000
vt 0.450980 0.142857
vt 0.450980 0.214286
vt 0.450980 0.285714
vt 0.450980 0.357143
vt 0.450980 0.428571
vt 0.450980 0.500000
vt 0.450980 0.571429
vt 0.450980 0.642857
vt 0.450980 0.714286
vt 0.450980 0.785714
vt 0.450980 0.857143
vt 0.470588 1.000000
vt 0.450980 0.928571
vt 0.470588 0.071429
vt 0.450980 0.000000
vt 0.470588 0.142857
vt 0.470588 0.214286
vt 0.470588 0.285714
vt 0.470588 0.357143
vt 0.470588 0.428571
vt 0.470588 0.500000
vt 0.470588 0.571429
vt 0.470588 0.642857
vt 0.470588 0.714286
vt 0.470588 0.785714
vt 0.470588 0.857143
vt 0.490196 0.928571
vt 0.470588 0.928571
vt 0.490196 0.000000
vt 0.470588 0.000000
vt 0.490196 0.071429
vt 0.490196 0.142857
vt 0.490196 0.214286
vt 0.490196 0.285714
vt 0.490196 0.357143
vt 0.490196 0.500000
vt 0.490196 0.571429
vt 0.490196 0.642857
vt 0.490196 0.714286
vt 0.490196 0.785714
vt 0.490196 0.857143
vt 0.509804 1.000000
vt 0.490196 1.000000
vt 0.509804 0.071429
vt 0.509804 0.142857
vt 0.509804 0.214286
vt 0.509804 0.285714
vt 0.509804 0.357143
vt 0.509804 0.428571
vt 0.490196 0.428571
vt 0.509804 0.500000
vt 0.509804 0.571429
vt 0.509804 0.642857
vt 0.509804 0.714286
vt 0.509804 0.785714
vt 0.509804 0.928571
vt 0.529412 1.000000
vt 0.529412 0.071429
vt 0.509804 0.000000
vt 0.529412 0.142857
vt 0.529412 0.214286
vt 0.529412 0.285714
vt 0.529412 0.357143
vt 0.529412 0.428571
vt 0.529412 0.500000
vt 0.529412 0.571429
vt 0.529412 0.642857
vt 0.529412 0.714286
vt 0.509804 0.857143
vt 0.529412 0.785714
vt 0.529412 0.857143
vt 0.549020 0.928571
vt 0.529412 0.928571
vt 0.549020 0.000000
vt 0.529412 0.000000
vt 0.549020 0.071429
vt 0.549020 0.142857
vt 0.549020 0.214286
vt 0.549020 0.285714
vt 0.549020 0.357143
vt 0.549020 0.500000
vt 0.549020 0.571429
vt 0.549020 0.642857
vt 0.549020 0.714286
vt 0.549020 0.785714
vt 0.549020 0.857143
vt 0.549020 1.000000
vt 0.568627 0.928571
vt 0.568627 0.000000
vt 0.568627 0.071429
vt 0.568627 0.142857
vt 0.568627 0.214286
vt 0.568627 0.285714
vt 0.549020 0.428571
vt 0.568627 0.357143
vt 0.568627 0.500000
vt 0.568627 0.571429
vt 0.568627 0.642857
vt 0.568627 0.714286
vt 0.568627 0.785714
vt 0.568627 0.857143
vt 0.568627 1.000000
vt 0.588235 0.928571
vt 0.588235 0.000000
vt 0.588235 0.071429
vt 0.588235 0.142857
vt 0.588235 0.214286
vt 0.588235 0.285714
vt 0.568627 0.428571
vt 0.588235 0.357143
vt 0.588235 0.500000
vt 0.588235 0.571429
vt 0.588235 0.642857
vt 0.588235 0.714286
vt 0.588235 0.785714
vt 0.588235 0.857143
vt 0.588235 1.000000
vt 0.607843 0.928571
vt 0.607843 0.000000
vt 0.607843 0.071429
vt 0.607843 0.142857
vt 0.607843 0.214286
vt 0.607843 0.285714
vt 0.588235 0.428571
vt 0.607843 0.357143
vt 0.607843 0.500000
vt 0.607843 0.571429
vt 0.607843 0.642857
vt 0.607843 0.714286
vt 0.607843 0.785714
vt 0.607843 0.857143
vt 0.607843 1.000000
vt 0.627451 0.928571
vt 0.627451 0.000000
vt 0.627451 0.071429
vt 0.627451 0.142857
vt 0.627451 0.214286
vt 0.627451 0.285714
vt 0.607843 0.428571
vt 0.627451 0.357143
vt 0.627451 0.500000
vt 0.627451 0.571429
vt 0.627451 0.642857
vt 0.627451 0.714286
vt 0.627451 0.785714
vt 0.627451 0.857143
vt 0.627451 1.000000
vt 0.647059 0.928571
vt 0.647059 0.000000
vt 0.647059 0.071429
vt 0.647059 0.142857
vt 0.647059 0.214286
vt 0.647059 0.285714
vt 0.627451 0.428571
vt 0.647059 0.357143
vt 0.647059 0.500000
vt 0.647059 0.571429
vt 0.647059 0.642857
vt 0.647059 0.714286
vt 0.647059 0.785714
vt 0.647059 0.857143
vt 0.647059 1.000000
vt 0.666667 0.928571
vt 0.666667 0.000000
vt 0.666667 0.071429
vt 0.666667 0.142857
vt 0.666667 0.214286
vt 0.666667 0.285714
vt 0.647059 0.428571
vt 0.666667 0.357143
vt 0.666667 0.500000
vt 0.666667 0.571429
vt 0.666667 0.642857
vt 0.666667 0.714286
vt 0.666667 0.785714
vt 0.666667 0.857143
vt 0.666667 1.000000
vt 0.686275 0.928571
vt 0.686275 0.000000
vt 0.686275 0.071429
vt 0.686275 0.142857
vt 0.686275 0.214286
vt 0.686275 0.285714
vt 0.666667 0.428571
vt 0.686275 0.357143
vt 0.686275 0.500000
vt 0.686275 0.571429
vt 0.686275 0.642857
vt 0.686275 0.714286
vt 0.686275 0.785714
vt 0.686275 0.857143
vt 0.686275 1.000000
vt 0.705882 0.928571
vt 0.705882 0.000000
vt 0.705882 0.071429
vt 0.705882 0.142857
vt 0.705882 0.214286
vt 0.705882 0.285714
vt 0.686275 0.428571
vt 0.705882 0.357143
vt 0.705882 0.500000
vt 0.705882 0.571429
vt 0.705882 0.642857
vt 0.705882 0.714286
vt 0.705882 0.785714
vt 0.705882 0.857143
vt 0.705882 1.000000
vt 0.725490 0.928571
vt 0.725490 0.000000
vt 0.725490 0.071429
vt 0.725490 0.142857
vt 0.725490 0.214286
vt 0.725490 0.285714
vt 0.705882 0.428571
vt 0.725490 0.357143
vt 0.725490 0.500000
vt 0.725490 0.571429
vt 0.725490 0.642857
vt 0.725490 0.714286
vt 0.725490 0.785714
vt 0.725490 0.857143
vt 0.725490 1.000000
vt 0.745098 0.928571
vt 0.745098 0.000000
vt 0.745098 0.071429
vt 0.745098 0.142857
vt 0.745098 0.214286
vt 0.745098 0.285714
vt 0.725490 0.428571
vt 0.745098 0.357143
vt 0.745098 0.500000
vt 0.745098 0.571429
vt 0.745098 0.642857
vt 0.745098 0.714286
vt 0.745098 0.785714
vt 0.745098 0.857143
vt 0.745098 1.000000
vt 0.764706 0.928571
vt 0.764706 0.000000
vt 0.764706 0.071429
vt 0.764706 0.142857
vt 0.764706 0.214286
vt 0.764706 0.285714
vt 0.745098 0.428571
vt 0.764706 0.357143
vt 0.764706 0.500000
vt 0.764706 0.571429
vt 0.764706 0.642857
vt 0.764706 0.714286
vt 0.764706 0.785714
vt 0.764706 0.857143
vt 0.764706 1.000000
vt 0.784314 0.928571
vt 0.784314 0.000000
vt 0.784314 0.071429
vt 0.784314 0.142857
vt 0.784314 0.214286
vt 0.784314 0.285714
vt 0.764706 0.428571
vt 0.784314 0.357143
vt 0.784314 0.500000
vt 0.784314 0.571429
vt 0.784314 0.642857
vt 0.784314 0.714286
vt 0.784314 0.785714
vt 0.784314 0.857143
vt 0.784314 1.000000
vt 0.803922 0.928571
vt 0.803922 0.000000
vt 0.803922 0.071429
vt 0.803922 0.142857
vt 0.803922 0.214286
vt 0.803922 0.285714
vt 0.784314 0.428571
vt 0.803922 0.357143
vt 0.803922 0.500000
vt 0.803922 0.571429
vt 0.803922 0.642857
vt 0.803922 0.714286
vt 0.803922 0.785714
vt 0.803922 0.857143
vt 0.803922 1.000000
vt 0.823529 0.928571
vt 0.823529 0.000000
vt 0.823529 0.071429
vt 0.823529 0.142857
vt 0.823529 0.214286
vt 0.823529 0.285714
vt 0.803922 0.428571
vt 0.823529 0.357143
vt 0.823529 0.500000
vt 0.823529 0.571429
vt 0.823529 0.642857
vt 0.823529 0.714286
vt 0.823529 0.785714
vt 0.823529 0.857143
vt 0.823529 1.000000
vt 0.843137 0.928571
vt 0.843137 0.000000
vt 0.843137 0.071429
vt 0.843137 0.142857
vt 0.843137 0.214286
vt 0.843137 0.285714
vt 0.823529 0.428571
vt 0.843137 0.357143
vt 0.843137 0.500000
vt 0.843137 0.571429
vt 0.843137 0.642857
vt 0.843137 0.714286
vt 0.843137 0.785714
vt 0.843137 0.857143
vt 0.843137 1.000000
vt 0.862745 0.928571
vt 0.862745 0.000000
vt 0.862745 0.071429
vt 0.862745 0.142857
vt 0.862745 0.214286
vt 0.862745 0.285714
vt 0.843137 0.428571
vt 0.862745 0.357143
vt 0.862745 0.500000
vt 0.862745 0.571429
vt 0.862745 0.642857
vt 0.862745 0.714286
vt 0.862745 0.785714
vt 0.862745 0.857143
vt 0.862745 1.000000
vt 0.882353 0.928571
vt 0.882353 0.000000
vt 0.882353 0.071429
vt 0.882353 0.142857
vt 0.882353 0.214286
vt 0.882353 0.285714
vt 0.862745 0.428571
vt 0.882353 0.357143
vt 0.882353 0.500000
vt 0.882353 0.571429
vt 0.882353 0.642857
vt 0.882353 0.714286
vt 0.882353 0.785714
vt 0.882353 0.857143
vt 0.882353 1.000000
vt 0.901961 0.928571
vt 0.901961 0.000000
vt 0.901961 0.071429
vt 0.901961 0.142857
vt 0.901961 0.214286
vt 0.901961 0.285714
vt 0.882353 0.428571
vt 0.901961 0.357143
vt 0.901961 0.500000
vt 0.901961 0.571429
vt 0.901961 0.642857
vt 0.901961 0.714286
vt 0.901961 0.785714
vt 0.901961 0.857143
vt 0.901961 1.000000
vt 0.921569 0.928571
vt 0.921569 0.000000
vt 0.921569 0.071429
vt 0.921569 0.142857
vt 0.921569 0.214286
vt 0.921569 0.285714
vt 0.901961 0.428571
vt 0.921569 0.357143
vt 0.921569 0.500000
vt 0.921569 0.571429
vt 0.921569 0.642857
vt 0.921569 0.714286
vt 0.921569 0.785714
vt 0.921569 0.857143
vt 0.921569 1.000000
vt 0.941176 0.928571
vt 0.941176 0.000000
vt 0.941176 0.071429
vt 0.941176 0.142857
vt 0.941176 0.214286
vt 0.941176 0.285714
vt 0.921569 0.428571
vt 0.941176 0.357143
vt 0.941176 0.500000
vt 0.941176 0.571429
vt 0.941176 0.642857
vt 0.941176 0.714286
vt 0.941176 0.785714
vt 0.941176 0.857143
vt 0.941176 1.000000
vt 0.960784 0.928571
vt 0.960784 0.000000
vt 0.960784 0.071429
vt 0.960784 0.142857
vt 0.960784 0.214286
vt 0.960784 0.285714
vt 0.941176 0.428571
vt 0.960784 0.357143
vt 0.960784 0.500000
vt 0.960784 0.571429
vt 0.960784 0.642857
vt 0.960784 0.714286
vt 0.960784 0.785714
vt 0.960784 0.857143
vt 0.960784 1.000000
vt 0.980392 0.928571
vt 0.980392 0.000000
vt 0.980392 0.071429
vt 0.980392 0.142857
vt 0.980392 0.214286
vt 0.980392 0.285714
vt 0.960784 0.428571
vt 0.980392 0.357143
vt 0.980392 0.500000
vt 0.980392 0.571429
vt 0.980392 0.642857
vt 0.980392 0.714286
vt 0.980392 0.785714
vt 0.980392 0.857143
vt 0.980392 1.000000
vt 1.000000 0.928571
vt 1.000000 0.071429
vt 1.000000 0.142857
vt 1.000000 0.214286
vt 1.000000 0.285714
vt 0.980392 0.428571
vt 1.000000 0.357143
vt 1.000000 0.500000
vt 1.000000 0.571429
vt 1.000000 0.642857
vt 1.000000 0.714286
vt 1.000000 0.785714
vt 1.000000 0.857143
vt 1.000000 1.000000
vt 1.000000 0.428571
s 1
usemtl charcoal_powder_coat
f 12/1/1 10/2/1 11/3/1
f 12/1/1 9/4/1 10/2/1
f 12/1/1 8/5/1 9/4/1
f 13/6/1 8/5/1 12/1/1
f 14/7/1 8/5/1 13/6/1
f 14/7/1 7/8/1 8/5/1
f 1/9/1 7/8/1 14/7/1
f 1/9/1 6/10/1 7/8/1
f 2/11/1 6/10/1 1/9/1
f 2/11/1 5/12/1 6/10/1
f 3/13/1 5/12/1 2/11/1
f 3/13/1 4/14/1 5/12/1
f 23/4/1 25/3/1 24/2/1
f 23/4/1 26/1/1 25/3/1
f 22/5/1 26/1/1 23/4/1
f 22/5/1 27/6/1 26/1/1
f 21/8/1 27/6/1 22/5/1
f 21/8/1 28/7/1 27/6/1
f 20/10/1 28/7/1 21/8/1
f 20/10/1 15/9/1 28/7/1
f 19/12/1 15/9/1 20/10/1
f 19/12/1 16/11/1 15/9/1
f 18/14/1 16/11/1 19/12/1
f 18/14/1 17/13/1 16/11/1
f 43/15/16 42/16/15 29/17/2
f 44/18/17 29/9/2 30/19/3
f 45/20/18 30/19/3 31/21/4
f 46/22/19 31/21/4 32/23/5
f 47/24/20 32/23/5 33/25/6
f 48/26/21 33/25/6 34/27/7
f 49/28/22 34/27/7 35/29/8
f 36/30/9 49/28/22 35/29/8
f 37/31/10 50/32/23 36/30/9
f 38/33/11 51/34/24 37/31/10
f 39/35/12 52/36/25 38/33/11
f 40/37/13 53/38/26 39/35/12
f 41/39/14 54/40/27 40/37/13
f 42/16/15 55/41/28 41/39/14
f 57/42/30 56/43/29 43/15/16
f 58/44/31 43/45/16 44/18/17
f 59/46/32 44/18/17 45/20/18
f 60/47/33 45/20/18 46/22/19
f 61/48/34 46/22/19 47/24/20
f 62/49/35 47/24/20 48/26/21
f 63/50/36 48/26/21 49/28/22
f 50/32/23 63/50/36 49/28/22
f 51/34/24 64/51/37 50/32/23
f 52/36/25 65/52/38 51/34/24
f 53/38/26 66/53/39 52/36/25
f 54/40/27 67/54/40 53/38/26
f 55/41/28 68/55/41 54/40/27
f 56/43/29 69/56/42 55/41/28
f 71/57/44 70/58/43 57/42/30
f 72/59/45 57/60/30 58/44/31
f 73/61/46 58/44/31 59/46/32
f 74/62/47 59/46/32 60/47/33
f 75/63/48 60/47/33 61/48/34
f 76/64/49 61/48/34 62/49/35
f 77/65/50 62/49/35 63/50/36
f 64/51/37 77/65/50 63/50/36
f 65/52/38 78/66/51 64/51/37
f 66/53/39 79/67/52 65/52/38
f 67/54/40 80/68/53 66/53/39
f 68/55/41 81/69/54 67/54/40
f 69/56/42 82/70/55 68/55/41
f 70/58/43 83/71/56 69/56/42
f 85/72/58 84/73/57 71/57/44
f 86/74/59 71/75/44 72/59/45
f 87/76/60 72/59/45 73/61/46
f 88/77/61 73/61/46 74/62/47
f 89/78/62 74/62/47 75/63/48
f 90/79/63 75/63/48 76/64/49
f 91/80/64 76/64/49 77/65/50
f 78/66/51 91/80/64 77/65/50
f 79/67/52 92/81/65 78/66/51
f 80/68/53 93/82/66 79/67/52
f 81/69/54 94/83/67 80/68/53
f 82/70/55 95/84/68 81/69/54
f 83/71/56 96/85/69 82/70/55
f 84/73/57 97/86/70 83/71/56
f 99/87/72 98/88/71 85/72/58
f 100/89/73 85/90/58 86/74/59
f 101/91/74 86/74/59 87/76/60
f 102/92/75 87/76/60 88/77/61
f 103/93/76 88/77/61 89/78/62
f 104/94/77 89/78/62 90/79/63
f 105/95/78 90/79/63 91/80/64
f 92/81/65 105/95/78 91/80/64
f 93/82/66 106/96/79 92/81/65
f 94/83/67 107/97/80 93/82/66
f 95/84/68 108/98/81 94/83/67
f 96/85/69 109/99/82 95/84/68
f 97/86/70 110/100/83 96/85/69
f 98/88/71 111/101/84 97/86/70
f 113/102/86 112/103/85 99/87/72
f 114/104/87 99/105/72 100/89/73
f 115/106/88 100/89/73 101/91/74
f 116/107/89 101/91/74 102/92/75
f 117/108/90 102/92/75 103/93/76
f 118/109/91 103/93/76 104/94/77
f 119/110/92 104/94/77 105/95/78
f 106/96/79 119/110/92 105/95/78
f 107/97/80 120/111/93 106/96/79
f 108/98/81 121/112/94 107/97/80
f 109/99/82 122/113/95 108/98/81
f 110/100/83 123/114/96 109/99/82
f 111/101/84 124/115/97 110/100/83
f 112/103/85 125/116/98 111/101/84
f 127/117/100 126/118/99 113/102/86
f 128/119/101 113/120/86 114/104/87
f 129/121/102 114/104/87 115/106/88
f 130/122/103 115/106/88 116/107/89
f 131/123/104 116/107/89 117/108/90
f 132/124/105 117/108/90 118/109/91
f 133/125/106 118/109/91 119/110/92
f 120/111/93 133/125/106 119/110/92
f 121/112/94 134/126/107 120/111/93
f 122/113/95 135/127/108 121/112/94
f 123/114/96 136/128/109 122/113/95
f 124/115/97 137/129/110 123/114/96
f 125/116/98 138/130/111 124/115/97
f 126/118/99 139/131/112 125/116/98
f 141/132/114 140/133/113 127/117/100
f 142/134/115 127/135/100 128/119/101
f 143/136/116 128/119/101 129/121/102
f 144/137/117 129/121/102 130/122/103
f 145/138/118 130/122/103 131/123/104
f 146/139/119 131/123/104 132/124/105
f 147/140/120 132/124/105 133/125/106
f 134/126/107 147/140/120 133/125/106
f 135/127/108 148/141/121 134/126/107
f 136/128/109 149/142/122 135/127/108
f 137/129/110 150/143/123 136/128/109
f 138/130/111 151/144/124 137/129/110
f 139/131/112 152/145/125 138/130/111
f 140/133/113 153/146/126 139/131/112
f 155/147/128 154/148/127 141/132/114
f 156/149/129 141/150/114 142/134/115
f 157/151/130 142/134/115 143/136/116
f 158/152/131 143/136/116 144/137/117
f 159/153/132 144/137/117 145/138/118
f 160/154/133 145/138/118 146/139/119
f 161/155/134 146/139/119 147/140/120
f 148/141/121 161/155/134 147/140/120
f 149/142/122 162/156/135 148/141/121
f 150/143/123 163/157/136 149/142/122
f 151/144/124 164/158/137 150/143/123
f 152/145/125 165/159/138 151/144/124
f 153/146/126 166/160/139 152/145/125
f 154/148/127 167/161/140 153/146/126
f 169/162/142 168/163/141 155/147/128
f 170/164/143 155/165/128 156/149/129
f 171/166/144 156/149/129 157/151/130
f 172/167/145 157/151/130 158/152/131
f 173/168/146 158/152/131 159/153/132
f 174/169/147 159/153/132 160/154/133
f 175/170/148 160/154/133 161/155/134
f 162/156/135 175/170/148 161/155/134
f 163/157/136 176/171/149 162/156/135
f 164/158/137 177/172/150 163/157/136
f 165/159/138 178/173/151 164/158/137
f 166/160/139 179/174/152 165/159/138
f 167/161/140 180/175/153 166/160/139
f 168/163/141 181/176/154 167/161/140
f 183/177/156 182/178/155 169/162/142
f 184/179/157 169/180/142 170/164/143
f 185/181/158 170/164/143 171/166/144
f 186/182/159 171/166/144 172/167/145
f 187/183/160 172/167/145 173/168/146
f 188/184/161 173/168/146 174/169/147
f 189/185/162 174/169/147 175/170/148
f 176/171/149 189/185/162 175/170/148
f 177/172/150 190/186/163 176/171/149
f 178/173/151 191/187/164 177/172/150
f 179/174/152 192/188/165 178/173/151
f 180/175/153 193/189/166 179/174/152
f 181/176/154 194/190/167 180/175/153
f 182/178/155 195/191/168 181/176/154
f 197/192/170 196/193/169 183/177/156
f 198/194/171 183/195/156 184/179/157
f 199/196/172 184/179/157 185/181/158
f 200/197/173 185/181/158 186/182/159
f 201/198/174 186/182/159 187/183/160
f 202/199/175 187/183/160 188/184/161
f 203/200/176 188/184/161 189/185/162
f 190/186/163 203/200/176 189/185/162
f 191/187/164 204/201/177 190/186/163
f 192/188/165 205/202/178 191/187/164
f 193/189/166 206/203/179 192/188/165
f 194/190/167 207/204/180 193/189/166
f 195/191/168 208/205/181 194/190/167
f 196/193/169 209/206/182 195/191/168
f 211/207/184 210/208/183 197/192/170
f 212/209/185 197/210/170 198/194/171
f 213/211/186 198/194/171 199/196/172
f 214/212/187 199/196/172 200/197/173
f 215/213/188 200/197/173 201/198/174
f 216/214/189 201/198/174 202/199/175
f 217/215/190 202/199/175 203/200/176
f 204/201/177 217/215/190 203/200/176
f 205/202/178 218/216/191 204/201/177
f 206/203/179 219/217/192 205/202/178
f 207/204/180 220/218/193 206/203/179
f 208/205/181 221/219/194 207/204/180
f 209/206/182 222/220/195 208/205/181
f 210/208/183 223/221/196 209/206/182
f 225/222/198 224/223/197 211/207/184
f 226/224/199 211/225/184 212/209/185
f 227/226/200 212/209/185 213/211/186
f 228/227/201 213/211/186 214/212/187
f 229/228/202 214/212/187 215/213/188
f 230/229/203 215/213/188 216/214/189
f 231/230/204 216/214/189 217/215/190
f 218/216/191 231/230/204 217/215/190
f 219/217/192 232/231/205 218/216/191
f 220/218/193 233/232/206 219/217/192
f 221/219/194 234/233/207 220/218/193
f 222/220/195 235/234/208 221/219/194
f 223/221/196 236/235/209 222/220/195
f 224/223/197 237/236/210 223/221/196
f 239/237/212 238/238/211 225/222/198
f 240/239/213 225/240/198 226/224/199
f 241/241/214 226/224/199 227/226/200
f 242/242/215 227/226/200 228/227/201
f 243/243/216 228/227/201 229/228/202
f 244/244/217 229/228/202 230/229/203
f 245/245/218 230/229/203 231/230/204
f 232/231/205 245/245/218 231/230/204
f 233/232/206 246/246/219 232/231/205
f 234/233/207 247/247/220 233/232/206
f 235/234/208 248/248/221 234/233/207
f 236/235/209 249/249/222 235/234/208
f 237/236/210 250/250/223 236/235/209
f 238/238/211 251/251/224 237/236/210
f 253/252/226 252/253/225 239/237/212
f 254/254/227 239/255/212 240/239/213
f 255/256/228 240/239/213 241/241/214
f 256/257/229 241/241/214 242/242/215
f 257/258/230 242/242/215 243/243/216
f 258/259/231 243/243/216 244/244/217
f 259/260/232 244/244/217 245/245/218
f 246/246/219 259/260/232 245/245/218
f 247/247/220 260/261/233 246/246/219
f 248/248/221 261/262/234 247/247/220
f 249/249/222 262/263/235 248/248/221
f 250/250/223 263/264/236 249/249/222
f 251/251/224 264/265/237 250/250/223
f 252/253/225 265/266/238 251/251/224
f 267/267/240 266/268/239 253/252/226
f 268/269/241 253/270/226 254/254/227
f 269/271/242 254/254/227 255/256/228
f 270/272/243 255/256/228 256/257/229
f 271/273/244 256/257/229 257/258/230
f 272/274/245 257/258/230 258/259/231
f 273/275/246 258/259/231 259/260/232
f 260/261/233 273/275/246 259/260/232
f 261/262/234 274/276/247 260/261/233
f 262/263/235 275/277/248 261/262/234
f 263/264/236 276/278/249 262/263/235
f 264/265/237 277/279/250 263/264/236
f 265/266/238 278/280/251 264/265/237
f 266/268/239 279/281/252 265/266/238
f 281/282/254 280/283/253 267/267/240
f 282/284/255 267/285/240 268/269/241
f 283/286/256 268/269/241 269/271/242
f 284/287/257 269/271/242 270/272/243
f 285/288/258 270/272/243 271/273/244
f 286/289/259 271/273/244 272/274/245
f 287/290/260 272/274/245 273/275/246
f 274/276/247 287/290/260 273/275/246
f 275/277/248 288/291/261 274/276/247
f 276/278/249 289/292/262 275/277/248
f 277/279/250 290/293/263 276/278/249
f 278/280/251 291/294/264 277/279/250
f 279/281/252 292/295/265 278/280/251
f 280/283/253 293/296/266 279/281/252
f 295/297/268 294/298/267 281/282/254
f 296/299/269 281/300/254 282/284/255
f 297/301/270 282/284/255 283/286/256
f 298/302/271 283/286/256 284/287/257
f 299/303/272 284/287/257 285/288/258
f 300/304/273 285/288/258 286/289/259
f 301/305/274 286/289/259 287/290/260
f 288/291/261 301/305/274 287/290/260
f 289/292/262 302/306/275 288/291/261
f 290/293/263 303/307/276 289/292/262
f 291/294/264 304/308/277 290/293/263
f 292/295/265 305/309/278 291/294/264
f 293/296/266 306/310/279 292/295/265
f 294/298/267 307/311/280 293/296/266
f 309/312/282 308/313/281 295/297/268
f 310/314/283 295/315/268 296/299/269
f 311/316/284 296/299/269 297/301/270
f 312/317/285 297/301/270 298/302/271
f 313/318/286 298/302/271 299/303/272
f 314/319/287 299/303/272 300/304/273
f 315/320/288 300/304/273 301/305/274
f 302/306/275 315/320/288 301/305/274
f 303/307/276 316/321/289 302/306/275
f 304/308/277 317/322/290 303/307/276
f 305/309/278 318/323/291 304/308/277
f 306/310/279 319/324/292 305/309/278
f 307/311/280 320/325/293 306/310/279
f 308/313/281 321/326/294 307/311/280
f 323/327/296 322/328/295 309/312/282
f 324/329/297 309/330/282 310/314/283
f 325/331/298 310/314/283 311/316/284
f 326/332/299 311/316/284 312/317/285
f 327/333/300 312/317/285 313/318/286
f 328/334/301 313/318/286 314/319/287
f 329/335/302 314/319/287 315/320/288
f 316/321/289 329/335/302 315/320/288
f 317/322/290 330/336/303 316/321/289
f 318/323/291 331/337/304 317/322/290
f 319/324/292 332/338/305 318/323/291
f 320/325/293 333/339/306 319/324/292
f 321/326/294 334/340/307 320/325/293
f 322/328/295 335/341/308 321/326/294
f 337/342/310 336/343/309 323/327/296
f 338/344/311 323/345/296 324/329/297
f 339/346/312 324/329/297 325/331/298
f 340/347/313 325/331/298 326/332/299
f 341/348/314 326/332/299 327/333/300
f 342/349/315 327/333/300 328/334/301
f 343/350/316 328/334/301 329/335/302
f 330/336/303 343/350/316 329/335/302
f 331/337/304 344/351/317 330/336/303
f 332/338/305 345/352/318 331/337/304
f 333/339/306 346/353/319 332/338/305
f 334/340/307 347/354/320 333/339/306
f 335/341/308 348/355/321 334/340/307
f 336/343/309 349/356/322 335/341/308
f 351/357/324 350/358/323 337/342/310
f 352/359/325 337/360/310 338/344/311
f 353/361/326 338/344/311 339/346/312
f 354/362/327 339/346/312 340/347/313
f 355/363/328 340/347/313 341/348/314
f 356/364/329 341/348/314 342/349/315
f 357/365/330 342/349/315 343/350/316
f 344/351/317 357/365/330 343/350/316
f 345/352/318 358/366/331 344/351/317
f 346/353/319 359/367/332 345/352/318
f 347/354/320 360/368/333 346/353/319
f 348/355/321 361/369/334 347/354/320
f 349/356/322 362/370/335 348/355/321
f 350/358/323 363/371/336 349/356/322
f 365/372/338 364/373/337 351/357/324
f 366/374/339 351/375/324 352/359/325
f 367/376/340 352/359/325 353/361/326
f 368/377/341 353/361/326 354/362/327
f 369/378/342 354/362/327 355/363/328
f 370/379/343 355/363/328 356/364/329
f 371/380/344 356/364/329 357/365/330
f 358/366/331 371/380/344 357/365/330
f 359/367/332 372/381/345 358/366/331
f 360/368/333 373/382/346 359/367/332
f 361/369/334 374/383/347 360/368/333
f 362/370/335 375/384/348 361/369/334
f 363/371/336 376/385/349 362/370/335
f 364/373/337 377/386/350 363/371/336
f 365/372/338 392/387/365 378/388/351
f 366/374/339 379/389/352 365/390/338
f 367/376/340 380/391/353 366/374/339
f 368/377/341 381/392/354 367/376/340
f 369/378/342 382/393/355 368/377/341
f 370/379/343 383/394/356 369/378/342
f 371/380/344 384/395/357 370/379/343
f 386/396/359 371/380/344 372/381/345
f 387/397/360 372/381/345 373/382/346
f 388/398/361 373/382/346 374/383/347
f 389/399/362 374/383/347 375/384/348
f 390/400/363 375/384/348 376/385/349
f 391/401/364 376/385/349 377/386/350
f 392/387/365 377/386/350 378/388/351
f 393/402/366 392/387/365 379/403/352
f 394/404/367 379/389/352 380/391/353
f 395/405/368 380/391/353 381/392/354
f 396/406/369 381/392/354 382/393/355
f 397/407/370 382/393/355 383/394/356
f 398/408/371 383/394/356 384/395/357
f 399/409/372 384/395/357 385/410/358
f 400/411/373 385/410/358 386/396/359
f 401/412/374 386/396/359 387/397/360
f 402/413/375 387/397/360 388/398/361
f 403/414/376 388/398/361 389/399/362
f 404/415/377 389/399/362 390/400/363
f 391/401/364 404/415/377 390/400/363
f 406/416/379 391/401/364 392/387/365
f 407/417/380 406/416/379 393/402/366
f 408/418/381 393/419/366 394/404/367
f 409/420/382 394/404/367 395/405/368
f 410/421/383 395/405/368 396/406/369
f 411/422/384 396/406/369 397/407/370
f 412/423/385 397/407/370 398/408/371
f 413/424/386 398/408/371 399/409/372
f 400/411/373 413/424/386 399/409/372
f 401/412/374 414/425/387 400/411/373
f 402/413/375 415/426/388 401/412/374
f 403/414/376 416/427/389 402/413/375
f 404/415/377 417/428/390 403/414/376
f 405/429/378 418/430/391 404/415/377
f 406/416/379 419/431/392 405/429/378
f 407/417/380 434/432/407 420/433/393
f 408/418/381 421/434/394 407/435/380
f 409/420/382 422/436/395 408/418/381
f 410/421/383 423/437/396 409/420/382
f 411/422/384 424/438/397 410/421/383
f 412/423/385 425/439/398 411/422/384
f 413/424/386 426/440/399 412/423/385
f 428/441/401 413/424/386 414/425/387
f 429/442/402 414/425/387 415/426/388
f 430/443/403 415/426/388 416/427/389
f 431/444/404 416/427/389 417/428/390
f 432/445/405 417/428/390 418/430/391
f 433/446/406 418/430/391 419/431/392
f 434/432/407 419/431/392 420/433/393
f 421/447/394 448/448/421 434/432/407
f 422/436/395 435/449/408 421/434/394
f 423/437/396 436/450/409 422/436/395
f 424/438/397 437/451/410 423/437/396
f 425/439/398 438/452/411 424/438/397
f 426/440/399 439/453/412 425/439/398
f 427/454/400 440/455/413 426/440/399
f 442/456/415 427/454/400 428/441/401
f 443/457/416 428/441/401 429/442/402
f 444/458/417 429/442/402 430/443/403
f 445/459/418 430/443/403 431/444/404
f 446/460/419 431/444/404 432/445/405
f 447/461/420 432/445/405 433/446/406
f 448/448/421 433/446/406 434/432/407
f 435/462/408 462/463/435 448/448/421
f 436/450/409 449/464/422 435/449/408
f 437/451/410 450/465/423 436/450/409
f 438/452/411 451/466/424 437/451/410
f 439/453/412 452/467/425 438/452/411
f 440/455/413 453/468/426 439/453/412
f 441/469/414 454/470/427 440/455/413
f 456/471/429 441/469/414 442/456/415
f 457/472/430 442/456/415 443/457/416
f 458/473/431 443/457/416 444/458/417
f 459/474/432 444/458/417 445/459/418
f 460/475/433 445/459/418 446/460/419
f 461/476/434 446/460/419 447/461/420
f 462/463/435 447/461/420 448/448/421
f 449/477/422 476/478/449 462/463/435
f 450/465/423 463/479/436 449/464/422
f 451/466/424 464/480/437 450/465/423
f 452/467/425 465/481/438 451/466/424
f 453/468/426 466/482/439 452/467/425
f 454/470/427 467/483/440 453/468/426
f 455/484/428 468/485/441 454/470/427
f 470/486/443 455/484/428 456/471/429
f 471/487/444 456/471/429 457/472/430
f 472/488/445 457/472/430 458/473/431
f 473/489/446 458/473/431 459/474/432
f 474/490/447 459/474/432 460/475/433
f 475/491/448 460/475/433 461/476/434
f 476/478/449 461/476/434 462/463/435
f 463/492/436 490/493/463 476/478/449
f 464/480/437 477/494/450 463/479/436
f 465/481/438 478/495/451 464/480/437
f 466/482/439 479/496/452 465/481/438
f 467/483/440 480/497/453 466/482/439
f 468/485/441 481/498/454 467/483/440
f 469/499/442 482/500/455 468/485/441
f 484/501/457 469/499/442 470/486/443
f 485/502/458 470/486/443 471/487/444
f 486/503/459 471/487/444 472/488/445
f 487/504/460 472/488/445 473/489/446
f 488/505/461 473/489/446 474/490/447
f 489/506/462 474/490/447 475/491/448
f 490/493/463 475/491/448 476/478/449
f 477/507/450 504/508/477 490/493/463
f 478/495/451 491/509/464 477/494/450
f 479/496/452 492/510/465 478/495/451
f 480/497/453 493/511/466 479/496/452
f 481/498/454 494/512/467 480/497/453
f 482/500/455 495/513/468 481/498/454
f 483/514/456 496/515/469 482/500/455
f 498/516/471 483/514/456 484/501/457
f 499/517/472 484/501/457 485/502/458
f 500/518/473 485/502/458 486/503/459
f 501/519/474 486/503/459 487/504/460
f 502/520/475 487/504/460 488/505/461
f 503/521/476 488/505/461 489/506/462
f 504/508/477 489/506/462 490/493/463
f 491/522/464 518/523/491 504/508/477
f 492/510/465 505/524/478 491/509/464
f 493/511/466 506/525/479 492/510/465
f 494/512/467 507/526/480 493/511/466
f 495/513/468 508/527/481 494/512/467
f 496/515/469 509/528/482 495/513/468
f 497/529/470 510/530/483 496/515/469
f 512/531/485 497/529/470 498/516/471
f 513/532/486 498/516/471 499/517/472
f 514/533/487 499/517/472 500/518/473
f 515/534/488 500/518/473 501/519/474
f 516/535/489 501/519/474 502/520/475
f 517/536/490 502/520/475 503/521/476
f 518/523/491 503/521/476 504/508/477
f 505/537/478 532/538/505 518/523/491
f 506/525/479 519/539/492 505/524/478
f 507/526/480 520/540/493 506/525/479
f 508/527/481 521/541/494 507/526/480
f 509/528/482 522/542/495 508/527/481
f 510/530/483 523/543/496 509/528/482
f 511/544/484 524/545/497 510/530/483
f 526/546/499 511/544/484 512/531/485
f 527/547/500 512/531/485 513/532/486
f 528/548/501 513/532/486 514/533/487
f 529/549/502 514/533/487 515/534/488
f 530/550/503 515/534/488 516/535/489
f 531/551/504 516/535/489 517/536/490
f 532/538/505 517/536/490 518/523/491
f 519/552/492 546/553/519 532/538/505
f 520/540/493 533/554/506 519/539/492
f 521/541/494 534/555/507 520/540/493
f 522/542/495 535/556/508 521/541/494
f 523/543/496 536/557/509 522/542/495
f 524/545/497 537/558/510 523/543/496
f 525/559/498 538/560/511 524/545/497
f 540/561/513 525/559/498 526/546/499
f 541/562/514 526/546/499 527/547/500
f 542/563/515 527/547/500 528/548/501
f 543/564/516 528/548/501 529/549/502
f 544/565/517 529/549/502 530/550/503
f 545/566/518 530/550/503 531/551/504
f 546/553/519 531/551/504 532/538/505
f 533/567/506 560/568/533 546/553/519
f 534/555/507 547/569/520 533/554/506
f 535/556/508 548/570/521 534/555/507
f 536/557/509 549/571/522 535/556/508
f 537/558/510 550/572/523 536/557/509
f 538/560/511 551/573/524 537/558/510
f 539/574/512 552/575/525 538/560/511
f 554/576/527 539/574/512 540/561/513
f 555/577/528 540/561/513 541/562/514
f 556/578/529 541/562/514 542/563/515
f 557/579/530 542/563/515 543/564/516
f 558/580/531 543/564/516 544/565/517
f 559/581/532 544/565/517 545/566/518
f 560/568/533 545/566/518 546/553/519
f 547/582/520 574/583/547 560/568/533
f 548/570/521 561/584/534 547/569/520
f 549/571/522 562/585/535 548/570/521
f 550/572/523 563/586/536 549/571/522
f 551/573/524 564/587/537 550/572/523
f 552/575/525 565/588/538 551/573/524
f 553/589/526 566/590/539 552/575/525
f 568/591/541 553/589/526 554/576/527
f 569/592/542 554/576/527 555/577/528
f 570/593/543 555/577/528 556/578/529
f 571/594/544 556/578/529 557/579/530
f 572/595/545 557/579/530 558/580/531
f 573/596/546 558/580/531 559/581/532
f 574/583/547 559/581/532 560/568/533
f 561/597/534 588/598/561 574/583/547
f 562/585/535 575/599/548 561/584/534
f 563/586/536 576/600/549 562/585/535
f 564/587/537 577/601/550 563/586/536
f 565/588/538 578/602/551 564/587/537
f 566/590/539 579/603/552 565/588/538
f 567/604/540 580/605/553 566/590/539
f 582/606/555 567/604/540 568/591/541
f 583/607/556 568/591/541 569/592/542
f 584/608/557 569/592/542 570/593/543
f 585/609/558 570/593/543 571/594/544
f 586/610/559 571/594/544 572/595/545
f 587/611/560 572/595/545 573/596/546
f 588/598/561 573/596/546 574/583/547
f 575/612/548 602/613/575 588/598/561
f 576/600/549 589/614/562 575/599/548
f 577/601/550 590/615/563 576/600/549
f 578/602/551 591/616/564 577/601/550
f 579/603/552 592/617/565 578/602/551
f 580/605/553 593/618/566 579/603/552
f 581/619/554 594/620/567 580/605/553
f 596/621/569 581/619/554 582/606/555
f 597/622/570 582/606/555 583/607/556
f 598/623/571 583/607/556 584/608/557
f 599/624/572 584/608/557 585/609/558
f 600/625/573 585/609/558 586/610/559
f 601/626/574 586/610/559 587/611/560
f 602/613/575 587/611/560 588/598/561
f 589/627/562 616/628/589 602/613/575
f 590/615/563 603/629/576 589/614/562
f 591/616/564 604/630/577 590/615/563
f 592/617/565 605/631/578 591/616/564
f 593/618/566 606/632/579 592/617/565
f 594/620/567 607/633/580 593/618/566
f 595/634/568 608/635/581 594/620/567
f 610/636/583 595/634/568 596/621/569
f 611/637/584 596/621/569 597/622/570
f 612/638/585 597/622/570 598/623/571
f 613/639/586 598/623/571 599/624/572
f 614/640/587 599/624/572 600/625/573
f 615/641/588 600/625/573 601/626/574
f 616/628/589 601/626/574 602/613/575
f 603/642/576 630/643/603 616/628/589
f 604/630/577 617/644/590 603/629/576
f 605/631/578 618/645/591 604/630/577
f 606/632/579 619/646/592 605/631/578
f 607/633/580 620/647/593 606/632/579
f 608/635/581 621/648/594 607/633/580
f 609/649/582 622/650/595 608/635/581
f 624/651/597 609/649/582 610/636/583
f 625/652/598 610/636/583 611/637/584
f 626/653/599 611/637/584 612/638/585
f 627/654/600 612/638/585 613/639/586
f 628/655/601 613/639/586 614/640/587
f 629/656/602 614/640/587 615/641/588
f 630/643/603 615/641/588 616/628/589
f 617/657/590 644/658/617 630/643/603
f 618/645/591 631/659/604 617/644/590
f 619/646/592 632/660/605 618/645/591
f 620/647/593 633/661/606 619/646/592
f 621/648/594 634/662/607 620/647/593
f 622/650/595 635/663/608 621/648/594
f 623/664/596 636/665/609 622/650/595
f 638/666/611 623/664/596 624/651/597
f 639/667/612 624/651/597 625/652/598
f 640/668/613 625/652/598 626/653/599
f 641/669/614 626/653/599 627/654/600
f 642/670/615 627/654/600 628/655/601
f 643/671/616 628/655/601 629/656/602
f 644/658/617 629/656/602 630/643/603
f 631/672/604 658/673/631 644/658/617
f 632/660/605 645/674/618 631/659/604
f 633/661/606 646/675/619 632/660/605
f 634/662/607 647/676/620 633/661/606
f 635/663/608 648/677/621 634/662/607
f 636/665/609 649/678/622 635/663/608
f 637/679/610 650/680/623 636/665/609
f 652/681/625 637/679/610 638/666/611
f 653/682/626 638/666/611 639/667/612
f 654/683/627 639/667/612 640/668/613
f 655/684/628 640/668/613 641/669/614
f 656/685/629 641/669/614 642/670/615
f 657/686/630 642/670/615 643/671/616
f 658/673/631 643/671/616 644/658/617
f 645/687/618 672/688/645 658/673/631
f 646/675/619 659/689/632 645/674/618
f 647/676/620 660/690/633 646/675/619
f 648/677/621 661/691/634 647/676/620
f 649/678/622 662/692/635 648/677/621
f 650/680/623 663/693/636 649/678/622
f 651/694/624 664/695/637 650/680/623
f 666/696/639 651/694/624 652/681/625
f 667/697/640 652/681/625 653/682/626
f 668/698/641 653/682/626 654/683/627
f 669/699/642 654/683/627 655/684/628
f 670/700/643 655/684/628 656/685/629
f 671/701/644 656/685/629 657/686/630
f 672/688/645 657/686/630 658/673/631
f 659/702/632 686/703/659 672/688/645
f 660/690/633 673/704/646 659/689/632
f 661/691/634 674/705/647 660/690/633
f 662/692/635 675/706/648 661/691/634
f 663/693/636 676/707/649 662/692/635
f 664/695/637 677/708/650 663/693/636
f 665/709/638 678/710/651 664/695/637
f 680/711/653 665/709/638 666/696/639
f 681/712/654 666/696/639 667/697/640
f 682/713/655 667/697/640 668/698/641
f 683/714/656 668/698/641 669/699/642
f 684/715/657 669/699/642 670/700/643
f 685/716/658 670/700/643 671/701/644
f 686/703/659 671/701/644 672/688/645
f 673/717/646 700/718/673 686/703/659
f 674/705/647 687/719/660 673/704/646
f 675/706/648 688/720/661 674/705/647
f 676/707/649 689/721/662 675/706/648
f 677/708/650 690/722/663 676/707/649
f 678/710/651 691/723/664 677/708/650
f 679/724/652 692/725/665 678/710/651
f 694/726/667 679/724/652 680/711/653
f 695/727/668 680/711/653 681/712/654
f 696/728/669 681/712/654 682/713/655
f 697/729/670 682/713/655 683/714/656
f 698/730/671 683/714/656 684/715/657
f 699/731/672 684/715/657 685/716/658
f 700/718/673 685/716/658 686/703/659
f 687/732/660 714/733/687 700/718/673
f 688/720/661 701/734/674 687/719/660
f 689/721/662 702/735/675 688/720/661
f 690/722/663 703/736/676 689/721/662
f 691/723/664 704/737/677 690/722/663
f 692/725/665 705/738/678 691/723/664
f 693/739/666 706/740/679 692/725/665
f 708/741/681 693/739/666 694/726/667
f 709/742/682 694/726/667 695/727/668
f 710/743/683 695/727/668 696/728/669
f 711/744/684 696/728/669 697/729/670
f 712/745/685 697/729/670 698/730/671
f 713/746/686 698/730/671 699/731/672
f 714/733/687 699/731/672 700/718/673
f 701/747/674 728/748/701 714/733/687
f 702/735/675 715/749/688 701/734/674
f 703/736/676 716/750/689 702/735/675
f 704/737/677 717/751/690 703/736/676
f 705/738/678 718/752/691 704/737/677
f 706/740/679 719/753/692 705/738/678
f 707/754/680 720/755/693 706/740/679
f 722/756/695 707/754/680 708/741/681
f 723/757/696 708/741/681 709/742/682
f 724/758/697 709/742/682 710/743/683
f 725/759/698 710/743/683 711/744/684
f 726/760/699 711/744/684 712/745/685
f 727/761/700 712/745/685 713/746/686
f 728/748/701 713/746/686 714/733/687
f 715/762/688 742/763/715 728/748/701
f 716/750/689 729/764/702 715/749/688
f 717/751/690 730/765/703 716/750/689
f 718/752/691 731/766/704 717/751/690
f 719/753/692 732/767/705 718/752/691
f 720/755/693 733/768/706 719/753/692
f 721/769/694 734/770/707 720/755/693
f 736/771/709 721/769/694 722/756/695
f 737/772/710 722/756/695 723/757/696
f 738/773/711 723/757/696 724/758/697
f 739/774/712 724/758/697 725/759/698
f 740/775/713 725/759/698 726/760/699
f 741/776/714 726/760/699 727/761/700
f 742/763/715 727/761/700 728/748/701
f 729/777/702 756/778/8 742/763/715
f 730/765/703 743/7/7 729/764/702
f 731/766/704 744/779/6 730/765/703
f 732/767/705 745/780/5 731/766/704
f 733/768/706 746/781/4 732/767/705
f 734/770/707 747/782/3 733/768/706
f 735/783/708 748/784/2 734/770/707
f 750/785/14 735/783/708 736/771/709
f 751/786/13 736/771/709 737/772/710
f 752/787/12 737/772/710 738/773/711
f 753/788/11 738/773/711 739/774/712
f 754/789/10 739/774/712 740/775/713
f 755/790/9 740/775/713 741/776/714
f 756/778/8 741/776/714 742/763/715
f 43/15/16 56/43/29 42/16/15
f 44/18/17 43/45/16 29/9/2
f 45/20/18 44/18/17 30/19/3
f 46/22/19 45/20/18 31/21/4
f 47/24/20 46/22/19 32/23/5
f 48/26/21 47/24/20 33/25/6
f 49/28/22 48/26/21 34/27/7
f 36/30/9 50/32/23 49/28/22
f 37/31/10 51/34/24 50/32/23
f 38/33/11 52/36/25 51/34/24
f 39/35/12 53/38/26 52/36/25
f 40/37/13 54/40/27 53/38/26
f 41/39/14 55/41/28 54/40/27
f 42/16/15 56/43/29 55/41/28
f 57/42/30 70/58/43 56/43/29
f 58/44/31 57/60/30 43/45/16
f 59/46/32 58/44/31 44/18/17
f 60/47/33 59/46/32 45/20/18
f 61/48/34 60/47/33 46/22/19
f 62/49/35 61/48/34 47/24/20
f 63/50/36 62/49/35 48/26/21
f 50/32/23 64/51/37 63/50/36
f 51/34/24 65/52/38 64/51/37
f 52/36/25 66/53/39 65/52/38
f 53/38/26 67/54/40 66/53/39
f 54/40/27 68/55/41 67/54/40
f 55/41/28 69/56/42 68/55/41
f 56/43/29 70/58/43 69/56/42
f 71/57/44 84/73/57 70/58/43
f 72/59/45 71/75/44 57/60/30
f 73/61/46 72/59/45 58/44/31
f 74/62/47 73/61/46 59/46/32
f 75/63/48 74/62/47 60/47/33
f 76/64/49 75/63/48 61/48/34
f 77/65/50 76/64/49 62/49/35
f 64/51/37 78/66/51 77/65/50
f 65/52/38 79/67/52 78/66/51
f 66/53/39 80/68/53 79/67/52
f 67/54/40 81/69/54 80/68/53
f 68/55/41 82/70/55 81/69/54
f 69/56/42 83/71/56 82/70/55
f 70/58/43 84/73/57 83/71/56
f 85/72/58 98/88/71 84/73/57
f 86/74/59 85/90/58 71/75/44
f 87/76/60 86/74/59 72/59/45
f 88/77/61 87/76/60 73/61/46
f 89/78/62 88/77/61 74/62/47
f 90/79/63 89/78/62 75/63/48
f 91/80/64 90/79/63 76/64/49
f 78/66/51 92/81/65 91/80/64
f 79/67/52 93/82/66 92/81/65
f 80/68/53 94/83/67 93/82/66
f 81/69/54 95/84/68 94/83/67
f 82/70/55 96/85/69 95/84/68
f 83/71/56 97/86/70 96/85/69
f 84/73/57 98/88/71 97/86/70
f 99/87/72 112/103/85 98/88/71
f 100/89/73 99/105/72 85/90/58
f 101/91/74 100/89/73 86/74/59
f 102/92/75 101/91/74 87/76/60
f 103/93/76 102/92/75 88/77/61
f 104/94/77 103/93/76 89/78/62
f 105/95/78 104/94/77 90/79/63
f 92/81/65 106/96/79 105/95/78
f 93/82/66 107/97/80 106/96/79
f 94/83/67 108/98/81 107/97/80
f 95/84/68 109/99/82 108/98/81
f 96/85/69 110/100/83 109/99/82
f 97/86/70 111/101/84 110/100/83
f 98/88/71 112/103/85 111/101/84
f 113/102/86 126/118/99 112/103/85
f 114/104/87 113/120/86 99/105/72
f 115/106/88 114/104/87 100/89/73
f 116/107/89 115/106/88 101/91/74
f 117/108/90 116/107/89 102/92/75
f 118/109/91 117/108/90 103/93/76
f 119/110/92 118/109/91 104/94/77
f 106/96/79 120/111/93 119/110/92
f 107/97/80 121/112/94 120/111/93
f 108/98/81 122/113/95 121/112/94
f 109/99/82 123/114/96 122/113/95
f 110/100/83 124/115/97 123/114/96
f 111/101/84 125/116/98 124/115/97
f 112/103/85 126/118/99 125/116/98
f 127/117/100 140/133/113 126/118/99
f 128/119/101 127/135/100 113/120/86
f 129/121/102 128/119/101 114/104/87
f 130/122/103 129/121/102 115/106/88
f 131/123/104 130/122/103 116/107/89
f 132/124/105 131/123/104 117/108/90
f 133/125/106 132/124/105 118/109/91
f 120/111/93 134/126/107 133/125/106
f 121/112/94 135/127/108 134/126/107
f 122/113/95 136/128/109 135/127/108
f 123/114/96 137/129/110 136/128/109
f 124/115/97 138/130/111 137/129/110
f 125/116/98 139/131/112 138/130/111
f 126/118/99 140/133/113 139/131/112
f 141/132/114 154/148/127 140/133/113
f 142/134/115 141/150/114 127/135/100
f 143/136/116 142/134/115 128/119/101
f 144/137/117 143/136/116 129/121/102
f 145/138/118 144/137/117 130/122/103
f 146/139/119 145/138/118 131/123/104
f 147/140/120 146/139/119 132/124/105
f 134/126/107 148/141/121 147/140/120
f 135/127/108 149/142/122 148/141/121
f 136/128/109 150/143/123 149/142/122
f 137/129/110 151/144/124 150/143/123
f 138/130/111 152/145/125 151/144/124
f 139/131/112 153/146/126 152/145/125
f 140/133/113 154/148/127 153/146/126
f 155/147/128 168/163/141 154/148/127
f 156/149/129 155/165/128 141/150/114
f 157/151/130 156/149/129 142/134/115
f 158/152/131 157/151/130 143/136/116
f 159/153/132 158/152/131 144/137/117
f 160/154/133 159/153/132 145/138/118
f 161/155/134 160/154/133 146/139/119
f 148/141/121 162/156/135 161/155/134
f 149/142/122 163/157/136 162/156/135
f 150/143/123 164/158/137 163/157/136
f 151/144/124 165/159/138 164/158/137
f 152/145/125 166/160/139 165/159/138
f 153/146/126 167/161/140 166/160/139
f 154/148/127 168/163/141 167/161/140
f 169/162/142 182/178/155 168/163/141
f 170/164/143 169/180/142 155/165/128
f 171/166/144 170/164/143 156/149/129
f 172/167/145 171/166/144 157/151/130
f 173/168/146 172/167/145 158/152/131
f 174/169/147 173/168/146 159/153/132
f 175/170/148 174/169/147 160/154/133
f 162/156/135 176/171/149 175/170/148
f 163/157/136 177/172/150 176/171/149
f 164/158/137 178/173/151 177/172/150
f 165/159/138 179/174/152 178/173/151
f 166/160/139 180/175/153 179/174/152
f 167/161/140 181/176/154 180/175/153
f 168/163/141 182/178/155 181/176/154
f 183/177/156 196/193/169 182/178/155
f 184/179/157 183/195/156 169/180/142
f 185/181/158 184/179/157 170/164/143
f 186/182/159 185/181/158 171/166/144
f 187/183/160 186/182/159 172/167/145
f 188/184/161 187/183/160 173/168/146
f 189/185/162 188/184/161 174/169/147
f 176/171/149 190/186/163 189/185/162
f 177/172/150 191/187/164 190/186/163
f 178/173/151 192/188/165 191/187/164
f 179/174/152 193/189/166 192/188/165
f 180/175/153 194/190/167 193/189/166
f 181/176/154 195/191/168 194/190/167
f 182/178/155 196/193/169 195/191/168
f 197/192/170 210/208/183 196/193/169
f 198/194/171 197/210/170 183/195/156
f 199/196/172 198/194/171 184/179/157
f 200/197/173 199/196/172 185/181/158
f 201/198/174 200/197/173 186/182/159
f 202/199/175 201/198/174 187/183/160
f 203/200/176 202/199/175 188/184/161
f 190/186/163 204/201/177 203/200/176
f 191/187/164 205/202/178 204/201/177
f 192/188/165 206/203/179 205/202/178
f 193/189/166 207/204/180 206/203/179
f 194/190/167 208/205/181 207/204/180
f 195/191/168 209/206/182 208/205/181
f 196/193/169 210/208/183 209/206/182
f 211/207/184 224/223/197 210/208/183
f 212/209/185 211/225/184 197/210/170
f 213/211/186 212/209/185 198/194/171
f 214/212/187 213/211/186 199/196/172
f 215/213/188 214/212/187 200/197/173
f 216/214/189 215/213/188 201/198/174
f 217/215/190 216/214/189 202/199/175
f 204/201/177 218/216/191 217/215/190
f 205/202/178 219/217/192 218/216/191
f 206/203/179 220/218/193 219/217/192
f 207/204/180 221/219/194 220/218/193
f 208/205/181 222/220/195 221/219/194
f 209/206/182 223/221/196 222/220/195
f 210/208/183 224/223/197 223/221/196
f 225/222/198 238/238/211 224/223/197
f 226/224/199 225/240/198 211/225/184
f 227/226/200 226/224/199 212/209/185
f 228/227/201 227/226/200 213/211/186
f 229/228/202 228/227/201 214/212/187
f 230/229/203 229/228/202 215/213/188
f 231/230/204 230/229/203 216/214/189
f 218/216/191 232/231/205 231/230/204
f 219/217/192 233/232/206 232/231/205
f 220/218/193 234/233/207 233/232/206
f 221/219/194 235/234/208 234/233/207
f 222/220/195 236/235/209 235/234/208
f 223/221/196 237/236/210 236/235/209
f 224/223/197 238/238/211 237/236/210
f 239/237/212 252/253/225 238/238/211
f 240/239/213 239/255/212 225/240/198
f 241/241/214 240/239/213 226/224/199
f 242/242/215 241/241/214 227/226/200
f 243/243/216 242/242/215 228/227/201
f 244/244/217 243/243/216 229/228/202
f 245/245/218 244/244/217 230/229/203
f 232/231/205 246/246/219 245/245/218
f 233/232/206 247/247/220 246/246/219
f 234/233/207 248/248/221 247/247/220
f 235/234/208 249/249/222 248/248/221
f 236/235/209 250/250/223 249/249/222
f 237/236/210 251/251/224 250/250/223
f 238/238/211 252/253/225 251/251/224
f 253/252/226 266/268/239 252/253/225
f 254/254/227 253/270/226 239/255/212
f 255/256/228 254/254/227 240/239/213
f 256/257/229 255/256/228 241/241/214
f 257/258/230 256/257/229 242/242/215
f 258/259/231 257/258/230 243/243/216
f 259/260/232 258/259/231 244/244/217
f 246/246/219 260/261/233 259/260/232
f 247/247/220 261/262/234 260/261/233
f 248/248/221 262/263/235 261/262/234
f 249/249/222 263/264/236 262/263/235
f 250/250/223 264/265/237 263/264/236
f 251/251/224 265/266/238 264/265/237
f 252/253/225 266/268/239 265/266/238
f 267/267/240 280/283/253 266/268/239
f 268/269/241 267/285/240 253/270/226
f 269/271/242 268/269/241 254/254/227
f 270/272/243 269/271/242 255/256/228
f 271/273/244 270/272/243 256/257/229
f 272/274/245 271/273/244 257/258/230
f 273/275/246 272/274/245 258/259/231
f 260/261/233 274/276/247 273/275/246
f 261/262/234 275/277/248 274/276/247
f 262/263/235 276/278/249 275/277/248
f 263/264/236 277/279/250 276/278/249
f 264/265/237 278/280/251 277/279/250
f 265/266/238 279/281/252 278/280/251
f 266/268/239 280/283/253 279/281/252
f 281/282/254 294/298/267 280/283/253
f 282/284/255 281/300/254 267/285/240
f 283/286/256 282/284/255 268/269/241
f 284/287/257 283/286/256 269/271/242
f 285/288/258 284/287/257 270/272/243
f 286/289/259 285/288/258 271/273/244
f 287/290/260 286/289/259 272/274/245
f 274/276/247 288/291/261 287/290/260
f 275/277/248 289/292/262 288/291/261
f 276/278/249 290/293/263 289/292/262
f 277/279/250 291/294/264 290/293/263
f 278/280/251 292/295/265 291/294/264
f 279/281/252 293/296/266 292/295/265
f 280/283/253 294/298/267 293/296/266
f 295/297/268 308/313/281 294/298/267
f 296/299/269 295/315/268 281/300/254
f 297/301/270 296/299/269 282/284/255
f 298/302/271 297/301/270 283/286/256
f 299/303/272 298/302/271 284/287/257
f 300/304/273 299/303/272 285/288/258
f 301/305/274 300/304/273 286/289/259
f 288/291/261 302/306/275 301/305/274
f 289/292/262 303/307/276 302/306/275
f 290/293/263 304/308/277 303/307/276
f 291/294/264 305/309/278 304/308/277
f 292/295/265 306/310/279 305/309/278
f 293/296/266 307/311/280 306/310/279
f 294/298/267 308/313/281 307/311/280
f 309/312/282 322/328/295 308/313/281
f 310/314/283 309/330/282 295/315/268
f 311/316/284 310/314/283 296/299/269
f 312/317/285 311/316/284 297/301/270
f 313/318/286 312/317/285 298/302/271
f 314/319/287 313/318/286 299/303/272
f 315/320/288 314/319/287 300/304/273
f 302/306/275 316/321/289 315/320/288
f 303/307/276 317/322/290 316/321/289
f 304/308/277 318/323/291 317/322/290
f 305/309/278 319/324/292 318/323/291
f 306/310/279 320/325/293 319/324/292
f 307/311/280 321/326/294 320/325/293
f 308/313/281 322/328/295 321/326/294
f 323/327/296 336/343/309 322/328/295
f 324/329/297 323/345/296 309/330/282
f 325/331/298 324/329/297 310/314/283
f 326/332/299 325/331/298 311/316/284
f 327/333/300 326/332/299 312/317/285
f 328/334/301 327/333/300 313/318/286
f 329/335/302 328/334/301 314/319/287
f 316/321/289 330/336/303 329/335/302
f 317/322/290 331/337/304 330/336/303
f 318/323/291 332/338/305 331/337/304
f 319/324/292 333/339/306 332/338/305
f 320/325/293 334/340/307 333/339/306
f 321/326/294 335/341/308 334/340/307
f 322/328/295 336/343/309 335/341/308
f 337/342/310 350/358/323 336/343/309
f 338/344/311 337/360/310 323/345/296
f 339/346/312 338/344/311 324/329/297
f 340/347/313 339/346/312 325/331/298
f 341/348/314 340/347/313 326/332/299
f 342/349/315 341/348/314 327/333/300
f 343/350/316 342/349/315 328/334/301
f 330/336/303 344/351/317 343/350/316
f 331/337/304 345/352/318 344/351/317
f 332/338/305 346/353/319 345/352/318
f 333/339/306 347/354/320 346/353/319
f 334/340/307 348/355/321 347/354/320
f 335/341/308 349/356/322 348/355/321
f 336/343/309 350/358/323 349/356/322
f 351/357/324 364/373/337 350/358/323
f 352/359/325 351/375/324 337/360/310
f 353/361/326 352/359/325 338/344/311
f 354/362/327 353/361/326 339/346/312
f 355/363/328 354/362/327 340/347/313
f 356/364/329 355/363/328 341/348/314
f 357/365/330 356/364/329 342/349/315
f 344/351/317 358/366/331 357/365/330
f 345/352/318 359/367/332 358/366/331
f 346/353/319 360/368/333 359/367/332
f 347/354/320 361/369/334 360/368/333
f 348/355/321 362/370/335 361/369/334
f 349/356/322 363/371/336 362/370/335
f 350/358/323 364/373/337 363/371/336
f 365/372/338 378/388/351 364/373/337
f 366/374/339 365/390/338 351/375/324
f 367/376/340 366/374/339 352/359/325
f 368/377/341 367/376/340 353/361/326
f 369/378/342 368/377/341 354/362/327
f 370/379/343 369/378/342 355/363/328
f 371/380/344 370/379/343 356/364/329
f 358/366/331 372/381/345 371/380/344
f 359/367/332 373/382/346 372/381/345
f 360/368/333 374/383/347 373/382/346
f 361/369/334 375/384/348 374/383/347
f 362/370/335 376/385/349 375/384/348
f 363/371/336 377/386/350 376/385/349
f 364/373/337 378/388/351 377/386/350
f 365/372/338 379/403/352 392/387/365
f 366/374/339 380/391/353 379/389/352
f 367/376/340 381/392/354 380/391/353
f 368/377/341 382/393/355 381/392/354
f 369/378/342 383/394/356 382/393/355
f 370/379/343 384/395/357 383/394/356
f 371/380/344 385/410/358 384/395/357
f 386/396/359 385/410/358 371/380/344
f 387/397/360 386/396/359 372/381/345
f 388/398/361 387/397/360 373/382/346
f 389/399/362 388/398/361 374/383/347
f 390/400/363 389/399/362 375/384/348
f 391/401/364 390/400/363 376/385/349
f 392/387/365 391/401/364 377/386/350
f 393/402/366 406/416/379 392/387/365
f 394/404/367 393/419/366 379/389/352
f 395/405/368 394/404/367 380/391/353
f 396/406/369 395/405/368 381/392/354
f 397/407/370 396/406/369 382/393/355
f 398/408/371 397/407/370 383/394/356
f 399/409/372 398/408/371 384/395/357
f 400/411/373 399/409/372 385/410/358
f 401/412/374 400/411/373 386/396/359
f 402/413/375 401/412/374 387/397/360
f 403/414/376 402/413/375 388/398/361
f 404/415/377 403/414/376 389/399/362
f 391/401/364 405/429/378 404/415/377
f 406/416/379 405/429/378 391/401/364
f 407/417/380 420/433/393 406/416/379
f 408/418/381 407/435/380 393/419/366
f 409/420/382 408/418/381 394/404/367
f 410/421/383 409/420/382 395/405/368
f 411/422/384 410/421/383 396/406/369
f 412/423/385 411/422/384 397/407/370
f 413/424/386 412/423/385 398/408/371
f 400/411/373 414/425/387 413/424/386
f 401/412/374 415/426/388 414/425/387
f 402/413/375 416/427/389 415/426/388
f 403/414/376 417/428/390 416/427/389
f 404/415/377 418/430/391 417/428/390
f 405/429/378 419/431/392 418/430/391
f 406/416/379 420/433/393 419/431/392
f 407/417/380 421/447/394 434/432/407
f 408/418/381 422/436/395 421/434/394
f 409/420/382 423/437/396 422/436/395
f 410/421/383 424/438/397 423/437/396
f 411/422/384 425/439/398 424/438/397
f 412/423/385 426/440/399 425/439/398
f 413/424/386 427/454/400 426/440/399
f 428/441/401 427/454/400 413/424/386
f 429/442/402 428/441/401 414/425/387
f 430/443/403 429/442/402 415/426/388
f 431/444/404 430/443/403 416/427/389
f 432/445/405 431/444/404 417/428/390
f 433/446/406 432/445/405 418/430/391
f 434/432/407 433/446/406 419/431/392
f 421/447/394 435/462/408 448/448/421
f 422/436/395 436/450/409 435/449/408
f 423/437/396 437/451/410 436/450/409
f 424/438/397 438/452/411 437/451/410
f 425/439/398 439/453/412 438/452/411
f 426/440/399 440/455/413 439/453/412
f 427/454/400 441/469/414 440/455/413
f 442/456/415 441/469/414 427/454/400
f 443/457/416 442/456/415 428/441/401
f 444/458/417 443/457/416 429/442/402
f 445/459/418 444/458/417 430/443/403
f 446/460/419 445/459/418 431/444/404
f 447/461/420 446/460/419 432/445/405
f 448/448/421 447/461/420 433/446/406
f 435/462/408 449/477/422 462/463/435
f 436/450/409 450/465/423 449/464/422
f 437/451/410 451/466/424 450/465/423
f 438/452/411 452/467/425 451/466/424
f 439/453/412 453/468/426 452/467/425
f 440/455/413 454/470/427 453/468/426
f 441/469/414 455/484/428 454/470/427
f 456/471/429 455/484/428 441/469/414
f 457/472/430 456/471/429 442/456/415
f 458/473/431 457/472/430 443/457/416
f 459/474/432 458/473/431 444/458/417
f 460/475/433 459/474/432 445/459/418
f 461/476/434 460/475/433 446/460/419
f 462/463/435 461/476/434 447/461/420
f 449/477/422 463/492/436 476/478/449
f 450/465/423 464/480/437 463/479/436
f 451/466/424 465/481/438 464/480/437
f 452/467/425 466/482/439 465/481/438
f 453/468/426 467/483/440 466/482/439
f 454/470/427 468/485/441 467/483/440
f 455/484/428 469/499/442 468/485/441
f 470/486/443 469/499/442 455/484/428
f 471/487/444 470/486/443 456/471/429
f 472/488/445 471/487/444 457/472/430
f 473/489/446 472/488/445 458/473/431
f 474/490/447 473/489/446 459/474/432
f 475/491/448 474/490/447 460/475/433
f 476/478/449 475/491/448 461/476/434
f 463/492/436 477/507/450 490/493/463
f 464/480/437 478/495/451 477/494/450
f 465/481/438 479/496/452 478/495/451
f 466/482/439 480/497/453 479/496/452
f 467/483/440 481/498/454 480/497/453
f 468/485/441 482/500/455 481/498/454
f 469/499/442 483/514/456 482/500/455
f 484/501/457 483/514/456 469/499/442
f 485/502/458 484/501/457 470/486/443
f 486/503/459 485/502/458 471/487/444
f 487/504/460 486/503/459 472/488/445
f 488/505/461 487/504/460 473/489/446
f 489/506/462 488/505/461 474/490/447
f 490/493/463 489/506/462 475/491/448
f 477/507/450 491/522/464 504/508/477
f 478/495/451 492/510/465 491/509/464
f 479/496/452 493/511/466 492/510/465
f 480/497/453 494/512/467 493/511/466
f 481/498/454 495/513/468 494/512/467
f 482/500/455 496/515/469 495/513/468
f 483/514/456 497/529/470 496/515/469
f 498/516/471 497/529/470 483/514/456
f 499/517/472 498/516/471 484/501/457
f 500/518/473 499/517/472 485/502/458
f 501/519/474 500/518/473 486/503/459
f 502/520/475 501/519/474 487/504/460
f 503/521/476 502/520/475 488/505/461
f 504/508/477 503/521/476 489/506/462
f 491/522/464 505/537/478 518/523/491
f 492/510/465 506/525/479 505/524/478
f 493/511/466 507/526/480 506/525/479
f 494/512/467 508/527/481 507/526/480
f 495/513/468 509/528/482 508/527/481
f 496/515/469 510/530/483 509/528/482
f 497/529/470 511/544/484 510/530/483
f 512/531/485 511/544/484 497/529/470
f 513/532/486 512/531/485 498/516/471
f 514/533/487 513/532/486 499/517/472
f 515/534/488 514/533/487 500/518/473
f 516/535/489 515/534/488 501/519/474
f 517/536/490 516/535/489 502/520/475
f 518/523/491 517/536/490 503/521/476
f 505/537/478 519/552/492 532/538/505
f 506/525/479 520/540/493 519/539/492
f 507/526/480 521/541/494 520/540/493
f 508/527/481 522/542/495 521/541/494
f 509/528/482 523/543/496 522/542/495
f 510/530/483 524/545/497 523/543/496
f 511/544/484 525/559/498 524/545/497
f 526/546/499 525/559/498 511/544/484
f 527/547/500 526/546/499 512/531/485
f 528/548/501 527/547/500 513/532/486
f 529/549/502 528/548/501 514/533/487
f 530/550/503 529/549/502 515/534/488
f 531/551/504 530/550/503 516/535/489
f 532/538/505 531/551/504 517/536/490
f 519/552/492 533/567/506 546/553/519
f 520/540/493 534/555/507 533/554/506
f 521/541/494 535/556/508 534/555/507
f 522/542/495 536/557/509 535/556/508
f 523/543/496 537/558/510 536/557/509
f 524/545/497 538/560/511 537/558/510
f 525/559/498 539/574/512 538/560/511
f 540/561/513 539/574/512 525/559/498
f 541/562/514 540/561/513 526/546/499
f 542/563/515 541/562/514 527/547/500
f 543/564/516 542/563/515 528/548/501
f 544/565/517 543/564/516 529/549/502
f 545/566/518 544/565/517 530/550/503
f 546/553/519 545/566/518 531/551/504
f 533/567/506 547/582/520 560/568/533
f 534/555/507 548/570/521 547/569/520
f 535/556/508 549/571/522 548/570/521
f 536/557/509 550/572/523 549/571/522
f 537/558/510 551/573/524 550/572/523
f 538/560/511 552/575/525 551/573/524
f 539/574/512 553/589/526 552/575/525
f 554/576/527 553/589/526 539/574/512
f 555/577/528 554/576/527 540/561/513
f 556/578/529 555/577/528 541/562/514
f 557/579/530 556/578/529 542/563/515
f 558/580/531 557/579/530 543/564/516
f 559/581/532 558/580/531 544/565/517
f 560/568/533 559/581/532 545/566/518
f 547/582/520 561/597/534 574/583/547
f 548/570/521 562/585/535 561/584/534
f 549/571/522 563/586/536 562/585/535
f 550/572/523 564/587/537 563/586/536
f 551/573/524 565/588/538 564/587/537
f 552/575/525 566/590/539 565/588/538
f 553/589/526 567/604/540 566/590/539
f 568/591/541 567/604/540 553/589/526
f 569/592/542 568/591/541 554/576/527
f 570/593/543 569/592/542 555/577/528
f 571/594/544 570/593/543 556/578/529
f 572/595/545 571/594/544 557/579/530
f 573/596/546 572/595/545 558/580/531
f 574/583/547 573/596/546 559/581/532
f 561/597/534 575/612/548 588/598/561
f 562/585/535 576/600/549 575/599/548
f 563/586/536 577/601/550 576/600/549
f 564/587/537 578/602/551 577/601/550
f 565/588/538 579/603/552 578/602/551
f 566/590/539 580/605/553 579/603/552
f 567/604/540 581/619/554 580/605/553
f 582/606/555 581/619/554 567/604/540
f 583/607/556 582/606/555 568/591/541
f 584/608/557 583/607/556 569/592/542
f 585/609/558 584/608/557 570/593/543
f 586/610/559 585/609/558 571/594/544
f 587/611/560 586/610/559 572/595/545
f 588/598/561 587/611/560 573/596/546
f 575/612/548 589/627/562 602/613/575
f 576/600/549 590/615/563 589/614/562
f 577/601/550 591/616/564 590/615/563
f 578/602/551 592/617/565 591/616/564
f 579/603/552 593/618/566 592/617/565
f 580/605/553 594/620/567 593/618/566
f 581/619/554 595/634/568 594/620/567
f 596/621/569 595/634/568 581/619/554
f 597/622/570 596/621/569 582/606/555
f 598/623/571 597/622/570 583/607/556
f 599/624/572 598/623/571 584/608/557
f 600/625/573 599/624/572 585/609/558
f 601/626/574 600/625/573 586/610/559
f 602/613/575 601/626/574 587/611/560
f 589/627/562 603/642/576 616/628/589
f 590/615/563 604/630/577 603/629/576
f 591/616/564 605/631/578 604/630/577
f 592/617/565 606/632/579 605/631/578
f 593/618/566 607/633/580 606/632/579
f 594/620/567 608/635/581 607/633/580
f 595/634/568 609/649/582 608/635/581
f 610/636/583 609/649/582 595/634/568
f 611/637/584 610/636/583 596/621/569
f 612/638/585 611/637/584 597/622/570
f 613/639/586 612/638/585 598/623/571
f 614/640/587 613/639/586 599/624/572
f 615/641/588 614/640/587 600/625/573
f 616/628/589 615/641/588 601/626/574
f 603/642/576 617/657/590 630/643/603
f 604/630/577 618/645/591 617/644/590
f 605/631/578 619/646/592 618/645/591
f 606/632/579 620/647/593 619/646/592
f 607/633/580 621/648/594 620/647/593
f 608/635/581 622/650/595 621/648/594
f 609/649/582 623/664/596 622/650/595
f 624/651/597 623/664/596 609/649/582
f 625/652/598 624/651/597 610/636/583
f 626/653/599 625/652/598 611/637/584
f 627/654/600 626/653/599 612/638/585
f 628/655/601 627/654/600 613/639/586
f 629/656/602 628/655/601 614/640/587
f 630/643/603 629/656/602 615/641/588
f 617/657/590 631/672/604 644/658/617
f 618/645/591 632/660/605 631/659/604
f 619/646/592 633/661/606 632/660/605
f 620/647/593 634/662/607 633/661/606
f 621/648/594 635/663/608 634/662/607
f 622/650/595 636/665/609 635/663/608
f 623/664/596 637/679/610 636/665/609
f 638/666/611 637/679/610 623/664/596
f 639/667/612 638/666/611 624/651/597
f 640/668/613 639/667/612 625/652/598
f 641/669/614 640/668/613 626/653/599
f 642/670/615 641/669/614 627/654/600
f 643/671/616 642/670/615 628/655/601
f 644/658/617 643/671/616 629/656/602
f 631/672/604 645/687/618 658/673/631
f 632/660/605 646/675/619 645/674/618
f 633/661/606 647/676/620 646/675/619
f 634/662/607 648/677/621 647/676/620
f 635/663/608 649/678/622 648/677/621
f 636/665/609 650/680/623 649/678/622
f 637/679/610 651/694/624 650/680/623
f 652/681/625 651/694/624 637/679/610
f 653/682/626 652/681/625 638/666/611
f 654/683/627 653/682/626 639/667/612
f 655/684/628 654/683/627 640/668/613
f 656/685/629 655/684/628 641/669/614
f 657/686/630 656/685/629 642/670/615
f 658/673/631 657/686/630 643/671/616
f 645/687/618 659/702/632 672/688/645
f 646/675/619 660/690/633 659/689/632
f 647/676/620 661/691/634 660/690/633
f 648/677/621 662/692/635 661/691/634
f 649/678/622 663/693/636 662/692/635
f 650/680/623 664/695/637 663/693/636
f 651/694/624 665/709/638 664/695/637
f 666/696/639 665/709/638 651/694/624
f 667/697/640 666/696/639 652/681/625
f 668/698/641 667/697/640 653/682/626
f 669/699/642 668/698/641 654/683/627
f 670/700/643 669/699/642 655/684/628
f 671/701/644 670/700/643 656/685/629
f 672/688/645 671/701/644 657/686/630
f 659/702/632 673/717/646 686/703/659
f 660/690/633 674/705/647 673/704/646
f 661/691/634 675/706/648 674/705/647
f 662/692/635 676/707/649 675/706/648
f 663/693/636 677/708/650 676/707/649
f 664/695/637 678/710/651 677/708/650
f 665/709/638 679/724/652 678/710/651
f 680/711/653 679/724/652 665/709/638
f 681/712/654 680/711/653 666/696/639
f 682/713/655 681/712/654 667/697/640
f 683/714/656 682/713/655 668/698/641
f 684/715/657 683/714/656 669/699/642
f 685/716/658 684/715/657 670/700/643
f 686/703/659 685/716/658 671/701/644
f 673/717/646 687/732/660 700/718/673
f 674/705/647 688/720/661 687/719/660
f 675/706/648 689/721/662 688/720/661
f 676/707/649 690/722/663 689/721/662
f 677/708/650 691/723/664 690/722/663
f 678/710/651 692/725/665 691/723/664
f 679/724/652 693/739/666 692/725/665
f 694/726/667 693/739/666 679/724/652
f 695/727/668 694/726/667 680/711/653
f 696/728/669 695/727/668 681/712/654
f 697/729/670 696/728/669 682/713/655
f 698/730/671 697/729/670 683/714/656
f 699/731/672 698/730/671 684/715/657
f 700/718/673 699/731/672 685/716/658
f 687/732/660 701/747/674 714/733/687
f 688/720/661 702/735/675 701/734/674
f 689/721/662 703/736/676 702/735/675
f 690/722/663 704/737/677 703/736/676
f 691/723/664 705/738/678 704/737/677
f 692/725/665 706/740/679 705/738/678
f 693/739/666 707/754/680 706/740/679
f 708/741/681 707/754/680 693/739/666
f 709/742/682 708/741/681 694/726/667
f 710/743/683 709/742/682 695/727/668
f 711/744/684 710/743/683 696/728/669
f 712/745/685 711/744/684 697/729/670
f 713/746/686 712/745/685 698/730/671
f 714/733/687 713/746/686 699/731/672
f 701/747/674 715/762/688 728/748/701
f 702/735/675 716/750/689 715/749/688
f 703/736/676 717/751/690 716/750/689
f 704/737/677 718/752/691 717/751/690
f 705/738/678 719/753/692 718/752/691
f 706/740/679 720/755/693 719/753/692
f 707/754/680 721/769/694 720/755/693
f 722/756/695 721/769/694 707/754/680
f 723/757/696 722/756/695 708/741/681
f 724/758/697 723/757/696 709/742/682
f 725/759/698 724/758/697 710/743/683
f 726/760/699 725/759/698 711/744/684
f 727/761/700 726/760/699 712/745/685
f 728/748/701 727/761/700 713/746/686
f 715/762/688 729/777/702 742/763/715
f 716/750/689 730/765/703 729/764/702
f 717/751/690 731/766/704 730/765/703
f 718/752/691 732/767/705 731/766/704
f 719/753/692 733/768/706 732/767/705
f 720/755/693 734/770/707 733/768/706
f 721/769/694 735/783/708 734/770/707
f 736/771/709 735/783/708 721/769/694
f 737/772/710 736/771/709 722/756/695
f 738/773/711 737/772/710 723/757/696
f 739/774/712 738/773/711 724/758/697
f 740/775/713 739/774/712 725/759/698
f 741/776/714 740/775/713 726/760/699
f 742/763/715 741/776/714 727/761/700
f 729/777/702 743/791/7 756/778/8
f 730/765/703 744/779/6 743/7/7
f 731/766/704 745/780/5 744/779/6
f 732/767/705 746/781/4 745/780/5
f 733/768/706 747/782/3 746/781/4
f 734/770/707 748/784/2 747/782/3
f 735/783/708 749/792/15 748/784/2
f 750/785/14 749/792/15 735/783/708
f 751/786/13 750/785/14 736/771/709
f 752/787/12 751/786/13 737/772/710
f 753/788/11 752/787/12 738/773/711
f 754/789/10 753/788/11 739/774/712
f 755/790/9 754/789/10 740/775/713
f 756/778/8 755/790/9 741/776/714
o front_foot_plug_-1
v -0.280000 -0.372319 0.017787
v -0.280000 -0.366175 0.026301
v -0.283058 -0.372075 0.017611
v -0.283058 -0.365930 0.026125
v -0.285999 -0.371352 0.017089
v -0.285999 -0.365207 0.025603
v -0.288709 -0.370177 0.016241
v -0.288709 -0.364033 0.024755
v -0.291084 -0.368596 0.015100
v -0.291084 -0.362452 0.023615
v -0.293033 -0.366670 0.013710
v -0.293033 -0.360526 0.022225
v -0.294482 -0.364473 0.012124
v -0.294482 -0.358328 0.020639
v -0.295374 -0.362088 0.010404
v -0.295374 -0.355944 0.018918
v -0.295675 -0.359608 0.008614
v -0.295675 -0.353464 0.017129
v -0.295374 -0.357129 0.006825
v -0.295374 -0.350984 0.015339
v -0.294482 -0.354744 0.005104
v -0.294482 -0.348600 0.013618
v -0.293033 -0.352547 0.003518
v -0.293033 -0.346402 0.012032
v -0.291084 -0.350620 0.002128
v -0.291084 -0.344476 0.010642
v -0.288709 -0.349040 0.000987
v -0.288709 -0.342895 0.009502
v -0.285999 -0.347865 0.000140
v -0.285999 -0.341721 0.008654
v -0.283058 -0.347142 -0.000382
v -0.283058 -0.340997 0.008132
v -0.280000 -0.346897 -0.000559
v -0.280000 -0.340753 0.007956
v -0.276942 -0.347142 -0.000382
v -0.276942 -0.340997 0.008132
v -0.274001 -0.347865 0.000140
v -0.274001 -0.341721 0.008654
v -0.271291 -0.349040 0.000987
v -0.271291 -0.342895 0.009502
v -0.268916 -0.350620 0.002128
v -0.268916 -0.344476 0.010642
v -0.266967 -0.352547 0.003518
v -0.266967 -0.346402 0.012032
v -0.265518 -0.354744 0.005104
v -0.265518 -0.348600 0.013618
v -0.264626 -0.357129 0.006825
v -0.264626 -0.350984 0.015339
v -0.264325 -0.359608 0.008614
v -0.264325 -0.353464 0.017129
v -0.264626 -0.362088 0.010404
v -0.264626 -0.355944 0.018918
v -0.265518 -0.364473 0.012124
v -0.265518 -0.358328 0.020639
v -0.266967 -0.366670 0.013710
v -0.266967 -0.360526 0.022225
v -0.268916 -0.368596 0.015100
v -0.268916 -0.362452 0.023615
v -0.271291 -0.370177 0.016241
v -0.271291 -0.364033 0.024755
v -0.274001 -0.371352 0.017089
v -0.274001 -0.365207 0.025603
v -0.276942 -0.372075 0.017611
v -0.276942 -0.365930 0.026125
vn -0.6561 0.0790 0.7505
vn -0.0100 -0.6251 -0.7805
vn 0.0001 -0.6508 -0.7593
vn -0.0171 0.5513 0.8342
vn -0.0153 -0.6146 -0.7887
vn -0.0222 0.5579 0.8296
vn -0.0437 -0.6364 -0.7701
vn -0.0363 0.5552 0.8309
vn -0.0590 -0.6310 -0.7736
vn -0.0426 -0.6075 -0.7932
vn -0.0553 0.5656 0.8228
vn -0.0771 -0.6090 -0.7894
vn -0.0461 -0.5920 -0.8046
vn -0.0512 0.5845 0.8098
vn -0.0834 -0.5832 -0.8081
vn -0.0502 -0.5763 -0.8157
vn -0.0563 0.6027 0.7960
vn -0.0369 -0.5724 -0.8192
vn -0.0114 0.5914 0.8063
vn -0.0855 -0.5358 -0.8400
vn -0.0282 -0.5619 -0.8268
vn -0.2591 0.4776 0.8395
vn -0.0416 -0.5331 -0.8450
vn -0.2635 0.4936 0.8288
vn -0.0053 -0.5749 -0.8182
vn -0.0026 0.5961 0.8029
vn -0.0113 -0.5380 -0.8429
vn -0.0000 -0.5740 -0.8189
vn 0.0030 0.5960 0.8030
vn 0.0210 -0.4960 -0.8681
vn 0.0052 -0.5748 -0.8182
vn 0.0077 0.5944 0.8042
vn 0.0571 -0.5127 -0.8566
vn 0.0282 -0.5618 -0.8268
vn -0.1039 0.7719 0.6272
vn 0.0622 -0.5498 -0.8330
vn -0.0847 0.7760 0.6250
vn 0.0368 -0.5723 -0.8192
vn 0.0069 0.7884 0.6152
vn 0.0596 -0.5745 -0.8163
vn 0.0226 0.7860 0.6178
vn 0.0399 -0.5847 -0.8103
vn 0.1096 0.7699 0.6286
vn 0.0502 -0.5925 -0.8040
vn 0.0562 0.5652 0.8231
vn 0.0369 -0.5971 -0.8013
vn 0.0114 0.5789 0.8153
vn 0.0855 -0.6284 -0.7732
vn 0.0282 -0.6076 -0.7938
vn 0.2588 0.6462 0.7179
vn 0.0416 -0.6340 -0.7722
vn 0.2635 0.6310 0.7296
vn 0.0153 -0.6146 -0.7887
vn 0.8277 0.5463 -0.1284
vn 0.2793 0.5563 0.7827
vn 0.0065 -0.6113 -0.7914
vn -0.0165 0.5168 0.8559
vn -0.0694 0.5456 0.8352
vn -0.0818 0.5700 0.8176
vn -0.0819 0.5961 0.7987
vn -0.0393 0.6591 0.7510
vn 0.0001 0.6692 0.7430
vn 0.0818 0.5698 0.8177
vn 0.0163 0.5168 0.8559
vt 1.000000 1.000000
vt 0.968750 0.500000
vt 1.000000 0.500000
vt 0.937500 1.000000
vt 0.937500 0.500000
vt 0.906250 1.000000
vt 0.906250 0.500000
vt 0.875000 1.000000
vt 0.875000 0.500000
vt 0.843750 0.500000
vt 0.812500 1.000000
vt 0.812500 0.500000
vt 0.781250 0.500000
vt 0.750000 1.000000
vt 0.750000 0.500000
vt 0.718750 0.500000
vt 0.687500 1.000000
vt 0.687500 0.500000
vt 0.656250 1.000000
vt 0.656250 0.500000
vt 0.625000 0.500000
vt 0.625000 1.000000
vt 0.593750 0.500000
vt 0.593750 1.000000
vt 0.562500 0.500000
vt 0.531250 1.000000
vt 0.531250 0.500000
vt 0.500000 0.500000
vt 0.468750 1.000000
vt 0.468750 0.500000
vt 0.437500 0.500000
vt 0.406250 1.000000
vt 0.406250 0.500000
vt 0.375000 0.500000
vt 0.375000 1.000000
vt 0.343750 0.500000
vt 0.343750 1.000000
vt 0.312500 0.500000
vt 0.312500 1.000000
vt 0.281250 0.500000
vt 0.281250 1.000000
vt 0.250000 0.500000
vt 0.250000 1.000000
vt 0.218750 0.500000
vt 0.187500 1.000000
vt 0.187500 0.500000
vt 0.156250 1.000000
vt 0.156250 0.500000
vt 0.125000 0.500000
vt 0.125000 1.000000
vt 0.093750 0.500000
vt 0.093750 1.000000
vt 0.062500 0.500000
vt 0.158156 0.028269
vt 0.471731 0.158156
vt 0.341844 0.471731
vt 0.062500 1.000000
vt 0.031250 0.500000
vt 0.000000 1.000000
vt 0.000000 0.500000
vt 0.796822 0.014612
vt 0.514612 0.203178
vt 0.703178 0.485388
vt 0.968750 1.000000
vt 0.843750 1.000000
vt 0.781250 1.000000
vt 0.718750 1.000000
vt 0.562500 1.000000
vt 0.500000 1.000000
vt 0.437500 1.000000
vt 0.218750 1.000000
vt 0.296822 0.485388
vt 0.250000 0.490000
vt 0.203178 0.485388
vt 0.158156 0.471731
vt 0.116663 0.449553
vt 0.080294 0.419706
vt 0.050447 0.383337
vt 0.028269 0.341844
vt 0.014612 0.296822
vt 0.010000 0.250000
vt 0.014612 0.203178
vt 0.028269 0.158156
vt 0.050447 0.116663
vt 0.080294 0.080294
vt 0.116663 0.050447
vt 0.203178 0.014612
vt 0.250000 0.010000
vt 0.296822 0.014612
vt 0.341844 0.028269
vt 0.383337 0.050447
vt 0.419706 0.080294
vt 0.449553 0.116663
vt 0.485388 0.203178
vt 0.490000 0.250000
vt 0.485388 0.296822
vt 0.471731 0.341844
vt 0.449553 0.383337
vt 0.419706 0.419706
vt 0.383337 0.449553
vt 0.031250 1.000000
vt 0.750000 0.490000
vt 0.796822 0.485388
vt 0.841844 0.471731
vt 0.883337 0.449553
vt 0.919706 0.419706
vt 0.949553 0.383337
vt 0.971731 0.341844
vt 0.985388 0.296822
vt 0.990000 0.250000
vt 0.985388 0.203178
vt 0.971731 0.158156
vt 0.949553 0.116663
vt 0.919706 0.080294
vt 0.883337 0.050447
vt 0.841844 0.028269
vt 0.750000 0.010000
vt 0.703178 0.014612
vt 0.658156 0.028269
vt 0.616663 0.050447
vt 0.580294 0.080294
vt 0.550447 0.116663
vt 0.528269 0.158156
vt 0.510000 0.250000
vt 0.514612 0.296822
vt 0.528269 0.341844
vt 0.550447 0.383337
vt 0.580294 0.419706
vt 0.616663 0.449553
vt 0.658156 0.471731
s 1
usemtl black_foot_plugs
f 758/793/716 759/794/717 757/795/718
f 759/794/717 762/796/719 761/797/720
f 761/797/720 764/798/721 763/799/722
f 763/799/722 766/800/723 765/801/724
f 766/800/723 767/802/725 765/801/724
f 767/802/725 770/803/726 769/804/727
f 770/803/726 771/805/728 769/804/727
f 771/805/728 774/806/729 773/807/730
f 774/806/729 775/808/731 773/807/730
f 775/808/731 778/809/732 777/810/733
f 777/810/733 780/811/734 779/812/735
f 780/811/734 781/813/736 779/812/735
f 782/814/737 783/815/738 781/813/736
f 784/816/739 785/817/740 783/815/738
f 785/817/740 788/818/741 787/819/742
f 788/818/741 789/820/743 787/819/742
f 789/820/743 792/821/744 791/822/745
f 792/821/744 793/823/746 791/822/745
f 793/823/746 796/824/747 795/825/748
f 796/824/747 797/826/749 795/825/748
f 798/827/750 799/828/751 797/826/749
f 800/829/752 801/830/753 799/828/751
f 802/831/754 803/832/755 801/830/753
f 804/833/756 805/834/757 803/832/755
f 806/835/758 807/836/759 805/834/757
f 807/836/759 810/837/760 809/838/761
f 809/838/761 812/839/762 811/840/763
f 812/839/762 813/841/764 811/840/763
f 814/842/765 815/843/766 813/841/764
f 816/844/767 817/845/768 815/843/766
f 794/846/769 778/847/732 762/848/719
f 818/849/770 819/850/771 817/845/768
f 819/850/771 758/851/716 757/852/718
f 787/853/742 803/854/755 819/855/771
f 758/793/716 760/856/772 759/794/717
f 759/794/717 760/856/772 762/796/719
f 761/797/720 762/796/719 764/798/721
f 763/799/722 764/798/721 766/800/723
f 766/800/723 768/857/773 767/802/725
f 767/802/725 768/857/773 770/803/726
f 770/803/726 772/858/774 771/805/728
f 771/805/728 772/858/774 774/806/729
f 774/806/729 776/859/775 775/808/731
f 775/808/731 776/859/775 778/809/732
f 777/810/733 778/809/732 780/811/734
f 780/811/734 782/814/737 781/813/736
f 782/814/737 784/816/739 783/815/738
f 784/816/739 786/860/776 785/817/740
f 785/817/740 786/860/776 788/818/741
f 788/818/741 790/861/777 789/820/743
f 789/820/743 790/861/777 792/821/744
f 792/821/744 794/862/769 793/823/746
f 793/823/746 794/862/769 796/824/747
f 796/824/747 798/827/750 797/826/749
f 798/827/750 800/829/752 799/828/751
f 800/829/752 802/831/754 801/830/753
f 802/831/754 804/833/756 803/832/755
f 804/833/756 806/835/758 805/834/757
f 806/835/758 808/863/778 807/836/759
f 807/836/759 808/863/778 810/837/760
f 809/838/761 810/837/760 812/839/762
f 812/839/762 814/842/765 813/841/764
f 814/842/765 816/844/767 815/843/766
f 816/844/767 818/849/770 817/845/768
f 762/848/719 760/864/772 758/865/716
f 758/865/716 820/866/779 818/867/770
f 818/867/770 816/868/767 814/869/765
f 814/869/765 812/870/762 810/871/760
f 810/871/760 808/872/778 806/873/758
f 806/873/758 804/874/756 802/875/754
f 802/875/754 800/876/752 798/877/750
f 798/877/750 796/878/747 794/846/769
f 794/846/769 792/879/744 790/880/777
f 790/880/777 788/881/741 786/882/776
f 786/882/776 784/883/739 782/884/737
f 782/884/737 780/885/734 778/847/732
f 778/847/732 776/886/775 774/887/729
f 774/887/729 772/888/774 770/889/726
f 770/889/726 768/890/773 766/891/723
f 766/891/723 764/892/721 762/848/719
f 762/848/719 758/865/716 818/867/770
f 818/867/770 814/869/765 810/871/760
f 810/871/760 806/873/758 802/875/754
f 802/875/754 798/877/750 794/846/769
f 794/846/769 790/880/777 786/882/776
f 786/882/776 782/884/737 778/847/732
f 778/847/732 774/887/729 770/889/726
f 770/889/726 766/891/723 762/848/719
f 762/848/719 818/867/770 810/871/760
f 810/871/760 802/875/754 794/846/769
f 794/846/769 786/882/776 778/847/732
f 778/847/732 770/889/726 762/848/719
f 762/848/719 810/871/760 794/846/769
f 818/849/770 820/893/779 819/850/771
f 819/850/771 820/893/779 758/851/716
f 819/855/771 757/894/718 759/895/717
f 759/895/717 761/896/720 763/897/722
f 763/897/722 765/898/724 767/899/725
f 767/899/725 769/900/727 771/901/728
f 771/901/728 773/902/730 775/903/731
f 775/903/731 777/904/733 779/905/735
f 779/905/735 781/906/736 783/907/738
f 783/907/738 785/908/740 787/853/742
f 787/853/742 789/909/743 791/910/745
f 791/910/745 793/911/746 795/912/748
f 795/912/748 797/913/749 799/914/751
f 799/914/751 801/915/753 803/854/755
f 803/854/755 805/916/757 807/917/759
f 807/917/759 809/918/761 811/919/763
f 811/919/763 813/920/764 815/921/766
f 815/921/766 817/922/768 819/855/771
f 819/855/771 759/895/717 763/897/722
f 763/897/722 767/899/725 771/901/728
f 771/901/728 775/903/731 779/905/735
f 779/905/735 783/907/738 787/853/742
f 787/853/742 791/910/745 795/912/748
f 795/912/748 799/914/751 803/854/755
f 803/854/755 807/917/759 811/919/763
f 811/919/763 815/921/766 819/855/771
f 819/855/771 763/897/722 771/901/728
f 771/901/728 779/905/735 787/853/742
f 787/853/742 795/912/748 803/854/755
f 803/854/755 811/919/763 819/855/771
f 819/855/771 771/901/728 787/853/742
o rear_hinge_-1
v -0.295697 0.085206 0.635200
v -0.261250 0.085206 0.635200
v -0.295697 0.086802 0.635074
v -0.261250 0.086802 0.635074
v -0.295697 0.088358 0.634701
v -0.261250 0.088358 0.634701
v -0.295697 0.089837 0.634088
v -0.261250 0.089837 0.634088
v -0.295697 0.091202 0.633252
v -0.261250 0.091202 0.633252
v -0.295697 0.092419 0.632212
v -0.261250 0.092419 0.632213
v -0.295697 0.093458 0.630995
v -0.261250 0.093458 0.630995
v -0.295697 0.094294 0.629631
v -0.261250 0.094294 0.629631
v -0.295697 0.094907 0.628152
v -0.261250 0.094907 0.628152
v -0.295697 0.095281 0.626596
v -0.261250 0.095281 0.626596
v -0.295697 0.095406 0.625000
v -0.261250 0.095406 0.625000
v -0.295697 0.095281 0.623404
v -0.261250 0.095281 0.623404
v -0.295697 0.094907 0.621848
v -0.261250 0.094907 0.621848
v -0.295697 0.094294 0.620369
v -0.261250 0.094294 0.620369
v -0.295697 0.093458 0.619005
v -0.261250 0.093458 0.619005
v -0.295697 0.092419 0.617787
v -0.261250 0.092419 0.617788
v -0.295697 0.091202 0.616748
v -0.261250 0.091202 0.616748
v -0.295697 0.089837 0.615912
v -0.261250 0.089837 0.615912
v -0.295697 0.088358 0.615299
v -0.261250 0.088358 0.615299
v -0.295697 0.086802 0.614926
v -0.261250 0.086802 0.614926
v -0.295697 0.085206 0.614800
v -0.261250 0.085206 0.614800
v -0.295697 0.083611 0.614926
v -0.261250 0.083611 0.614926
v -0.295697 0.082054 0.615299
v -0.261250 0.082054 0.615299
v -0.295697 0.080575 0.615912
v -0.261250 0.080575 0.615912
v -0.295697 0.079211 0.616748
v -0.261250 0.079211 0.616748
v -0.295697 0.077994 0.617787
v -0.261250 0.077994 0.617788
v -0.295697 0.076954 0.619005
v -0.261250 0.076954 0.619005
v -0.295697 0.076118 0.620369
v -0.261250 0.076118 0.620369
v -0.295697 0.075505 0.621848
v -0.261250 0.075505 0.621848
v -0.295697 0.075132 0.623404
v -0.261250 0.075132 0.623404
v -0.295697 0.075006 0.625000
v -0.261250 0.075006 0.625000
v -0.295697 0.075132 0.626596
v -0.261250 0.075132 0.626596
v -0.295697 0.075505 0.628152
v -0.261250 0.075505 0.628152
v -0.295697 0.076118 0.629631
v -0.261250 0.076118 0.629631
v -0.295697 0.076954 0.630995
v -0.261250 0.076954 0.630995
v -0.295697 0.077994 0.632212
v -0.261250 0.077994 0.632213
v -0.295697 0.079211 0.633252
v -0.261250 0.079211 0.633252
v -0.295697 0.080575 0.634088
v -0.261250 0.080575 0.634088
v -0.295697 0.082054 0.634701
v -0.261250 0.082054 0.634701
v -0.295697 0.083611 0.635074
v -0.261250 0.083611 0.635074
vn 0.6124 0.4696 0.6359
vn -0.9490 0.0493 0.3113
vn -0.9568 -0.0000 0.2908
vn 0.9561 0.0145 0.2928
vn -0.9568 0.0899 0.2765
vn 0.9522 0.0647 0.2985
vn -0.9473 0.1455 0.2855
vn 0.9561 0.1044 0.2739
vn -0.9568 0.1709 0.2352
vn 0.9483 0.1614 0.2732
vn -0.9490 0.2229 0.2229
vn 0.9561 0.1838 0.2283
vn -0.9568 0.2352 0.1709
vn 0.9466 0.2423 0.2128
vn -0.9497 0.2790 0.1421
vn 0.9561 0.2454 0.1603
vn -0.9568 0.2765 0.0898
vn 0.9483 0.2911 0.1264
vn -0.9490 0.3113 0.0493
vn 0.9561 0.2829 0.0766
vn -0.9568 0.2908 -0.0000
vn 0.9522 0.3039 0.0308
vn -0.9473 0.3165 -0.0501
vn 0.9561 0.2928 -0.0145
vn -0.9568 0.2765 -0.0899
vn 0.9483 0.3097 -0.0690
vn -0.9490 0.2808 -0.1431
vn 0.9561 0.2741 -0.1040
vn -0.9568 0.2352 -0.1709
vn 0.9466 0.2773 -0.1647
vn -0.9555 0.2086 -0.2086
vn 0.9561 0.2283 -0.1838
vn -0.9568 0.1709 -0.2352
vn 0.9483 0.2100 -0.2379
vn -0.9490 0.1431 -0.2809
vn 0.9561 0.1604 -0.2454
vn -0.9568 0.0898 -0.2765
vn 0.9490 0.1257 -0.2891
vn -0.9473 0.0501 -0.3165
vn 0.9561 0.0767 -0.2829
vn -0.9568 -0.0000 -0.2908
vn 0.9483 0.0300 -0.3159
vn -0.9490 -0.0493 -0.3113
vn 0.9561 -0.0145 -0.2928
vn -0.9568 -0.0899 -0.2765
vn 0.9466 -0.0710 -0.3146
vn -0.9497 -0.1421 -0.2790
vn 0.9561 -0.1043 -0.2740
vn -0.9568 -0.1709 -0.2352
vn 0.9483 -0.1614 -0.2732
vn -0.9490 -0.2229 -0.2229
vn 0.9561 -0.1837 -0.2285
vn -0.9568 -0.2352 -0.1709
vn 0.9548 -0.2208 -0.1990
vn -0.9473 -0.2856 -0.1455
vn 0.9561 -0.2454 -0.1604
vn -0.9568 -0.2765 -0.0898
vn 0.9483 -0.2911 -0.1262
vn -0.9490 -0.3113 -0.0493
vn 0.9561 -0.2829 -0.0767
vn -0.9568 -0.2908 -0.0000
vn 0.9466 -0.3211 -0.0296
vn -0.9529 -0.2995 0.0474
vn 0.9561 -0.2928 0.0145
vn -0.9568 -0.2765 0.0899
vn 0.9483 -0.3097 0.0691
vn -0.9490 -0.2808 0.1431
vn 0.9561 -0.2740 0.1043
vn -0.9568 -0.2352 0.1709
vn 0.9490 -0.2715 0.1601
vn -0.9473 -0.2266 0.2266
vn 0.9561 -0.2283 0.1838
vn -0.9568 -0.1709 0.2352
vn 0.9483 -0.2098 0.2380
vn -0.9490 -0.1431 0.2809
vn 0.9561 -0.1604 0.2454
vn -0.9568 -0.0898 0.2765
vn 0.9466 -0.1275 0.2962
vn -0.9529 -0.0474 0.2995
vn 0.5585 -0.5875 0.5856
vt 1.000000 1.000000
vt 0.975000 0.500000
vt 1.000000 0.500000
vt 0.975000 1.000000
vt 0.950000 0.500000
vt 0.950000 1.000000
vt 0.925000 0.500000
vt 0.925000 1.000000
vt 0.900000 0.500000
vt 0.900000 1.000000
vt 0.875000 0.500000
vt 0.875000 1.000000
vt 0.850000 0.500000
vt 0.850000 1.000000
vt 0.825000 0.500000
vt 0.825000 1.000000
vt 0.800000 0.500000
vt 0.800000 1.000000
vt 0.775000 0.500000
vt 0.775000 1.000000
vt 0.750000 0.500000
vt 0.750000 1.000000
vt 0.725000 0.500000
vt 0.725000 1.000000
vt 0.700000 0.500000
vt 0.700000 1.000000
vt 0.675000 0.500000
vt 0.675000 1.000000
vt 0.650000 0.500000
vt 0.650000 1.000000
vt 0.625000 0.500000
vt 0.625000 1.000000
vt 0.600000 0.500000
vt 0.600000 1.000000
vt 0.575000 0.500000
vt 0.575000 1.000000
vt 0.550000 0.500000
vt 0.550000 1.000000
vt 0.525000 0.500000
vt 0.525000 1.000000
vt 0.500000 0.500000
vt 0.500000 1.000000
vt 0.475000 0.500000
vt 0.475000 1.000000
vt 0.450000 0.500000
vt 0.450000 1.000000
vt 0.425000 0.500000
vt 0.425000 1.000000
vt 0.400000 0.500000
vt 0.400000 1.000000
vt 0.375000 0.500000
vt 0.375000 1.000000
vt 0.350000 0.500000
vt 0.350000 1.000000
vt 0.325000 0.500000
vt 0.325000 1.000000
vt 0.300000 0.500000
vt 0.300000 1.000000
vt 0.275000 0.500000
vt 0.275000 1.000000
vt 0.250000 0.500000
vt 0.250000 1.000000
vt 0.225000 0.500000
vt 0.225000 1.000000
vt 0.200000 0.500000
vt 0.200000 1.000000
vt 0.175000 0.500000
vt 0.175000 1.000000
vt 0.150000 0.500000
vt 0.150000 1.000000
vt 0.125000 0.500000
vt 0.125000 1.000000
vt 0.100000 0.500000
vt 0.100000 1.000000
vt 0.075000 0.500000
vt 0.075000 1.000000
vt 0.050000 0.500000
vt 0.055836 0.108932
vt 0.490000 0.250000
vt 0.324164 0.478254
vt 0.050000 1.000000
vt 0.025000 0.500000
vt 0.025000 1.000000
vt 0.000000 0.500000
vt 0.919706 0.080294
vt 0.512955 0.287544
vt 0.712456 0.487045
vt 0.287544 0.487045
vt 0.250000 0.490000
vt 0.212456 0.487045
vt 0.175836 0.478254
vt 0.141042 0.463842
vt 0.108932 0.444164
vt 0.080294 0.419706
vt 0.055836 0.391068
vt 0.036158 0.358958
vt 0.021746 0.324164
vt 0.012955 0.287544
vt 0.010000 0.250000
vt 0.012955 0.212456
vt 0.021746 0.175836
vt 0.036158 0.141042
vt 0.080294 0.080294
vt 0.108932 0.055836
vt 0.141042 0.036158
vt 0.175836 0.021746
vt 0.212456 0.012955
vt 0.250000 0.010000
vt 0.287544 0.012955
vt 0.324164 0.021746
vt 0.358958 0.036158
vt 0.391068 0.055836
vt 0.419706 0.080294
vt 0.444164 0.108932
vt 0.463842 0.141042
vt 0.478254 0.175836
vt 0.487045 0.212456
vt 0.487045 0.287544
vt 0.478254 0.324164
vt 0.463842 0.358958
vt 0.444164 0.391068
vt 0.419706 0.419706
vt 0.391068 0.444164
vt 0.358958 0.463842
vt 0.000000 1.000000
vt 0.750000 0.490000
vt 0.787544 0.487045
vt 0.824164 0.478254
vt 0.858958 0.463842
vt 0.891068 0.444164
vt 0.919706 0.419706
vt 0.944164 0.391068
vt 0.963842 0.358958
vt 0.978254 0.324164
vt 0.987045 0.287544
vt 0.990000 0.250000
vt 0.987045 0.212456
vt 0.978254 0.175836
vt 0.963842 0.141042
vt 0.944164 0.108932
vt 0.891068 0.055836
vt 0.858958 0.036158
vt 0.824164 0.021746
vt 0.787544 0.012955
vt 0.750000 0.010000
vt 0.712456 0.012955
vt 0.675836 0.021746
vt 0.641042 0.036158
vt 0.608932 0.055836
vt 0.580294 0.080294
vt 0.555836 0.108932
vt 0.536158 0.141042
vt 0.521746 0.175836
vt 0.512955 0.212456
vt 0.510000 0.250000
vt 0.521746 0.324164
vt 0.536158 0.358958
vt 0.555836 0.391068
vt 0.580294 0.419706
vt 0.608932 0.444164
vt 0.641042 0.463842
vt 0.675836 0.478254
s 1
usemtl dark_steel_rivets
f 822/923/780 823/924/781 821/925/782
f 824/926/783 825/927/784 823/924/781
f 826/928/785 827/929/786 825/927/784
f 828/930/787 829/931/788 827/929/786
f 830/932/789 831/933/790 829/931/788
f 832/934/791 833/935/792 831/933/790
f 834/936/793 835/937/794 833/935/792
f 836/938/795 837/939/796 835/937/794
f 838/940/797 839/941/798 837/939/796
f 840/942/799 841/943/800 839/941/798
f 842/944/801 843/945/802 841/943/800
f 844/946/803 845/947/804 843/945/802
f 846/948/805 847/949/806 845/947/804
f 848/950/807 849/951/808 847/949/806
f 850/952/809 851/953/810 849/951/808
f 852/954/811 853/955/812 851/953/810
f 854/956/813 855/957/814 853/955/812
f 856/958/815 857/959/816 855/957/814
f 858/960/817 859/961/818 857/959/816
f 860/962/819 861/963/820 859/961/818
f 862/964/821 863/965/822 861/963/820
f 864/966/823 865/967/824 863/965/822
f 866/968/825 867/969/826 865/967/824
f 868/970/827 869/971/828 867/969/826
f 870/972/829 871/973/830 869/971/828
f 872/974/831 873/975/832 871/973/830
f 874/976/833 875/977/834 873/975/832
f 876/978/835 877/979/836 875/977/834
f 878/980/837 879/981/838 877/979/836
f 880/982/839 881/983/840 879/981/838
f 882/984/841 883/985/842 881/983/840
f 884/986/843 885/987/844 883/985/842
f 886/988/845 887/989/846 885/987/844
f 888/990/847 889/991/848 887/989/846
f 890/992/849 891/993/850 889/991/848
f 892/994/851 893/995/852 891/993/850
f 894/996/853 895/997/854 893/995/852
f 896/998/855 897/999/856 895/997/854
f 874/1000/833 842/1001/801 826/1002/785
f 898/1003/857 899/1004/858 897/999/856
f 900/1005/859 821/1006/782 899/1004/858
f 851/1007/810 883/1008/842 899/1009/858
f 822/923/780 824/926/783 823/924/781
f 824/926/783 826/928/785 825/927/784
f 826/928/785 828/930/787 827/929/786
f 828/930/787 830/932/789 829/931/788
f 830/932/789 832/934/791 831/933/790
f 832/934/791 834/936/793 833/935/792
f 834/936/793 836/938/795 835/937/794
f 836/938/795 838/940/797 837/939/796
f 838/940/797 840/942/799 839/941/798
f 840/942/799 842/944/801 841/943/800
f 842/944/801 844/946/803 843/945/802
f 844/946/803 846/948/805 845/947/804
f 846/948/805 848/950/807 847/949/806
f 848/950/807 850/952/809 849/951/808
f 850/952/809 852/954/811 851/953/810
f 852/954/811 854/956/813 853/955/812
f 854/956/813 856/958/815 855/957/814
f 856/958/815 858/960/817 857/959/816
f 858/960/817 860/962/819 859/961/818
f 860/962/819 862/964/821 861/963/820
f 862/964/821 864/966/823 863/965/822
f 864/966/823 866/968/825 865/967/824
f 866/968/825 868/970/827 867/969/826
f 868/970/827 870/972/829 869/971/828
f 870/972/829 872/974/831 871/973/830
f 872/974/831 874/976/833 873/975/832
f 874/976/833 876/978/835 875/977/834
f 876/978/835 878/980/837 877/979/836
f 878/980/837 880/982/839 879/981/838
f 880/982/839 882/984/841 881/983/840
f 882/984/841 884/986/843 883/985/842
f 884/986/843 886/988/845 885/987/844
f 886/988/845 888/990/847 887/989/846
f 888/990/847 890/992/849 889/991/848
f 890/992/849 892/994/851 891/993/850
f 892/994/851 894/996/853 893/995/852
f 894/996/853 896/998/855 895/997/854
f 896/998/855 898/1003/857 897/999/856
f 826/1002/785 824/1010/783 822/1011/780
f 822/1011/780 900/1012/859 898/1013/857
f 898/1013/857 896/1014/855 894/1015/853
f 894/1015/853 892/1016/851 890/1017/849
f 890/1017/849 888/1018/847 886/1019/845
f 886/1019/845 884/1020/843 882/1021/841
f 882/1021/841 880/1022/839 878/1023/837
f 878/1023/837 876/1024/835 874/1000/833
f 874/1000/833 872/1025/831 870/1026/829
f 870/1026/829 868/1027/827 866/1028/825
f 866/1028/825 864/1029/823 862/1030/821
f 862/1030/821 860/1031/819 858/1032/817
f 858/1032/817 856/1033/815 854/1034/813
f 854/1034/813 852/1035/811 850/1036/809
f 850/1036/809 848/1037/807 846/1038/805
f 846/1038/805 844/1039/803 842/1001/801
f 842/1001/801 840/1040/799 838/1041/797
f 838/1041/797 836/1042/795 834/1043/793
f 834/1043/793 832/1044/791 830/1045/789
f 830/1045/789 828/1046/787 826/1002/785
f 826/1002/785 822/1011/780 898/1013/857
f 898/1013/857 894/1015/853 890/1017/849
f 890/1017/849 886/1019/845 882/1021/841
f 882/1021/841 878/1023/837 874/1000/833
f 874/1000/833 870/1026/829 866/1028/825
f 866/1028/825 862/1030/821 858/1032/817
f 858/1032/817 854/1034/813 850/1036/809
f 850/1036/809 846/1038/805 842/1001/801
f 842/1001/801 838/1041/797 834/1043/793
f 834/1043/793 830/1045/789 826/1002/785
f 826/1002/785 898/1013/857 890/1017/849
f 890/1017/849 882/1021/841 874/1000/833
f 874/1000/833 866/1028/825 858/1032/817
f 858/1032/817 850/1036/809 842/1001/801
f 842/1001/801 834/1043/793 826/1002/785
f 826/1002/785 890/1017/849 874/1000/833
f 874/1000/833 858/1032/817 842/1001/801
f 898/1003/857 900/1005/859 899/1004/858
f 900/1005/859 822/1047/780 821/1006/782
f 899/1009/858 821/1048/782 823/1049/781
f 823/1049/781 825/1050/784 827/1051/786
f 827/1051/786 829/1052/788 831/1053/790
f 831/1053/790 833/1054/792 835/1055/794
f 835/1055/794 837/1056/796 839/1057/798
f 839/1057/798 841/1058/800 843/1059/802
f 843/1059/802 845/1060/804 847/1061/806
f 847/1061/806 849/1062/808 851/1007/810
f 851/1007/810 853/1063/812 855/1064/814
f 855/1064/814 857/1065/816 859/1066/818
f 859/1066/818 861/1067/820 863/1068/822
f 863/1068/822 865/1069/824 867/1070/826
f 867/1070/826 869/1071/828 871/1072/830
f 871/1072/830 873/1073/832 875/1074/834
f 875/1074/834 877/1075/836 879/1076/838
f 879/1076/838 881/1077/840 883/1008/842
f 883/1008/842 885/1078/844 887/1079/846
f 887/1079/846 889/1080/848 891/1081/850
f 891/1081/850 893/1082/852 895/1083/854
f 895/1083/854 897/1084/856 899/1009/858
f 899/1009/858 823/1049/781 827/1051/786
f 827/1051/786 831/1053/790 835/1055/794
f 835/1055/794 839/1057/798 843/1059/802
f 843/1059/802 847/1061/806 851/1007/810
f 851/1007/810 855/1064/814 859/1066/818
f 859/1066/818 863/1068/822 867/1070/826
f 867/1070/826 871/1072/830 875/1074/834
f 875/1074/834 879/1076/838 883/1008/842
f 883/1008/842 887/1079/846 891/1081/850
f 891/1081/850 895/1083/854 899/1009/858
f 899/1009/858 827/1051/786 835/1055/794
f 835/1055/794 843/1059/802 851/1007/810
f 851/1007/810 859/1066/818 867/1070/826
f 867/1070/826 875/1074/834 883/1008/842
f 883/1008/842 891/1081/850 899/1009/858
f 899/1009/858 835/1055/794 851/1007/810
f 851/1007/810 867/1070/826 883/1008/842
o seat_hinge_-1
v -0.295697 0.007643 0.527720
v -0.261250 0.007643 0.527720
v -0.295697 0.009239 0.527594
v -0.261250 0.009239 0.527594
v -0.295697 0.010795 0.527221
v -0.261250 0.010795 0.527221
v -0.295697 0.012274 0.526608
v -0.261250 0.012274 0.526608
v -0.295697 0.013639 0.525772
v -0.261250 0.013639 0.525772
v -0.295697 0.014856 0.524732
v -0.261250 0.014856 0.524733
v -0.295697 0.015895 0.523515
v -0.261250 0.015895 0.523515
v -0.295697 0.016732 0.522151
v -0.261250 0.016732 0.522151
v -0.295697 0.017344 0.520672
v -0.261250 0.017344 0.520672
v -0.295697 0.017718 0.519116
v -0.261250 0.017718 0.519116
v -0.295697 0.017843 0.517520
v -0.261250 0.017843 0.517520
v -0.295697 0.017718 0.515924
v -0.261250 0.017718 0.515924
v -0.295697 0.017344 0.514368
v -0.261250 0.017344 0.514368
v -0.295697 0.016732 0.512889
v -0.261250 0.016732 0.512889
v -0.295697 0.015895 0.511525
v -0.261250 0.015895 0.511525
v -0.295697 0.014856 0.510307
v -0.261250 0.014856 0.510308
v -0.295697 0.013639 0.509268
v -0.261250 0.013639 0.509268
v -0.295697 0.012274 0.508432
v -0.261250 0.012274 0.508432
v -0.295697 0.010795 0.507819
v -0.261250 0.010795 0.507819
v -0.295697 0.009239 0.507446
v -0.261250 0.009239 0.507446
v -0.295697 0.007643 0.507320
v -0.261250 0.007643 0.507320
v -0.295697 0.006048 0.507446
v -0.261250 0.006048 0.507446
v -0.295697 0.004491 0.507819
v -0.261250 0.004491 0.507819
v -0.295697 0.003013 0.508432
v -0.261250 0.003013 0.508432
v -0.295697 0.001648 0.509268
v -0.261250 0.001648 0.509268
v -0.295697 0.000431 0.510307
v -0.261250 0.000431 0.510308
v -0.295697 -0.000609 0.511525
v -0.261250 -0.000609 0.511525
v -0.295697 -0.001445 0.512889
v -0.261250 -0.001445 0.512889
v -0.295697 -0.002057 0.514368
v -0.261250 -0.002057 0.514368
v -0.295697 -0.002431 0.515924
v -0.261250 -0.002431 0.515924
v -0.295697 -0.002557 0.517520
v -0.261250 -0.002557 0.517520
v -0.295697 -0.002431 0.519116
v -0.261250 -0.002431 0.519116
v -0.295697 -0.002057 0.520672
v -0.261250 -0.002057 0.520672
v -0.295697 -0.001445 0.522151
v -0.261250 -0.001445 0.522151
v -0.295697 -0.000609 0.523515
v -0.261250 -0.000609 0.523515
v -0.295697 0.000431 0.524732
v -0.261250 0.000431 0.524733
v -0.295697 0.001648 0.525772
v -0.261250 0.001648 0.525772
v -0.295697 0.003013 0.526608
v -0.261250 0.003013 0.526608
v -0.295697 0.004491 0.527221
v -0.261250 0.004491 0.527221
v -0.295697 0.006048 0.527594
v -0.261250 0.006048 0.527594
vn 0.6124 0.4696 0.6359
vn -0.9490 0.0493 0.3113
vn -0.9568 -0.0000 0.2908
vn 0.9561 0.0145 0.2928
vn -0.9568 0.0899 0.2765
vn 0.9522 0.0647 0.2985
vn -0.9473 0.1455 0.2855
vn 0.9561 0.1044 0.2739
vn -0.9568 0.1709 0.2352
vn 0.9483 0.1614 0.2732
vn -0.9490 0.2229 0.2229
vn 0.9561 0.1838 0.2283
vn -0.9568 0.2352 0.1709
vn 0.9466 0.2423 0.2128
vn -0.9497 0.2790 0.1421
vn 0.9561 0.2454 0.1603
vn -0.9568 0.2765 0.0898
vn 0.9483 0.2911 0.1264
vn -0.9490 0.3113 0.0493
vn 0.9561 0.2829 0.0766
vn -0.9568 0.2908 -0.0000
vn 0.9522 0.3039 0.0308
vn -0.9473 0.3165 -0.0501
vn 0.9561 0.2928 -0.0145
vn -0.9568 0.2765 -0.0899
vn 0.9483 0.3097 -0.0690
vn -0.9490 0.2808 -0.1431
vn 0.9561 0.2741 -0.1040
vn -0.9568 0.2352 -0.1709
vn 0.9466 0.2773 -0.1647
vn -0.9555 0.2086 -0.2086
vn 0.9561 0.2283 -0.1838
vn -0.9568 0.1709 -0.2352
vn 0.9483 0.2100 -0.2379
vn -0.9490 0.1431 -0.2809
vn 0.9561 0.1604 -0.2454
vn -0.9568 0.0898 -0.2765
vn 0.9490 0.1257 -0.2891
vn -0.9473 0.0501 -0.3165
vn 0.9561 0.0767 -0.2829
vn -0.9568 -0.0000 -0.2908
vn 0.9483 0.0300 -0.3159
vn -0.9490 -0.0493 -0.3113
vn 0.9561 -0.0145 -0.2928
vn -0.9568 -0.0899 -0.2765
vn 0.9466 -0.0710 -0.3146
vn -0.9497 -0.1421 -0.2790
vn 0.9561 -0.1043 -0.2740
vn -0.9568 -0.1709 -0.2352
vn 0.9483 -0.1614 -0.2732
vn -0.9490 -0.2229 -0.2229
vn 0.9561 -0.1837 -0.2285
vn -0.9568 -0.2352 -0.1709
vn 0.9548 -0.2208 -0.1990
vn -0.9473 -0.2856 -0.1455
vn 0.9561 -0.2454 -0.1604
vn -0.9568 -0.2765 -0.0898
vn 0.9483 -0.2911 -0.1262
vn -0.9490 -0.3113 -0.0493
vn 0.9561 -0.2829 -0.0767
vn -0.9568 -0.2908 -0.0000
vn 0.9466 -0.3211 -0.0296
vn -0.9529 -0.2995 0.0474
vn 0.9561 -0.2928 0.0145
vn -0.9568 -0.2765 0.0899
vn 0.9483 -0.3097 0.0691
vn -0.9490 -0.2808 0.1431
vn 0.9561 -0.2740 0.1043
vn -0.9568 -0.2352 0.1709
vn 0.9490 -0.2715 0.1601
vn -0.9473 -0.2266 0.2266
vn 0.9561 -0.2283 0.1838
vn -0.9568 -0.1709 0.2352
vn 0.9483 -0.2098 0.2380
vn -0.9490 -0.1431 0.2809
vn 0.9561 -0.1604 0.2454
vn -0.9568 -0.0898 0.2765
vn 0.9466 -0.1275 0.2962
vn -0.9529 -0.0474 0.2995
vn 0.5585 -0.5875 0.5856
vt 1.000000 1.000000
vt 0.975000 0.500000
vt 1.000000 0.500000
vt 0.975000 1.000000
vt 0.950000 0.500000
vt 0.950000 1.000000
vt 0.925000 0.500000
vt 0.925000 1.000000
vt 0.900000 0.500000
vt 0.900000 1.000000
vt 0.875000 0.500000
vt 0.875000 1.000000
vt 0.850000 0.500000
vt 0.850000 1.000000
vt 0.825000 0.500000
vt 0.825000 1.000000
vt 0.800000 0.500000
vt 0.800000 1.000000
vt 0.775000 0.500000
vt 0.775000 1.000000
vt 0.750000 0.500000
vt 0.750000 1.000000
vt 0.725000 0.500000
vt 0.725000 1.000000
vt 0.700000 0.500000
vt 0.700000 1.000000
vt 0.675000 0.500000
vt 0.675000 1.000000
vt 0.650000 0.500000
vt 0.650000 1.000000
vt 0.625000 0.500000
vt 0.625000 1.000000
vt 0.600000 0.500000
vt 0.600000 1.000000
vt 0.575000 0.500000
vt 0.575000 1.000000
vt 0.550000 0.500000
vt 0.550000 1.000000
vt 0.525000 0.500000
vt 0.525000 1.000000
vt 0.500000 0.500000
vt 0.500000 1.000000
vt 0.475000 0.500000
vt 0.475000 1.000000
vt 0.450000 0.500000
vt 0.450000 1.000000
vt 0.425000 0.500000
vt 0.425000 1.000000
vt 0.400000 0.500000
vt 0.400000 1.000000
vt 0.375000 0.500000
vt 0.375000 1.000000
vt 0.350000 0.500000
vt 0.350000 1.000000
vt 0.325000 0.500000
vt 0.325000 1.000000
vt 0.300000 0.500000
vt 0.300000 1.000000
vt 0.275000 0.500000
vt 0.275000 1.000000
vt 0.250000 0.500000
vt 0.250000 1.000000
vt 0.225000 0.500000
vt 0.225000 1.000000
vt 0.200000 0.500000
vt 0.200000 1.000000
vt 0.175000 0.500000
vt 0.175000 1.000000
vt 0.150000 0.500000
vt 0.150000 1.000000
vt 0.125000 0.500000
vt 0.125000 1.000000
vt 0.100000 0.500000
vt 0.100000 1.000000
vt 0.075000 0.500000
vt 0.075000 1.000000
vt 0.050000 0.500000
vt 0.055836 0.108932
vt 0.490000 0.250000
vt 0.324164 0.478254
vt 0.050000 1.000000
vt 0.025000 0.500000
vt 0.025000 1.000000
vt 0.000000 0.500000
vt 0.919706 0.080294
vt 0.512955 0.287544
vt 0.712456 0.487045
vt 0.287544 0.487045
vt 0.250000 0.490000
vt 0.212456 0.487045
vt 0.175836 0.478254
vt 0.141042 0.463842
vt 0.108932 0.444164
vt 0.080294 0.419706
vt 0.055836 0.391068
vt 0.036158 0.358958
vt 0.021746 0.324164
vt 0.012955 0.287544
vt 0.010000 0.250000
vt 0.012955 0.212456
vt 0.021746 0.175836
vt 0.036158 0.141042
vt 0.080294 0.080294
vt 0.108932 0.055836
vt 0.141042 0.036158
vt 0.175836 0.021746
vt 0.212456 0.012955
vt 0.250000 0.010000
vt 0.287544 0.012955
vt 0.324164 0.021746
vt 0.358958 0.036158
vt 0.391068 0.055836
vt 0.419706 0.080294
vt 0.444164 0.108932
vt 0.463842 0.141042
vt 0.478254 0.175836
vt 0.487045 0.212456
vt 0.487045 0.287544
vt 0.478254 0.324164
vt 0.463842 0.358958
vt 0.444164 0.391068
vt 0.419706 0.419706
vt 0.391068 0.444164
vt 0.358958 0.463842
vt 0.000000 1.000000
vt 0.750000 0.490000
vt 0.787544 0.487045
vt 0.824164 0.478254
vt 0.858958 0.463842
vt 0.891068 0.444164
vt 0.919706 0.419706
vt 0.944164 0.391068
vt 0.963842 0.358958
vt 0.978254 0.324164
vt 0.987045 0.287544
vt 0.990000 0.250000
vt 0.987045 0.212456
vt 0.978254 0.175836
vt 0.963842 0.141042
vt 0.944164 0.108932
vt 0.891068 0.055836
vt 0.858958 0.036158
vt 0.824164 0.021746
vt 0.787544 0.012955
vt 0.750000 0.010000
vt 0.712456 0.012955
vt 0.675836 0.021746
vt 0.641042 0.036158
vt 0.608932 0.055836
vt 0.580294 0.080294
vt 0.555836 0.108932
vt 0.536158 0.141042
vt 0.521746 0.175836
vt 0.512955 0.212456
vt 0.510000 0.250000
vt 0.521746 0.324164
vt 0.536158 0.358958
vt 0.555836 0.391068
vt 0.580294 0.419706
vt 0.608932 0.444164
vt 0.641042 0.463842
vt 0.675836 0.478254
s 1
usemtl dark_steel_rivets
f 902/1085/860 903/1086/861 901/1087/862
f 904/1088/863 905/1089/864 903/1086/861
f 906/1090/865 907/1091/866 905/1089/864
f 908/1092/867 909/1093/868 907/1091/866
f 910/1094/869 911/1095/870 909/1093/868
f 912/1096/871 913/1097/872 911/1095/870
f 914/1098/873 915/1099/874 913/1097/872
f 916/1100/875 917/1101/876 915/1099/874
f 918/1102/877 919/1103/878 917/1101/876
f 920/1104/879 921/1105/880 919/1103/878
f 922/1106/881 923/1107/882 921/1105/880
f 924/1108/883 925/1109/884 923/1107/882
f 926/1110/885 927/1111/886 925/1109/884
f 928/1112/887 929/1113/888 927/1111/886
f 930/1114/889 931/1115/890 929/1113/888
f 932/1116/891 933/1117/892 931/1115/890
f 934/1118/893 935/1119/894 933/1117/892
f 936/1120/895 937/1121/896 935/1119/894
f 938/1122/897 939/1123/898 937/1121/896
f 940/1124/899 941/1125/900 939/1123/898
f 942/1126/901 943/1127/902 941/1125/900
f 944/1128/903 945/1129/904 943/1127/902
f 946/1130/905 947/1131/906 945/1129/904
f 948/1132/907 949/1133/908 947/1131/906
f 950/1134/909 951/1135/910 949/1133/908
f 952/1136/911 953/1137/912 951/1135/910
f 954/1138/913 955/1139/914 953/1137/912
f 956/1140/915 957/1141/916 955/1139/914
f 958/1142/917 959/1143/918 957/1141/916
f 960/1144/919 961/1145/920 959/1143/918
f 962/1146/921 963/1147/922 961/1145/920
f 964/1148/923 965/1149/924 963/1147/922
f 966/1150/925 967/1151/926 965/1149/924
f 968/1152/927 969/1153/928 967/1151/926
f 970/1154/929 971/1155/930 969/1153/928
f 972/1156/931 973/1157/932 971/1155/930
f 974/1158/933 975/1159/934 973/1157/932
f 976/1160/935 977/1161/936 975/1159/934
f 954/1162/913 922/1163/881 906/1164/865
f 978/1165/937 979/1166/938 977/1161/936
f 980/1167/939 901/1168/862 979/1166/938
f 931/1169/890 963/1170/922 979/1171/938
f 902/1085/860 904/1088/863 903/1086/861
f 904/1088/863 906/1090/865 905/1089/864
f 906/1090/865 908/1092/867 907/1091/866
f 908/1092/867 910/1094/869 909/1093/868
f 910/1094/869 912/1096/871 911/1095/870
f 912/1096/871 914/1098/873 913/1097/872
f 914/1098/873 916/1100/875 915/1099/874
f 916/1100/875 918/1102/877 917/1101/876
f 918/1102/877 920/1104/879 919/1103/878
f 920/1104/879 922/1106/881 921/1105/880
f 922/1106/881 924/1108/883 923/1107/882
f 924/1108/883 926/1110/885 925/1109/884
f 926/1110/885 928/1112/887 927/1111/886
f 928/1112/887 930/1114/889 929/1113/888
f 930/1114/889 932/1116/891 931/1115/890
f 932/1116/891 934/1118/893 933/1117/892
f 934/1118/893 936/1120/895 935/1119/894
f 936/1120/895 938/1122/897 937/1121/896
f 938/1122/897 940/1124/899 939/1123/898
f 940/1124/899 942/1126/901 941/1125/900
f 942/1126/901 944/1128/903 943/1127/902
f 944/1128/903 946/1130/905 945/1129/904
f 946/1130/905 948/1132/907 947/1131/906
f 948/1132/907 950/1134/909 949/1133/908
f 950/1134/909 952/1136/911 951/1135/910
f 952/1136/911 954/1138/913 953/1137/912
f 954/1138/913 956/1140/915 955/1139/914
f 956/1140/915 958/1142/917 957/1141/916
f 958/1142/917 960/1144/919 959/1143/918
f 960/1144/919 962/1146/921 961/1145/920
f 962/1146/921 964/1148/923 963/1147/922
f 964/1148/923 966/1150/925 965/1149/924
f 966/1150/925 968/1152/927 967/1151/926
f 968/1152/927 970/1154/929 969/1153/928
f 970/1154/929 972/1156/931 971/1155/930
f 972/1156/931 974/1158/933 973/1157/932
f 974/1158/933 976/1160/935 975/1159/934
f 976/1160/935 978/1165/937 977/1161/936
f 906/1164/865 904/1172/863 902/1173/860
f 902/1173/860 980/1174/939 978/1175/937
f 978/1175/937 976/1176/935 974/1177/933
f 974/1177/933 972/1178/931 970/1179/929
f 970/1179/929 968/1180/927 966/1181/925
f 966/1181/925 964/1182/923 962/1183/921
f 962/1183/921 960/1184/919 958/1185/917
f 958/1185/917 956/1186/915 954/1162/913
f 954/1162/913 952/1187/911 950/1188/909
f 950/1188/909 948/1189/907 946/1190/905
f 946/1190/905 944/1191/903 942/1192/901
f 942/1192/901 940/1193/899 938/1194/897
f 938/1194/897 936/1195/895 934/1196/893
f 934/1196/893 932/1197/891 930/1198/889
f 930/1198/889 928/1199/887 926/1200/885
f 926/1200/885 924/1201/883 922/1163/881
f 922/1163/881 920/1202/879 918/1203/877
f 918/1203/877 916/1204/875 914/1205/873
f 914/1205/873 912/1206/871 910/1207/869
f 910/1207/869 908/1208/867 906/1164/865
f 906/1164/865 902/1173/860 978/1175/937
f 978/1175/937 974/1177/933 970/1179/929
f 970/1179/929 966/1181/925 962/1183/921
f 962/1183/921 958/1185/917 954/1162/913
f 954/1162/913 950/1188/909 946/1190/905
f 946/1190/905 942/1192/901 938/1194/897
f 938/1194/897 934/1196/893 930/1198/889
f 930/1198/889 926/1200/885 922/1163/881
f 922/1163/881 918/1203/877 914/1205/873
f 914/1205/873 910/1207/869 906/1164/865
f 906/1164/865 978/1175/937 970/1179/929
f 970/1179/929 962/1183/921 954/1162/913
f 954/1162/913 946/1190/905 938/1194/897
f 938/1194/897 930/1198/889 922/1163/881
f 922/1163/881 914/1205/873 906/1164/865
f 906/1164/865 970/1179/929 954/1162/913
f 954/1162/913 938/1194/897 922/1163/881
f 978/1165/937 980/1167/939 979/1166/938
f 980/1167/939 902/1209/860 901/1168/862
f 979/1171/938 901/1210/862 903/1211/861
f 903/1211/861 905/1212/864 907/1213/866
f 907/1213/866 909/1214/868 911/1215/870
f 911/1215/870 913/1216/872 915/1217/874
f 915/1217/874 917/1218/876 919/1219/878
f 919/1219/878 921/1220/880 923/1221/882
f 923/1221/882 925/1222/884 927/1223/886
f 927/1223/886 929/1224/888 931/1169/890
f 931/1169/890 933/1225/892 935/1226/894
f 935/1226/894 937/1227/896 939/1228/898
f 939/1228/898 941/1229/900 943/1230/902
f 943/1230/902 945/1231/904 947/1232/906
f 947/1232/906 949/1233/908 951/1234/910
f 951/1234/910 953/1235/912 955/1236/914
f 955/1236/914 957/1237/916 959/1238/918
f 959/1238/918 961/1239/920 963/1170/922
f 963/1170/922 965/1240/924 967/1241/926
f 967/1241/926 969/1242/928 971/1243/930
f 971/1243/930 973/1244/932 975/1245/934
f 975/1245/934 977/1246/936 979/1171/938
f 979/1171/938 903/1211/861 907/1213/866
f 907/1213/866 911/1215/870 915/1217/874
f 915/1217/874 919/1219/878 923/1221/882
f 923/1221/882 927/1223/886 931/1169/890
f 931/1169/890 935/1226/894 939/1228/898
f 939/1228/898 943/1230/902 947/1232/906
f 947/1232/906 951/1234/910 955/1236/914
f 955/1236/914 959/1238/918 963/1170/922
f 963/1170/922 967/1241/926 971/1243/930
f 971/1243/930 975/1245/934 979/1171/938
f 979/1171/938 907/1213/866 915/1217/874
f 915/1217/874 923/1221/882 931/1169/890
f 931/1169/890 939/1228/898 947/1232/906
f 947/1232/906 955/1236/914 963/1170/922
f 963/1170/922 971/1243/930 979/1171/938
f 979/1171/938 915/1217/874 931/1169/890
f 931/1169/890 947/1232/906 963/1170/922
o front_foot_plug_1
v 0.280000 -0.372319 0.017787
v 0.280000 -0.366175 0.026301
v 0.276942 -0.372075 0.017611
v 0.276942 -0.365930 0.026125
v 0.274001 -0.371352 0.017089
v 0.274001 -0.365207 0.025603
v 0.271291 -0.370177 0.016241
v 0.271291 -0.364033 0.024755
v 0.268916 -0.368596 0.015100
v 0.268916 -0.362452 0.023615
v 0.266967 -0.366670 0.013710
v 0.266967 -0.360526 0.022225
v 0.265518 -0.364473 0.012124
v 0.265518 -0.358328 0.020639
v 0.264626 -0.362088 0.010404
v 0.264626 -0.355944 0.018918
v 0.264325 -0.359608 0.008614
v 0.264325 -0.353464 0.017129
v 0.264626 -0.357129 0.006825
v 0.264626 -0.350984 0.015339
v 0.265518 -0.354744 0.005104
v 0.265518 -0.348600 0.013618
v 0.266967 -0.352547 0.003518
v 0.266967 -0.346402 0.012032
v 0.268916 -0.350620 0.002128
v 0.268916 -0.344476 0.010642
v 0.271291 -0.349040 0.000987
v 0.271291 -0.342895 0.009502
v 0.274001 -0.347865 0.000140
v 0.274001 -0.341721 0.008654
v 0.276942 -0.347142 -0.000382
v 0.276942 -0.340997 0.008132
v 0.280000 -0.346897 -0.000559
v 0.280000 -0.340753 0.007956
v 0.283058 -0.347142 -0.000382
v 0.283058 -0.340997 0.008132
v 0.285999 -0.347865 0.000140
v 0.285999 -0.341721 0.008654
v 0.288709 -0.349040 0.000987
v 0.288709 -0.342895 0.009502
v 0.291084 -0.350620 0.002128
v 0.291084 -0.344476 0.010642
v 0.293033 -0.352547 0.003518
v 0.293033 -0.346402 0.012032
v 0.294482 -0.354744 0.005104
v 0.294482 -0.348600 0.013618
v 0.295374 -0.357129 0.006825
v 0.295374 -0.350984 0.015339
v 0.295675 -0.359608 0.008614
v 0.295675 -0.353464 0.017129
v 0.295374 -0.362088 0.010404
v 0.295374 -0.355944 0.018918
v 0.294482 -0.364473 0.012124
v 0.294482 -0.358328 0.020639
v 0.293033 -0.366670 0.013710
v 0.293033 -0.360526 0.022225
v 0.291084 -0.368596 0.015100
v 0.291084 -0.362452 0.023615
v 0.288709 -0.370177 0.016241
v 0.288709 -0.364033 0.024755
v 0.285999 -0.371352 0.017089
v 0.285999 -0.365207 0.025603
v 0.283058 -0.372075 0.017611
v 0.283058 -0.365930 0.026125
vn -0.6561 0.0790 0.7505
vn -0.0100 -0.6251 -0.7805
vn 0.0001 -0.6508 -0.7593
vn -0.0171 0.5513 0.8342
vn -0.0153 -0.6146 -0.7887
vn -0.0222 0.5579 0.8296
vn -0.0437 -0.6364 -0.7701
vn -0.0363 0.5552 0.8309
vn -0.0590 -0.6310 -0.7736
vn -0.0426 -0.6075 -0.7932
vn -0.0553 0.5656 0.8228
vn -0.0771 -0.6090 -0.7894
vn -0.0461 -0.5920 -0.8046
vn -0.0512 0.5845 0.8098
vn -0.0834 -0.5832 -0.8081
vn -0.0502 -0.5763 -0.8157
vn -0.0563 0.6027 0.7960
vn -0.0369 -0.5724 -0.8192
vn -0.0114 0.5914 0.8063
vn -0.0855 -0.5358 -0.8400
vn -0.0282 -0.5619 -0.8268
vn -0.2591 0.4776 0.8395
vn -0.0416 -0.5331 -0.8450
vn -0.2635 0.4936 0.8288
vn -0.0053 -0.5749 -0.8182
vn -0.0026 0.5961 0.8029
vn -0.0113 -0.5380 -0.8429
vn -0.0000 -0.5740 -0.8189
vn 0.0030 0.5960 0.8030
vn 0.0210 -0.4960 -0.8681
vn 0.0052 -0.5748 -0.8182
vn 0.0077 0.5944 0.8042
vn 0.0571 -0.5127 -0.8566
vn 0.0282 -0.5618 -0.8268
vn -0.1039 0.7719 0.6272
vn 0.0622 -0.5498 -0.8330
vn -0.0847 0.7760 0.6250
vn 0.0368 -0.5723 -0.8192
vn 0.0069 0.7884 0.6152
vn 0.0596 -0.5745 -0.8163
vn 0.0226 0.7860 0.6178
vn 0.0399 -0.5847 -0.8103
vn 0.1096 0.7699 0.6286
vn 0.0502 -0.5925 -0.8040
vn 0.0562 0.5652 0.8231
vn 0.0369 -0.5971 -0.8013
vn 0.0114 0.5789 0.8153
vn 0.0855 -0.6284 -0.7732
vn 0.0282 -0.6076 -0.7938
vn 0.2588 0.6462 0.7179
vn 0.0416 -0.6340 -0.7722
vn 0.2635 0.6310 0.7296
vn 0.0153 -0.6146 -0.7887
vn 0.8277 0.5463 -0.1284
vn 0.2793 0.5563 0.7827
vn 0.0065 -0.6113 -0.7914
vn -0.0165 0.5168 0.8559
vn -0.0694 0.5456 0.8352
vn -0.0818 0.5700 0.8176
vn -0.0819 0.5961 0.7987
vn -0.0393 0.6591 0.7510
vn 0.0001 0.6692 0.7430
vn 0.0818 0.5698 0.8177
vn 0.0163 0.5168 0.8559
vt 1.000000 1.000000
vt 0.968750 0.500000
vt 1.000000 0.500000
vt 0.937500 1.000000
vt 0.937500 0.500000
vt 0.906250 1.000000
vt 0.906250 0.500000
vt 0.875000 1.000000
vt 0.875000 0.500000
vt 0.843750 0.500000
vt 0.812500 1.000000
vt 0.812500 0.500000
vt 0.781250 0.500000
vt 0.750000 1.000000
vt 0.750000 0.500000
vt 0.718750 0.500000
vt 0.687500 1.000000
vt 0.687500 0.500000
vt 0.656250 1.000000
vt 0.656250 0.500000
vt 0.625000 0.500000
vt 0.625000 1.000000
vt 0.593750 0.500000
vt 0.593750 1.000000
vt 0.562500 0.500000
vt 0.531250 1.000000
vt 0.531250 0.500000
vt 0.500000 0.500000
vt 0.468750 1.000000
vt 0.468750 0.500000
vt 0.437500 0.500000
vt 0.406250 1.000000
vt 0.406250 0.500000
vt 0.375000 0.500000
vt 0.375000 1.000000
vt 0.343750 0.500000
vt 0.343750 1.000000
vt 0.312500 0.500000
vt 0.312500 1.000000
vt 0.281250 0.500000
vt 0.281250 1.000000
vt 0.250000 0.500000
vt 0.250000 1.000000
vt 0.218750 0.500000
vt 0.187500 1.000000
vt 0.187500 0.500000
vt 0.156250 1.000000
vt 0.156250 0.500000
vt 0.125000 0.500000
vt 0.125000 1.000000
vt 0.093750 0.500000
vt 0.093750 1.000000
vt 0.062500 0.500000
vt 0.158156 0.028269
vt 0.471731 0.158156
vt 0.341844 0.471731
vt 0.062500 1.000000
vt 0.031250 0.500000
vt 0.000000 1.000000
vt 0.000000 0.500000
vt 0.796822 0.014612
vt 0.514612 0.203178
vt 0.703178 0.485388
vt 0.968750 1.000000
vt 0.843750 1.000000
vt 0.781250 1.000000
vt 0.718750 1.000000
vt 0.562500 1.000000
vt 0.500000 1.000000
vt 0.437500 1.000000
vt 0.218750 1.000000
vt 0.296822 0.485388
vt 0.250000 0.490000
vt 0.203178 0.485388
vt 0.158156 0.471731
vt 0.116663 0.449553
vt 0.080294 0.419706
vt 0.050447 0.383337
vt 0.028269 0.341844
vt 0.014612 0.296822
vt 0.010000 0.250000
vt 0.014612 0.203178
vt 0.028269 0.158156
vt 0.050447 0.116663
vt 0.080294 0.080294
vt 0.116663 0.050447
vt 0.203178 0.014612
vt 0.250000 0.010000
vt 0.296822 0.014612
vt 0.341844 0.028269
vt 0.383337 0.050447
vt 0.419706 0.080294
vt 0.449553 0.116663
vt 0.485388 0.203178
vt 0.490000 0.250000
vt 0.485388 0.296822
vt 0.471731 0.341844
vt 0.449553 0.383337
vt 0.419706 0.419706
vt 0.383337 0.449553
vt 0.031250 1.000000
vt 0.750000 0.490000
vt 0.796822 0.485388
vt 0.841844 0.471731
vt 0.883337 0.449553
vt 0.919706 0.419706
vt 0.949553 0.383337
vt 0.971731 0.341844
vt 0.985388 0.296822
vt 0.990000 0.250000
vt 0.985388 0.203178
vt 0.971731 0.158156
vt 0.949553 0.116663
vt 0.919706 0.080294
vt 0.883337 0.050447
vt 0.841844 0.028269
vt 0.750000 0.010000
vt 0.703178 0.014612
vt 0.658156 0.028269
vt 0.616663 0.050447
vt 0.580294 0.080294
vt 0.550447 0.116663
vt 0.528269 0.158156
vt 0.510000 0.250000
vt 0.514612 0.296822
vt 0.528269 0.341844
vt 0.550447 0.383337
vt 0.580294 0.419706
vt 0.616663 0.449553
vt 0.658156 0.471731
s 1
usemtl black_foot_plugs
f 982/1247/940 983/1248/941 981/1249/942
f 983/1248/941 986/1250/943 985/1251/944
f 985/1251/944 988/1252/945 987/1253/946
f 987/1253/946 990/1254/947 989/1255/948
f 990/1254/947 991/1256/949 989/1255/948
f 991/1256/949 994/1257/950 993/1258/951
f 994/1257/950 995/1259/952 993/1258/951
f 995/1259/952 998/1260/953 997/1261/954
f 998/1260/953 999/1262/955 997/1261/954
f 999/1262/955 1002/1263/956 1001/1264/957
f 1001/1264/957 1004/1265/958 1003/1266/959
f 1004/1265/958 1005/1267/960 1003/1266/959
f 1006/1268/961 1007/1269/962 1005/1267/960
f 1008/1270/963 1009/1271/964 1007/1269/962
f 1009/1271/964 1012/1272/965 1011/1273/966
f 1012/1272/965 1013/1274/967 1011/1273/966
f 1013/1274/967 1016/1275/968 1015/1276/969
f 1016/1275/968 1017/1277/970 1015/1276/969
f 1017/1277/970 1020/1278/971 1019/1279/972
f 1020/1278/971 1021/1280/973 1019/1279/972
f 1022/1281/974 1023/1282/975 1021/1280/973
f 1024/1283/976 1025/1284/977 1023/1282/975
f 1026/1285/978 1027/1286/979 1025/1284/977
f 1028/1287/980 1029/1288/981 1027/1286/979
f 1030/1289/982 1031/1290/983 1029/1288/981
f 1031/1290/983 1034/1291/984 1033/1292/985
f 1033/1292/985 1036/1293/986 1035/1294/987
f 1036/1293/986 1037/1295/988 1035/1294/987
f 1038/1296/989 1039/1297/990 1037/1295/988
f 1040/1298/991 1041/1299/992 1039/1297/990
f 1018/1300/993 1002/1301/956 986/1302/943
f 1042/1303/994 1043/1304/995 1041/1299/992
f 1043/1304/995 982/1305/940 981/1306/942
f 1011/1307/966 1027/1308/979 1043/1309/995
f 982/1247/940 984/1310/996 983/1248/941
f 983/1248/941 984/1310/996 986/1250/943
f 985/1251/944 986/1250/943 988/1252/945
f 987/1253/946 988/1252/945 990/1254/947
f 990/1254/947 992/1311/997 991/1256/949
f 991/1256/949 992/1311/997 994/1257/950
f 994/1257/950 996/1312/998 995/1259/952
f 995/1259/952 996/1312/998 998/1260/953
f 998/1260/953 1000/1313/999 999/1262/955
f 999/1262/955 1000/1313/999 1002/1263/956
f 1001/1264/957 1002/1263/956 1004/1265/958
f 1004/1265/958 1006/1268/961 1005/1267/960
f 1006/1268/961 1008/1270/963 1007/1269/962
f 1008/1270/963 1010/1314/1000 1009/1271/964
f 1009/1271/964 1010/1314/1000 1012/1272/965
f 1012/1272/965 1014/1315/1001 1013/1274/967
f 1013/1274/967 1014/1315/1001 1016/1275/968
f 1016/1275/968 1018/1316/993 1017/1277/970
f 1017/1277/970 1018/1316/993 1020/1278/971
f 1020/1278/971 1022/1281/974 1021/1280/973
f 1022/1281/974 1024/1283/976 1023/1282/975
f 1024/1283/976 1026/1285/978 1025/1284/977
f 1026/1285/978 1028/1287/980 1027/1286/979
f 1028/1287/980 1030/1289/982 1029/1288/981
f 1030/1289/982 1032/1317/1002 1031/1290/983
f 1031/1290/983 1032/1317/1002 1034/1291/984
f 1033/1292/985 1034/1291/984 1036/1293/986
f 1036/1293/986 1038/1296/989 1037/1295/988
f 1038/1296/989 1040/1298/991 1039/1297/990
f 1040/1298/991 1042/1303/994 1041/1299/992
f 986/1302/943 984/1318/996 982/1319/940
f 982/1319/940 1044/1320/1003 1042/1321/994
f 1042/1321/994 1040/1322/991 1038/1323/989
f 1038/1323/989 1036/1324/986 1034/1325/984
f 1034/1325/984 1032/1326/1002 1030/1327/982
f 1030/1327/982 1028/1328/980 1026/1329/978
f 1026/1329/978 1024/1330/976 1022/1331/974
f 1022/1331/974 1020/1332/971 1018/1300/993
f 1018/1300/993 1016/1333/968 1014/1334/1001
f 1014/1334/1001 1012/1335/965 1010/1336/1000
f 1010/1336/1000 1008/1337/963 1006/1338/961
f 1006/1338/961 1004/1339/958 1002/1301/956
f 1002/1301/956 1000/1340/999 998/1341/953
f 998/1341/953 996/1342/998 994/1343/950
f 994/1343/950 992/1344/997 990/1345/947
f 990/1345/947 988/1346/945 986/1302/943
f 986/1302/943 982/1319/940 1042/1321/994
f 1042/1321/994 1038/1323/989 1034/1325/984
f 1034/1325/984 1030/1327/982 1026/1329/978
f 1026/1329/978 1022/1331/974 1018/1300/993
f 1018/1300/993 1014/1334/1001 1010/1336/1000
f 1010/1336/1000 1006/1338/961 1002/1301/956
f 1002/1301/956 998/1341/953 994/1343/950
f 994/1343/950 990/1345/947 986/1302/943
f 986/1302/943 1042/1321/994 1034/1325/984
f 1034/1325/984 1026/1329/978 1018/1300/993
f 1018/1300/993 1010/1336/1000 1002/1301/956
f 1002/1301/956 994/1343/950 986/1302/943
f 986/1302/943 1034/1325/984 1018/1300/993
f 1042/1303/994 1044/1347/1003 1043/1304/995
f 1043/1304/995 1044/1347/1003 982/1305/940
f 1043/1309/995 981/1348/942 983/1349/941
f 983/1349/941 985/1350/944 987/1351/946
f 987/1351/946 989/1352/948 991/1353/949
f 991/1353/949 993/1354/951 995/1355/952
f 995/1355/952 997/1356/954 999/1357/955
f 999/1357/955 1001/1358/957 1003/1359/959
f 1003/1359/959 1005/1360/960 1007/1361/962
f 1007/1361/962 1009/1362/964 1011/1307/966
f 1011/1307/966 1013/1363/967 1015/1364/969
f 1015/1364/969 1017/1365/970 1019/1366/972
f 1019/1366/972 1021/1367/973 1023/1368/975
f 1023/1368/975 1025/1369/977 1027/1308/979
f 1027/1308/979 1029/1370/981 1031/1371/983
f 1031/1371/983 1033/1372/985 1035/1373/987
f 1035/1373/987 1037/1374/988 1039/1375/990
f 1039/1375/990 1041/1376/992 1043/1309/995
f 1043/1309/995 983/1349/941 987/1351/946
f 987/1351/946 991/1353/949 995/1355/952
f 995/1355/952 999/1357/955 1003/1359/959
f 1003/1359/959 1007/1361/962 1011/1307/966
f 1011/1307/966 1015/1364/969 1019/1366/972
f 1019/1366/972 1023/1368/975 1027/1308/979
f 1027/1308/979 1031/1371/983 1035/1373/987
f 1035/1373/987 1039/1375/990 1043/1309/995
f 1043/1309/995 987/1351/946 995/1355/952
f 995/1355/952 1003/1359/959 1011/1307/966
f 1011/1307/966 1019/1366/972 1027/1308/979
f 1027/1308/979 1035/1373/987 1043/1309/995
f 1043/1309/995 995/1355/952 1011/1307/966
o rear_hinge_1
v 0.261250 0.085206 0.635200
v 0.295697 0.085206 0.635200
v 0.261250 0.086802 0.635074
v 0.295697 0.086802 0.635074
v 0.261250 0.088358 0.634701
v 0.295697 0.088358 0.634701
v 0.261250 0.089837 0.634088
v 0.295697 0.089837 0.634088
v 0.261250 0.091202 0.633252
v 0.295697 0.091202 0.633252
v 0.261250 0.092419 0.632212
v 0.295697 0.092419 0.632213
v 0.261250 0.093458 0.630995
v 0.295697 0.093458 0.630995
v 0.261250 0.094294 0.629631
v 0.295697 0.094294 0.629631
v 0.261250 0.094907 0.628152
v 0.295697 0.094907 0.628152
v 0.261250 0.095281 0.626596
v 0.295697 0.095281 0.626596
v 0.261250 0.095406 0.625000
v 0.295697 0.095406 0.625000
v 0.261250 0.095281 0.623404
v 0.295697 0.095281 0.623404
v 0.261250 0.094907 0.621848
v 0.295697 0.094907 0.621848
v 0.261250 0.094294 0.620369
v 0.295697 0.094294 0.620369
v 0.261250 0.093458 0.619005
v 0.295697 0.093458 0.619005
v 0.261250 0.092419 0.617787
v 0.295697 0.092419 0.617788
v 0.261250 0.091202 0.616748
v 0.295697 0.091202 0.616748
v 0.261250 0.089837 0.615912
v 0.295697 0.089837 0.615912
v 0.261250 0.088358 0.615299
v 0.295697 0.088358 0.615299
v 0.261250 0.086802 0.614926
v 0.295697 0.086802 0.614926
v 0.261250 0.085206 0.614800
v 0.295697 0.085206 0.614800
v 0.261250 0.083611 0.614926
v 0.295697 0.083611 0.614926
v 0.261250 0.082054 0.615299
v 0.295697 0.082054 0.615299
v 0.261250 0.080575 0.615912
v 0.295697 0.080575 0.615912
v 0.261250 0.079211 0.616748
v 0.295697 0.079211 0.616748
v 0.261250 0.077994 0.617787
v 0.295697 0.077994 0.617788
v 0.261250 0.076954 0.619005
v 0.295697 0.076954 0.619005
v 0.261250 0.076118 0.620369
v 0.295697 0.076118 0.620369
v 0.261250 0.075505 0.621848
v 0.295697 0.075505 0.621848
v 0.261250 0.075132 0.623404
v 0.295697 0.075132 0.623404
v 0.261250 0.075006 0.625000
v 0.295697 0.075006 0.625000
v 0.261250 0.075132 0.626596
v 0.295697 0.075132 0.626596
v 0.261250 0.075505 0.628152
v 0.295697 0.075505 0.628152
v 0.261250 0.076118 0.629631
v 0.295697 0.076118 0.629631
v 0.261250 0.076954 0.630995
v 0.295697 0.076954 0.630995
v 0.261250 0.077994 0.632212
v 0.295697 0.077994 0.632213
v 0.261250 0.079211 0.633252
v 0.295697 0.079211 0.633252
v 0.261250 0.080575 0.634088
v 0.295697 0.080575 0.634088
v 0.261250 0.082054 0.634701
v 0.295697 0.082054 0.634701
v 0.261250 0.083611 0.635074
v 0.295697 0.083611 0.635074
vn 0.6124 0.4696 0.6359
vn -0.9490 0.0493 0.3113
vn -0.9568 -0.0000 0.2908
vn 0.9561 0.0145 0.2928
vn -0.9568 0.0899 0.2765
vn 0.9522 0.0647 0.2985
vn -0.9473 0.1455 0.2855
vn 0.9561 0.1044 0.2739
vn -0.9568 0.1709 0.2352
vn 0.9483 0.1614 0.2732
vn -0.9490 0.2229 0.2229
vn 0.9561 0.1838 0.2283
vn -0.9568 0.2352 0.1709
vn 0.9466 0.2423 0.2128
vn -0.9497 0.2790 0.1421
vn 0.9561 0.2454 0.1603
vn -0.9568 0.2765 0.0898
vn 0.9483 0.2911 0.1264
vn -0.9490 0.3113 0.0493
vn 0.9561 0.2829 0.0766
vn -0.9568 0.2908 -0.0000
vn 0.9522 0.3039 0.0308
vn -0.9473 0.3165 -0.0501
vn 0.9561 0.2928 -0.0145
vn -0.9568 0.2765 -0.0899
vn 0.9483 0.3097 -0.0690
vn -0.9490 0.2808 -0.1431
vn 0.9561 0.2741 -0.1040
vn -0.9568 0.2352 -0.1709
vn 0.9466 0.2773 -0.1647
vn -0.9555 0.2086 -0.2086
vn 0.9561 0.2283 -0.1838
vn -0.9568 0.1709 -0.2352
vn 0.9483 0.2100 -0.2379
vn -0.9490 0.1431 -0.2809
vn 0.9561 0.1604 -0.2454
vn -0.9568 0.0898 -0.2765
vn 0.9490 0.1257 -0.2891
vn -0.9473 0.0501 -0.3165
vn 0.9561 0.0767 -0.2829
vn -0.9568 -0.0000 -0.2908
vn 0.9483 0.0300 -0.3159
vn -0.9490 -0.0493 -0.3113
vn 0.9561 -0.0145 -0.2928
vn -0.9568 -0.0899 -0.2765
vn 0.9466 -0.0710 -0.3146
vn -0.9497 -0.1421 -0.2790
vn 0.9561 -0.1043 -0.2740
vn -0.9568 -0.1709 -0.2352
vn 0.9483 -0.1614 -0.2732
vn -0.9490 -0.2229 -0.2229
vn 0.9561 -0.1837 -0.2285
vn -0.9568 -0.2352 -0.1709
vn 0.9548 -0.2208 -0.1990
vn -0.9473 -0.2856 -0.1455
vn 0.9561 -0.2454 -0.1604
vn -0.9568 -0.2765 -0.0898
vn 0.9483 -0.2911 -0.1262
vn -0.9490 -0.3113 -0.0493
vn 0.9561 -0.2829 -0.0767
vn -0.9568 -0.2908 -0.0000
vn 0.9466 -0.3211 -0.0296
vn -0.9529 -0.2995 0.0474
vn 0.9561 -0.2928 0.0145
vn -0.9568 -0.2765 0.0899
vn 0.9483 -0.3097 0.0691
vn -0.9490 -0.2808 0.1431
vn 0.9561 -0.2740 0.1043
vn -0.9568 -0.2352 0.1709
vn 0.9490 -0.2715 0.1601
vn -0.9473 -0.2266 0.2266
vn 0.9561 -0.2283 0.1838
vn -0.9568 -0.1709 0.2352
vn 0.9483 -0.2098 0.2380
vn -0.9490 -0.1431 0.2809
vn 0.9561 -0.1604 0.2454
vn -0.9568 -0.0898 0.2765
vn 0.9466 -0.1275 0.2962
vn -0.9529 -0.0474 0.2995
vn 0.5585 -0.5875 0.5856
vt 1.000000 1.000000
vt 0.975000 0.500000
vt 1.000000 0.500000
vt 0.975000 1.000000
vt 0.950000 0.500000
vt 0.950000 1.000000
vt 0.925000 0.500000
vt 0.925000 1.000000
vt 0.900000 0.500000
vt 0.900000 1.000000
vt 0.875000 0.500000
vt 0.875000 1.000000
vt 0.850000 0.500000
vt 0.850000 1.000000
vt 0.825000 0.500000
vt 0.825000 1.000000
vt 0.800000 0.500000
vt 0.800000 1.000000
vt 0.775000 0.500000
vt 0.775000 1.000000
vt 0.750000 0.500000
vt 0.750000 1.000000
vt 0.725000 0.500000
vt 0.725000 1.000000
vt 0.700000 0.500000
vt 0.700000 1.000000
vt 0.675000 0.500000
vt 0.675000 1.000000
vt 0.650000 0.500000
vt 0.650000 1.000000
vt 0.625000 0.500000
vt 0.625000 1.000000
vt 0.600000 0.500000
vt 0.600000 1.000000
vt 0.575000 0.500000
vt 0.575000 1.000000
vt 0.550000 0.500000
vt 0.550000 1.000000
vt 0.525000 0.500000
vt 0.525000 1.000000
vt 0.500000 0.500000
vt 0.500000 1.000000
vt 0.475000 0.500000
vt 0.475000 1.000000
vt 0.450000 0.500000
vt 0.450000 1.000000
vt 0.425000 0.500000
vt 0.425000 1.000000
vt 0.400000 0.500000
vt 0.400000 1.000000
vt 0.375000 0.500000
vt 0.375000 1.000000
vt 0.350000 0.500000
vt 0.350000 1.000000
vt 0.325000 0.500000
vt 0.325000 1.000000
vt 0.300000 0.500000
vt 0.300000 1.000000
vt 0.275000 0.500000
vt 0.275000 1.000000
vt 0.250000 0.500000
vt 0.250000 1.000000
vt 0.225000 0.500000
vt 0.225000 1.000000
vt 0.200000 0.500000
vt 0.200000 1.000000
vt 0.175000 0.500000
vt 0.175000 1.000000
vt 0.150000 0.500000
vt 0.150000 1.000000
vt 0.125000 0.500000
vt 0.125000 1.000000
vt 0.100000 0.500000
vt 0.100000 1.000000
vt 0.075000 0.500000
vt 0.075000 1.000000
vt 0.050000 0.500000
vt 0.055836 0.108932
vt 0.490000 0.250000
vt 0.324164 0.478254
vt 0.050000 1.000000
vt 0.025000 0.500000
vt 0.025000 1.000000
vt 0.000000 0.500000
vt 0.919706 0.080294
vt 0.512955 0.287544
vt 0.712456 0.487045
vt 0.287544 0.487045
vt 0.250000 0.490000
vt 0.212456 0.487045
vt 0.175836 0.478254
vt 0.141042 0.463842
vt 0.108932 0.444164
vt 0.080294 0.419706
vt 0.055836 0.391068
vt 0.036158 0.358958
vt 0.021746 0.324164
vt 0.012955 0.287544
vt 0.010000 0.250000
vt 0.012955 0.212456
vt 0.021746 0.175836
vt 0.036158 0.141042
vt 0.080294 0.080294
vt 0.108932 0.055836
vt 0.141042 0.036158
vt 0.175836 0.021746
vt 0.212456 0.012955
vt 0.250000 0.010000
vt 0.287544 0.012955
vt 0.324164 0.021746
vt 0.358958 0.036158
vt 0.391068 0.055836
vt 0.419706 0.080294
vt 0.444164 0.108932
vt 0.463842 0.141042
vt 0.478254 0.175836
vt 0.487045 0.212456
vt 0.487045 0.287544
vt 0.478254 0.324164
vt 0.463842 0.358958
vt 0.444164 0.391068
vt 0.419706 0.419706
vt 0.391068 0.444164
vt 0.358958 0.463842
vt 0.000000 1.000000
vt 0.750000 0.490000
vt 0.787544 0.487045
vt 0.824164 0.478254
vt 0.858958 0.463842
vt 0.891068 0.444164
vt 0.919706 0.419706
vt 0.944164 0.391068
vt 0.963842 0.358958
vt 0.978254 0.324164
vt 0.987045 0.287544
vt 0.990000 0.250000
vt 0.987045 0.212456
vt 0.978254 0.175836
vt 0.963842 0.141042
vt 0.944164 0.108932
vt 0.891068 0.055836
vt 0.858958 0.036158
vt 0.824164 0.021746
vt 0.787544 0.012955
vt 0.750000 0.010000
vt 0.712456 0.012955
vt 0.675836 0.021746
vt 0.641042 0.036158
vt 0.608932 0.055836
vt 0.580294 0.080294
vt 0.555836 0.108932
vt 0.536158 0.141042
vt 0.521746 0.175836
vt 0.512955 0.212456
vt 0.510000 0.250000
vt 0.521746 0.324164
vt 0.536158 0.358958
vt 0.555836 0.391068
vt 0.580294 0.419706
vt 0.608932 0.444164
vt 0.641042 0.463842
vt 0.675836 0.478254
s 1
usemtl dark_steel_rivets
f 1046/1377/1004 1047/1378/1005 1045/1379/1006
f 1048/1380/1007 1049/1381/1008 1047/1378/1005
f 1050/1382/1009 1051/1383/1010 1049/1381/1008
f 1052/1384/1011 1053/1385/1012 1051/1383/1010
f 1054/1386/1013 1055/1387/1014 1053/1385/1012
f 1056/1388/1015 1057/1389/1016 1055/1387/1014
f 1058/1390/1017 1059/1391/1018 1057/1389/1016
f 1060/1392/1019 1061/1393/1020 1059/1391/1018
f 1062/1394/1021 1063/1395/1022 1061/1393/1020
f 1064/1396/1023 1065/1397/1024 1063/1395/1022
f 1066/1398/1025 1067/1399/1026 1065/1397/1024
f 1068/1400/1027 1069/1401/1028 1067/1399/1026
f 1070/1402/1029 1071/1403/1030 1069/1401/1028
f 1072/1404/1031 1073/1405/1032 1071/1403/1030
f 1074/1406/1033 1075/1407/1034 1073/1405/1032
f 1076/1408/1035 1077/1409/1036 1075/1407/1034
f 1078/1410/1037 1079/1411/1038 1077/1409/1036
f 1080/1412/1039 1081/1413/1040 1079/1411/1038
f 1082/1414/1041 1083/1415/1042 1081/1413/1040
f 1084/1416/1043 1085/1417/1044 1083/1415/1042
f 1086/1418/1045 1087/1419/1046 1085/1417/1044
f 1088/1420/1047 1089/1421/1048 1087/1419/1046
f 1090/1422/1049 1091/1423/1050 1089/1421/1048
f 1092/1424/1051 1093/1425/1052 1091/1423/1050
f 1094/1426/1053 1095/1427/1054 1093/1425/1052
f 1096/1428/1055 1097/1429/1056 1095/1427/1054
f 1098/1430/1057 1099/1431/1058 1097/1429/1056
f 1100/1432/1059 1101/1433/1060 1099/1431/1058
f 1102/1434/1061 1103/1435/1062 1101/1433/1060
f 1104/1436/1063 1105/1437/1064 1103/1435/1062
f 1106/1438/1065 1107/1439/1066 1105/1437/1064
f 1108/1440/1067 1109/1441/1068 1107/1439/1066
f 1110/1442/1069 1111/1443/1070 1109/1441/1068
f 1112/1444/1071 1113/1445/1072 1111/1443/1070
f 1114/1446/1073 1115/1447/1074 1113/1445/1072
f 1116/1448/1075 1117/1449/1076 1115/1447/1074
f 1118/1450/1077 1119/1451/1078 1117/1449/1076
f 1120/1452/1079 1121/1453/1080 1119/1451/1078
f 1098/1454/1057 1066/1455/1025 1050/1456/1009
f 1122/1457/1081 1123/1458/1082 1121/1453/1080
f 1124/1459/1083 1045/1460/1006 1123/1458/1082
f 1075/1461/1034 1107/1462/1066 1123/1463/1082
f 1046/1377/1004 1048/1380/1007 1047/1378/1005
f 1048/1380/1007 1050/1382/1009 1049/1381/1008
f 1050/1382/1009 1052/1384/1011 1051/1383/1010
f 1052/1384/1011 1054/1386/1013 1053/1385/1012
f 1054/1386/1013 1056/1388/1015 1055/1387/1014
f 1056/1388/1015 1058/1390/1017 1057/1389/1016
f 1058/1390/1017 1060/1392/1019 1059/1391/1018
f 1060/1392/1019 1062/1394/1021 1061/1393/1020
f 1062/1394/1021 1064/1396/1023 1063/1395/1022
f 1064/1396/1023 1066/1398/1025 1065/1397/1024
f 1066/1398/1025 1068/1400/1027 1067/1399/1026
f 1068/1400/1027 1070/1402/1029 1069/1401/1028
f 1070/1402/1029 1072/1404/1031 1071/1403/1030
f 1072/1404/1031 1074/1406/1033 1073/1405/1032
f 1074/1406/1033 1076/1408/1035 1075/1407/1034
f 1076/1408/1035 1078/1410/1037 1077/1409/1036
f 1078/1410/1037 1080/1412/1039 1079/1411/1038
f 1080/1412/1039 1082/1414/1041 1081/1413/1040
f 1082/1414/1041 1084/1416/1043 1083/1415/1042
f 1084/1416/1043 1086/1418/1045 1085/1417/1044
f 1086/1418/1045 1088/1420/1047 1087/1419/1046
f 1088/1420/1047 1090/1422/1049 1089/1421/1048
f 1090/1422/1049 1092/1424/1051 1091/1423/1050
f 1092/1424/1051 1094/1426/1053 1093/1425/1052
f 1094/1426/1053 1096/1428/1055 1095/1427/1054
f 1096/1428/1055 1098/1430/1057 1097/1429/1056
f 1098/1430/1057 1100/1432/1059 1099/1431/1058
f 1100/1432/1059 1102/1434/1061 1101/1433/1060
f 1102/1434/1061 1104/1436/1063 1103/1435/1062
f 1104/1436/1063 1106/1438/1065 1105/1437/1064
f 1106/1438/1065 1108/1440/1067 1107/1439/1066
f 1108/1440/1067 1110/1442/1069 1109/1441/1068
f 1110/1442/1069 1112/1444/1071 1111/1443/1070
f 1112/1444/1071 1114/1446/1073 1113/1445/1072
f 1114/1446/1073 1116/1448/1075 1115/1447/1074
f 1116/1448/1075 1118/1450/1077 1117/1449/1076
f 1118/1450/1077 1120/1452/1079 1119/1451/1078
f 1120/1452/1079 1122/1457/1081 1121/1453/1080
f 1050/1456/1009 1048/1464/1007 1046/1465/1004
f 1046/1465/1004 1124/1466/1083 1122/1467/1081
f 1122/1467/1081 1120/1468/1079 1118/1469/1077
f 1118/1469/1077 1116/1470/1075 1114/1471/1073
f 1114/1471/1073 1112/1472/1071 1110/1473/1069
f 1110/1473/1069 1108/1474/1067 1106/1475/1065
f 1106/1475/1065 1104/1476/1063 1102/1477/1061
f 1102/1477/1061 1100/1478/1059 1098/1454/1057
f 1098/1454/1057 1096/1479/1055 1094/1480/1053
f 1094/1480/1053 1092/1481/1051 1090/1482/1049
f 1090/1482/1049 1088/1483/1047 1086/1484/1045
f 1086/1484/1045 1084/1485/1043 1082/1486/1041
f 1082/1486/1041 1080/1487/1039 1078/1488/1037
f 1078/1488/1037 1076/1489/1035 1074/1490/1033
f 1074/1490/1033 1072/1491/1031 1070/1492/1029
f 1070/1492/1029 1068/1493/1027 1066/1455/1025
f 1066/1455/1025 1064/1494/1023 1062/1495/1021
f 1062/1495/1021 1060/1496/1019 1058/1497/1017
f 1058/1497/1017 1056/1498/1015 1054/1499/1013
f 1054/1499/1013 1052/1500/1011 1050/1456/1009
f 1050/1456/1009 1046/1465/1004 1122/1467/1081
f 1122/1467/1081 1118/1469/1077 1114/1471/1073
f 1114/1471/1073 1110/1473/1069 1106/1475/1065
f 1106/1475/1065 1102/1477/1061 1098/1454/1057
f 1098/1454/1057 1094/1480/1053 1090/1482/1049
f 1090/1482/1049 1086/1484/1045 1082/1486/1041
f 1082/1486/1041 1078/1488/1037 1074/1490/1033
f 1074/1490/1033 1070/1492/1029 1066/1455/1025
f 1066/1455/1025 1062/1495/1021 1058/1497/1017
f 1058/1497/1017 1054/1499/1013 1050/1456/1009
f 1050/1456/1009 1122/1467/1081 1114/1471/1073
f 1114/1471/1073 1106/1475/1065 1098/1454/1057
f 1098/1454/1057 1090/1482/1049 1082/1486/1041
f 1082/1486/1041 1074/1490/1033 1066/1455/1025
f 1066/1455/1025 1058/1497/1017 1050/1456/1009
f 1050/1456/1009 1114/1471/1073 1098/1454/1057
f 1098/1454/1057 1082/1486/1041 1066/1455/1025
f 1122/1457/1081 1124/1459/1083 1123/1458/1082
f 1124/1459/1083 1046/1501/1004 1045/1460/1006
f 1123/1463/1082 1045/1502/1006 1047/1503/1005
f 1047/1503/1005 1049/1504/1008 1051/1505/1010
f 1051/1505/1010 1053/1506/1012 1055/1507/1014
f 1055/1507/1014 1057/1508/1016 1059/1509/1018
f 1059/1509/1018 1061/1510/1020 1063/1511/1022
f 1063/1511/1022 1065/1512/1024 1067/1513/1026
f 1067/1513/1026 1069/1514/1028 1071/1515/1030
f 1071/1515/1030 1073/1516/1032 1075/1461/1034
f 1075/1461/1034 1077/1517/1036 1079/1518/1038
f 1079/1518/1038 1081/1519/1040 1083/1520/1042
f 1083/1520/1042 1085/1521/1044 1087/1522/1046
f 1087/1522/1046 1089/1523/1048 1091/1524/1050
f 1091/1524/1050 1093/1525/1052 1095/1526/1054
f 1095/1526/1054 1097/1527/1056 1099/1528/1058
f 1099/1528/1058 1101/1529/1060 1103/1530/1062
f 1103/1530/1062 1105/1531/1064 1107/1462/1066
f 1107/1462/1066 1109/1532/1068 1111/1533/1070
f 1111/1533/1070 1113/1534/1072 1115/1535/1074
f 1115/1535/1074 1117/1536/1076 1119/1537/1078
f 1119/1537/1078 1121/1538/1080 1123/1463/1082
f 1123/1463/1082 1047/1503/1005 1051/1505/1010
f 1051/1505/1010 1055/1507/1014 1059/1509/1018
f 1059/1509/1018 1063/1511/1022 1067/1513/1026
f 1067/1513/1026 1071/1515/1030 1075/1461/1034
f 1075/1461/1034 1079/1518/1038 1083/1520/1042
f 1083/1520/1042 1087/1522/1046 1091/1524/1050
f 1091/1524/1050 1095/1526/1054 1099/1528/1058
f 1099/1528/1058 1103/1530/1062 1107/1462/1066
f 1107/1462/1066 1111/1533/1070 1115/1535/1074
f 1115/1535/1074 1119/1537/1078 1123/1463/1082
f 1123/1463/1082 1051/1505/1010 1059/1509/1018
f 1059/1509/1018 1067/1513/1026 1075/1461/1034
f 1075/1461/1034 1083/1520/1042 1091/1524/1050
f 1091/1524/1050 1099/1528/1058 1107/1462/1066
f 1107/1462/1066 1115/1535/1074 1123/1463/1082
f 1123/1463/1082 1059/1509/1018 1075/1461/1034
f 1075/1461/1034 1091/1524/1050 1107/1462/1066
o seat_hinge_1
v 0.261250 0.007643 0.527720
v 0.295697 0.007643 0.527720
v 0.261250 0.009239 0.527594
v 0.295697 0.009239 0.527594
v 0.261250 0.010795 0.527221
v 0.295697 0.010795 0.527221
v 0.261250 0.012274 0.526608
v 0.295697 0.012274 0.526608
v 0.261250 0.013639 0.525772
v 0.295697 0.013639 0.525772
v 0.261250 0.014856 0.524732
v 0.295697 0.014856 0.524733
v 0.261250 0.015895 0.523515
v 0.295697 0.015895 0.523515
v 0.261250 0.016732 0.522151
v 0.295697 0.016732 0.522151
v 0.261250 0.017344 0.520672
v 0.295697 0.017344 0.520672
v 0.261250 0.017718 0.519116
v 0.295697 0.017718 0.519116
v 0.261250 0.017843 0.517520
v 0.295697 0.017843 0.517520
v 0.261250 0.017718 0.515924
v 0.295697 0.017718 0.515924
v 0.261250 0.017344 0.514368
v 0.295697 0.017344 0.514368
v 0.261250 0.016732 0.512889
v 0.295697 0.016732 0.512889
v 0.261250 0.015895 0.511525
v 0.295697 0.015895 0.511525
v 0.261250 0.014856 0.510307
v 0.295697 0.014856 0.510308
v 0.261250 0.013639 0.509268
v 0.295697 0.013639 0.509268
v 0.261250 0.012274 0.508432
v 0.295697 0.012274 0.508432
v 0.261250 0.010795 0.507819
v 0.295697 0.010795 0.507819
v 0.261250 0.009239 0.507446
v 0.295697 0.009239 0.507446
v 0.261250 0.007643 0.507320
v 0.295697 0.007643 0.507320
v 0.261250 0.006048 0.507446
v 0.295697 0.006048 0.507446
v 0.261250 0.004491 0.507819
v 0.295697 0.004491 0.507819
v 0.261250 0.003013 0.508432
v 0.295697 0.003013 0.508432
v 0.261250 0.001648 0.509268
v 0.295697 0.001648 0.509268
v 0.261250 0.000431 0.510307
v 0.295697 0.000431 0.510308
v 0.261250 -0.000609 0.511525
v 0.295697 -0.000609 0.511525
v 0.261250 -0.001445 0.512889
v 0.295697 -0.001445 0.512889
v 0.261250 -0.002057 0.514368
v 0.295697 -0.002057 0.514368
v 0.261250 -0.002431 0.515924
v 0.295697 -0.002431 0.515924
v 0.261250 -0.002557 0.517520
v 0.295697 -0.002557 0.517520
v 0.261250 -0.002431 0.519116
v 0.295697 -0.002431 0.519116
v 0.261250 -0.002057 0.520672
v 0.295697 -0.002057 0.520672
v 0.261250 -0.001445 0.522151
v 0.295697 -0.001445 0.522151
v 0.261250 -0.000609 0.523515
v 0.295697 -0.000609 0.523515
v 0.261250 0.000431 0.524732
v 0.295697 0.000431 0.524733
v 0.261250 0.001648 0.525772
v 0.295697 0.001648 0.525772
v 0.261250 0.003013 0.526608
v 0.295697 0.003013 0.526608
v 0.261250 0.004491 0.527221
v 0.295697 0.004491 0.527221
v 0.261250 0.006048 0.527594
v 0.295697 0.006048 0.527594
vn 0.6124 0.4696 0.6359
vn -0.9490 0.0493 0.3113
vn -0.9568 -0.0000 0.2908
vn 0.9561 0.0145 0.2928
vn -0.9568 0.0899 0.2765
vn 0.9522 0.0647 0.2985
vn -0.9473 0.1455 0.2855
vn 0.9561 0.1044 0.2739
vn -0.9568 0.1709 0.2352
vn 0.9483 0.1614 0.2732
vn -0.9490 0.2229 0.2229
vn 0.9561 0.1838 0.2283
vn -0.9568 0.2352 0.1709
vn 0.9466 0.2423 0.2128
vn -0.9497 0.2790 0.1421
vn 0.9561 0.2454 0.1603
vn -0.9568 0.2765 0.0898
vn 0.9483 0.2911 0.1264
vn -0.9490 0.3113 0.0493
vn 0.9561 0.2829 0.0766
vn -0.9568 0.2908 -0.0000
vn 0.9522 0.3039 0.0308
vn -0.9473 0.3165 -0.0501
vn 0.9561 0.2928 -0.0145
vn -0.9568 0.2765 -0.0899
vn 0.9483 0.3097 -0.0690
vn -0.9490 0.2808 -0.1431
vn 0.9561 0.2741 -0.1040
vn -0.9568 0.2352 -0.1709
vn 0.9466 0.2773 -0.1647
vn -0.9555 0.2086 -0.2086
vn 0.9561 0.2283 -0.1838
vn -0.9568 0.1709 -0.2352
vn 0.9483 0.2100 -0.2379
vn -0.9490 0.1431 -0.2809
vn 0.9561 0.1604 -0.2454
vn -0.9568 0.0898 -0.2765
vn 0.9490 0.1257 -0.2891
vn -0.9473 0.0501 -0.3165
vn 0.9561 0.0767 -0.2829
vn -0.9568 -0.0000 -0.2908
vn 0.9483 0.0300 -0.3159
vn -0.9490 -0.0493 -0.3113
vn 0.9561 -0.0145 -0.2928
vn -0.9568 -0.0899 -0.2765
vn 0.9466 -0.0710 -0.3146
vn -0.9497 -0.1421 -0.2790
vn 0.9561 -0.1043 -0.2740
vn -0.9568 -0.1709 -0.2352
vn 0.9483 -0.1614 -0.2732
vn -0.9490 -0.2229 -0.2229
vn 0.9561 -0.1837 -0.2285
vn -0.9568 -0.2352 -0.1709
vn 0.9548 -0.2208 -0.1990
vn -0.9473 -0.2856 -0.1455
vn 0.9561 -0.2454 -0.1604
vn -0.9568 -0.2765 -0.0898
vn 0.9483 -0.2911 -0.1262
vn -0.9490 -0.3113 -0.0493
vn 0.9561 -0.2829 -0.0767
vn -0.9568 -0.2908 -0.0000
vn 0.9466 -0.3211 -0.0296
vn -0.9529 -0.2995 0.0474
vn 0.9561 -0.2928 0.0145
vn -0.9568 -0.2765 0.0899
vn 0.9483 -0.3097 0.0691
vn -0.9490 -0.2808 0.1431
vn 0.9561 -0.2740 0.1043
vn -0.9568 -0.2352 0.1709
vn 0.9490 -0.2715 0.1601
vn -0.9473 -0.2266 0.2266
vn 0.9561 -0.2283 0.1838
vn -0.9568 -0.1709 0.2352
vn 0.9483 -0.2098 0.2380
vn -0.9490 -0.1431 0.2809
vn 0.9561 -0.1604 0.2454
vn -0.9568 -0.0898 0.2765
vn 0.9466 -0.1275 0.2962
vn -0.9529 -0.0474 0.2995
vn 0.5585 -0.5875 0.5856
vt 1.000000 1.000000
vt 0.975000 0.500000
vt 1.000000 0.500000
vt 0.975000 1.000000
vt 0.950000 0.500000
vt 0.950000 1.000000
vt 0.925000 0.500000
vt 0.925000 1.000000
vt 0.900000 0.500000
vt 0.900000 1.000000
vt 0.875000 0.500000
vt 0.875000 1.000000
vt 0.850000 0.500000
vt 0.850000 1.000000
vt 0.825000 0.500000
vt 0.825000 1.000000
vt 0.800000 0.500000
vt 0.800000 1.000000
vt 0.775000 0.500000
vt 0.775000 1.000000
vt 0.750000 0.500000
vt 0.750000 1.000000
vt 0.725000 0.500000
vt 0.725000 1.000000
vt 0.700000 0.500000
vt 0.700000 1.000000
vt 0.675000 0.500000
vt 0.675000 1.000000
vt 0.650000 0.500000
vt 0.650000 1.000000
vt 0.625000 0.500000
vt 0.625000 1.000000
vt 0.600000 0.500000
vt 0.600000 1.000000
vt 0.575000 0.500000
vt 0.575000 1.000000
vt 0.550000 0.500000
vt 0.550000 1.000000
vt 0.525000 0.500000
vt 0.525000 1.000000
vt 0.500000 0.500000
vt 0.500000 1.000000
vt 0.475000 0.500000
vt 0.475000 1.000000
vt 0.450000 0.500000
vt 0.450000 1.000000
vt 0.425000 0.500000
vt 0.425000 1.000000
vt 0.400000 0.500000
vt 0.400000 1.000000
vt 0.375000 0.500000
vt 0.375000 1.000000
vt 0.350000 0.500000
vt 0.350000 1.000000
vt 0.325000 0.500000
vt 0.325000 1.000000
vt 0.300000 0.500000
vt 0.300000 1.000000
vt 0.275000 0.500000
vt 0.275000 1.000000
vt 0.250000 0.500000
vt 0.250000 1.000000
vt 0.225000 0.500000
vt 0.225000 1.000000
vt 0.200000 0.500000
vt 0.200000 1.000000
vt 0.175000 0.500000
vt 0.175000 1.000000
vt 0.150000 0.500000
vt 0.150000 1.000000
vt 0.125000 0.500000
vt 0.125000 1.000000
vt 0.100000 0.500000
vt 0.100000 1.000000
vt 0.075000 0.500000
vt 0.075000 1.000000
vt 0.050000 0.500000
vt 0.055836 0.108932
vt 0.490000 0.250000
vt 0.324164 0.478254
vt 0.050000 1.000000
vt 0.025000 0.500000
vt 0.025000 1.000000
vt 0.000000 0.500000
vt 0.919706 0.080294
vt 0.512955 0.287544
vt 0.712456 0.487045
vt 0.287544 0.487045
vt 0.250000 0.490000
vt 0.212456 0.487045
vt 0.175836 0.478254
vt 0.141042 0.463842
vt 0.108932 0.444164
vt 0.080294 0.419706
vt 0.055836 0.391068
vt 0.036158 0.358958
vt 0.021746 0.324164
vt 0.012955 0.287544
vt 0.010000 0.250000
vt 0.012955 0.212456
vt 0.021746 0.175836
vt 0.036158 0.141042
vt 0.080294 0.080294
vt 0.108932 0.055836
vt 0.141042 0.036158
vt 0.175836 0.021746
vt 0.212456 0.012955
vt 0.250000 0.010000
vt 0.287544 0.012955
vt 0.324164 0.021746
vt 0.358958 0.036158
vt 0.391068 0.055836
vt 0.419706 0.080294
vt 0.444164 0.108932
vt 0.463842 0.141042
vt 0.478254 0.175836
vt 0.487045 0.212456
vt 0.487045 0.287544
vt 0.478254 0.324164
vt 0.463842 0.358958
vt 0.444164 0.391068
vt 0.419706 0.419706
vt 0.391068 0.444164
vt 0.358958 0.463842
vt 0.000000 1.000000
vt 0.750000 0.490000
vt 0.787544 0.487045
vt 0.824164 0.478254
vt 0.858958 0.463842
vt 0.891068 0.444164
vt 0.919706 0.419706
vt 0.944164 0.391068
vt 0.963842 0.358958
vt 0.978254 0.324164
vt 0.987045 0.287544
vt 0.990000 0.250000
vt 0.987045 0.212456
vt 0.978254 0.175836
vt 0.963842 0.141042
vt 0.944164 0.108932
vt 0.891068 0.055836
vt 0.858958 0.036158
vt 0.824164 0.021746
vt 0.787544 0.012955
vt 0.750000 0.010000
vt 0.712456 0.012955
vt 0.675836 0.021746
vt 0.641042 0.036158
vt 0.608932 0.055836
vt 0.580294 0.080294
vt 0.555836 0.108932
vt 0.536158 0.141042
vt 0.521746 0.175836
vt 0.512955 0.212456
vt 0.510000 0.250000
vt 0.521746 0.324164
vt 0.536158 0.358958
vt 0.555836 0.391068
vt 0.580294 0.419706
vt 0.608932 0.444164
vt 0.641042 0.463842
vt 0.675836 0.478254
s 1
usemtl dark_steel_rivets
f 1126/1539/1084 1127/1540/1085 1125/1541/1086
f 1128/1542/1087 1129/1543/1088 1127/1540/1085
f 1130/1544/1089 1131/1545/1090 1129/1543/1088
f 1132/1546/1091 1133/1547/1092 1131/1545/1090
f 1134/1548/1093 1135/1549/1094 1133/1547/1092
f 1136/1550/1095 1137/1551/1096 1135/1549/1094
f 1138/1552/1097 1139/1553/1098 1137/1551/1096
f 1140/1554/1099 1141/1555/1100 1139/1553/1098
f 1142/1556/1101 1143/1557/1102 1141/1555/1100
f 1144/1558/1103 1145/1559/1104 1143/1557/1102
f 1146/1560/1105 1147/1561/1106 1145/1559/1104
f 1148/1562/1107 1149/1563/1108 1147/1561/1106
f 1150/1564/1109 1151/1565/1110 1149/1563/1108
f 1152/1566/1111 1153/1567/1112 1151/1565/1110
f 1154/1568/1113 1155/1569/1114 1153/1567/1112
f 1156/1570/1115 1157/1571/1116 1155/1569/1114
f 1158/1572/1117 1159/1573/1118 1157/1571/1116
f 1160/1574/1119 1161/1575/1120 1159/1573/1118
f 1162/1576/1121 1163/1577/1122 1161/1575/1120
f 1164/1578/1123 1165/1579/1124 1163/1577/1122
f 1166/1580/1125 1167/1581/1126 1165/1579/1124
f 1168/1582/1127 1169/1583/1128 1167/1581/1126
f 1170/1584/1129 1171/1585/1130 1169/1583/1128
f 1172/1586/1131 1173/1587/1132 1171/1585/1130
f 1174/1588/1133 1175/1589/1134 1173/1587/1132
f 1176/1590/1135 1177/1591/1136 1175/1589/1134
f 1178/1592/1137 1179/1593/1138 1177/1591/1136
f 1180/1594/1139 1181/1595/1140 1179/1593/1138
f 1182/1596/1141 1183/1597/1142 1181/1595/1140
f 1184/1598/1143 1185/1599/1144 1183/1597/1142
f 1186/1600/1145 1187/1601/1146 1185/1599/1144
f 1188/1602/1147 1189/1603/1148 1187/1601/1146
f 1190/1604/1149 1191/1605/1150 1189/1603/1148
f 1192/1606/1151 1193/1607/1152 1191/1605/1150
f 1194/1608/1153 1195/1609/1154 1193/1607/1152
f 1196/1610/1155 1197/1611/1156 1195/1609/1154
f 1198/1612/1157 1199/1613/1158 1197/1611/1156
f 1200/1614/1159 1201/1615/1160 1199/1613/1158
f 1178/1616/1137 1146/1617/1105 1130/1618/1089
f 1202/1619/1161 1203/1620/1162 1201/1615/1160
f 1204/1621/1163 1125/1622/1086 1203/1620/1162
f 1155/1623/1114 1187/1624/1146 1203/1625/1162
f 1126/1539/1084 1128/1542/1087 1127/1540/1085
f 1128/1542/1087 1130/1544/1089 1129/1543/1088
f 1130/1544/1089 1132/1546/1091 1131/1545/1090
f 1132/1546/1091 1134/1548/1093 1133/1547/1092
f 1134/1548/1093 1136/1550/1095 1135/1549/1094
f 1136/1550/1095 1138/1552/1097 1137/1551/1096
f 1138/1552/1097 1140/1554/1099 1139/1553/1098
f 1140/1554/1099 1142/1556/1101 1141/1555/1100
f 1142/1556/1101 1144/1558/1103 1143/1557/1102
f 1144/1558/1103 1146/1560/1105 1145/1559/1104
f 1146/1560/1105 1148/1562/1107 1147/1561/1106
f 1148/1562/1107 1150/1564/1109 1149/1563/1108
f 1150/1564/1109 1152/1566/1111 1151/1565/1110
f 1152/1566/1111 1154/1568/1113 1153/1567/1112
f 1154/1568/1113 1156/1570/1115 1155/1569/1114
f 1156/1570/1115 1158/1572/1117 1157/1571/1116
f 1158/1572/1117 1160/1574/1119 1159/1573/1118
f 1160/1574/1119 1162/1576/1121 1161/1575/1120
f 1162/1576/1121 1164/1578/1123 1163/1577/1122
f 1164/1578/1123 1166/1580/1125 1165/1579/1124
f 1166/1580/1125 1168/1582/1127 1167/1581/1126
f 1168/1582/1127 1170/1584/1129 1169/1583/1128
f 1170/1584/1129 1172/1586/1131 1171/1585/1130
f 1172/1586/1131 1174/1588/1133 1173/1587/1132
f 1174/1588/1133 1176/1590/1135 1175/1589/1134
f 1176/1590/1135 1178/1592/1137 1177/1591/1136
f 1178/1592/1137 1180/1594/1139 1179/1593/1138
f 1180/1594/1139 1182/1596/1141 1181/1595/1140
f 1182/1596/1141 1184/1598/1143 1183/1597/1142
f 1184/1598/1143 1186/1600/1145 1185/1599/1144
f 1186/1600/1145 1188/1602/1147 1187/1601/1146
f 1188/1602/1147 1190/1604/1149 1189/1603/1148
f 1190/1604/1149 1192/1606/1151 1191/1605/1150
f 1192/1606/1151 1194/1608/1153 1193/1607/1152
f 1194/1608/1153 1196/1610/1155 1195/1609/1154
f 1196/1610/1155 1198/1612/1157 1197/1611/1156
f 1198/1612/1157 1200/1614/1159 1199/1613/1158
f 1200/1614/1159 1202/1619/1161 1201/1615/1160
f 1130/1618/1089 1128/1626/1087 1126/1627/1084
f 1126/1627/1084 1204/1628/1163 1202/1629/1161
f 1202/1629/1161 1200/1630/1159 1198/1631/1157
f 1198/1631/1157 1196/1632/1155 1194/1633/1153
f 1194/1633/1153 1192/1634/1151 1190/1635/1149
f 1190/1635/1149 1188/1636/1147 1186/1637/1145
f 1186/1637/1145 1184/1638/1143 1182/1639/1141
f 1182/1639/1141 1180/1640/1139 1178/1616/1137
f 1178/1616/1137 1176/1641/1135 1174/1642/1133
f 1174/1642/1133 1172/1643/1131 1170/1644/1129
f 1170/1644/1129 1168/1645/1127 1166/1646/1125
f 1166/1646/1125 1164/1647/1123 1162/1648/1121
f 1162/1648/1121 1160/1649/1119 1158/1650/1117
f 1158/1650/1117 1156/1651/1115 1154/1652/1113
f 1154/1652/1113 1152/1653/1111 1150/1654/1109
f 1150/1654/1109 1148/1655/1107 1146/1617/1105
f 1146/1617/1105 1144/1656/1103 1142/1657/1101
f 1142/1657/1101 1140/1658/1099 1138/1659/1097
f 1138/1659/1097 1136/1660/1095 1134/1661/1093
f 1134/1661/1093 1132/1662/1091 1130/1618/1089
f 1130/1618/1089 1126/1627/1084 1202/1629/1161
f 1202/1629/1161 1198/1631/1157 1194/1633/1153
f 1194/1633/1153 1190/1635/1149 1186/1637/1145
f 1186/1637/1145 1182/1639/1141 1178/1616/1137
f 1178/1616/1137 1174/1642/1133 1170/1644/1129
f 1170/1644/1129 1166/1646/1125 1162/1648/1121
f 1162/1648/1121 1158/1650/1117 1154/1652/1113
f 1154/1652/1113 1150/1654/1109 1146/1617/1105
f 1146/1617/1105 1142/1657/1101 1138/1659/1097
f 1138/1659/1097 1134/1661/1093 1130/1618/1089
f 1130/1618/1089 1202/1629/1161 1194/1633/1153
f 1194/1633/1153 1186/1637/1145 1178/1616/1137
f 1178/1616/1137 1170/1644/1129 1162/1648/1121
f 1162/1648/1121 1154/1652/1113 1146/1617/1105
f 1146/1617/1105 1138/1659/1097 1130/1618/1089
f 1130/1618/1089 1194/1633/1153 1178/1616/1137
f 1178/1616/1137 1162/1648/1121 1146/1617/1105
f 1202/1619/1161 1204/1621/1163 1203/1620/1162
f 1204/1621/1163 1126/1663/1084 1125/1622/1086
f 1203/1625/1162 1125/1664/1086 1127/1665/1085
f 1127/1665/1085 1129/1666/1088 1131/1667/1090
f 1131/1667/1090 1133/1668/1092 1135/1669/1094
f 1135/1669/1094 1137/1670/1096 1139/1671/1098
f 1139/1671/1098 1141/1672/1100 1143/1673/1102
f 1143/1673/1102 1145/1674/1104 1147/1675/1106
f 1147/1675/1106 1149/1676/1108 1151/1677/1110
f 1151/1677/1110 1153/1678/1112 1155/1623/1114
f 1155/1623/1114 1157/1679/1116 1159/1680/1118
f 1159/1680/1118 1161/1681/1120 1163/1682/1122
f 1163/1682/1122 1165/1683/1124 1167/1684/1126
f 1167/1684/1126 1169/1685/1128 1171/1686/1130
f 1171/1686/1130 1173/1687/1132 1175/1688/1134
f 1175/1688/1134 1177/1689/1136 1179/1690/1138
f 1179/1690/1138 1181/1691/1140 1183/1692/1142
f 1183/1692/1142 1185/1693/1144 1187/1624/1146
f 1187/1624/1146 1189/1694/1148 1191/1695/1150
f 1191/1695/1150 1193/1696/1152 1195/1697/1154
f 1195/1697/1154 1197/1698/1156 1199/1699/1158
f 1199/1699/1158 1201/1700/1160 1203/1625/1162
f 1203/1625/1162 1127/1665/1085 1131/1667/1090
f 1131/1667/1090 1135/1669/1094 1139/1671/1098
f 1139/1671/1098 1143/1673/1102 1147/1675/1106
f 1147/1675/1106 1151/1677/1110 1155/1623/1114
f 1155/1623/1114 1159/1680/1118 1163/1682/1122
f 1163/1682/1122 1167/1684/1126 1171/1686/1130
f 1171/1686/1130 1175/1688/1134 1179/1690/1138
f 1179/1690/1138 1183/1692/1142 1187/1624/1146
f 1187/1624/1146 1191/1695/1150 1195/1697/1154
f 1195/1697/1154 1199/1699/1158 1203/1625/1162
f 1203/1625/1162 1131/1667/1090 1139/1671/1098
f 1139/1671/1098 1147/1675/1106 1155/1623/1114
f 1155/1623/1114 1163/1682/1122 1171/1686/1130
f 1171/1686/1130 1179/1690/1138 1187/1624/1146
f 1187/1624/1146 1195/1697/1154 1203/1625/1162
f 1203/1625/1162 1139/1671/1098 1155/1623/1114
f 1155/1623/1114 1171/1686/1130 1187/1624/1146
o backrest
v -0.267400 0.184145 0.771072
v 0.267400 0.184145 0.771072
v 0.267400 0.243320 0.853072
v 0.267023 0.250250 0.862676
v 0.265893 0.257138 0.872220
v 0.264018 0.263940 0.881646
v 0.261409 0.270616 0.890896
v 0.258083 0.277122 0.899913
v 0.254059 0.283421 0.908641
v 0.249363 0.289472 0.917026
v 0.244024 0.295239 0.925017
v 0.238074 0.300686 0.932565
v 0.231550 0.305779 0.939622
v 0.224492 0.310487 0.946146
v 0.216945 0.314780 0.952096
v 0.208954 0.318634 0.957435
v 0.200568 0.322023 0.962131
v 0.191840 0.324926 0.966155
v 0.182824 0.327327 0.969482
v 0.173574 0.329209 0.972090
v 0.164148 0.330563 0.973965
v 0.154603 0.331378 0.975095
v 0.145000 0.331650 0.975472
v -0.145000 0.331650 0.975472
v -0.154603 0.331378 0.975095
v -0.164148 0.330563 0.973965
v -0.173574 0.329209 0.972090
v -0.182824 0.327327 0.969482
v -0.191840 0.324926 0.966155
v -0.200568 0.322023 0.962131
v -0.208954 0.318634 0.957435
v -0.216945 0.314780 0.952096
v -0.224492 0.310487 0.946146
v -0.231550 0.305779 0.939622
v -0.238074 0.300686 0.932565
v -0.244024 0.295239 0.925017
v -0.249363 0.289472 0.917026
v -0.254059 0.283421 0.908641
v -0.258083 0.277122 0.899913
v -0.261409 0.270616 0.890896
v -0.264018 0.263940 0.881646
v -0.265893 0.257138 0.872220
v -0.267023 0.250250 0.862676
v -0.267400 0.243320 0.853072
v -0.267400 0.192659 0.764928
v 0.267400 0.192659 0.764928
v 0.267400 0.251835 0.846928
v 0.267023 0.258765 0.856531
v 0.265893 0.265652 0.866075
v 0.264018 0.272455 0.875502
v 0.261409 0.279130 0.884751
v 0.258083 0.285637 0.893768
v 0.254059 0.291935 0.902496
v 0.249363 0.297987 0.910882
v 0.244024 0.303754 0.918873
v 0.238074 0.309200 0.926420
v 0.231550 0.314293 0.933478
v 0.224492 0.319001 0.940001
v 0.216945 0.323295 0.945951
v 0.208954 0.327148 0.951291
v 0.200568 0.330537 0.955987
v 0.191840 0.333441 0.960011
v 0.182824 0.335841 0.963337
v 0.173574 0.337724 0.965946
v 0.164148 0.339077 0.967821
v 0.154603 0.339892 0.968950
v 0.145000 0.340164 0.969328
v -0.145000 0.340164 0.969328
v -0.154603 0.339892 0.968950
v -0.164148 0.339077 0.967821
v -0.173574 0.337724 0.965946
v -0.182824 0.335841 0.963337
v -0.191840 0.333441 0.960011
v -0.200568 0.330537 0.955987
v -0.208954 0.327148 0.951291
v -0.216945 0.323295 0.945951
v -0.224492 0.319001 0.940001
v -0.231550 0.314293 0.933478
v -0.238074 0.309200 0.926420
v -0.244024 0.303754 0.918873
v -0.249363 0.297987 0.910882
v -0.254059 0.291935 0.902496
v -0.258083 0.285637 0.893768
v -0.261409 0.279130 0.884751
v -0.264018 0.272455 0.875502
v -0.265893 0.265652 0.866075
v -0.267023 0.258765 0.856531
v -0.267400 0.251835 0.846928
vn -0.0000 -0.8109 0.5852
vn -0.0000 0.8109 -0.5852
vn -0.0000 -0.5852 -0.8109
vn 1.0000 -0.0000 -0.0000
vn 0.9995 0.0186 0.0258
vn 0.9954 0.0559 0.0775
vn 0.9872 0.0932 0.1291
vn 0.9748 0.1305 0.1808
vn 0.9580 0.1677 0.2324
vn 0.9367 0.2049 0.2839
vn 0.9105 0.2420 0.3353
vn 0.8792 0.2788 0.3863
vn 0.8426 0.3152 0.4368
vn 0.8002 0.3510 0.4864
vn 0.7517 0.3859 0.5348
vn 0.6971 0.4196 0.5814
vn 0.6359 0.4516 0.6258
vn 0.5683 0.4815 0.6672
vn 0.4942 0.5087 0.7049
vn 0.4141 0.5326 0.7381
vn 0.3285 0.5527 0.7659
vn 0.2382 0.5683 0.7876
vn 0.1444 0.5791 0.8024
vn 0.0484 0.5845 0.8099
vn -0.0000 0.5852 0.8109
vn -0.0484 0.5845 0.8099
vn -0.1444 0.5791 0.8024
vn -0.2382 0.5683 0.7876
vn -0.3285 0.5527 0.7659
vn -0.4141 0.5326 0.7381
vn -0.4942 0.5087 0.7049
vn -0.5683 0.4815 0.6672
vn -0.6359 0.4516 0.6258
vn -0.6971 0.4196 0.5814
vn -0.7517 0.3859 0.5348
vn -0.8002 0.3510 0.4864
vn -0.8426 0.3152 0.4368
vn -0.8792 0.2788 0.3863
vn -0.9105 0.2420 0.3353
vn -0.9367 0.2049 0.2839
vn -0.9580 0.1677 0.2324
vn -0.9748 0.1305 0.1808
vn -0.9872 0.0932 0.1291
vn -0.9954 0.0559 0.0775
vn -0.9995 0.0186 0.0258
vn -1.0000 -0.0000 -0.0000
vn -0.0001 -0.8109 0.5851
vn -0.0002 -0.8109 0.5852
vn -0.0001 -0.8109 0.5852
vn -0.0000 -0.8109 0.5851
vn 0.0001 -0.8109 0.5852
vn -0.0000 -0.8110 0.5851
vn -0.0000 0.8109 -0.5851
vn -0.0001 0.8109 -0.5852
vn -0.0002 0.8109 -0.5851
vn 0.0001 0.8109 -0.5852
vn -0.0000 0.8110 -0.5851
vn -0.0000 0.8108 -0.5853
vn -0.0001 0.8108 -0.5853
vn 0.0002 0.8109 -0.5852
vn -0.0002 0.8109 -0.5852
vn 0.8425 0.3152 0.4368
vn 0.1444 0.5790 0.8024
vn -0.1444 0.5790 0.8024
vn -0.4141 0.5327 0.7381
vn -0.8425 0.3152 0.4368
vt 0.982578 0.630335
vt 0.228871 1.000000
vt 0.011202 0.586222
vt 0.966274 0.714060
vt 0.193067 0.992627
vt 0.002818 0.494851
vt 0.000000 0.000000
vt 1.000000 0.000000
vt 1.000000 0.401174
vt 0.999294 0.448157
vt 0.997182 0.494851
vt 0.993676 0.540967
vt 0.988798 0.586222
vt 0.975055 0.673035
vt 0.956290 0.753155
vt 0.945164 0.790080
vt 0.932965 0.824608
vt 0.919769 0.856525
vt 0.905656 0.885634
vt 0.890714 0.911757
vt 0.875034 0.934732
vt 0.858714 0.954417
vt 0.841854 0.970691
vt 0.824558 0.983454
vt 0.806933 0.992627
vt 0.789086 0.998154
vt 0.771129 1.000000
vt 0.210914 0.998154
vt 0.175442 0.983454
vt 0.158146 0.970691
vt 0.141286 0.954417
vt 0.124966 0.934732
vt 0.109286 0.911757
vt 0.094344 0.885634
vt 0.080231 0.856525
vt 0.067035 0.824608
vt 0.054836 0.790080
vt 0.043710 0.753155
vt 0.033726 0.714060
vt 0.024945 0.673035
vt 0.017422 0.630335
vt 0.006324 0.540967
vt 0.000706 0.448157
vt 0.000000 0.401174
s 0
usemtl distressed_navy_backrest_print
f 1212/1701/1164 1228/1702/1164 1244/1703/1164
f 1285/1704/1165 1269/1705/1165 1253/1706/1165
f 1249/1707/1166 1206/1708/1166 1205/1707/1166
f 1250/1708/1167 1207/1709/1167 1206/1708/1167
f 1251/1709/1168 1208/1710/1168 1207/1709/1168
f 1208/1710/1169 1253/1711/1169 1209/1711/1169
f 1253/1711/1170 1210/1712/1170 1209/1711/1170
f 1254/1712/1171 1211/1713/1171 1210/1712/1171
f 1211/1713/1172 1256/1701/1172 1212/1701/1172
f 1256/1701/1173 1213/1714/1173 1212/1701/1173
f 1213/1714/1174 1258/1704/1174 1214/1704/1174
f 1258/1704/1175 1215/1715/1175 1214/1704/1175
f 1215/1715/1176 1260/1716/1176 1216/1716/1176
f 1216/1716/1177 1261/1717/1177 1217/1717/1177
f 1261/1717/1178 1218/1718/1178 1217/1717/1178
f 1262/1718/1179 1219/1719/1179 1218/1718/1179
f 1219/1719/1180 1264/1720/1180 1220/1720/1180
f 1220/1720/1181 1265/1721/1181 1221/1721/1181
f 1221/1721/1182 1266/1722/1182 1222/1722/1182
f 1266/1722/1183 1223/1723/1183 1222/1722/1183
f 1267/1723/1184 1224/1724/1184 1223/1723/1184
f 1224/1724/1185 1269/1725/1185 1225/1725/1185
f 1225/1725/1186 1270/1726/1186 1226/1726/1186
f 1270/1726/1187 1227/1727/1187 1226/1726/1187
f 1271/1727/1188 1228/1702/1188 1227/1727/1188
f 1228/1702/1189 1273/1728/1189 1229/1728/1189
f 1273/1728/1190 1230/1705/1190 1229/1728/1190
f 1274/1705/1191 1231/1729/1191 1230/1705/1191
f 1231/1729/1192 1276/1730/1192 1232/1730/1192
f 1232/1730/1193 1277/1731/1193 1233/1731/1193
f 1277/1731/1194 1234/1732/1194 1233/1731/1194
f 1278/1732/1195 1235/1733/1195 1234/1732/1195
f 1279/1733/1196 1236/1734/1196 1235/1733/1196
f 1236/1734/1197 1281/1735/1197 1237/1735/1197
f 1237/1735/1198 1282/1736/1198 1238/1736/1198
f 1282/1736/1199 1239/1737/1199 1238/1736/1199
f 1283/1737/1200 1240/1738/1200 1239/1737/1200
f 1240/1738/1201 1285/1739/1201 1241/1739/1201
f 1285/1739/1202 1242/1740/1202 1241/1739/1202
f 1242/1740/1203 1287/1741/1203 1243/1741/1203
f 1287/1741/1204 1244/1703/1204 1243/1741/1204
f 1244/1703/1205 1289/1742/1205 1245/1742/1205
f 1245/1742/1206 1290/1706/1206 1246/1706/1206
f 1290/1706/1207 1247/1743/1207 1246/1706/1207
f 1247/1743/1208 1292/1744/1208 1248/1744/1208
f 1292/1744/1209 1205/1707/1209 1248/1744/1209
f 1248/1744/1164 1205/1707/1164 1206/1708/1164
f 1206/1708/1164 1207/1709/1164 1208/1710/1164
f 1208/1710/1164 1209/1711/1164 1210/1712/1164
f 1210/1712/1210 1211/1713/1210 1212/1701/1210
f 1212/1701/1211 1213/1714/1211 1214/1704/1211
f 1214/1704/1164 1215/1715/1164 1216/1716/1164
f 1216/1716/1212 1217/1717/1212 1218/1718/1212
f 1218/1718/1212 1219/1719/1212 1220/1720/1212
f 1220/1720/1212 1221/1721/1212 1222/1722/1212
f 1222/1722/1164 1223/1723/1164 1224/1724/1164
f 1224/1724/1213 1225/1725/1213 1226/1726/1213
f 1226/1726/1213 1227/1727/1213 1228/1702/1213
f 1228/1702/1164 1229/1728/1164 1230/1705/1164
f 1230/1705/1213 1231/1729/1213 1232/1730/1213
f 1232/1730/1214 1233/1731/1214 1234/1732/1214
f 1234/1732/1212 1235/1733/1212 1236/1734/1212
f 1236/1734/1164 1237/1735/1164 1238/1736/1164
f 1238/1736/1215 1239/1737/1215 1240/1738/1215
f 1240/1738/1214 1241/1739/1214 1242/1740/1214
f 1242/1740/1164 1243/1741/1164 1244/1703/1164
f 1244/1703/1214 1245/1742/1214 1246/1706/1214
f 1246/1706/1214 1247/1743/1214 1248/1744/1214
f 1248/1744/1164 1206/1708/1164 1208/1710/1164
f 1208/1710/1164 1210/1712/1164 1212/1701/1164
f 1212/1701/1164 1214/1704/1164 1216/1716/1164
f 1216/1716/1164 1218/1718/1164 1220/1720/1164
f 1220/1720/1164 1222/1722/1164 1224/1724/1164
f 1224/1724/1164 1226/1726/1164 1228/1702/1164
f 1228/1702/1164 1230/1705/1164 1232/1730/1164
f 1232/1730/1164 1234/1732/1164 1236/1734/1164
f 1236/1734/1164 1238/1736/1164 1240/1738/1164
f 1240/1738/1164 1242/1740/1164 1244/1703/1164
f 1244/1703/1164 1246/1706/1164 1248/1744/1164
f 1248/1744/1164 1208/1710/1164 1212/1701/1164
f 1212/1701/1164 1216/1716/1164 1220/1720/1164
f 1220/1720/1164 1224/1724/1164 1228/1702/1164
f 1228/1702/1164 1232/1730/1164 1236/1734/1164
f 1236/1734/1164 1240/1738/1164 1244/1703/1164
f 1244/1703/1164 1248/1744/1164 1212/1701/1164
f 1212/1701/1164 1220/1720/1164 1228/1702/1164
f 1228/1702/1164 1236/1734/1164 1244/1703/1164
f 1249/1708/1216 1292/1709/1216 1291/1710/1216
f 1291/1710/1165 1290/1711/1165 1289/1712/1165
f 1289/1712/1165 1288/1713/1165 1287/1701/1165
f 1287/1701/1217 1286/1714/1217 1285/1704/1217
f 1285/1704/1218 1284/1715/1218 1283/1716/1218
f 1283/1716/1219 1282/1717/1219 1281/1718/1219
f 1281/1718/1165 1280/1719/1165 1279/1720/1165
f 1279/1720/1219 1278/1721/1219 1277/1722/1219
f 1277/1722/1220 1276/1723/1220 1275/1724/1220
f 1275/1724/1165 1274/1725/1165 1273/1726/1165
f 1273/1726/1221 1272/1727/1221 1271/1702/1221
f 1271/1702/1165 1270/1728/1165 1269/1705/1165
f 1269/1705/1165 1268/1729/1165 1267/1730/1165
f 1267/1730/1217 1266/1731/1217 1265/1732/1217
f 1265/1732/1222 1264/1733/1222 1263/1734/1222
f 1263/1734/1165 1262/1735/1165 1261/1736/1165
f 1261/1736/1217 1260/1737/1217 1259/1738/1217
f 1259/1738/1223 1258/1739/1223 1257/1740/1223
f 1257/1740/1217 1256/1741/1217 1255/1703/1217
f 1255/1703/1165 1254/1742/1165 1253/1706/1165
f 1253/1706/1224 1252/1743/1224 1251/1744/1224
f 1251/1744/1165 1250/1707/1165 1249/1708/1165
f 1249/1708/1165 1291/1710/1165 1289/1712/1165
f 1289/1712/1165 1287/1701/1165 1285/1704/1165
f 1285/1704/1165 1283/1716/1165 1281/1718/1165
f 1281/1718/1165 1279/1720/1165 1277/1722/1165
f 1277/1722/1165 1275/1724/1165 1273/1726/1165
f 1273/1726/1165 1271/1702/1165 1269/1705/1165
f 1269/1705/1165 1267/1730/1165 1265/1732/1165
f 1265/1732/1165 1263/1734/1165 1261/1736/1165
f 1261/1736/1165 1259/1738/1165 1257/1740/1165
f 1257/1740/1165 1255/1703/1165 1253/1706/1165
f 1253/1706/1165 1251/1744/1165 1249/1708/1165
f 1249/1708/1165 1289/1712/1165 1285/1704/1165
f 1285/1704/1165 1281/1718/1165 1277/1722/1165
f 1277/1722/1165 1273/1726/1165 1269/1705/1165
f 1269/1705/1165 1265/1732/1165 1261/1736/1165
f 1261/1736/1165 1257/1740/1165 1253/1706/1165
f 1253/1706/1165 1249/1708/1165 1285/1704/1165
f 1285/1704/1165 1277/1722/1165 1269/1705/1165
f 1269/1705/1165 1261/1736/1165 1253/1706/1165
f 1249/1707/1166 1250/1708/1166 1206/1708/1166
f 1250/1708/1167 1251/1709/1167 1207/1709/1167
f 1251/1709/1168 1252/1710/1168 1208/1710/1168
f 1208/1710/1169 1252/1710/1169 1253/1711/1169
f 1253/1711/1170 1254/1712/1170 1210/1712/1170
f 1254/1712/1171 1255/1713/1171 1211/1713/1171
f 1211/1713/1172 1255/1713/1172 1256/1701/1172
f 1256/1701/1173 1257/1714/1173 1213/1714/1173
f 1213/1714/1174 1257/1714/1174 1258/1704/1174
f 1258/1704/1175 1259/1715/1175 1215/1715/1175
f 1215/1715/1225 1259/1715/1225 1260/1716/1225
f 1216/1716/1177 1260/1716/1177 1261/1717/1177
f 1261/1717/1178 1262/1718/1178 1218/1718/1178
f 1262/1718/1179 1263/1719/1179 1219/1719/1179
f 1219/1719/1180 1263/1719/1180 1264/1720/1180
f 1220/1720/1181 1264/1720/1181 1265/1721/1181
f 1221/1721/1182 1265/1721/1182 1266/1722/1182
f 1266/1722/1183 1267/1723/1183 1223/1723/1183
f 1267/1723/1184 1268/1724/1184 1224/1724/1184
f 1224/1724/1185 1268/1724/1185 1269/1725/1185
f 1225/1725/1226 1269/1725/1226 1270/1726/1226
f 1270/1726/1187 1271/1727/1187 1227/1727/1187
f 1271/1727/1188 1272/1702/1188 1228/1702/1188
f 1228/1702/1189 1272/1702/1189 1273/1728/1189
f 1273/1728/1227 1274/1705/1227 1230/1705/1227
f 1274/1705/1191 1275/1729/1191 1231/1729/1191
f 1231/1729/1192 1275/1729/1192 1276/1730/1192
f 1232/1730/1228 1276/1730/1228 1277/1731/1228
f 1277/1731/1194 1278/1732/1194 1234/1732/1194
f 1278/1732/1195 1279/1733/1195 1235/1733/1195
f 1279/1733/1196 1280/1734/1196 1236/1734/1196
f 1236/1734/1197 1280/1734/1197 1281/1735/1197
f 1237/1735/1198 1281/1735/1198 1282/1736/1198
f 1282/1736/1199 1283/1737/1199 1239/1737/1199
f 1283/1737/1229 1284/1738/1229 1240/1738/1229
f 1240/1738/1201 1284/1738/1201 1285/1739/1201
f 1285/1739/1202 1286/1740/1202 1242/1740/1202
f 1242/1740/1203 1286/1740/1203 1287/1741/1203
f 1287/1741/1204 1288/1703/1204 1244/1703/1204
f 1244/1703/1205 1288/1703/1205 1289/1742/1205
f 1245/1742/1206 1289/1742/1206 1290/1706/1206
f 1290/1706/1207 1291/1743/1207 1247/1743/1207
f 1247/1743/1208 1291/1743/1208 1292/1744/1208
f 1292/1744/1209 1249/1707/1209 1205/1707/1209
