# Blender 4.5.0
# www.blender.org
mtllib mesh_000.mtl
o mesh_000
v -0.451360 -0.316710 0.087000
v -0.451360 -0.320350 0.090640
v -0.455000 -0.316710 0.090640
v -0.451360 -0.318528 0.087486
v -0.453178 -0.316710 0.087486
v -0.453101 -0.318451 0.087959
v -0.453178 -0.319864 0.090640
v -0.451360 -0.319864 0.088822
v -0.453101 -0.319391 0.088899
v -0.454514 -0.316710 0.088822
v -0.454514 -0.318528 0.090640
v -0.454041 -0.318451 0.088899
v -0.451360 -0.320350 0.910360
v -0.451360 -0.316710 0.914000
v -0.455000 -0.316710 0.910360
v -0.451360 -0.319864 0.912178
v -0.453178 -0.319864 0.910360
v -0.453101 -0.319391 0.912101
v -0.453178 -0.316710 0.913514
v -0.451360 -0.318528 0.913514
v -0.453101 -0.318451 0.913041
v -0.454514 -0.318528 0.910360
v -0.454514 -0.316710 0.912178
v -0.454041 -0.318451 0.912101
v -0.451360 0.376710 0.087000
v -0.455000 0.376710 0.090640
v -0.451360 0.380350 0.090640
v -0.453178 0.376710 0.087486
v -0.451360 0.378528 0.087486
v -0.453101 0.378451 0.087959
v -0.454514 0.378528 0.090640
v -0.454514 0.376710 0.088822
v -0.454041 0.378451 0.088899
v -0.451360 0.379864 0.088822
v -0.453178 0.379864 0.090640
v -0.453101 0.379391 0.088899
v -0.451360 0.376710 0.914000
v -0.451360 0.380350 0.910360
v -0.455000 0.376710 0.910360
v -0.451360 0.378528 0.913514
v -0.453178 0.376710 0.913514
v -0.453101 0.378451 0.913041
v -0.453178 0.379864 0.910360
v -0.451360 0.379864 0.912178
v -0.453101 0.379391 0.912101
v -0.454514 0.376710 0.912178
v -0.454514 0.378528 0.910360
v -0.454041 0.378451 0.912101
v 0.451360 -0.316710 0.087000
v 0.455000 -0.316710 0.090640
v 0.451360 -0.320350 0.090640
v 0.453178 -0.316710 0.087486
v 0.451360 -0.318528 0.087486
v 0.453101 -0.318451 0.087959
v 0.454514 -0.318528 0.090640
v 0.454514 -0.316710 0.088822
v 0.454041 -0.318451 0.088899
v 0.451360 -0.319864 0.088822
v 0.453178 -0.319864 0.090640
v 0.453101 -0.319391 0.088899
v 0.451360 -0.316710 0.914000
v 0.451360 -0.320350 0.910360
v 0.455000 -0.316710 0.910360
v 0.451360 -0.318528 0.913514
v 0.453178 -0.316710 0.913514
v 0.453101 -0.318451 0.913041
v 0.453178 -0.319864 0.910360
v 0.451360 -0.319864 0.912178
v 0.453101 -0.319391 0.912101
v 0.454514 -0.316710 0.912178
v 0.454514 -0.318528 0.910360
v 0.454041 -0.318451 0.912101
v 0.451360 0.376710 0.087000
v 0.451360 0.380350 0.090640
v 0.455000 0.376710 0.090640
v 0.451360 0.378528 0.087486
v 0.453178 0.376710 0.087486
v 0.453101 0.378451 0.087959
v 0.453178 0.379864 0.090640
v 0.451360 0.379864 0.088822
v 0.453101 0.379391 0.088899
v 0.454514 0.376710 0.088822
v 0.454514 0.378528 0.090640
v 0.454041 0.378451 0.088899
v 0.451360 0.376710 0.914000
v 0.455000 0.376710 0.910360
v 0.451360 0.380350 0.910360
v 0.453178 0.376710 0.913514
v 0.451360 0.378528 0.913514
v 0.453101 0.378451 0.913041
v 0.454514 0.378528 0.910360
v 0.454514 0.376710 0.912178
v 0.454041 0.378451 0.912101
v 0.451360 0.379864 0.912178
v 0.453178 0.379864 0.910360
v 0.453101 0.379391 0.912101
v -0.453544 -0.333454 0.914000
v -0.453544 -0.334910 0.915456
v -0.455000 -0.333454 0.915456
v -0.453544 -0.334484 0.914426
v -0.454385 -0.334295 0.914615
v -0.454574 -0.334484 0.915456
v -0.454574 -0.333454 0.914426
v -0.453544 -0.334910 0.949544
v -0.453544 -0.333454 0.951000
v -0.455000 -0.333454 0.949544
v -0.453544 -0.334484 0.950574
v -0.454385 -0.334295 0.950385
v -0.454574 -0.333454 0.950574
v -0.454574 -0.334484 0.949544
v -0.453544 0.378894 0.914000
v -0.455000 0.378894 0.915456
v -0.453544 0.380350 0.915456
v -0.454574 0.378894 0.914426
v -0.454385 0.379735 0.914615
v -0.454574 0.379924 0.915456
v -0.453544 0.379924 0.914426
v -0.453544 0.378894 0.951000
v -0.453544 0.380350 0.949544
v -0.455000 0.378894 0.949544
v -0.453544 0.379924 0.950574
v -0.454385 0.379735 0.950385
v -0.454574 0.379924 0.949544
v -0.454574 0.378894 0.950574
v 0.453544 -0.333454 0.914000
v 0.455000 -0.333454 0.915456
v 0.453544 -0.334910 0.915456
v 0.454574 -0.333454 0.914426
v 0.454385 -0.334295 0.914615
v 0.454574 -0.334484 0.915456
v 0.453544 -0.334484 0.914426
v 0.453544 -0.333454 0.951000
v 0.453544 -0.334910 0.949544
v 0.455000 -0.333454 0.949544
v 0.453544 -0.334484 0.950574
v 0.454385 -0.334295 0.950385
v 0.454574 -0.334484 0.949544
v 0.454574 -0.333454 0.950574
v 0.453544 0.378894 0.914000
v 0.453544 0.380350 0.915456
v 0.455000 0.378894 0.915456
v 0.453544 0.379924 0.914426
v 0.454385 0.379735 0.914615
v 0.454574 0.379924 0.915456
v 0.454574 0.378894 0.914426
v 0.453544 0.378894 0.951000
v 0.455000 0.378894 0.949544
v 0.453544 0.380350 0.949544
v 0.454574 0.378894 0.950574
v 0.454385 0.379735 0.950385
v 0.454574 0.379924 0.949544
v 0.453544 0.379924 0.950574
v -0.453544 0.360876 0.951000
v -0.453544 0.359420 0.952456
v -0.455000 0.360876 0.952456
v -0.453544 0.359846 0.951426
v -0.454385 0.360035 0.951615
v -0.454574 0.359846 0.952456
v -0.454574 0.360876 0.951426
v -0.453544 0.359420 0.998544
v -0.453544 0.360876 1.000000
v -0.455000 0.360876 0.998544
v -0.453544 0.359846 0.999574
v -0.454385 0.360035 0.999385
v -0.454574 0.360876 0.999574
v -0.454574 0.359846 0.998544
v -0.453544 0.378894 0.951000
v -0.455000 0.378894 0.952456
v -0.453544 0.380350 0.952456
v -0.454574 0.378894 0.951426
v -0.454385 0.379735 0.951615
v -0.454574 0.379924 0.952456
v -0.453544 0.379924 0.951426
v -0.453544 0.378894 1.000000
v -0.453544 0.380350 0.998544
v -0.455000 0.378894 0.998544
v -0.453544 0.379924 0.999574
v -0.454385 0.379735 0.999385
v -0.454574 0.379924 0.998544
v -0.454574 0.378894 0.999574
v 0.453544 0.360876 0.951000
v 0.455000 0.360876 0.952456
v 0.453544 0.359420 0.952456
v 0.454574 0.360876 0.951426
v 0.454385 0.360035 0.951615
v 0.454574 0.359846 0.952456
v 0.453544 0.359846 0.951426
v 0.453544 0.360876 1.000000
v 0.453544 0.359420 0.998544
v 0.455000 0.360876 0.998544
v 0.453544 0.359846 0.999574
v 0.454385 0.360035 0.999385
v 0.454574 0.359846 0.998544
v 0.454574 0.360876 0.999574
v 0.453544 0.378894 0.951000
v 0.453544 0.380350 0.952456
v 0.455000 0.378894 0.952456
v 0.453544 0.379924 0.951426
v 0.454385 0.379735 0.951615
v 0.454574 0.379924 0.952456
v 0.454574 0.378894 0.951426
v 0.453544 0.378894 1.000000
v 0.455000 0.378894 0.998544
v 0.453544 0.380350 0.998544
v 0.454574 0.378894 0.999574
v 0.454385 0.379735 0.999385
v 0.454574 0.379924 0.998544
v 0.453544 0.379924 0.999574
v -0.453544 -0.359844 0.789000
v -0.453544 -0.361300 0.790456
v -0.455000 -0.359844 0.790456
v -0.453544 -0.360874 0.789426
v -0.454385 -0.360685 0.789615
v -0.454574 -0.360874 0.790456
v -0.454574 -0.359844 0.789426
v -0.453544 -0.361300 0.912544
v -0.453544 -0.359844 0.914000
v -0.455000 -0.359844 0.912544
v -0.453544 -0.360874 0.913574
v -0.454385 -0.360685 0.913385
v -0.454574 -0.359844 0.913574
v -0.454574 -0.360874 0.912544
v -0.453544 -0.321806 0.789000
v -0.455000 -0.321806 0.790456
v -0.453544 -0.320350 0.790456
v -0.454574 -0.321806 0.789426
v -0.454385 -0.320965 0.789615
v -0.454574 -0.320776 0.790456
v -0.453544 -0.320776 0.789426
v -0.453544 -0.321806 0.914000
v -0.453544 -0.320350 0.912544
v -0.455000 -0.321806 0.912544
v -0.453544 -0.320776 0.913574
v -0.454385 -0.320965 0.913385
v -0.454574 -0.320776 0.912544
v -0.454574 -0.321806 0.913574
v 0.453544 -0.359844 0.789000
v 0.455000 -0.359844 0.790456
v 0.453544 -0.361300 0.790456
v 0.454574 -0.359844 0.789426
v 0.454385 -0.360685 0.789615
v 0.454574 -0.360874 0.790456
v 0.453544 -0.360874 0.789426
v 0.453544 -0.359844 0.914000
v 0.453544 -0.361300 0.912544
v 0.455000 -0.359844 0.912544
v 0.453544 -0.360874 0.913574
v 0.454385 -0.360685 0.913385
v 0.454574 -0.360874 0.912544
v 0.454574 -0.359844 0.913574
v 0.453544 -0.321806 0.789000
v 0.453544 -0.320350 0.790456
v 0.455000 -0.321806 0.790456
v 0.453544 -0.320776 0.789426
v 0.454385 -0.320965 0.789615
v 0.454574 -0.320776 0.790456
v 0.454574 -0.321806 0.789426
v 0.453544 -0.321806 0.914000
v 0.455000 -0.321806 0.912544
v 0.453544 -0.320350 0.912544
v 0.454574 -0.321806 0.913574
v 0.454385 -0.320965 0.913385
v 0.454574 -0.320776 0.912544
v 0.453544 -0.320776 0.913574
v -0.316680 -0.215245 0.000000
v -0.316917 -0.210428 0.000000
v -0.317624 -0.205658 0.000000
v -0.318796 -0.200980 0.000000
v -0.320421 -0.196440 0.000000
v -0.322482 -0.192081 0.000000
v -0.324962 -0.187944 0.000000
v -0.327834 -0.184071 0.000000
v -0.331073 -0.180498 0.000000
v -0.334646 -0.177259 0.000000
v -0.338519 -0.174387 0.000000
v -0.342656 -0.171907 0.000000
v -0.347015 -0.169846 0.000000
v -0.351555 -0.168221 0.000000
v -0.356233 -0.167049 0.000000
v -0.361003 -0.166342 0.000000
v -0.365820 -0.166105 0.000000
v -0.370637 -0.166342 0.000000
v -0.375407 -0.167049 0.000000
v -0.380085 -0.168221 0.000000
v -0.384625 -0.169846 0.000000
v -0.388984 -0.171907 0.000000
v -0.393121 -0.174387 0.000000
v -0.396994 -0.177259 0.000000
v -0.400567 -0.180498 0.000000
v -0.403806 -0.184071 0.000000
v -0.406678 -0.187944 0.000000
v -0.409158 -0.192081 0.000000
v -0.411219 -0.196440 0.000000
v -0.412844 -0.200980 0.000000
v -0.414016 -0.205658 0.000000
v -0.414723 -0.210428 0.000000
v -0.414960 -0.215245 0.000000
v -0.414723 -0.220062 0.000000
v -0.414016 -0.224832 0.000000
v -0.412844 -0.229510 0.000000
v -0.411219 -0.234050 0.000000
v -0.409158 -0.238409 0.000000
v -0.406678 -0.242546 0.000000
v -0.403806 -0.246419 0.000000
v -0.400567 -0.249992 0.000000
v -0.396994 -0.253231 0.000000
v -0.393121 -0.256103 0.000000
v -0.388984 -0.258583 0.000000
v -0.384625 -0.260644 0.000000
v -0.380085 -0.262269 0.000000
v -0.375407 -0.263441 0.000000
v -0.370637 -0.264148 0.000000
v -0.365820 -0.264385 0.000000
v -0.361003 -0.264148 0.000000
v -0.356233 -0.263441 0.000000
v -0.351555 -0.262269 0.000000
v -0.347015 -0.260644 0.000000
v -0.342656 -0.258583 0.000000
v -0.338519 -0.256103 0.000000
v -0.334646 -0.253231 0.000000
v -0.331073 -0.249992 0.000000
v -0.327834 -0.246419 0.000000
v -0.324962 -0.242546 0.000000
v -0.322482 -0.238409 0.000000
v -0.320421 -0.234050 0.000000
v -0.318796 -0.229510 0.000000
v -0.317624 -0.224832 0.000000
v -0.316917 -0.220062 0.000000
v -0.324870 -0.215245 0.010440
v -0.325067 -0.211231 0.010440
v -0.325657 -0.207256 0.010440
v -0.326633 -0.203358 0.010440
v -0.327987 -0.199574 0.010440
v -0.329705 -0.195941 0.010440
v -0.331771 -0.192494 0.010440
v -0.334165 -0.189267 0.010440
v -0.336864 -0.186289 0.010440
v -0.339842 -0.183590 0.010440
v -0.343069 -0.181196 0.010440
v -0.346516 -0.179130 0.010440
v -0.350149 -0.177412 0.010440
v -0.353933 -0.176058 0.010440
v -0.357831 -0.175082 0.010440
v -0.361806 -0.174492 0.010440
v -0.365820 -0.174295 0.010440
v -0.369834 -0.174492 0.010440
v -0.373809 -0.175082 0.010440
v -0.377707 -0.176058 0.010440
v -0.381491 -0.177412 0.010440
v -0.385124 -0.179130 0.010440
v -0.388571 -0.181196 0.010440
v -0.391798 -0.183590 0.010440
v -0.394776 -0.186289 0.010440
v -0.397475 -0.189267 0.010440
v -0.399869 -0.192494 0.010440
v -0.401935 -0.195941 0.010440
v -0.403653 -0.199574 0.010440
v -0.405007 -0.203358 0.010440
v -0.405983 -0.207256 0.010440
v -0.406573 -0.211231 0.010440
v -0.406770 -0.215245 0.010440
v -0.406573 -0.219259 0.010440
v -0.405983 -0.223234 0.010440
v -0.405007 -0.227132 0.010440
v -0.403653 -0.230916 0.010440
v -0.401935 -0.234549 0.010440
v -0.399869 -0.237996 0.010440
v -0.397475 -0.241223 0.010440
v -0.394776 -0.244201 0.010440
v -0.391798 -0.246900 0.010440
v -0.388571 -0.249294 0.010440
v -0.385124 -0.251360 0.010440
v -0.381491 -0.253078 0.010440
v -0.377707 -0.254432 0.010440
v -0.373809 -0.255408 0.010440
v -0.369834 -0.255998 0.010440
v -0.365820 -0.256195 0.010440
v -0.361806 -0.255998 0.010440
v -0.357831 -0.255408 0.010440
v -0.353933 -0.254432 0.010440
v -0.350149 -0.253078 0.010440
v -0.346516 -0.251360 0.010440
v -0.343069 -0.249294 0.010440
v -0.339842 -0.246900 0.010440
v -0.336864 -0.244201 0.010440
v -0.334165 -0.241223 0.010440
v -0.331771 -0.237996 0.010440
v -0.329705 -0.234549 0.010440
v -0.327987 -0.230916 0.010440
v -0.326633 -0.227132 0.010440
v -0.325657 -0.223234 0.010440
v -0.325067 -0.219259 0.010440
v -0.328146 -0.215245 0.034800
v -0.328327 -0.211552 0.034800
v -0.328870 -0.207895 0.034800
v -0.329768 -0.204309 0.034800
v -0.331014 -0.200828 0.034800
v -0.332594 -0.197486 0.034800
v -0.334495 -0.194314 0.034800
v -0.336698 -0.191345 0.034800
v -0.339180 -0.188605 0.034800
v -0.341920 -0.186123 0.034800
v -0.344889 -0.183920 0.034800
v -0.348061 -0.182020 0.034800
v -0.351403 -0.180439 0.034800
v -0.354884 -0.179193 0.034800
v -0.358470 -0.178295 0.034800
v -0.362127 -0.177752 0.034800
v -0.365820 -0.177571 0.034800
v -0.369513 -0.177752 0.034800
v -0.373170 -0.178295 0.034800
v -0.376756 -0.179193 0.034800
v -0.380237 -0.180439 0.034800
v -0.383579 -0.182020 0.034800
v -0.386751 -0.183920 0.034800
v -0.389720 -0.186123 0.034800
v -0.392460 -0.188605 0.034800
v -0.394942 -0.191345 0.034800
v -0.397145 -0.194314 0.034800
v -0.399045 -0.197486 0.034800
v -0.400626 -0.200828 0.034800
v -0.401872 -0.204309 0.034800
v -0.402770 -0.207895 0.034800
v -0.403313 -0.211552 0.034800
v -0.403494 -0.215245 0.034800
v -0.403313 -0.218938 0.034800
v -0.402770 -0.222595 0.034800
v -0.401872 -0.226181 0.034800
v -0.400626 -0.229662 0.034800
v -0.399045 -0.233004 0.034800
v -0.397145 -0.236176 0.034800
v -0.394942 -0.239145 0.034800
v -0.392460 -0.241885 0.034800
v -0.389720 -0.244367 0.034800
v -0.386751 -0.246570 0.034800
v -0.383579 -0.248470 0.034800
v -0.380237 -0.250051 0.034800
v -0.376756 -0.251297 0.034800
v -0.373170 -0.252195 0.034800
v -0.369513 -0.252738 0.034800
v -0.365820 -0.252919 0.034800
v -0.362127 -0.252738 0.034800
v -0.358470 -0.252195 0.034800
v -0.354884 -0.251297 0.034800
v -0.351403 -0.250051 0.034800
v -0.348061 -0.248470 0.034800
v -0.344889 -0.246570 0.034800
v -0.341920 -0.244367 0.034800
v -0.339180 -0.241885 0.034800
v -0.336698 -0.239145 0.034800
v -0.334495 -0.236176 0.034800
v -0.332594 -0.233004 0.034800
v -0.331014 -0.229662 0.034800
v -0.329768 -0.226181 0.034800
v -0.328870 -0.222595 0.034800
v -0.328327 -0.218938 0.034800
v -0.324870 -0.215245 0.087000
v -0.325067 -0.211231 0.087000
v -0.325657 -0.207256 0.087000
v -0.326633 -0.203358 0.087000
v -0.327987 -0.199574 0.087000
v -0.329705 -0.195941 0.087000
v -0.331771 -0.192494 0.087000
v -0.334165 -0.189267 0.087000
v -0.336864 -0.186289 0.087000
v -0.339842 -0.183590 0.087000
v -0.343069 -0.181196 0.087000
v -0.346516 -0.179130 0.087000
v -0.350149 -0.177412 0.087000
v -0.353933 -0.176058 0.087000
v -0.357831 -0.175082 0.087000
v -0.361806 -0.174492 0.087000
v -0.365820 -0.174295 0.087000
v -0.369834 -0.174492 0.087000
v -0.373809 -0.175082 0.087000
v -0.377707 -0.176058 0.087000
v -0.381491 -0.177412 0.087000
v -0.385124 -0.179130 0.087000
v -0.388571 -0.181196 0.087000
v -0.391798 -0.183590 0.087000
v -0.394776 -0.186289 0.087000
v -0.397475 -0.189267 0.087000
v -0.399869 -0.192494 0.087000
v -0.401935 -0.195941 0.087000
v -0.403653 -0.199574 0.087000
v -0.405007 -0.203358 0.087000
v -0.405983 -0.207256 0.087000
v -0.406573 -0.211231 0.087000
v -0.406770 -0.215245 0.087000
v -0.406573 -0.219259 0.087000
v -0.405983 -0.223234 0.087000
v -0.405007 -0.227132 0.087000
v -0.403653 -0.230916 0.087000
v -0.401935 -0.234549 0.087000
v -0.399869 -0.237996 0.087000
v -0.397475 -0.241223 0.087000
v -0.394776 -0.244201 0.087000
v -0.391798 -0.246900 0.087000
v -0.388571 -0.249294 0.087000
v -0.385124 -0.251360 0.087000
v -0.381491 -0.253078 0.087000
v -0.377707 -0.254432 0.087000
v -0.373809 -0.255408 0.087000
v -0.369834 -0.255998 0.087000
v -0.365820 -0.256195 0.087000
v -0.361806 -0.255998 0.087000
v -0.357831 -0.255408 0.087000
v -0.353933 -0.254432 0.087000
v -0.350149 -0.253078 0.087000
v -0.346516 -0.251360 0.087000
v -0.343069 -0.249294 0.087000
v -0.339842 -0.246900 0.087000
v -0.336864 -0.244201 0.087000
v -0.334165 -0.241223 0.087000
v -0.331771 -0.237996 0.087000
v -0.329705 -0.234549 0.087000
v -0.327987 -0.230916 0.087000
v -0.326633 -0.227132 0.087000
v -0.325657 -0.223234 0.087000
v -0.325067 -0.219259 0.087000
v -0.365820 -0.215245 0.087000
v -0.365820 -0.215245 0.000000
v -0.316680 0.275245 0.000000
v -0.316917 0.280062 0.000000
v -0.317624 0.284832 0.000000
v -0.318796 0.289510 0.000000
v -0.320421 0.294050 0.000000
v -0.322482 0.298409 0.000000
v -0.324962 0.302546 0.000000
v -0.327834 0.306419 0.000000
v -0.331073 0.309992 0.000000
v -0.334646 0.313231 0.000000
v -0.338519 0.316103 0.000000
v -0.342656 0.318583 0.000000
v -0.347015 0.320644 0.000000
v -0.351555 0.322269 0.000000
v -0.356233 0.323441 0.000000
v -0.361003 0.324148 0.000000
v -0.365820 0.324385 0.000000
v -0.370637 0.324148 0.000000
v -0.375407 0.323441 0.000000
v -0.380085 0.322269 0.000000
v -0.384625 0.320644 0.000000
v -0.388984 0.318583 0.000000
v -0.393121 0.316103 0.000000
v -0.396994 0.313231 0.000000
v -0.400567 0.309992 0.000000
v -0.403806 0.306419 0.000000
v -0.406678 0.302546 0.000000
v -0.409158 0.298409 0.000000
v -0.411219 0.294050 0.000000
v -0.412844 0.289510 0.000000
v -0.414016 0.284832 0.000000
v -0.414723 0.280062 0.000000
v -0.414960 0.275245 0.000000
v -0.414723 0.270428 0.000000
v -0.414016 0.265658 0.000000
v -0.412844 0.260980 0.000000
v -0.411219 0.256440 0.000000
v -0.409158 0.252081 0.000000
v -0.406678 0.247944 0.000000
v -0.403806 0.244071 0.000000
v -0.400567 0.240498 0.000000
v -0.396994 0.237259 0.000000
v -0.393121 0.234387 0.000000
v -0.388984 0.231907 0.000000
v -0.384625 0.229846 0.000000
v -0.380085 0.228221 0.000000
v -0.375407 0.227049 0.000000
v -0.370637 0.226342 0.000000
v -0.365820 0.226105 0.000000
v -0.361003 0.226342 0.000000
v -0.356233 0.227049 0.000000
v -0.351555 0.228221 0.000000
v -0.347015 0.229846 0.000000
v -0.342656 0.231907 0.000000
v -0.338519 0.234387 0.000000
v -0.334646 0.237259 0.000000
v -0.331073 0.240498 0.000000
v -0.327834 0.244071 0.000000
v -0.324962 0.247944 0.000000
v -0.322482 0.252081 0.000000
v -0.320421 0.256440 0.000000
v -0.318796 0.260980 0.000000
v -0.317624 0.265658 0.000000
v -0.316917 0.270428 0.000000
v -0.324870 0.275245 0.010440
v -0.325067 0.279259 0.010440
v -0.325657 0.283234 0.010440
v -0.326633 0.287132 0.010440
v -0.327987 0.290916 0.010440
v -0.329705 0.294549 0.010440
v -0.331771 0.297996 0.010440
v -0.334165 0.301223 0.010440
v -0.336864 0.304201 0.010440
v -0.339842 0.306900 0.010440
v -0.343069 0.309294 0.010440
v -0.346516 0.311360 0.010440
v -0.350149 0.313078 0.010440
v -0.353933 0.314432 0.010440
v -0.357831 0.315408 0.010440
v -0.361806 0.315998 0.010440
v -0.365820 0.316195 0.010440
v -0.369834 0.315998 0.010440
v -0.373809 0.315408 0.010440
v -0.377707 0.314432 0.010440
v -0.381491 0.313078 0.010440
v -0.385124 0.311360 0.010440
v -0.388571 0.309294 0.010440
v -0.391798 0.306900 0.010440
v -0.394776 0.304201 0.010440
v -0.397475 0.301223 0.010440
v -0.399869 0.297996 0.010440
v -0.401935 0.294549 0.010440
v -0.403653 0.290916 0.010440
v -0.405007 0.287132 0.010440
v -0.405983 0.283234 0.010440
v -0.406573 0.279259 0.010440
v -0.406770 0.275245 0.010440
v -0.406573 0.271231 0.010440
v -0.405983 0.267256 0.010440
v -0.405007 0.263358 0.010440
v -0.403653 0.259574 0.010440
v -0.401935 0.255941 0.010440
v -0.399869 0.252494 0.010440
v -0.397475 0.249267 0.010440
v -0.394776 0.246289 0.010440
v -0.391798 0.243590 0.010440
v -0.388571 0.241196 0.010440
v -0.385124 0.239130 0.010440
v -0.381491 0.237412 0.010440
v -0.377707 0.236058 0.010440
v -0.373809 0.235082 0.010440
v -0.369834 0.234492 0.010440
v -0.365820 0.234295 0.010440
v -0.361806 0.234492 0.010440
v -0.357831 0.235082 0.010440
v -0.353933 0.236058 0.010440
v -0.350149 0.237412 0.010440
v -0.346516 0.239130 0.010440
v -0.343069 0.241196 0.010440
v -0.339842 0.243590 0.010440
v -0.336864 0.246289 0.010440
v -0.334165 0.249267 0.010440
v -0.331771 0.252494 0.010440
v -0.329705 0.255941 0.010440
v -0.327987 0.259574 0.010440
v -0.326633 0.263358 0.010440
v -0.325657 0.267256 0.010440
v -0.325067 0.271231 0.010440
v -0.328146 0.275245 0.034800
v -0.328327 0.278938 0.034800
v -0.328870 0.282595 0.034800
v -0.329768 0.286181 0.034800
v -0.331014 0.289662 0.034800
v -0.332594 0.293004 0.034800
v -0.334495 0.296176 0.034800
v -0.336698 0.299145 0.034800
v -0.339180 0.301885 0.034800
v -0.341920 0.304367 0.034800
v -0.344889 0.306570 0.034800
v -0.348061 0.308470 0.034800
v -0.351403 0.310051 0.034800
v -0.354884 0.311297 0.034800
v -0.358470 0.312195 0.034800
v -0.362127 0.312738 0.034800
v -0.365820 0.312919 0.034800
v -0.369513 0.312738 0.034800
v -0.373170 0.312195 0.034800
v -0.376756 0.311297 0.034800
v -0.380237 0.310051 0.034800
v -0.383579 0.308470 0.034800
v -0.386751 0.306570 0.034800
v -0.389720 0.304367 0.034800
v -0.392460 0.301885 0.034800
v -0.394942 0.299145 0.034800
v -0.397145 0.296176 0.034800
v -0.399045 0.293004 0.034800
v -0.400626 0.289662 0.034800
v -0.401872 0.286181 0.034800
v -0.402770 0.282595 0.034800
v -0.403313 0.278938 0.034800
v -0.403494 0.275245 0.034800
v -0.403313 0.271552 0.034800
v -0.402770 0.267895 0.034800
v -0.401872 0.264309 0.034800
v -0.400626 0.260828 0.034800
v -0.399045 0.257486 0.034800
v -0.397145 0.254314 0.034800
v -0.394942 0.251345 0.034800
v -0.392460 0.248605 0.034800
v -0.389720 0.246123 0.034800
v -0.386751 0.243920 0.034800
v -0.383579 0.242020 0.034800
v -0.380237 0.240439 0.034800
v -0.376756 0.239193 0.034800
v -0.373170 0.238295 0.034800
v -0.369513 0.237752 0.034800
v -0.365820 0.237571 0.034800
v -0.362127 0.237752 0.034800
v -0.358470 0.238295 0.034800
v -0.354884 0.239193 0.034800
v -0.351403 0.240439 0.034800
v -0.348061 0.242020 0.034800
v -0.344889 0.243920 0.034800
v -0.341920 0.246123 0.034800
v -0.339180 0.248605 0.034800
v -0.336698 0.251345 0.034800
v -0.334495 0.254314 0.034800
v -0.332594 0.257486 0.034800
v -0.331014 0.260828 0.034800
v -0.329768 0.264309 0.034800
v -0.328870 0.267895 0.034800
v -0.328327 0.271552 0.034800
v -0.324870 0.275245 0.087000
v -0.325067 0.279259 0.087000
v -0.325657 0.283234 0.087000
v -0.326633 0.287132 0.087000
v -0.327987 0.290916 0.087000
v -0.329705 0.294549 0.087000
v -0.331771 0.297996 0.087000
v -0.334165 0.301223 0.087000
v -0.336864 0.304201 0.087000
v -0.339842 0.306900 0.087000
v -0.343069 0.309294 0.087000
v -0.346516 0.311360 0.087000
v -0.350149 0.313078 0.087000
v -0.353933 0.314432 0.087000
v -0.357831 0.315408 0.087000
v -0.361806 0.315998 0.087000
v -0.365820 0.316195 0.087000
v -0.369834 0.315998 0.087000
v -0.373809 0.315408 0.087000
v -0.377707 0.314432 0.087000
v -0.381491 0.313078 0.087000
v -0.385124 0.311360 0.087000
v -0.388571 0.309294 0.087000
v -0.391798 0.306900 0.087000
v -0.394776 0.304201 0.087000
v -0.397475 0.301223 0.087000
v -0.399869 0.297996 0.087000
v -0.401935 0.294549 0.087000
v -0.403653 0.290916 0.087000
v -0.405007 0.287132 0.087000
v -0.405983 0.283234 0.087000
v -0.406573 0.279259 0.087000
v -0.406770 0.275245 0.087000
v -0.406573 0.271231 0.087000
v -0.405983 0.267256 0.087000
v -0.405007 0.263358 0.087000
v -0.403653 0.259574 0.087000
v -0.401935 0.255941 0.087000
v -0.399869 0.252494 0.087000
v -0.397475 0.249267 0.087000
v -0.394776 0.246289 0.087000
v -0.391798 0.243590 0.087000
v -0.388571 0.241196 0.087000
v -0.385124 0.239130 0.087000
v -0.381491 0.237412 0.087000
v -0.377707 0.236058 0.087000
v -0.373809 0.235082 0.087000
v -0.369834 0.234492 0.087000
v -0.365820 0.234295 0.087000
v -0.361806 0.234492 0.087000
v -0.357831 0.235082 0.087000
v -0.353933 0.236058 0.087000
v -0.350149 0.237412 0.087000
v -0.346516 0.239130 0.087000
v -0.343069 0.241196 0.087000
v -0.339842 0.243590 0.087000
v -0.336864 0.246289 0.087000
v -0.334165 0.249267 0.087000
v -0.331771 0.252494 0.087000
v -0.329705 0.255941 0.087000
v -0.327987 0.259574 0.087000
v -0.326633 0.263358 0.087000
v -0.325657 0.267256 0.087000
v -0.325067 0.271231 0.087000
v -0.365820 0.275245 0.087000
v -0.365820 0.275245 0.000000
v 0.414960 -0.215245 0.000000
v 0.414723 -0.210428 0.000000
v 0.414016 -0.205658 0.000000
v 0.412844 -0.200980 0.000000
v 0.411219 -0.196440 0.000000
v 0.409158 -0.192081 0.000000
v 0.406678 -0.187944 0.000000
v 0.403806 -0.184071 0.000000
v 0.400567 -0.180498 0.000000
v 0.396994 -0.177259 0.000000
v 0.393121 -0.174387 0.000000
v 0.388984 -0.171907 0.000000
v 0.384625 -0.169846 0.000000
v 0.380085 -0.168221 0.000000
v 0.375407 -0.167049 0.000000
v 0.370637 -0.166342 0.000000
v 0.365820 -0.166105 0.000000
v 0.361003 -0.166342 0.000000
v 0.356233 -0.167049 0.000000
v 0.351555 -0.168221 0.000000
v 0.347015 -0.169846 0.000000
v 0.342656 -0.171907 0.000000
v 0.338519 -0.174387 0.000000
v 0.334646 -0.177259 0.000000
v 0.331073 -0.180498 0.000000
v 0.327834 -0.184071 0.000000
v 0.324962 -0.187944 0.000000
v 0.322482 -0.192081 0.000000
v 0.320421 -0.196440 0.000000
v 0.318796 -0.200980 0.000000
v 0.317624 -0.205658 0.000000
v 0.316917 -0.210428 0.000000
v 0.316680 -0.215245 0.000000
v 0.316917 -0.220062 0.000000
v 0.317624 -0.224832 0.000000
v 0.318796 -0.229510 0.000000
v 0.320421 -0.234050 0.000000
v 0.322482 -0.238409 0.000000
v 0.324962 -0.242546 0.000000
v 0.327834 -0.246419 0.000000
v 0.331073 -0.249992 0.000000
v 0.334646 -0.253231 0.000000
v 0.338519 -0.256103 0.000000
v 0.342656 -0.258583 0.000000
v 0.347015 -0.260644 0.000000
v 0.351555 -0.262269 0.000000
v 0.356233 -0.263441 0.000000
v 0.361003 -0.264148 0.000000
v 0.365820 -0.264385 0.000000
v 0.370637 -0.264148 0.000000
v 0.375407 -0.263441 0.000000
v 0.380085 -0.262269 0.000000
v 0.384625 -0.260644 0.000000
v 0.388984 -0.258583 0.000000
v 0.393121 -0.256103 0.000000
v 0.396994 -0.253231 0.000000
v 0.400567 -0.249992 0.000000
v 0.403806 -0.246419 0.000000
v 0.406678 -0.242546 0.000000
v 0.409158 -0.238409 0.000000
v 0.411219 -0.234050 0.000000
v 0.412844 -0.229510 0.000000
v 0.414016 -0.224832 0.000000
v 0.414723 -0.220062 0.000000
v 0.406770 -0.215245 0.010440
v 0.406573 -0.211231 0.010440
v 0.405983 -0.207256 0.010440
v 0.405007 -0.203358 0.010440
v 0.403653 -0.199574 0.010440
v 0.401935 -0.195941 0.010440
v 0.399869 -0.192494 0.010440
v 0.397475 -0.189267 0.010440
v 0.394776 -0.186289 0.010440
v 0.391798 -0.183590 0.010440
v 0.388571 -0.181196 0.010440
v 0.385124 -0.179130 0.010440
v 0.381491 -0.177412 0.010440
v 0.377707 -0.176058 0.010440
v 0.373809 -0.175082 0.010440
v 0.369834 -0.174492 0.010440
v 0.365820 -0.174295 0.010440
v 0.361806 -0.174492 0.010440
v 0.357831 -0.175082 0.010440
v 0.353933 -0.176058 0.010440
v 0.350149 -0.177412 0.010440
v 0.346516 -0.179130 0.010440
v 0.343069 -0.181196 0.010440
v 0.339842 -0.183590 0.010440
v 0.336864 -0.186289 0.010440
v 0.334165 -0.189267 0.010440
v 0.331771 -0.192494 0.010440
v 0.329705 -0.195941 0.010440
v 0.327987 -0.199574 0.010440
v 0.326633 -0.203358 0.010440
v 0.325657 -0.207256 0.010440
v 0.325067 -0.211231 0.010440
v 0.324870 -0.215245 0.010440
v 0.325067 -0.219259 0.010440
v 0.325657 -0.223234 0.010440
v 0.326633 -0.227132 0.010440
v 0.327987 -0.230916 0.010440
v 0.329705 -0.234549 0.010440
v 0.331771 -0.237996 0.010440
v 0.334165 -0.241223 0.010440
v 0.336864 -0.244201 0.010440
v 0.339842 -0.246900 0.010440
v 0.343069 -0.249294 0.010440
v 0.346516 -0.251360 0.010440
v 0.350149 -0.253078 0.010440
v 0.353933 -0.254432 0.010440
v 0.357831 -0.255408 0.010440
v 0.361806 -0.255998 0.010440
v 0.365820 -0.256195 0.010440
v 0.369834 -0.255998 0.010440
v 0.373809 -0.255408 0.010440
v 0.377707 -0.254432 0.010440
v 0.381491 -0.253078 0.010440
v 0.385124 -0.251360 0.010440
v 0.388571 -0.249294 0.010440
v 0.391798 -0.246900 0.010440
v 0.394776 -0.244201 0.010440
v 0.397475 -0.241223 0.010440
v 0.399869 -0.237996 0.010440
v 0.401935 -0.234549 0.010440
v 0.403653 -0.230916 0.010440
v 0.405007 -0.227132 0.010440
v 0.405983 -0.223234 0.010440
v 0.406573 -0.219259 0.010440
v 0.403494 -0.215245 0.034800
v 0.403313 -0.211552 0.034800
v 0.402770 -0.207895 0.034800
v 0.401872 -0.204309 0.034800
v 0.400626 -0.200828 0.034800
v 0.399045 -0.197486 0.034800
v 0.397145 -0.194314 0.034800
v 0.394942 -0.191345 0.034800
v 0.392460 -0.188605 0.034800
v 0.389720 -0.186123 0.034800
v 0.386751 -0.183920 0.034800
v 0.383579 -0.182020 0.034800
v 0.380237 -0.180439 0.034800
v 0.376756 -0.179193 0.034800
v 0.373170 -0.178295 0.034800
v 0.369513 -0.177752 0.034800
v 0.365820 -0.177571 0.034800
v 0.362127 -0.177752 0.034800
v 0.358470 -0.178295 0.034800
v 0.354884 -0.179193 0.034800
v 0.351403 -0.180439 0.034800
v 0.348061 -0.182020 0.034800
v 0.344889 -0.183920 0.034800
v 0.341920 -0.186123 0.034800
v 0.339180 -0.188605 0.034800
v 0.336698 -0.191345 0.034800
v 0.334495 -0.194314 0.034800
v 0.332594 -0.197486 0.034800
v 0.331014 -0.200828 0.034800
v 0.329768 -0.204309 0.034800
v 0.328870 -0.207895 0.034800
v 0.328327 -0.211552 0.034800
v 0.328146 -0.215245 0.034800
v 0.328327 -0.218938 0.034800
v 0.328870 -0.222595 0.034800
v 0.329768 -0.226181 0.034800
v 0.331014 -0.229662 0.034800
v 0.332594 -0.233004 0.034800
v 0.334495 -0.236176 0.034800
v 0.336698 -0.239145 0.034800
v 0.339180 -0.241885 0.034800
v 0.341920 -0.244367 0.034800
v 0.344889 -0.246570 0.034800
v 0.348061 -0.248470 0.034800
v 0.351403 -0.250051 0.034800
v 0.354884 -0.251297 0.034800
v 0.358470 -0.252195 0.034800
v 0.362127 -0.252738 0.034800
v 0.365820 -0.252919 0.034800
v 0.369513 -0.252738 0.034800
v 0.373170 -0.252195 0.034800
v 0.376756 -0.251297 0.034800
v 0.380237 -0.250051 0.034800
v 0.383579 -0.248470 0.034800
v 0.386751 -0.246570 0.034800
v 0.389720 -0.244367 0.034800
v 0.392460 -0.241885 0.034800
v 0.394942 -0.239145 0.034800
v 0.397145 -0.236176 0.034800
v 0.399045 -0.233004 0.034800
v 0.400626 -0.229662 0.034800
v 0.401872 -0.226181 0.034800
v 0.402770 -0.222595 0.034800
v 0.403313 -0.218938 0.034800
v 0.406770 -0.215245 0.087000
v 0.406573 -0.211231 0.087000
v 0.405983 -0.207256 0.087000
v 0.405007 -0.203358 0.087000
v 0.403653 -0.199574 0.087000
v 0.401935 -0.195941 0.087000
v 0.399869 -0.192494 0.087000
v 0.397475 -0.189267 0.087000
v 0.394776 -0.186289 0.087000
v 0.391798 -0.183590 0.087000
v 0.388571 -0.181196 0.087000
v 0.385124 -0.179130 0.087000
v 0.381491 -0.177412 0.087000
v 0.377707 -0.176058 0.087000
v 0.373809 -0.175082 0.087000
v 0.369834 -0.174492 0.087000
v 0.365820 -0.174295 0.087000
v 0.361806 -0.174492 0.087000
v 0.357831 -0.175082 0.087000
v 0.353933 -0.176058 0.087000
v 0.350149 -0.177412 0.087000
v 0.346516 -0.179130 0.087000
v 0.343069 -0.181196 0.087000
v 0.339842 -0.183590 0.087000
v 0.336864 -0.186289 0.087000
v 0.334165 -0.189267 0.087000
v 0.331771 -0.192494 0.087000
v 0.329705 -0.195941 0.087000
v 0.327987 -0.199574 0.087000
v 0.326633 -0.203358 0.087000
v 0.325657 -0.207256 0.087000
v 0.325067 -0.211231 0.087000
v 0.324870 -0.215245 0.087000
v 0.325067 -0.219259 0.087000
v 0.325657 -0.223234 0.087000
v 0.326633 -0.227132 0.087000
v 0.327987 -0.230916 0.087000
v 0.329705 -0.234549 0.087000
v 0.331771 -0.237996 0.087000
v 0.334165 -0.241223 0.087000
v 0.336864 -0.244201 0.087000
v 0.339842 -0.246900 0.087000
v 0.343069 -0.249294 0.087000
v 0.346516 -0.251360 0.087000
v 0.350149 -0.253078 0.087000
v 0.353933 -0.254432 0.087000
v 0.357831 -0.255408 0.087000
v 0.361806 -0.255998 0.087000
v 0.365820 -0.256195 0.087000
v 0.369834 -0.255998 0.087000
v 0.373809 -0.255408 0.087000
v 0.377707 -0.254432 0.087000
v 0.381491 -0.253078 0.087000
v 0.385124 -0.251360 0.087000
v 0.388571 -0.249294 0.087000
v 0.391798 -0.246900 0.087000
v 0.394776 -0.244201 0.087000
v 0.397475 -0.241223 0.087000
v 0.399869 -0.237996 0.087000
v 0.401935 -0.234549 0.087000
v 0.403653 -0.230916 0.087000
v 0.405007 -0.227132 0.087000
v 0.405983 -0.223234 0.087000
v 0.406573 -0.219259 0.087000
v 0.365820 -0.215245 0.087000
v 0.365820 -0.215245 0.000000
v 0.414960 0.275245 0.000000
v 0.414723 0.280062 0.000000
v 0.414016 0.284832 0.000000
v 0.412844 0.289510 0.000000
v 0.411219 0.294050 0.000000
v 0.409158 0.298409 0.000000
v 0.406678 0.302546 0.000000
v 0.403806 0.306419 0.000000
v 0.400567 0.309992 0.000000
v 0.396994 0.313231 0.000000
v 0.393121 0.316103 0.000000
v 0.388984 0.318583 0.000000
v 0.384625 0.320644 0.000000
v 0.380085 0.322269 0.000000
v 0.375407 0.323441 0.000000
v 0.370637 0.324148 0.000000
v 0.365820 0.324385 0.000000
v 0.361003 0.324148 0.000000
v 0.356233 0.323441 0.000000
v 0.351555 0.322269 0.000000
v 0.347015 0.320644 0.000000
v 0.342656 0.318583 0.000000
v 0.338519 0.316103 0.000000
v 0.334646 0.313231 0.000000
v 0.331073 0.309992 0.000000
v 0.327834 0.306419 0.000000
v 0.324962 0.302546 0.000000
v 0.322482 0.298409 0.000000
v 0.320421 0.294050 0.000000
v 0.318796 0.289510 0.000000
v 0.317624 0.284832 0.000000
v 0.316917 0.280062 0.000000
v 0.316680 0.275245 0.000000
v 0.316917 0.270428 0.000000
v 0.317624 0.265658 0.000000
v 0.318796 0.260980 0.000000
v 0.320421 0.256440 0.000000
v 0.322482 0.252081 0.000000
v 0.324962 0.247944 0.000000
v 0.327834 0.244071 0.000000
v 0.331073 0.240498 0.000000
v 0.334646 0.237259 0.000000
v 0.338519 0.234387 0.000000
v 0.342656 0.231907 0.000000
v 0.347015 0.229846 0.000000
v 0.351555 0.228221 0.000000
v 0.356233 0.227049 0.000000
v 0.361003 0.226342 0.000000
v 0.365820 0.226105 0.000000
v 0.370637 0.226342 0.000000
v 0.375407 0.227049 0.000000
v 0.380085 0.228221 0.000000
v 0.384625 0.229846 0.000000
v 0.388984 0.231907 0.000000
v 0.393121 0.234387 0.000000
v 0.396994 0.237259 0.000000
v 0.400567 0.240498 0.000000
v 0.403806 0.244071 0.000000
v 0.406678 0.247944 0.000000
v 0.409158 0.252081 0.000000
v 0.411219 0.256440 0.000000
v 0.412844 0.260980 0.000000
v 0.414016 0.265658 0.000000
v 0.414723 0.270428 0.000000
v 0.406770 0.275245 0.010440
v 0.406573 0.279259 0.010440
v 0.405983 0.283234 0.010440
v 0.405007 0.287132 0.010440
v 0.403653 0.290916 0.010440
v 0.401935 0.294549 0.010440
v 0.399869 0.297996 0.010440
v 0.397475 0.301223 0.010440
v 0.394776 0.304201 0.010440
v 0.391798 0.306900 0.010440
v 0.388571 0.309294 0.010440
v 0.385124 0.311360 0.010440
v 0.381491 0.313078 0.010440
v 0.377707 0.314432 0.010440
v 0.373809 0.315408 0.010440
v 0.369834 0.315998 0.010440
v 0.365820 0.316195 0.010440
v 0.361806 0.315998 0.010440
v 0.357831 0.315408 0.010440
v 0.353933 0.314432 0.010440
v 0.350149 0.313078 0.010440
v 0.346516 0.311360 0.010440
v 0.343069 0.309294 0.010440
v 0.339842 0.306900 0.010440
v 0.336864 0.304201 0.010440
v 0.334165 0.301223 0.010440
v 0.331771 0.297996 0.010440
v 0.329705 0.294549 0.010440
v 0.327987 0.290916 0.010440
v 0.326633 0.287132 0.010440
v 0.325657 0.283234 0.010440
v 0.325067 0.279259 0.010440
v 0.324870 0.275245 0.010440
v 0.325067 0.271231 0.010440
v 0.325657 0.267256 0.010440
v 0.326633 0.263358 0.010440
v 0.327987 0.259574 0.010440
v 0.329705 0.255941 0.010440
v 0.331771 0.252494 0.010440
v 0.334165 0.249267 0.010440
v 0.336864 0.246289 0.010440
v 0.339842 0.243590 0.010440
v 0.343069 0.241196 0.010440
v 0.346516 0.239130 0.010440
v 0.350149 0.237412 0.010440
v 0.353933 0.236058 0.010440
v 0.357831 0.235082 0.010440
v 0.361806 0.234492 0.010440
v 0.365820 0.234295 0.010440
v 0.369834 0.234492 0.010440
v 0.373809 0.235082 0.010440
v 0.377707 0.236058 0.010440
v 0.381491 0.237412 0.010440
v 0.385124 0.239130 0.010440
v 0.388571 0.241196 0.010440
v 0.391798 0.243590 0.010440
v 0.394776 0.246289 0.010440
v 0.397475 0.249267 0.010440
v 0.399869 0.252494 0.010440
v 0.401935 0.255941 0.010440
v 0.403653 0.259574 0.010440
v 0.405007 0.263358 0.010440
v 0.405983 0.267256 0.010440
v 0.406573 0.271231 0.010440
v 0.403494 0.275245 0.034800
v 0.403313 0.278938 0.034800
v 0.402770 0.282595 0.034800
v 0.401872 0.286181 0.034800
v 0.400626 0.289662 0.034800
v 0.399045 0.293004 0.034800
v 0.397145 0.296176 0.034800
v 0.394942 0.299145 0.034800
v 0.392460 0.301885 0.034800
v 0.389720 0.304367 0.034800
v 0.386751 0.306570 0.034800
v 0.383579 0.308470 0.034800
v 0.380237 0.310051 0.034800
v 0.376756 0.311297 0.034800
v 0.373170 0.312195 0.034800
v 0.369513 0.312738 0.034800
v 0.365820 0.312919 0.034800
v 0.362127 0.312738 0.034800
v 0.358470 0.312195 0.034800
v 0.354884 0.311297 0.034800
v 0.351403 0.310051 0.034800
v 0.348061 0.308470 0.034800
v 0.344889 0.306570 0.034800
v 0.341920 0.304367 0.034800
v 0.339180 0.301885 0.034800
v 0.336698 0.299145 0.034800
v 0.334495 0.296176 0.034800
v 0.332594 0.293004 0.034800
v 0.331014 0.289662 0.034800
v 0.329768 0.286181 0.034800
v 0.328870 0.282595 0.034800
v 0.328327 0.278938 0.034800
v 0.328146 0.275245 0.034800
v 0.328327 0.271552 0.034800
v 0.328870 0.267895 0.034800
v 0.329768 0.264309 0.034800
v 0.331014 0.260828 0.034800
v 0.332594 0.257486 0.034800
v 0.334495 0.254314 0.034800
v 0.336698 0.251345 0.034800
v 0.339180 0.248605 0.034800
v 0.341920 0.246123 0.034800
v 0.344889 0.243920 0.034800
v 0.348061 0.242020 0.034800
v 0.351403 0.240439 0.034800
v 0.354884 0.239193 0.034800
v 0.358470 0.238295 0.034800
v 0.362127 0.237752 0.034800
v 0.365820 0.237571 0.034800
v 0.369513 0.237752 0.034800
v 0.373170 0.238295 0.034800
v 0.376756 0.239193 0.034800
v 0.380237 0.240439 0.034800
v 0.383579 0.242020 0.034800
v 0.386751 0.243920 0.034800
v 0.389720 0.246123 0.034800
v 0.392460 0.248605 0.034800
v 0.394942 0.251345 0.034800
v 0.397145 0.254314 0.034800
v 0.399045 0.257486 0.034800
v 0.400626 0.260828 0.034800
v 0.401872 0.264309 0.034800
v 0.402770 0.267895 0.034800
v 0.403313 0.271552 0.034800
v 0.406770 0.275245 0.087000
v 0.406573 0.279259 0.087000
v 0.405983 0.283234 0.087000
v 0.405007 0.287132 0.087000
v 0.403653 0.290916 0.087000
v 0.401935 0.294549 0.087000
v 0.399869 0.297996 0.087000
v 0.397475 0.301223 0.087000
v 0.394776 0.304201 0.087000
v 0.391798 0.306900 0.087000
v 0.388571 0.309294 0.087000
v 0.385124 0.311360 0.087000
v 0.381491 0.313078 0.087000
v 0.377707 0.314432 0.087000
v 0.373809 0.315408 0.087000
v 0.369834 0.315998 0.087000
v 0.365820 0.316195 0.087000
v 0.361806 0.315998 0.087000
v 0.357831 0.315408 0.087000
v 0.353933 0.314432 0.087000
v 0.350149 0.313078 0.087000
v 0.346516 0.311360 0.087000
v 0.343069 0.309294 0.087000
v 0.339842 0.306900 0.087000
v 0.336864 0.304201 0.087000
v 0.334165 0.301223 0.087000
v 0.331771 0.297996 0.087000
v 0.329705 0.294549 0.087000
v 0.327987 0.290916 0.087000
v 0.326633 0.287132 0.087000
v 0.325657 0.283234 0.087000
v 0.325067 0.279259 0.087000
v 0.324870 0.275245 0.087000
v 0.325067 0.271231 0.087000
v 0.325657 0.267256 0.087000
v 0.326633 0.263358 0.087000
v 0.327987 0.259574 0.087000
v 0.329705 0.255941 0.087000
v 0.331771 0.252494 0.087000
v 0.334165 0.249267 0.087000
v 0.336864 0.246289 0.087000
v 0.339842 0.243590 0.087000
v 0.343069 0.241196 0.087000
v 0.346516 0.239130 0.087000
v 0.350149 0.237412 0.087000
v 0.353933 0.236058 0.087000
v 0.357831 0.235082 0.087000
v 0.361806 0.234492 0.087000
v 0.365820 0.234295 0.087000
v 0.369834 0.234492 0.087000
v 0.373809 0.235082 0.087000
v 0.377707 0.236058 0.087000
v 0.381491 0.237412 0.087000
v 0.385124 0.239130 0.087000
v 0.388571 0.241196 0.087000
v 0.391798 0.243590 0.087000
v 0.394776 0.246289 0.087000
v 0.397475 0.249267 0.087000
v 0.399869 0.252494 0.087000
v 0.401935 0.255941 0.087000
v 0.403653 0.259574 0.087000
v 0.405007 0.263358 0.087000
v 0.405983 0.267256 0.087000
v 0.406573 0.271231 0.087000
v 0.365820 0.275245 0.087000
v 0.365820 0.275245 0.000000
vn -0.0390 -0.5713 -0.8198
vn -0.5003 -0.0008 -0.8659
vn 0.0017 0.0016 -1.0000
vn -0.0164 -0.8975 -0.4408
vn -0.4122 -0.4877 -0.7695
vn -0.5707 -0.8202 -0.0397
vn 0.0018 -1.0000 0.0017
vn -0.8973 -0.4411 -0.0170
vn -0.4660 -0.7390 -0.4866
vn -0.8203 -0.0397 -0.5706
vn -1.0000 0.0009 0.0011
vn -0.7390 -0.4866 -0.4660
vn -0.0396 -0.8202 0.5707
vn -0.5003 -0.8658 0.0006
vn 0.0011 -1.0000 -0.0010
vn -0.0170 -0.4411 0.8973
vn -0.4119 -0.7695 0.4881
vn -0.5712 -0.0391 0.8199
vn 0.0011 0.0009 1.0000
vn -0.8974 -0.0165 0.4409
vn -0.4660 -0.4866 0.7390
vn -0.8197 -0.5716 0.0387
vn -1.0000 0.0015 -0.0016
vn -0.7394 -0.4658 0.4861
vn -0.5715 0.0388 -0.8197
vn -0.0007 0.5003 -0.8658
vn 0.0011 -0.0009 -1.0000
vn -0.8058 0.4187 -0.4187
vn -0.4872 0.4128 -0.7696
vn -0.8202 0.5707 -0.0397
vn -0.7950 0.1339 -0.5917
vn -1.0000 -0.0016 0.0017
vn -0.4408 0.8974 -0.0164
vn -0.0396 0.8202 -0.5707
vn 0.0011 1.0000 0.0010
vn -0.4866 0.7390 -0.4660
vn -0.0390 0.5713 0.8198
vn -0.5003 0.0008 0.8658
vn 0.0017 -0.0016 1.0000
vn -0.0164 0.8975 0.4408
vn -0.4123 0.4877 0.7695
vn -0.5707 0.8202 0.0397
vn 0.0018 1.0000 -0.0017
vn -0.8974 0.4408 0.0165
vn -0.4660 0.7390 0.4866
vn -0.8202 0.0397 0.5706
vn -1.0000 -0.0009 -0.0011
vn -0.7390 0.4866 0.4660
vn 0.5715 -0.0388 -0.8197
vn 0.0012 -0.5003 -0.8659
vn -0.0011 0.0009 -1.0000
vn 0.8055 -0.4190 -0.4190
vn 0.4877 -0.4123 -0.7695
vn 0.8200 -0.5710 -0.0393
vn 0.7949 -0.1339 -0.5917
vn 1.0000 0.0016 0.0017
vn 0.4190 -0.8055 -0.4190
vn 0.0393 -0.8200 -0.5710
vn 0.5913 -0.7953 -0.1338
vn -0.0011 -1.0000 0.0010
vn 0.0387 -0.5716 0.8196
vn 0.5003 -0.0013 0.8659
vn -0.0017 0.0016 1.0000
vn 0.4187 -0.8058 0.4187
vn 0.4123 -0.4877 0.7695
vn 0.5713 -0.8198 0.0390
vn 0.1339 -0.7949 0.5918
vn -0.0017 -1.0000 -0.0016
vn 0.8974 -0.4408 0.0165
vn 0.8200 -0.0394 0.5709
vn 1.0000 0.0009 -0.0011
vn 0.7394 -0.4861 0.4658
vn 0.0387 0.5716 -0.8196
vn 0.5003 0.0008 -0.8659
vn -0.0017 -0.0016 -1.0000
vn 0.4187 0.8058 -0.4187
vn 0.4128 0.4872 -0.7696
vn 0.5707 0.8202 -0.0397
vn 0.1339 0.7949 -0.5918
vn -0.0018 1.0000 0.0017
vn 0.8974 0.4408 -0.0164
vn 0.8203 0.0397 -0.5706
vn 1.0000 -0.0009 0.0011
vn 0.7390 0.4866 -0.4660
vn 0.5715 0.0388 0.8197
vn 0.0012 0.5003 0.8659
vn -0.0011 -0.0009 1.0000
vn 0.8058 0.4187 0.4187
vn 0.4877 0.4123 0.7695
vn 0.8202 0.5707 0.0397
vn 0.7949 0.1339 0.5917
vn 1.0000 -0.0016 -0.0017
vn 0.4408 0.8974 0.0164
vn 0.0393 0.8200 0.5710
vn -0.0011 1.0000 -0.0010
vn 0.4861 0.7394 0.4658
vn 0.0762 -0.1640 -0.9835
vn -0.5774 -0.5773 -0.5773
vn -0.7082 0.0223 -0.7057
vn -0.1566 -0.9854 0.0661
vn -0.1355 -0.5702 -0.8102
vn -0.9827 0.0675 -0.1727
vn -0.5768 -0.8054 -0.1362
vn 0.0676 -0.9826 0.1728
vn -0.5774 -0.5773 0.5773
vn -0.7082 -0.7059 -0.0142
vn -0.1640 0.0750 0.9836
vn -0.1356 -0.8102 0.5703
vn -0.9854 -0.1567 -0.0661
vn -0.5703 -0.1355 0.8102
vn -0.1640 -0.0750 -0.9836
vn -0.5774 0.5773 -0.5773
vn 0.0223 0.7081 -0.7057
vn -0.9854 0.1567 0.0661
vn -0.5703 0.1355 -0.8102
vn 0.0675 0.9826 -0.1728
vn -0.8054 0.5768 -0.1361
vn 0.0762 0.1640 0.9835
vn -0.5774 0.5773 0.5773
vn -0.7081 -0.0223 0.7057
vn -0.1566 0.9854 -0.0661
vn -0.1355 0.5702 0.8102
vn -0.9827 -0.0675 0.1727
vn -0.5768 0.8054 0.1361
vn 0.1640 0.0750 -0.9836
vn 0.5774 -0.5773 -0.5773
vn -0.0223 -0.7081 -0.7057
vn 0.9854 -0.1567 0.0661
vn 0.5703 -0.1355 -0.8102
vn -0.0676 -0.9826 -0.1728
vn 0.8054 -0.5768 -0.1362
vn -0.0762 -0.1640 0.9835
vn 0.5774 -0.5773 0.5773
vn 0.7081 0.0223 0.7057
vn 0.1566 -0.9854 -0.0661
vn 0.1355 -0.5702 0.8102
vn 0.9826 0.0675 0.1727
vn 0.5768 -0.8054 0.1362
vn -0.0762 0.1640 -0.9835
vn 0.5774 0.5773 -0.5773
vn 0.7082 -0.0223 -0.7057
vn 0.1566 0.9854 0.0661
vn 0.1355 0.5702 -0.8102
vn 0.9827 -0.0675 -0.1727
vn 0.5768 0.8054 -0.1361
vn 0.1640 -0.0750 0.9836
vn 0.5774 0.5773 0.5773
vn -0.0223 0.7081 0.7057
vn 0.9854 0.1567 -0.0661
vn 0.5703 0.1355 0.8102
vn -0.0675 0.9826 0.1728
vn 0.8054 0.5768 0.1361
vn 0.0608 -0.1805 -0.9817
vn -0.5773 -0.5774 -0.5774
vn -0.7082 0.0070 -0.7060
vn -0.1586 -0.9850 0.0685
vn -0.1354 -0.5703 -0.8102
vn -0.9863 0.0532 -0.1565
vn -0.5751 -0.8067 -0.1360
vn 0.0696 -0.9829 0.1705
vn -0.5773 -0.5773 0.5774
vn -0.7082 -0.7058 -0.0164
vn -0.1500 0.0586 0.9869
vn -0.1354 -0.8102 0.5703
vn -0.9830 -0.1750 -0.0554
vn -0.5827 -0.1367 0.8011
vn -0.1500 -0.0586 -0.9869
vn -0.5773 0.5774 -0.5774
vn 0.0224 0.7081 -0.7057
vn -0.9830 0.1750 0.0554
vn -0.5827 0.1367 -0.8011
vn 0.0696 0.9829 -0.1705
vn -0.8067 0.5751 -0.1360
vn 0.0608 0.1805 0.9817
vn -0.5773 0.5774 0.5774
vn -0.7082 -0.0070 0.7060
vn -0.1586 0.9850 -0.0685
vn -0.1354 0.5703 0.8102
vn -0.9863 -0.0532 0.1565
vn -0.5751 0.8067 0.1360
vn 0.1500 0.0586 -0.9869
vn 0.5773 -0.5774 -0.5774
vn -0.0224 -0.7082 -0.7057
vn 0.9830 -0.1750 0.0554
vn 0.5827 -0.1367 -0.8011
vn -0.0696 -0.9829 -0.1705
vn 0.8067 -0.5751 -0.1359
vn -0.0608 -0.1805 0.9817
vn 0.5773 -0.5773 0.5774
vn 0.7082 0.0070 0.7060
vn 0.1586 -0.9850 -0.0685
vn 0.1354 -0.5703 0.8102
vn 0.9863 0.0532 0.1565
vn 0.5751 -0.8067 0.1360
vn -0.0608 0.1805 -0.9817
vn 0.5773 0.5774 -0.5774
vn 0.7082 -0.0070 -0.7060
vn 0.1586 0.9850 0.0685
vn 0.1354 0.5703 -0.8102
vn 0.9863 -0.0532 -0.1565
vn 0.5751 0.8067 -0.1360
vn 0.1500 -0.0586 0.9869
vn 0.5773 0.5774 0.5774
vn -0.0224 0.7081 0.7057
vn 0.9830 0.1750 -0.0554
vn 0.5827 0.1367 0.8011
vn -0.0696 0.9829 0.1705
vn 0.8067 0.5751 0.1360
vn 0.0682 -0.1719 -0.9827
vn -0.5774 -0.5773 -0.5774
vn -0.7082 0.0151 -0.7059
vn -0.1621 -0.9841 0.0730
vn -0.9850 0.0653 -0.1597
vn -0.5719 -0.8090 -0.1356
vn 0.0731 -0.9834 0.1663
vn -0.5774 -0.5773 0.5774
vn -0.7082 -0.7057 -0.0203
vn -0.1573 0.0672 0.9853
vn -0.1355 -0.8102 0.5702
vn -0.9832 -0.1700 -0.0667
vn -0.5761 -0.1361 0.8060
vn -0.1574 -0.0672 -0.9852
vn -0.5774 0.5773 -0.5774
vn -0.9832 0.1700 0.0667
vn -0.5761 0.1361 -0.8060
vn 0.0732 0.9834 -0.1663
vn -0.8090 0.5719 -0.1357
vn 0.0682 0.1719 0.9827
vn -0.5774 0.5773 0.5774
vn -0.7082 -0.0151 0.7059
vn -0.1621 0.9841 -0.0730
vn -0.1355 0.5703 0.8102
vn -0.9850 -0.0653 0.1597
vn -0.5719 0.8090 0.1357
vn 0.1574 0.0672 -0.9852
vn 0.5774 -0.5773 -0.5774
vn -0.0223 -0.7082 -0.7057
vn 0.9832 -0.1700 0.0667
vn 0.5761 -0.1361 -0.8060
vn -0.0732 -0.9834 -0.1663
vn 0.8090 -0.5719 -0.1356
vn -0.0682 -0.1719 0.9827
vn 0.5774 -0.5773 0.5774
vn 0.7082 0.0151 0.7059
vn 0.1621 -0.9841 -0.0730
vn 0.9850 0.0653 0.1597
vn 0.5719 -0.8090 0.1356
vn -0.0682 0.1719 -0.9827
vn 0.5774 0.5773 -0.5774
vn 0.7082 -0.0151 -0.7059
vn 0.1621 0.9841 0.0730
vn 0.1355 0.5703 -0.8102
vn 0.9850 -0.0653 -0.1597
vn 0.5719 0.8090 -0.1356
vn 0.1573 -0.0672 0.9853
vn 0.5774 0.5773 0.5774
vn 0.9832 0.1700 -0.0667
vn 0.5761 0.1361 0.8060
vn -0.0731 0.9834 0.1663
vn 0.8090 0.5719 0.1357
vn 0.3665 0.0053 -0.9304
vn 0.3643 0.0412 -0.9304
vn 0.9411 0.0971 0.3238
vn 0.9461 0.0044 0.3238
vn 0.3585 0.0767 -0.9304
vn 0.9271 0.1889 0.3238
vn 0.3492 0.1115 -0.9304
vn 0.9041 0.2788 0.3238
vn 0.3366 0.1452 -0.9304
vn 0.8724 0.3661 0.3238
vn 0.3208 0.1775 -0.9304
vn 0.8323 0.4499 0.3238
vn 0.3018 0.2081 -0.9304
vn 0.7842 0.5293 0.3238
vn 0.2800 0.2366 -0.9304
vn 0.7286 0.6036 0.3238
vn 0.2554 0.2630 -0.9304
vn 0.6659 0.6721 0.3238
vn 0.2284 0.2867 -0.9304
vn 0.5968 0.7342 0.3238
vn 0.1992 0.3077 -0.9304
vn 0.5220 0.7891 0.3238
vn 0.1681 0.3258 -0.9304
vn 0.4421 0.8365 0.3238
vn 0.1354 0.3407 -0.9304
vn 0.3580 0.8758 0.3238
vn 0.1013 0.3523 -0.9304
vn 0.2704 0.9067 0.3238
vn 0.0663 0.3605 -0.9304
vn 0.1803 0.9288 0.3238
vn 0.0306 0.3653 -0.9304
vn 0.0884 0.9420 0.3238
vn -0.0053 0.3665 -0.9304
vn -0.0044 0.9461 0.3238
vn -0.0412 0.3643 -0.9304
vn -0.0971 0.9411 0.3238
vn -0.0767 0.3585 -0.9304
vn -0.1889 0.9271 0.3238
vn -0.1115 0.3492 -0.9304
vn -0.2788 0.9041 0.3238
vn -0.1452 0.3366 -0.9304
vn -0.3661 0.8724 0.3238
vn -0.1775 0.3208 -0.9304
vn -0.4499 0.8323 0.3238
vn -0.2081 0.3018 -0.9304
vn -0.5293 0.7842 0.3238
vn -0.2366 0.2800 -0.9304
vn -0.6036 0.7286 0.3238
vn -0.2630 0.2554 -0.9304
vn -0.6721 0.6659 0.3238
vn -0.2867 0.2284 -0.9304
vn -0.7341 0.5968 0.3238
vn -0.3077 0.1992 -0.9304
vn -0.7891 0.5220 0.3238
vn -0.3258 0.1681 -0.9304
vn -0.8365 0.4421 0.3238
vn -0.3407 0.1354 -0.9304
vn -0.8758 0.3580 0.3238
vn -0.3523 0.1013 -0.9304
vn -0.9067 0.2704 0.3238
vn -0.3605 0.0663 -0.9304
vn -0.9288 0.1803 0.3238
vn -0.3653 0.0306 -0.9304
vn -0.9420 0.0884 0.3238
vn -0.3665 -0.0053 -0.9304
vn -0.9461 -0.0044 0.3238
vn -0.3643 -0.0412 -0.9304
vn -0.9411 -0.0971 0.3238
vn -0.3585 -0.0767 -0.9304
vn -0.9271 -0.1889 0.3238
vn -0.3492 -0.1115 -0.9304
vn -0.9041 -0.2789 0.3238
vn -0.3366 -0.1452 -0.9304
vn -0.8724 -0.3661 0.3238
vn -0.3208 -0.1775 -0.9304
vn -0.8323 -0.4499 0.3238
vn -0.3018 -0.2081 -0.9304
vn -0.7842 -0.5293 0.3238
vn -0.2800 -0.2366 -0.9304
vn -0.7286 -0.6036 0.3238
vn -0.2554 -0.2630 -0.9304
vn -0.6659 -0.6721 0.3238
vn -0.2284 -0.2867 -0.9304
vn -0.5968 -0.7342 0.3238
vn -0.1992 -0.3077 -0.9304
vn -0.5220 -0.7891 0.3238
vn -0.1681 -0.3258 -0.9304
vn -0.4421 -0.8365 0.3238
vn -0.1354 -0.3407 -0.9304
vn -0.3580 -0.8758 0.3238
vn -0.1013 -0.3523 -0.9304
vn -0.2704 -0.9067 0.3238
vn -0.0663 -0.3605 -0.9304
vn -0.1803 -0.9288 0.3238
vn -0.0306 -0.3653 -0.9304
vn -0.0884 -0.9420 0.3238
vn 0.0053 -0.3665 -0.9304
vn 0.0044 -0.9461 0.3238
vn 0.0412 -0.3643 -0.9304
vn 0.0971 -0.9411 0.3238
vn 0.0767 -0.3585 -0.9304
vn 0.1889 -0.9271 0.3238
vn 0.1115 -0.3492 -0.9304
vn 0.2788 -0.9041 0.3238
vn 0.1452 -0.3366 -0.9304
vn 0.3661 -0.8724 0.3238
vn 0.1775 -0.3208 -0.9304
vn 0.4499 -0.8323 0.3238
vn 0.2081 -0.3018 -0.9304
vn 0.5293 -0.7842 0.3238
vn 0.2366 -0.2800 -0.9304
vn 0.6036 -0.7286 0.3238
vn 0.2629 -0.2554 -0.9304
vn 0.6721 -0.6659 0.3238
vn 0.2867 -0.2284 -0.9304
vn 0.7342 -0.5968 0.3238
vn 0.3077 -0.1992 -0.9304
vn 0.7891 -0.5220 0.3238
vn 0.3258 -0.1681 -0.9304
vn 0.8365 -0.4421 0.3238
vn 0.3407 -0.1354 -0.9304
vn 0.8758 -0.3580 0.3238
vn 0.3523 -0.1013 -0.9304
vn 0.9067 -0.2704 0.3238
vn 0.3605 -0.0663 -0.9304
vn 0.9288 -0.1803 0.3238
vn 0.3653 -0.0306 -0.9304
vn 0.9420 -0.0884 0.3238
vn 0.9945 0.1043 -0.0000
vn 1.0000 0.0063 -0.0000
vn 0.9795 0.2013 -0.0000
vn 0.9551 0.2963 -0.0000
vn 0.9215 0.3885 -0.0000
vn 0.8789 0.4769 -0.0000
vn 0.8280 0.5608 -0.0000
vn 0.7690 0.6392 -0.0000
vn 0.7026 0.7115 -0.0000
vn 0.6295 0.7770 -0.0000
vn 0.5503 0.8349 -0.0000
vn 0.4658 0.8849 -0.0000
vn 0.3769 0.9263 -0.0000
vn 0.2843 0.9587 -0.0000
vn 0.1889 0.9820 -0.0000
vn 0.0918 0.9958 -0.0000
vn -0.0063 1.0000 -0.0000
vn -0.1043 0.9945 -0.0000
vn -0.2013 0.9795 -0.0000
vn -0.2963 0.9551 -0.0000
vn -0.3885 0.9215 -0.0000
vn -0.4769 0.8789 -0.0000
vn -0.5608 0.8280 -0.0000
vn -0.6392 0.7690 -0.0000
vn -0.7115 0.7026 -0.0000
vn -0.7770 0.6295 -0.0000
vn -0.8349 0.5503 -0.0000
vn -0.8849 0.4658 -0.0000
vn -0.9263 0.3769 -0.0000
vn -0.9587 0.2843 -0.0000
vn -0.9820 0.1889 -0.0000
vn -0.9958 0.0918 -0.0000
vn -1.0000 -0.0063 -0.0000
vn -0.9945 -0.1043 -0.0000
vn -0.9795 -0.2013 -0.0000
vn -0.9551 -0.2963 -0.0000
vn -0.9215 -0.3885 -0.0000
vn -0.8789 -0.4769 -0.0000
vn -0.8280 -0.5608 -0.0000
vn -0.7690 -0.6392 -0.0000
vn -0.7027 -0.7115 -0.0000
vn -0.6295 -0.7770 -0.0000
vn -0.5503 -0.8349 -0.0000
vn -0.4658 -0.8849 -0.0000
vn -0.3769 -0.9263 -0.0000
vn -0.2843 -0.9587 -0.0000
vn -0.1889 -0.9820 -0.0000
vn -0.0918 -0.9958 -0.0000
vn 0.0063 -1.0000 -0.0000
vn 0.1043 -0.9945 -0.0000
vn 0.2013 -0.9795 -0.0000
vn 0.2963 -0.9551 -0.0000
vn 0.3885 -0.9215 -0.0000
vn 0.4769 -0.8789 -0.0000
vn 0.5608 -0.8280 -0.0000
vn 0.6392 -0.7690 -0.0000
vn 0.7115 -0.7027 -0.0000
vn 0.7770 -0.6295 -0.0000
vn 0.8349 -0.5503 -0.0000
vn 0.8849 -0.4658 -0.0000
vn 0.9263 -0.3769 -0.0000
vn 0.9587 -0.2843 -0.0000
vn 0.9820 -0.1889 -0.0000
vn 0.9958 -0.0918 -0.0000
vn 0.9004 0.0746 0.4287
vn 0.9033 -0.0140 0.4287
vn 0.8887 0.1625 0.4287
vn 0.8685 0.2488 0.4287
vn 0.8399 0.3328 0.4287
vn 0.8033 0.4135 0.4287
vn 0.7589 0.4902 0.4287
vn 0.7072 0.5622 0.4287
vn 0.6487 0.6289 0.4287
vn 0.5839 0.6894 0.4287
vn 0.5135 0.7433 0.4287
vn 0.4382 0.7901 0.4287
vn 0.3586 0.8292 0.4287
vn 0.2756 0.8604 0.4287
vn 0.1900 0.8832 0.4287
vn 0.1025 0.8976 0.4287
vn 0.0140 0.9033 0.4287
vn -0.0746 0.9004 0.4287
vn -0.1625 0.8887 0.4287
vn -0.2488 0.8685 0.4287
vn -0.3328 0.8399 0.4287
vn -0.4135 0.8033 0.4287
vn -0.4902 0.7589 0.4287
vn -0.5622 0.7072 0.4287
vn -0.6289 0.6486 0.4287
vn -0.6894 0.5839 0.4287
vn -0.7433 0.5135 0.4287
vn -0.7901 0.4382 0.4287
vn -0.8292 0.3586 0.4287
vn -0.8604 0.2756 0.4287
vn -0.8832 0.1900 0.4287
vn -0.8976 0.1025 0.4287
vn -0.9033 0.0140 0.4287
vn -0.9004 -0.0746 0.4287
vn -0.8887 -0.1625 0.4287
vn -0.8685 -0.2488 0.4287
vn -0.8399 -0.3328 0.4287
vn -0.8033 -0.4135 0.4287
vn -0.7589 -0.4902 0.4287
vn -0.7072 -0.5623 0.4287
vn -0.6486 -0.6289 0.4287
vn -0.5839 -0.6894 0.4287
vn -0.5135 -0.7433 0.4287
vn -0.4382 -0.7901 0.4287
vn -0.3586 -0.8292 0.4287
vn -0.2756 -0.8604 0.4287
vn -0.1900 -0.8832 0.4287
vn -0.1025 -0.8976 0.4287
vn -0.0140 -0.9033 0.4287
vn 0.0746 -0.9004 0.4287
vn 0.1625 -0.8887 0.4287
vn 0.2488 -0.8685 0.4287
vn 0.3328 -0.8399 0.4287
vn 0.4135 -0.8033 0.4287
vn 0.4902 -0.7589 0.4287
vn 0.5622 -0.7072 0.4287
vn 0.6289 -0.6487 0.4287
vn 0.6894 -0.5839 0.4287
vn 0.7433 -0.5135 0.4287
vn 0.7901 -0.4382 0.4287
vn 0.8292 -0.3586 0.4287
vn 0.8604 -0.2756 0.4287
vn 0.8832 -0.1900 0.4287
vn 0.8976 -0.1025 0.4287
vn -0.0000 -0.0000 1.0000
vn -0.0000 -0.0000 -1.0000
vn 0.9041 0.2789 0.3238
vn -0.2629 0.2554 -0.9304
vn -0.7342 0.5968 0.3238
vn -0.9041 -0.2788 0.3238
vn 0.2630 -0.2554 -0.9304
vn 0.7341 -0.5968 0.3238
vn 0.7027 0.7115 -0.0000
vn -0.7115 0.7027 -0.0000
vn -0.7026 -0.7115 -0.0000
vn 0.7115 -0.7026 -0.0000
vn 0.7072 0.5623 0.4287
vn 0.6486 0.6289 0.4287
vn -0.6289 0.6487 0.4287
vn -0.7072 -0.5622 0.4287
vn -0.6487 -0.6289 0.4287
vn 0.6289 -0.6486 0.4287
vt 0.126000 0.749350
vt 0.125501 0.748701
vt 0.126000 0.748701
vt 0.126000 0.750000
vt 0.125522 0.749322
vt 0.376100 1.000000
vt 0.375000 0.999000
vt 0.376100 0.999000
vt 0.376100 0.000650
vt 0.375000 0.000000
vt 0.376100 0.000000
vt 0.375000 0.001299
vt 0.376100 0.001299
vt 0.125000 0.749322
vt 0.125000 0.748701
vt 0.125522 0.750000
vt 0.624449 0.999000
vt 0.623900 1.000000
vt 0.623900 0.999000
vt 0.625000 0.999000
vt 0.624426 0.999478
vt 0.875000 0.748701
vt 0.874000 0.750000
vt 0.874000 0.748701
vt 0.624449 0.001299
vt 0.625000 0.000000
vt 0.625000 0.001299
vt 0.623900 0.000650
vt 0.623900 0.001299
vt 0.624426 0.000342
vt 0.624426 0.000678
vt 0.625000 0.999478
vt 0.624426 0.999737
vt 0.125501 0.501299
vt 0.126000 0.500650
vt 0.126000 0.501299
vt 0.125000 0.500678
vt 0.125522 0.500678
vt 0.376100 0.249350
vt 0.375000 0.248701
vt 0.376100 0.248701
vt 0.376100 0.250501
vt 0.375000 0.249322
vt 0.375000 0.251000
vt 0.376100 0.251000
vt 0.125522 0.500000
vt 0.126000 0.500000
vt 0.874000 0.500000
vt 0.875000 0.501299
vt 0.874000 0.501299
vt 0.624449 0.251000
vt 0.625000 0.250292
vt 0.625000 0.251000
vt 0.623900 0.250501
vt 0.623900 0.251000
vt 0.623900 0.249350
vt 0.624426 0.250522
vt 0.624449 0.248701
vt 0.623900 0.248701
vt 0.625000 0.248701
vt 0.624426 0.249395
vt 0.374499 0.748701
vt 0.374000 0.749350
vt 0.374000 0.748701
vt 0.375509 0.749322
vt 0.374478 0.749322
vt 0.376100 0.749350
vt 0.375551 0.748701
vt 0.376100 0.748701
vt 0.374808 0.750330
vt 0.374499 0.750499
vt 0.376100 0.750501
vt 0.376100 0.751000
vt 0.625499 0.750501
vt 0.625501 0.748701
vt 0.626000 0.748701
vt 0.624426 0.750522
vt 0.625330 0.750192
vt 0.623900 0.750501
vt 0.624449 0.751000
vt 0.623900 0.751000
vt 0.623900 0.749350
vt 0.624449 0.748701
vt 0.623900 0.748701
vt 0.624426 0.749395
vt 0.374000 0.500650
vt 0.374499 0.501299
vt 0.374000 0.501299
vt 0.374808 0.499670
vt 0.374478 0.500678
vt 0.376100 0.499499
vt 0.374499 0.499501
vt 0.376100 0.499000
vt 0.376100 0.500650
vt 0.375551 0.501299
vt 0.376100 0.501299
vt 0.375509 0.500678
vt 0.625501 0.501299
vt 0.625499 0.499499
vt 0.626000 0.501299
vt 0.624426 0.500678
vt 0.625224 0.500330
vt 0.623900 0.500650
vt 0.624449 0.501299
vt 0.623900 0.501299
vt 0.623900 0.499499
vt 0.624449 0.499000
vt 0.623900 0.499000
vt 0.624426 0.499545
vt 0.125000 0.501299
vt 0.623900 0.000000
vt 0.125400 0.749491
vt 0.125169 0.750000
vt 0.125000 0.749491
vt 0.384838 0.999600
vt 0.379158 1.000000
vt 0.375000 0.999600
vt 0.384838 0.000509
vt 0.375000 0.000215
vt 0.384838 0.000000
vt 0.615162 0.999600
vt 0.625000 0.999831
vt 0.615162 1.000000
vt 0.874600 0.749491
vt 0.875000 0.749785
vt 0.874600 0.750000
vt 0.615162 0.000509
vt 0.620842 0.000000
vt 0.625000 0.000509
vt 0.125400 0.500509
vt 0.125000 0.500215
vt 0.125400 0.500000
vt 0.384838 0.249491
vt 0.377079 0.250085
vt 0.375000 0.249491
vt 0.384838 0.250400
vt 0.384838 0.250000
vt 0.874600 0.500509
vt 0.874831 0.500000
vt 0.875000 0.500509
vt 0.615162 0.250400
vt 0.622921 0.249892
vt 0.625000 0.250400
vt 0.615162 0.249491
vt 0.615162 0.250000
vt 0.374600 0.749491
vt 0.376386 0.749985
vt 0.374800 0.750200
vt 0.384838 0.749491
vt 0.375000 0.749491
vt 0.384838 0.750400
vt 0.384838 0.750000
vt 0.625400 0.749491
vt 0.623670 0.749928
vt 0.625000 0.749491
vt 0.615162 0.750400
vt 0.625200 0.750200
vt 0.615162 0.749491
vt 0.615162 0.750000
vt 0.374600 0.500509
vt 0.376330 0.500072
vt 0.375000 0.500509
vt 0.384838 0.499600
vt 0.374800 0.499800
vt 0.384838 0.500509
vt 0.384838 0.500000
vt 0.625400 0.500509
vt 0.623614 0.500015
vt 0.625200 0.499800
vt 0.615162 0.500509
vt 0.625000 0.500509
vt 0.615162 0.499600
vt 0.615162 0.500000
vt 0.125000 0.500509
vt 0.375000 0.000509
vt 0.384838 1.000000
vt 0.615162 0.000000
vt 0.875000 0.749491
vt 0.625000 0.249491
vt 0.375000 0.250400
vt 0.874600 0.500000
vt 0.125400 0.750000
vt 0.625000 0.999600
vt 0.125400 0.732609
vt 0.125000 0.732609
vt 0.382429 0.999600
vt 0.378140 1.000000
vt 0.375000 0.999600
vt 0.382429 0.017391
vt 0.375000 0.007350
vt 0.382429 0.000000
vt 0.617571 0.999600
vt 0.617571 1.000000
vt 0.874600 0.732609
vt 0.875000 0.742650
vt 0.874600 0.750000
vt 0.617571 0.017391
vt 0.621860 0.000000
vt 0.625000 0.017391
vt 0.125400 0.517391
vt 0.125000 0.507350
vt 0.382429 0.232609
vt 0.376570 0.250085
vt 0.375000 0.232609
vt 0.382429 0.250400
vt 0.382429 0.250000
vt 0.874600 0.517391
vt 0.875000 0.517391
vt 0.617571 0.250400
vt 0.623430 0.246325
vt 0.625000 0.250400
vt 0.617571 0.232609
vt 0.617571 0.250000
vt 0.374600 0.732609
vt 0.376047 0.747606
vt 0.374800 0.750200
vt 0.382429 0.732609
vt 0.375000 0.732609
vt 0.382429 0.750400
vt 0.382429 0.750000
vt 0.625400 0.732609
vt 0.624010 0.747550
vt 0.625000 0.732609
vt 0.617571 0.750400
vt 0.625200 0.750200
vt 0.617571 0.732609
vt 0.617571 0.750000
vt 0.374600 0.517391
vt 0.375990 0.502450
vt 0.375000 0.517391
vt 0.382429 0.499600
vt 0.382429 0.517391
vt 0.382429 0.500000
vt 0.625400 0.517391
vt 0.623953 0.502394
vt 0.625200 0.499800
vt 0.617571 0.517391
vt 0.625000 0.517391
vt 0.617571 0.499600
vt 0.617571 0.500000
vt 0.125000 0.517391
vt 0.375000 0.017391
vt 0.382428 1.000000
vt 0.617571 0.000000
vt 0.875000 0.732609
vt 0.625000 0.232609
vt 0.375000 0.250400
vt 0.125400 0.741111
vt 0.125000 0.741111
vt 0.377912 0.999600
vt 0.376231 1.000000
vt 0.377912 0.008889
vt 0.375000 0.003757
vt 0.377912 0.000000
vt 0.622088 0.999600
vt 0.622088 1.000000
vt 0.874600 0.741111
vt 0.875000 0.746243
vt 0.874600 0.750000
vt 0.622088 0.008889
vt 0.623769 0.000000
vt 0.625000 0.008889
vt 0.125400 0.508889
vt 0.125000 0.503757
vt 0.377912 0.241111
vt 0.375615 0.250085
vt 0.375000 0.241111
vt 0.377912 0.250400
vt 0.377912 0.250000
vt 0.874600 0.508889
vt 0.875000 0.508889
vt 0.622088 0.250400
vt 0.624385 0.248122
vt 0.625000 0.250400
vt 0.622088 0.241111
vt 0.622088 0.250000
vt 0.374600 0.741111
vt 0.375410 0.748804
vt 0.374800 0.750200
vt 0.377912 0.741111
vt 0.375000 0.741111
vt 0.377912 0.750400
vt 0.377912 0.750000
vt 0.625400 0.741111
vt 0.624646 0.748748
vt 0.625000 0.741111
vt 0.622088 0.750400
vt 0.625200 0.750200
vt 0.622088 0.741111
vt 0.622088 0.750000
vt 0.374600 0.508889
vt 0.375354 0.501252
vt 0.375000 0.508889
vt 0.377912 0.499600
vt 0.374800 0.499800
vt 0.377912 0.508889
vt 0.377912 0.500000
vt 0.625400 0.508889
vt 0.624590 0.501196
vt 0.625200 0.499800
vt 0.622088 0.508889
vt 0.625000 0.508889
vt 0.622088 0.499600
vt 0.622088 0.500000
vt 0.125000 0.508889
vt 0.375000 0.008889
vt 0.377912 1.000000
vt 0.622088 0.000000
vt 0.875000 0.741111
vt 0.625000 0.241111
vt 0.375000 0.250400
vt 0.874600 0.500000
vt 0.625000 0.999600
vt 0.000000 0.000000
vt 0.375000 0.999478
vt 0.375000 0.000678
vt 0.874478 0.750000
vt 0.375000 0.250522
vt 0.874478 0.500000
s 1
usemtl enamel_light_gray
f 4/1/1 5/2/2 1/3/3
f 8/4/4 6/5/5 4/1/1
f 7/6/6 8/7/4 2/8/7
f 11/9/8 9/10/9 7/11/6
f 10/12/10 11/9/8 3/13/11
f 5/2/2 12/14/12 10/15/10
f 6/5/5 9/16/9 12/14/12
f 16/17/13 17/18/14 13/19/15
f 20/20/16 18/21/17 16/17/13
f 19/22/18 20/23/16 14/24/19
f 23/25/20 21/26/21 19/27/18
f 22/28/22 23/25/20 15/29/23
f 22/28/22 18/30/17 24/31/24
f 18/21/17 21/32/21 24/33/24
f 28/34/25 29/35/26 25/36/27
f 28/34/25 33/37/28 30/38/29
f 31/39/30 32/40/31 26/41/32
f 35/42/33 33/43/28 31/39/30
f 34/44/34 35/42/33 27/45/35
f 29/35/26 36/46/36 34/47/34
f 30/38/29 33/37/28 36/46/36
f 40/48/37 41/49/38 37/50/39
f 44/51/40 42/52/41 40/53/37
f 43/54/42 44/51/40 38/55/43
f 47/56/44 45/57/45 43/54/42
f 46/58/46 47/56/44 39/59/47
f 41/60/38 48/61/48 46/58/46
f 42/52/41 45/57/45 48/61/48
f 52/62/49 53/63/50 49/64/51
f 52/62/49 57/65/52 54/66/53
f 55/67/54 56/68/55 50/69/56
f 55/67/54 60/70/57 57/65/52
f 58/71/58 59/72/59 51/73/60
f 58/71/58 54/66/53 60/70/57
f 54/66/53 57/65/52 60/70/57
f 64/74/61 65/75/62 61/76/63
f 64/74/61 69/77/64 66/78/65
f 67/79/66 68/80/67 62/81/68
f 71/82/69 69/77/64 67/79/66
f 70/83/70 71/82/69 63/84/71
f 70/83/70 66/78/65 72/85/72
f 66/78/65 69/77/64 72/85/72
f 76/86/73 77/87/74 73/88/75
f 76/86/73 81/89/76 78/90/77
f 79/91/78 80/92/79 74/93/80
f 83/94/81 81/89/76 79/91/78
f 82/95/82 83/94/81 75/96/83
f 77/87/74 84/97/84 82/95/82
f 78/90/77 81/89/76 84/97/84
f 88/98/85 89/99/86 85/100/87
f 88/98/85 93/101/88 90/102/89
f 91/103/90 92/104/91 86/105/92
f 95/106/93 93/101/88 91/103/90
f 94/107/94 95/106/93 87/108/95
f 94/107/94 90/102/89 96/109/96
f 90/102/89 93/101/88 96/109/96
f 25/36/27 5/2/2 28/34/25
f 5/2/2 32/110/31 28/34/25
f 10/12/10 26/41/32 32/40/31
f 13/19/15 7/6/6 2/8/7
f 17/111/14 11/9/8 7/11/6
f 11/9/8 15/29/23 3/13/11
f 14/24/19 41/49/38 19/22/18
f 41/60/38 23/25/20 19/27/18
f 46/58/46 15/29/23 23/25/20
f 27/45/35 43/54/42 38/55/43
f 35/42/33 47/56/44 43/54/42
f 31/39/30 39/59/47 47/56/44
f 73/88/75 29/35/26 76/86/73
f 29/35/26 80/92/79 76/86/73
f 34/44/34 74/93/80 80/92/79
f 37/50/39 89/99/86 40/48/37
f 89/99/86 44/51/40 40/53/37
f 94/107/94 38/55/43 44/51/40
f 75/96/83 91/103/90 86/105/92
f 83/94/81 95/106/93 91/103/90
f 79/91/78 87/108/95 95/106/93
f 49/64/51 77/87/74 52/62/49
f 77/87/74 56/68/55 52/62/49
f 82/95/82 50/69/56 56/68/55
f 85/100/87 65/75/62 88/98/85
f 65/75/62 92/104/91 88/98/85
f 70/83/70 86/105/92 92/104/91
f 62/81/68 59/72/59 67/79/66
f 59/72/59 71/82/69 67/79/66
f 55/67/54 63/84/71 71/82/69
f 1/3/3 53/63/50 4/1/1
f 53/63/50 8/4/4 4/1/1
f 58/71/58 2/8/7 8/7/4
f 61/76/63 20/23/16 64/74/61
f 20/20/16 68/80/67 64/74/61
f 16/17/13 62/81/68 68/80/67
f 73/88/75 1/3/3 25/36/27
f 15/29/23 26/41/32 3/13/11
f 62/81/68 2/8/7 51/73/60
f 37/50/39 61/76/63 85/100/87
f 38/55/43 74/93/80 27/45/35
f 86/105/92 50/69/56 75/96/83
f 97/112/97 101/113/98 103/114/99
f 98/115/100 101/116/98 100/117/101
f 99/118/102 101/119/98 102/120/103
f 104/121/104 108/122/105 110/123/106
f 105/124/107 108/125/105 107/126/108
f 106/127/109 108/128/105 109/129/110
f 111/130/111 115/131/112 117/132/113
f 112/133/114 115/134/112 114/135/115
f 113/136/116 115/134/112 116/137/117
f 118/138/118 122/139/119 124/140/120
f 119/141/121 122/142/119 121/143/122
f 120/144/123 122/142/119 123/145/124
f 125/146/125 129/147/126 131/148/127
f 126/149/128 129/147/126 128/150/129
f 127/151/130 129/147/126 130/152/131
f 132/153/132 136/154/133 138/155/134
f 133/156/135 136/154/133 135/157/136
f 134/158/137 136/154/133 137/159/138
f 139/160/139 143/161/140 145/162/141
f 140/163/142 143/161/140 142/164/143
f 141/165/144 143/161/140 144/166/145
f 146/167/146 150/168/147 152/169/148
f 147/170/149 150/168/147 149/171/150
f 148/172/151 150/168/147 151/173/152
f 97/112/97 114/174/115 111/130/111
f 103/175/99 112/133/114 114/135/115
f 104/121/104 102/176/103 98/115/100
f 110/177/106 99/118/102 102/120/103
f 118/138/118 109/178/110 105/124/107
f 124/179/120 106/127/109 109/129/110
f 113/136/116 123/145/124 119/141/121
f 116/137/117 120/144/123 123/145/124
f 111/130/111 142/164/143 139/160/139
f 117/180/113 140/163/142 142/164/143
f 146/167/146 121/181/122 118/138/118
f 152/169/148 119/141/121 121/143/122
f 141/165/144 151/173/152 147/170/149
f 144/166/145 148/172/151 151/173/152
f 139/160/139 128/150/129 125/146/125
f 145/162/141 126/149/128 128/150/129
f 132/153/132 149/171/150 146/167/146
f 138/155/134 147/170/149 149/171/150
f 127/151/130 137/159/138 133/156/135
f 130/152/131 134/158/137 137/159/138
f 125/146/125 100/182/101 97/112/97
f 131/148/127 98/115/100 100/117/101
f 105/124/107 135/157/136 132/153/132
f 107/183/108 133/156/135 135/157/136
f 139/160/139 97/112/97 111/130/111
f 106/127/109 112/133/114 99/118/102
f 133/156/135 98/115/100 127/151/130
f 118/138/118 132/153/132 146/167/146
f 119/141/121 140/163/142 113/136/116
f 147/170/149 126/149/128 141/165/144
f 153/184/153 157/113/154 159/185/155
f 154/186/156 157/187/154 156/188/157
f 155/189/158 157/190/154 158/191/159
f 160/192/160 164/122/161 166/193/162
f 161/194/163 164/195/161 163/196/164
f 162/197/165 164/198/161 165/199/166
f 167/200/167 171/201/168 173/132/169
f 168/202/170 171/203/168 170/204/171
f 169/205/172 171/203/168 172/206/173
f 174/207/174 178/139/175 180/208/176
f 175/209/177 178/210/175 177/211/178
f 176/212/179 178/210/175 179/213/180
f 181/214/181 185/215/182 187/216/183
f 182/217/184 185/215/182 184/218/185
f 183/219/186 185/215/182 186/220/187
f 188/221/188 192/222/189 194/223/190
f 189/224/191 192/222/189 191/225/192
f 190/226/193 192/222/189 193/227/194
f 195/228/195 199/229/196 201/230/197
f 196/231/198 199/229/196 198/164/199
f 197/232/200 199/229/196 200/233/201
f 202/234/202 206/235/203 208/236/204
f 203/237/205 206/235/203 205/238/206
f 204/239/207 206/235/203 207/240/208
f 153/184/153 170/241/171 167/200/167
f 159/242/155 168/202/170 170/204/171
f 160/192/160 158/243/159 154/186/156
f 166/244/162 155/189/158 158/191/159
f 174/207/174 165/245/166 161/194/163
f 180/246/176 162/197/165 165/199/166
f 169/205/172 179/213/180 175/209/177
f 172/206/173 176/212/179 179/213/180
f 167/200/167 198/164/199 195/228/195
f 173/247/169 196/231/198 198/164/199
f 202/234/202 177/181/178 174/207/174
f 208/236/204 175/209/177 177/211/178
f 197/232/200 207/240/208 203/237/205
f 200/233/201 204/239/207 207/240/208
f 195/228/195 184/218/185 181/214/181
f 201/230/197 182/217/184 184/218/185
f 188/221/188 205/238/206 202/234/202
f 194/223/190 203/237/205 205/238/206
f 183/219/186 193/227/194 189/224/191
f 186/220/187 190/226/193 193/227/194
f 181/214/181 156/182/157 153/184/153
f 187/216/183 154/186/156 156/188/157
f 161/194/163 191/225/192 188/221/188
f 163/183/164 189/224/191 191/225/192
f 195/228/195 153/184/153 167/200/167
f 162/197/165 168/202/170 155/189/158
f 189/224/191 154/186/156 183/219/186
f 174/207/174 188/221/188 202/234/202
f 175/209/177 196/231/198 169/205/172
f 203/237/205 182/217/184 197/232/200
f 209/248/209 213/113/210 215/249/211
f 210/250/212 213/251/210 212/188/101
f 211/252/213 213/253/210 214/254/214
f 216/255/215 220/122/216 222/256/217
f 217/257/218 220/258/216 219/259/219
f 218/260/220 220/261/216 221/262/221
f 223/263/222 227/264/223 229/132/113
f 224/265/224 227/266/223 226/267/225
f 225/268/226 227/266/223 228/269/227
f 230/270/228 234/139/229 236/271/230
f 231/272/231 234/273/229 233/274/232
f 232/275/233 234/273/229 235/276/234
f 237/277/235 241/278/236 243/279/237
f 238/280/238 241/278/236 240/281/239
f 239/282/240 241/278/236 242/283/241
f 244/284/242 248/285/243 250/286/244
f 245/287/245 248/285/243 247/288/136
f 246/289/246 248/285/243 249/290/247
f 251/291/248 255/292/249 257/293/250
f 252/294/251 255/292/249 254/295/252
f 253/296/253 255/292/249 256/297/254
f 258/298/255 262/299/256 264/300/148
f 259/301/257 262/299/256 261/302/258
f 260/303/259 262/299/256 263/304/260
f 209/248/209 226/305/225 223/263/222
f 215/306/211 224/265/224 226/267/225
f 216/255/215 214/307/214 210/250/212
f 222/308/217 211/252/213 214/254/214
f 230/270/228 221/309/221 217/257/218
f 236/310/230 218/260/220 221/262/221
f 225/268/226 235/276/234 231/272/231
f 228/269/227 232/275/233 235/276/234
f 223/263/222 254/295/252 251/291/248
f 229/311/113 252/294/251 254/295/252
f 258/298/255 233/312/232 230/270/228
f 264/300/148 231/272/231 233/274/232
f 253/296/253 263/304/260 259/301/257
f 256/297/254 260/303/259 263/304/260
f 251/291/248 240/281/239 237/277/235
f 257/293/250 238/280/238 240/281/239
f 244/284/242 261/302/258 258/298/255
f 250/286/244 259/301/257 261/302/258
f 239/282/240 249/290/247 245/287/245
f 242/283/241 246/289/246 249/290/247
f 237/277/235 212/182/101 209/248/209
f 243/279/237 210/250/212 212/188/101
f 217/257/218 247/288/136 244/284/242
f 219/313/219 245/287/245 247/288/136
f 251/291/248 209/248/209 223/263/222
f 218/260/220 224/265/224 211/252/213
f 245/287/245 210/250/212 239/282/240
f 230/270/228 244/284/242 258/298/255
f 231/272/231 252/294/251 225/268/226
f 259/301/257 238/280/238 253/296/253
f 4/1/1 6/5/5 5/2/2
f 8/4/4 9/16/9 6/5/5
f 7/6/6 9/315/9 8/7/4
f 11/9/8 12/316/12 9/10/9
f 10/12/10 12/316/12 11/9/8
f 5/2/2 6/5/5 12/14/12
f 16/17/13 18/21/17 17/18/14
f 20/20/16 21/32/21 18/21/17
f 19/22/18 21/317/21 20/23/16
f 23/25/20 24/31/24 21/26/21
f 22/28/22 24/31/24 23/25/20
f 22/28/22 17/111/14 18/30/17
f 28/34/25 30/38/29 29/35/26
f 28/34/25 32/110/31 33/37/28
f 31/39/30 33/43/28 32/40/31
f 35/42/33 36/318/36 33/43/28
f 34/44/34 36/318/36 35/42/33
f 29/35/26 30/38/29 36/46/36
f 40/48/37 42/319/41 41/49/38
f 44/51/40 45/57/45 42/52/41
f 43/54/42 45/57/45 44/51/40
f 47/56/44 48/61/48 45/57/45
f 46/58/46 48/61/48 47/56/44
f 41/60/38 42/52/41 48/61/48
f 52/62/49 54/66/53 53/63/50
f 52/62/49 56/68/55 57/65/52
f 55/67/54 57/65/52 56/68/55
f 55/67/54 59/72/59 60/70/57
f 58/71/58 60/70/57 59/72/59
f 58/71/58 53/63/50 54/66/53
f 64/74/61 66/78/65 65/75/62
f 64/74/61 68/80/67 69/77/64
f 67/79/66 69/77/64 68/80/67
f 71/82/69 72/85/72 69/77/64
f 70/83/70 72/85/72 71/82/69
f 70/83/70 65/75/62 66/78/65
f 76/86/73 78/90/77 77/87/74
f 76/86/73 80/92/79 81/89/76
f 79/91/78 81/89/76 80/92/79
f 83/94/81 84/97/84 81/89/76
f 82/95/82 84/97/84 83/94/81
f 77/87/74 78/90/77 84/97/84
f 88/98/85 90/102/89 89/99/86
f 88/98/85 92/104/91 93/101/88
f 91/103/90 93/101/88 92/104/91
f 95/106/93 96/109/96 93/101/88
f 94/107/94 96/109/96 95/106/93
f 94/107/94 89/99/86 90/102/89
f 25/36/27 1/3/3 5/2/2
f 5/2/2 10/15/10 32/110/31
f 10/12/10 3/13/11 26/41/32
f 13/19/15 17/18/14 7/6/6
f 17/111/14 22/28/22 11/9/8
f 11/9/8 22/28/22 15/29/23
f 14/24/19 37/50/39 41/49/38
f 41/60/38 46/58/46 23/25/20
f 46/58/46 39/59/47 15/29/23
f 27/45/35 35/42/33 43/54/42
f 35/42/33 31/39/30 47/56/44
f 31/39/30 26/41/32 39/59/47
f 73/88/75 25/36/27 29/35/26
f 29/35/26 34/47/34 80/92/79
f 34/44/34 27/45/35 74/93/80
f 37/50/39 85/100/87 89/99/86
f 89/99/86 94/107/94 44/51/40
f 94/107/94 87/108/95 38/55/43
f 75/96/83 83/94/81 91/103/90
f 83/94/81 79/91/78 95/106/93
f 79/91/78 74/93/80 87/108/95
f 49/64/51 73/88/75 77/87/74
f 77/87/74 82/95/82 56/68/55
f 82/95/82 75/96/83 50/69/56
f 85/100/87 61/76/63 65/75/62
f 65/75/62 70/83/70 92/104/91
f 70/83/70 63/84/71 86/105/92
f 62/81/68 51/73/60 59/72/59
f 59/72/59 55/67/54 71/82/69
f 55/67/54 50/69/56 63/84/71
f 1/3/3 49/64/51 53/63/50
f 53/63/50 58/71/58 8/4/4
f 58/71/58 51/73/60 2/8/7
f 61/76/63 14/24/19 20/23/16
f 20/20/16 16/17/13 68/80/67
f 16/17/13 13/19/15 62/81/68
f 73/88/75 49/64/51 1/3/3
f 15/29/23 39/59/47 26/41/32
f 62/81/68 13/19/15 2/8/7
f 37/50/39 14/24/19 61/76/63
f 38/55/43 87/108/95 74/93/80
f 86/105/92 63/84/71 50/69/56
f 97/112/97 100/182/101 101/113/98
f 98/115/100 102/176/103 101/116/98
f 99/118/102 103/175/99 101/119/98
f 104/121/104 107/183/108 108/122/105
f 105/124/107 109/178/110 108/125/105
f 106/127/109 110/177/106 108/128/105
f 111/130/111 114/174/115 115/131/112
f 112/133/114 116/137/117 115/134/112
f 113/136/116 117/180/113 115/134/112
f 118/138/118 121/181/122 122/139/119
f 119/141/121 123/145/124 122/142/119
f 120/144/123 124/179/120 122/142/119
f 125/146/125 128/150/129 129/147/126
f 126/149/128 130/152/131 129/147/126
f 127/151/130 131/148/127 129/147/126
f 132/153/132 135/157/136 136/154/133
f 133/156/135 137/159/138 136/154/133
f 134/158/137 138/155/134 136/154/133
f 139/160/139 142/164/143 143/161/140
f 140/163/142 144/166/145 143/161/140
f 141/165/144 145/162/141 143/161/140
f 146/167/146 149/171/150 150/168/147
f 147/170/149 151/173/152 150/168/147
f 148/172/151 152/169/148 150/168/147
f 97/112/97 103/114/99 114/174/115
f 103/175/99 99/118/102 112/133/114
f 104/121/104 110/123/106 102/176/103
f 110/177/106 106/127/109 99/118/102
f 118/138/118 124/140/120 109/178/110
f 124/179/120 120/144/123 106/127/109
f 113/136/116 116/137/117 123/145/124
f 116/137/117 112/133/114 120/144/123
f 111/130/111 117/132/113 142/164/143
f 117/180/113 113/136/116 140/163/142
f 146/167/146 152/169/148 121/181/122
f 152/169/148 148/172/151 119/141/121
f 141/165/144 144/166/145 151/173/152
f 144/166/145 140/163/142 148/172/151
f 139/160/139 145/162/141 128/150/129
f 145/162/141 141/165/144 126/149/128
f 132/153/132 138/155/134 149/171/150
f 138/155/134 134/158/137 147/170/149
f 127/151/130 130/152/131 137/159/138
f 130/152/131 126/149/128 134/158/137
f 125/146/125 131/148/127 100/182/101
f 131/148/127 127/151/130 98/115/100
f 105/124/107 107/126/108 135/157/136
f 107/183/108 104/121/104 133/156/135
f 139/160/139 125/146/125 97/112/97
f 106/127/109 120/144/123 112/133/114
f 133/156/135 104/121/104 98/115/100
f 118/138/118 105/124/107 132/153/132
f 119/141/121 148/172/151 140/163/142
f 147/170/149 134/158/137 126/149/128
f 153/184/153 156/182/157 157/113/154
f 154/186/156 158/243/159 157/187/154
f 155/189/158 159/242/155 157/190/154
f 160/192/160 163/183/164 164/122/161
f 161/194/163 165/245/166 164/195/161
f 162/197/165 166/244/162 164/198/161
f 167/200/167 170/241/171 171/201/168
f 168/202/170 172/206/173 171/203/168
f 169/205/172 173/247/169 171/203/168
f 174/207/174 177/181/178 178/139/175
f 175/209/177 179/213/180 178/210/175
f 176/212/179 180/246/176 178/210/175
f 181/214/181 184/218/185 185/215/182
f 182/217/184 186/220/187 185/215/182
f 183/219/186 187/216/183 185/215/182
f 188/221/188 191/225/192 192/222/189
f 189/224/191 193/227/194 192/222/189
f 190/226/193 194/223/190 192/222/189
f 195/228/195 198/164/199 199/229/196
f 196/231/198 200/233/201 199/229/196
f 197/232/200 201/230/197 199/229/196
f 202/234/202 205/238/206 206/235/203
f 203/237/205 207/240/208 206/235/203
f 204/239/207 208/236/204 206/235/203
f 153/184/153 159/185/155 170/241/171
f 159/242/155 155/189/158 168/202/170
f 160/192/160 166/193/162 158/243/159
f 166/244/162 162/197/165 155/189/158
f 174/207/174 180/208/176 165/245/166
f 180/246/176 176/212/179 162/197/165
f 169/205/172 172/206/173 179/213/180
f 172/206/173 168/202/170 176/212/179
f 167/200/167 173/132/169 198/164/199
f 173/247/169 169/205/172 196/231/198
f 202/234/202 208/236/204 177/181/178
f 208/236/204 204/239/207 175/209/177
f 197/232/200 200/233/201 207/240/208
f 200/233/201 196/231/198 204/239/207
f 195/228/195 201/230/197 184/218/185
f 201/230/197 197/232/200 182/217/184
f 188/221/188 194/223/190 205/238/206
f 194/223/190 190/226/193 203/237/205
f 183/219/186 186/220/187 193/227/194
f 186/220/187 182/217/184 190/226/193
f 181/214/181 187/216/183 156/182/157
f 187/216/183 183/219/186 154/186/156
f 161/194/163 163/196/164 191/225/192
f 163/183/164 160/192/160 189/224/191
f 195/228/195 181/214/181 153/184/153
f 162/197/165 176/212/179 168/202/170
f 189/224/191 160/192/160 154/186/156
f 174/207/174 161/194/163 188/221/188
f 175/209/177 204/239/207 196/231/198
f 203/237/205 190/226/193 182/217/184
f 209/248/209 212/182/101 213/113/210
f 210/250/212 214/307/214 213/251/210
f 211/252/213 215/306/211 213/253/210
f 216/255/215 219/313/219 220/122/216
f 217/257/218 221/309/221 220/258/216
f 218/260/220 222/308/217 220/261/216
f 223/263/222 226/305/225 227/264/223
f 224/265/224 228/269/227 227/266/223
f 225/268/226 229/311/113 227/266/223
f 230/270/228 233/312/232 234/139/229
f 231/272/231 235/276/234 234/273/229
f 232/275/233 236/310/230 234/273/229
f 237/277/235 240/281/239 241/278/236
f 238/280/238 242/283/241 241/278/236
f 239/282/240 243/279/237 241/278/236
f 244/284/242 247/288/136 248/285/243
f 245/287/245 249/290/247 248/285/243
f 246/289/246 250/286/244 248/285/243
f 251/291/248 254/295/252 255/292/249
f 252/294/251 256/297/254 255/292/249
f 253/296/253 257/293/250 255/292/249
f 258/298/255 261/302/258 262/299/256
f 259/301/257 263/304/260 262/299/256
f 260/303/259 264/300/148 262/299/256
f 209/248/209 215/249/211 226/305/225
f 215/306/211 211/252/213 224/265/224
f 216/255/215 222/256/217 214/307/214
f 222/308/217 218/260/220 211/252/213
f 230/270/228 236/271/230 221/309/221
f 236/310/230 232/275/233 218/260/220
f 225/268/226 228/269/227 235/276/234
f 228/269/227 224/265/224 232/275/233
f 223/263/222 229/132/113 254/295/252
f 229/311/113 225/268/226 252/294/251
f 258/298/255 264/300/148 233/312/232
f 264/300/148 260/303/259 231/272/231
f 253/296/253 256/297/254 263/304/260
f 256/297/254 252/294/251 260/303/259
f 251/291/248 257/293/250 240/281/239
f 257/293/250 253/296/253 238/280/238
f 244/284/242 250/286/244 261/302/258
f 250/286/244 246/289/246 259/301/257
f 239/282/240 242/283/241 249/290/247
f 242/283/241 238/280/238 246/289/246
f 237/277/235 243/279/237 212/182/101
f 243/279/237 239/282/240 210/250/212
f 217/257/218 219/259/219 247/288/136
f 219/313/219 216/255/215 245/287/245
f 251/291/248 237/277/235 209/248/209
f 218/260/220 232/275/233 224/265/224
f 245/287/245 216/255/215 210/250/212
f 230/270/228 217/257/218 244/284/242
f 231/272/231 260/303/259 252/294/251
f 259/301/257 246/289/246 238/280/238
usemtl feet_satin_metal
f 265/314/261 266/314/262 330/314/263
f 265/314/261 330/314/263 329/314/264
f 266/314/262 267/314/265 331/314/266
f 266/314/262 331/314/266 330/314/263
f 267/314/265 268/314/267 332/314/268
f 267/314/265 332/314/268 331/314/266
f 268/314/267 269/314/269 333/314/270
f 268/314/267 333/314/270 332/314/268
f 269/314/269 270/314/271 334/314/272
f 269/314/269 334/314/272 333/314/270
f 270/314/271 271/314/273 335/314/274
f 270/314/271 335/314/274 334/314/272
f 271/314/273 272/314/275 336/314/276
f 271/314/273 336/314/276 335/314/274
f 272/314/275 273/314/277 337/314/278
f 272/314/275 337/314/278 336/314/276
f 273/314/277 274/314/279 338/314/280
f 273/314/277 338/314/280 337/314/278
f 274/314/279 275/314/281 339/314/282
f 274/314/279 339/314/282 338/314/280
f 275/314/281 276/314/283 340/314/284
f 275/314/281 340/314/284 339/314/282
f 276/314/283 277/314/285 341/314/286
f 276/314/283 341/314/286 340/314/284
f 277/314/285 278/314/287 342/314/288
f 277/314/285 342/314/288 341/314/286
f 278/314/287 279/314/289 343/314/290
f 278/314/287 343/314/290 342/314/288
f 279/314/289 280/314/291 344/314/292
f 279/314/289 344/314/292 343/314/290
f 280/314/291 281/314/293 345/314/294
f 280/314/291 345/314/294 344/314/292
f 281/314/293 282/314/295 346/314/296
f 281/314/293 346/314/296 345/314/294
f 282/314/295 283/314/297 347/314/298
f 282/314/295 347/314/298 346/314/296
f 283/314/297 284/314/299 348/314/300
f 283/314/297 348/314/300 347/314/298
f 284/314/299 285/314/301 349/314/302
f 284/314/299 349/314/302 348/314/300
f 285/314/301 286/314/303 350/314/304
f 285/314/301 350/314/304 349/314/302
f 286/314/303 287/314/305 351/314/306
f 286/314/303 351/314/306 350/314/304
f 287/314/305 288/314/307 352/314/308
f 287/314/305 352/314/308 351/314/306
f 288/314/307 289/314/309 353/314/310
f 288/314/307 353/314/310 352/314/308
f 289/314/309 290/314/311 354/314/312
f 289/314/309 354/314/312 353/314/310
f 290/314/311 291/314/313 355/314/314
f 290/314/311 355/314/314 354/314/312
f 291/314/313 292/314/315 356/314/316
f 291/314/313 356/314/316 355/314/314
f 292/314/315 293/314/317 357/314/318
f 292/314/315 357/314/318 356/314/316
f 293/314/317 294/314/319 358/314/320
f 293/314/317 358/314/320 357/314/318
f 294/314/319 295/314/321 359/314/322
f 294/314/319 359/314/322 358/314/320
f 295/314/321 296/314/323 360/314/324
f 295/314/321 360/314/324 359/314/322
f 296/314/323 297/314/325 361/314/326
f 296/314/323 361/314/326 360/314/324
f 297/314/325 298/314/327 362/314/328
f 297/314/325 362/314/328 361/314/326
f 298/314/327 299/314/329 363/314/330
f 298/314/327 363/314/330 362/314/328
f 299/314/329 300/314/331 364/314/332
f 299/314/329 364/314/332 363/314/330
f 300/314/331 301/314/333 365/314/334
f 300/314/331 365/314/334 364/314/332
f 301/314/333 302/314/335 366/314/336
f 301/314/333 366/314/336 365/314/334
f 302/314/335 303/314/337 367/314/338
f 302/314/335 367/314/338 366/314/336
f 303/314/337 304/314/339 368/314/340
f 303/314/337 368/314/340 367/314/338
f 304/314/339 305/314/341 369/314/342
f 304/314/339 369/314/342 368/314/340
f 305/314/341 306/314/343 370/314/344
f 305/314/341 370/314/344 369/314/342
f 306/314/343 307/314/345 371/314/346
f 306/314/343 371/314/346 370/314/344
f 307/314/345 308/314/347 372/314/348
f 307/314/345 372/314/348 371/314/346
f 308/314/347 309/314/349 373/314/350
f 308/314/347 373/314/350 372/314/348
f 309/314/349 310/314/351 374/314/352
f 309/314/349 374/314/352 373/314/350
f 310/314/351 311/314/353 375/314/354
f 310/314/351 375/314/354 374/314/352
f 311/314/353 312/314/355 376/314/356
f 311/314/353 376/314/356 375/314/354
f 312/314/355 313/314/357 377/314/358
f 312/314/355 377/314/358 376/314/356
f 313/314/357 314/314/359 378/314/360
f 313/314/357 378/314/360 377/314/358
f 314/314/359 315/314/361 379/314/362
f 314/314/359 379/314/362 378/314/360
f 315/314/361 316/314/363 380/314/364
f 315/314/361 380/314/364 379/314/362
f 316/314/363 317/314/365 381/314/366
f 316/314/363 381/314/366 380/314/364
f 317/314/365 318/314/367 382/314/368
f 317/314/365 382/314/368 381/314/366
f 318/314/367 319/314/369 383/314/370
f 318/314/367 383/314/370 382/314/368
f 319/314/369 320/314/371 384/314/372
f 319/314/369 384/314/372 383/314/370
f 320/314/371 321/314/373 385/314/374
f 320/314/371 385/314/374 384/314/372
f 321/314/373 322/314/375 386/314/376
f 321/314/373 386/314/376 385/314/374
f 322/314/375 323/314/377 387/314/378
f 322/314/375 387/314/378 386/314/376
f 323/314/377 324/314/379 388/314/380
f 323/314/377 388/314/380 387/314/378
f 324/314/379 325/314/381 389/314/382
f 324/314/379 389/314/382 388/314/380
f 325/314/381 326/314/383 390/314/384
f 325/314/381 390/314/384 389/314/382
f 326/314/383 327/314/385 391/314/386
f 326/314/383 391/314/386 390/314/384
f 327/314/385 328/314/387 392/314/388
f 327/314/385 392/314/388 391/314/386
f 328/314/387 265/314/261 329/314/264
f 328/314/387 329/314/264 392/314/388
f 329/314/264 330/314/263 394/314/389
f 329/314/264 394/314/389 393/314/390
f 330/314/263 331/314/266 395/314/391
f 330/314/263 395/314/391 394/314/389
f 331/314/266 332/314/268 396/314/392
f 331/314/266 396/314/392 395/314/391
f 332/314/268 333/314/270 397/314/393
f 332/314/268 397/314/393 396/314/392
f 333/314/270 334/314/272 398/314/394
f 333/314/270 398/314/394 397/314/393
f 334/314/272 335/314/274 399/314/395
f 334/314/272 399/314/395 398/314/394
f 335/314/274 336/314/276 400/314/396
f 335/314/274 400/314/396 399/314/395
f 336/314/276 337/314/278 401/314/397
f 336/314/276 401/314/397 400/314/396
f 337/314/278 338/314/280 402/314/398
f 337/314/278 402/314/398 401/314/397
f 338/314/280 339/314/282 403/314/399
f 338/314/280 403/314/399 402/314/398
f 339/314/282 340/314/284 404/314/400
f 339/314/282 404/314/400 403/314/399
f 340/314/284 341/314/286 405/314/401
f 340/314/284 405/314/401 404/314/400
f 341/314/286 342/314/288 406/314/402
f 341/314/286 406/314/402 405/314/401
f 342/314/288 343/314/290 407/314/403
f 342/314/288 407/314/403 406/314/402
f 343/314/290 344/314/292 408/314/404
f 343/314/290 408/314/404 407/314/403
f 344/314/292 345/314/294 409/314/405
f 344/314/292 409/314/405 408/314/404
f 345/314/294 346/314/296 410/314/406
f 345/314/294 410/314/406 409/314/405
f 346/314/296 347/314/298 411/314/407
f 346/314/296 411/314/407 410/314/406
f 347/314/298 348/314/300 412/314/408
f 347/314/298 412/314/408 411/314/407
f 348/314/300 349/314/302 413/314/409
f 348/314/300 413/314/409 412/314/408
f 349/314/302 350/314/304 414/314/410
f 349/314/302 414/314/410 413/314/409
f 350/314/304 351/314/306 415/314/411
f 350/314/304 415/314/411 414/314/410
f 351/314/306 352/314/308 416/314/412
f 351/314/306 416/314/412 415/314/411
f 352/314/308 353/314/310 417/314/413
f 352/314/308 417/314/413 416/314/412
f 353/314/310 354/314/312 418/314/414
f 353/314/310 418/314/414 417/314/413
f 354/314/312 355/314/314 419/314/415
f 354/314/312 419/314/415 418/314/414
f 355/314/314 356/314/316 420/314/416
f 355/314/314 420/314/416 419/314/415
f 356/314/316 357/314/318 421/314/417
f 356/314/316 421/314/417 420/314/416
f 357/314/318 358/314/320 422/314/418
f 357/314/318 422/314/418 421/314/417
f 358/314/320 359/314/322 423/314/419
f 358/314/320 423/314/419 422/314/418
f 359/314/322 360/314/324 424/314/420
f 359/314/322 424/314/420 423/314/419
f 360/314/324 361/314/326 425/314/421
f 360/314/324 425/314/421 424/314/420
f 361/314/326 362/314/328 426/314/422
f 361/314/326 426/314/422 425/314/421
f 362/314/328 363/314/330 427/314/423
f 362/314/328 427/314/423 426/314/422
f 363/314/330 364/314/332 428/314/424
f 363/314/330 428/314/424 427/314/423
f 364/314/332 365/314/334 429/314/425
f 364/314/332 429/314/425 428/314/424
f 365/314/334 366/314/336 430/314/426
f 365/314/334 430/314/426 429/314/425
f 366/314/336 367/314/338 431/314/427
f 366/314/336 431/314/427 430/314/426
f 367/314/338 368/314/340 432/314/428
f 367/314/338 432/314/428 431/314/427
f 368/314/340 369/314/342 433/314/429
f 368/314/340 433/314/429 432/314/428
f 369/314/342 370/314/344 434/314/430
f 369/314/342 434/314/430 433/314/429
f 370/314/344 371/314/346 435/314/431
f 370/314/344 435/314/431 434/314/430
f 371/314/346 372/314/348 436/314/432
f 371/314/346 436/314/432 435/314/431
f 372/314/348 373/314/350 437/314/433
f 372/314/348 437/314/433 436/314/432
f 373/314/350 374/314/352 438/314/434
f 373/314/350 438/314/434 437/314/433
f 374/314/352 375/314/354 439/314/435
f 374/314/352 439/314/435 438/314/434
f 375/314/354 376/314/356 440/314/436
f 375/314/354 440/314/436 439/314/435
f 376/314/356 377/314/358 441/314/437
f 376/314/356 441/314/437 440/314/436
f 377/314/358 378/314/360 442/314/438
f 377/314/358 442/314/438 441/314/437
f 378/314/360 379/314/362 443/314/439
f 378/314/360 443/314/439 442/314/438
f 379/314/362 380/314/364 444/314/440
f 379/314/362 444/314/440 443/314/439
f 380/314/364 381/314/366 445/314/441
f 380/314/364 445/314/441 444/314/440
f 381/314/366 382/314/368 446/314/442
f 381/314/366 446/314/442 445/314/441
f 382/314/368 383/314/370 447/314/443
f 382/314/368 447/314/443 446/314/442
f 383/314/370 384/314/372 448/314/444
f 383/314/370 448/314/444 447/314/443
f 384/314/372 385/314/374 449/314/445
f 384/314/372 449/314/445 448/314/444
f 385/314/374 386/314/376 450/314/446
f 385/314/374 450/314/446 449/314/445
f 386/314/376 387/314/378 451/314/447
f 386/314/376 451/314/447 450/314/446
f 387/314/378 388/314/380 452/314/448
f 387/314/378 452/314/448 451/314/447
f 388/314/380 389/314/382 453/314/449
f 388/314/380 453/314/449 452/314/448
f 389/314/382 390/314/384 454/314/450
f 389/314/382 454/314/450 453/314/449
f 390/314/384 391/314/386 455/314/451
f 390/314/384 455/314/451 454/314/450
f 391/314/386 392/314/388 456/314/452
f 391/314/386 456/314/452 455/314/451
f 392/314/388 329/314/264 393/314/390
f 392/314/388 393/314/390 456/314/452
f 393/314/390 394/314/389 458/314/453
f 393/314/390 458/314/453 457/314/454
f 394/314/389 395/314/391 459/314/455
f 394/314/389 459/314/455 458/314/453
f 395/314/391 396/314/392 460/314/456
f 395/314/391 460/314/456 459/314/455
f 396/314/392 397/314/393 461/314/457
f 396/314/392 461/314/457 460/314/456
f 397/314/393 398/314/394 462/314/458
f 397/314/393 462/314/458 461/314/457
f 398/314/394 399/314/395 463/314/459
f 398/314/394 463/314/459 462/314/458
f 399/314/395 400/314/396 464/314/460
f 399/314/395 464/314/460 463/314/459
f 400/314/396 401/314/397 465/314/461
f 400/314/396 465/314/461 464/314/460
f 401/314/397 402/314/398 466/314/462
f 401/314/397 466/314/462 465/314/461
f 402/314/398 403/314/399 467/314/463
f 402/314/398 467/314/463 466/314/462
f 403/314/399 404/314/400 468/314/464
f 403/314/399 468/314/464 467/314/463
f 404/314/400 405/314/401 469/314/465
f 404/314/400 469/314/465 468/314/464
f 405/314/401 406/314/402 470/314/466
f 405/314/401 470/314/466 469/314/465
f 406/314/402 407/314/403 471/314/467
f 406/314/402 471/314/467 470/314/466
f 407/314/403 408/314/404 472/314/468
f 407/314/403 472/314/468 471/314/467
f 408/314/404 409/314/405 473/314/469
f 408/314/404 473/314/469 472/314/468
f 409/314/405 410/314/406 474/314/470
f 409/314/405 474/314/470 473/314/469
f 410/314/406 411/314/407 475/314/471
f 410/314/406 475/314/471 474/314/470
f 411/314/407 412/314/408 476/314/472
f 411/314/407 476/314/472 475/314/471
f 412/314/408 413/314/409 477/314/473
f 412/314/408 477/314/473 476/314/472
f 413/314/409 414/314/410 478/314/474
f 413/314/409 478/314/474 477/314/473
f 414/314/410 415/314/411 479/314/475
f 414/314/410 479/314/475 478/314/474
f 415/314/411 416/314/412 480/314/476
f 415/314/411 480/314/476 479/314/475
f 416/314/412 417/314/413 481/314/477
f 416/314/412 481/314/477 480/314/476
f 417/314/413 418/314/414 482/314/478
f 417/314/413 482/314/478 481/314/477
f 418/314/414 419/314/415 483/314/479
f 418/314/414 483/314/479 482/314/478
f 419/314/415 420/314/416 484/314/480
f 419/314/415 484/314/480 483/314/479
f 420/314/416 421/314/417 485/314/481
f 420/314/416 485/314/481 484/314/480
f 421/314/417 422/314/418 486/314/482
f 421/314/417 486/314/482 485/314/481
f 422/314/418 423/314/419 487/314/483
f 422/314/418 487/314/483 486/314/482
f 423/314/419 424/314/420 488/314/484
f 423/314/419 488/314/484 487/314/483
f 424/314/420 425/314/421 489/314/485
f 424/314/420 489/314/485 488/314/484
f 425/314/421 426/314/422 490/314/486
f 425/314/421 490/314/486 489/314/485
f 426/314/422 427/314/423 491/314/487
f 426/314/422 491/314/487 490/314/486
f 427/314/423 428/314/424 492/314/488
f 427/314/423 492/314/488 491/314/487
f 428/314/424 429/314/425 493/314/489
f 428/314/424 493/314/489 492/314/488
f 429/314/425 430/314/426 494/314/490
f 429/314/425 494/314/490 493/314/489
f 430/314/426 431/314/427 495/314/491
f 430/314/426 495/314/491 494/314/490
f 431/314/427 432/314/428 496/314/492
f 431/314/427 496/314/492 495/314/491
f 432/314/428 433/314/429 497/314/493
f 432/314/428 497/314/493 496/314/492
f 433/314/429 434/314/430 498/314/494
f 433/314/429 498/314/494 497/314/493
f 434/314/430 435/314/431 499/314/495
f 434/314/430 499/314/495 498/314/494
f 435/314/431 436/314/432 500/314/496
f 435/314/431 500/314/496 499/314/495
f 436/314/432 437/314/433 501/314/497
f 436/314/432 501/314/497 500/314/496
f 437/314/433 438/314/434 502/314/498
f 437/314/433 502/314/498 501/314/497
f 438/314/434 439/314/435 503/314/499
f 438/314/434 503/314/499 502/314/498
f 439/314/435 440/314/436 504/314/500
f 439/314/435 504/314/500 503/314/499
f 440/314/436 441/314/437 505/314/501
f 440/314/436 505/314/501 504/314/500
f 441/314/437 442/314/438 506/314/502
f 441/314/437 506/314/502 505/314/501
f 442/314/438 443/314/439 507/314/503
f 442/314/438 507/314/503 506/314/502
f 443/314/439 444/314/440 508/314/504
f 443/314/439 508/314/504 507/314/503
f 444/314/440 445/314/441 509/314/505
f 444/314/440 509/314/505 508/314/504
f 445/314/441 446/314/442 510/314/506
f 445/314/441 510/314/506 509/314/505
f 446/314/442 447/314/443 511/314/507
f 446/314/442 511/314/507 510/314/506
f 447/314/443 448/314/444 512/314/508
f 447/314/443 512/314/508 511/314/507
f 448/314/444 449/314/445 513/314/509
f 448/314/444 513/314/509 512/314/508
f 449/314/445 450/314/446 514/314/510
f 449/314/445 514/314/510 513/314/509
f 450/314/446 451/314/447 515/314/511
f 450/314/446 515/314/511 514/314/510
f 451/314/447 452/314/448 516/314/512
f 451/314/447 516/314/512 515/314/511
f 452/314/448 453/314/449 517/314/513
f 452/314/448 517/314/513 516/314/512
f 453/314/449 454/314/450 518/314/514
f 453/314/449 518/314/514 517/314/513
f 454/314/450 455/314/451 519/314/515
f 454/314/450 519/314/515 518/314/514
f 455/314/451 456/314/452 520/314/516
f 455/314/451 520/314/516 519/314/515
f 456/314/452 393/314/390 457/314/454
f 456/314/452 457/314/454 520/314/516
f 457/314/454 458/314/453 521/314/517
f 522/314/518 266/314/262 265/314/261
f 458/314/453 459/314/455 521/314/517
f 522/314/518 267/314/265 266/314/262
f 459/314/455 460/314/456 521/314/517
f 522/314/518 268/314/267 267/314/265
f 460/314/456 461/314/457 521/314/517
f 522/314/518 269/314/269 268/314/267
f 461/314/457 462/314/458 521/314/517
f 522/314/518 270/314/271 269/314/269
f 462/314/458 463/314/459 521/314/517
f 522/314/518 271/314/273 270/314/271
f 463/314/459 464/314/460 521/314/517
f 522/314/518 272/314/275 271/314/273
f 464/314/460 465/314/461 521/314/517
f 522/314/518 273/314/277 272/314/275
f 465/314/461 466/314/462 521/314/517
f 522/314/518 274/314/279 273/314/277
f 466/314/462 467/314/463 521/314/517
f 522/314/518 275/314/281 274/314/279
f 467/314/463 468/314/464 521/314/517
f 522/314/518 276/314/283 275/314/281
f 468/314/464 469/314/465 521/314/517
f 522/314/518 277/314/285 276/314/283
f 469/314/465 470/314/466 521/314/517
f 522/314/518 278/314/287 277/314/285
f 470/314/466 471/314/467 521/314/517
f 522/314/518 279/314/289 278/314/287
f 471/314/467 472/314/468 521/314/517
f 522/314/518 280/314/291 279/314/289
f 472/314/468 473/314/469 521/314/517
f 522/314/518 281/314/293 280/314/291
f 473/314/469 474/314/470 521/314/517
f 522/314/518 282/314/295 281/314/293
f 474/314/470 475/314/471 521/314/517
f 522/314/518 283/314/297 282/314/295
f 475/314/471 476/314/472 521/314/517
f 522/314/518 284/314/299 283/314/297
f 476/314/472 477/314/473 521/314/517
f 522/314/518 285/314/301 284/314/299
f 477/314/473 478/314/474 521/314/517
f 522/314/518 286/314/303 285/314/301
f 478/314/474 479/314/475 521/314/517
f 522/314/518 287/314/305 286/314/303
f 479/314/475 480/314/476 521/314/517
f 522/314/518 288/314/307 287/314/305
f 480/314/476 481/314/477 521/314/517
f 522/314/518 289/314/309 288/314/307
f 481/314/477 482/314/478 521/314/517
f 522/314/518 290/314/311 289/314/309
f 482/314/478 483/314/479 521/314/517
f 522/314/518 291/314/313 290/314/311
f 483/314/479 484/314/480 521/314/517
f 522/314/518 292/314/315 291/314/313
f 484/314/480 485/314/481 521/314/517
f 522/314/518 293/314/317 292/314/315
f 485/314/481 486/314/482 521/314/517
f 522/314/518 294/314/319 293/314/317
f 486/314/482 487/314/483 521/314/517
f 522/314/518 295/314/321 294/314/319
f 487/314/483 488/314/484 521/314/517
f 522/314/518 296/314/323 295/314/321
f 488/314/484 489/314/485 521/314/517
f 522/314/518 297/314/325 296/314/323
f 489/314/485 490/314/486 521/314/517
f 522/314/518 298/314/327 297/314/325
f 490/314/486 491/314/487 521/314/517
f 522/314/518 299/314/329 298/314/327
f 491/314/487 492/314/488 521/314/517
f 522/314/518 300/314/331 299/314/329
f 492/314/488 493/314/489 521/314/517
f 522/314/518 301/314/333 300/314/331
f 493/314/489 494/314/490 521/314/517
f 522/314/518 302/314/335 301/314/333
f 494/314/490 495/314/491 521/314/517
f 522/314/518 303/314/337 302/314/335
f 495/314/491 496/314/492 521/314/517
f 522/314/518 304/314/339 303/314/337
f 496/314/492 497/314/493 521/314/517
f 522/314/518 305/314/341 304/314/339
f 497/314/493 498/314/494 521/314/517
f 522/314/518 306/314/343 305/314/341
f 498/314/494 499/314/495 521/314/517
f 522/314/518 307/314/345 306/314/343
f 499/314/495 500/314/496 521/314/517
f 522/314/518 308/314/347 307/314/345
f 500/314/496 501/314/497 521/314/517
f 522/314/518 309/314/349 308/314/347
f 501/314/497 502/314/498 521/314/517
f 522/314/518 310/314/351 309/314/349
f 502/314/498 503/314/499 521/314/517
f 522/314/518 311/314/353 310/314/351
f 503/314/499 504/314/500 521/314/517
f 522/314/518 312/314/355 311/314/353
f 504/314/500 505/314/501 521/314/517
f 522/314/518 313/314/357 312/314/355
f 505/314/501 506/314/502 521/314/517
f 522/314/518 314/314/359 313/314/357
f 506/314/502 507/314/503 521/314/517
f 522/314/518 315/314/361 314/314/359
f 507/314/503 508/314/504 521/314/517
f 522/314/518 316/314/363 315/314/361
f 508/314/504 509/314/505 521/314/517
f 522/314/518 317/314/365 316/314/363
f 509/314/505 510/314/506 521/314/517
f 522/314/518 318/314/367 317/314/365
f 510/314/506 511/314/507 521/314/517
f 522/314/518 319/314/369 318/314/367
f 511/314/507 512/314/508 521/314/517
f 522/314/518 320/314/371 319/314/369
f 512/314/508 513/314/509 521/314/517
f 522/314/518 321/314/373 320/314/371
f 513/314/509 514/314/510 521/314/517
f 522/314/518 322/314/375 321/314/373
f 514/314/510 515/314/511 521/314/517
f 522/314/518 323/314/377 322/314/375
f 515/314/511 516/314/512 521/314/517
f 522/314/518 324/314/379 323/314/377
f 516/314/512 517/314/513 521/314/517
f 522/314/518 325/314/381 324/314/379
f 517/314/513 518/314/514 521/314/517
f 522/314/518 326/314/383 325/314/381
f 518/314/514 519/314/515 521/314/517
f 522/314/518 327/314/385 326/314/383
f 519/314/515 520/314/516 521/314/517
f 522/314/518 328/314/387 327/314/385
f 520/314/516 457/314/454 521/314/517
f 522/314/518 265/314/261 328/314/387
f 523/314/261 524/314/262 588/314/263
f 523/314/261 588/314/263 587/314/264
f 524/314/262 525/314/265 589/314/266
f 524/314/262 589/314/266 588/314/263
f 525/314/265 526/314/267 590/314/268
f 525/314/265 590/314/268 589/314/266
f 526/314/267 527/314/269 591/314/270
f 526/314/267 591/314/270 590/314/268
f 527/314/269 528/314/271 592/314/272
f 527/314/269 592/314/272 591/314/270
f 528/314/271 529/314/273 593/314/274
f 528/314/271 593/314/274 592/314/272
f 529/314/273 530/314/275 594/314/276
f 529/314/273 594/314/276 593/314/274
f 530/314/275 531/314/277 595/314/278
f 530/314/275 595/314/278 594/314/276
f 531/314/277 532/314/279 596/314/280
f 531/314/277 596/314/280 595/314/278
f 532/314/279 533/314/281 597/314/282
f 532/314/279 597/314/282 596/314/280
f 533/314/281 534/314/283 598/314/284
f 533/314/281 598/314/284 597/314/282
f 534/314/283 535/314/285 599/314/286
f 534/314/283 599/314/286 598/314/284
f 535/314/285 536/314/287 600/314/288
f 535/314/285 600/314/288 599/314/286
f 536/314/287 537/314/289 601/314/290
f 536/314/287 601/314/290 600/314/288
f 537/314/289 538/314/291 602/314/292
f 537/314/289 602/314/292 601/314/290
f 538/314/291 539/314/293 603/314/294
f 538/314/291 603/314/294 602/314/292
f 539/314/293 540/314/295 604/314/296
f 539/314/293 604/314/296 603/314/294
f 540/314/295 541/314/297 605/314/298
f 540/314/295 605/314/298 604/314/296
f 541/314/297 542/314/299 606/314/300
f 541/314/297 606/314/300 605/314/298
f 542/314/299 543/314/301 607/314/302
f 542/314/299 607/314/302 606/314/300
f 543/314/301 544/314/303 608/314/304
f 543/314/301 608/314/304 607/314/302
f 544/314/303 545/314/305 609/314/306
f 544/314/303 609/314/306 608/314/304
f 545/314/305 546/314/307 610/314/308
f 545/314/305 610/314/308 609/314/306
f 546/314/307 547/314/309 611/314/310
f 546/314/307 611/314/310 610/314/308
f 547/314/309 548/314/311 612/314/312
f 547/314/309 612/314/312 611/314/310
f 548/314/311 549/314/313 613/314/314
f 548/314/311 613/314/314 612/314/312
f 549/314/313 550/314/315 614/314/316
f 549/314/313 614/314/316 613/314/314
f 550/314/315 551/314/317 615/314/318
f 550/314/315 615/314/318 614/314/316
f 551/314/317 552/314/319 616/314/320
f 551/314/317 616/314/320 615/314/318
f 552/314/319 553/314/321 617/314/322
f 552/314/319 617/314/322 616/314/320
f 553/314/321 554/314/323 618/314/324
f 553/314/321 618/314/324 617/314/322
f 554/314/323 555/314/325 619/314/326
f 554/314/323 619/314/326 618/314/324
f 555/314/325 556/314/327 620/314/328
f 555/314/325 620/314/328 619/314/326
f 556/314/327 557/314/329 621/314/330
f 556/314/327 621/314/330 620/314/328
f 557/314/329 558/314/331 622/314/332
f 557/314/329 622/314/332 621/314/330
f 558/314/331 559/314/333 623/314/334
f 558/314/331 623/314/334 622/314/332
f 559/314/333 560/314/335 624/314/336
f 559/314/333 624/314/336 623/314/334
f 560/314/335 561/314/337 625/314/338
f 560/314/335 625/314/338 624/314/336
f 561/314/337 562/314/339 626/314/340
f 561/314/337 626/314/340 625/314/338
f 562/314/339 563/314/341 627/314/342
f 562/314/339 627/314/342 626/314/340
f 563/314/341 564/314/343 628/314/344
f 563/314/341 628/314/344 627/314/342
f 564/314/343 565/314/345 629/314/346
f 564/314/343 629/314/346 628/314/344
f 565/314/345 566/314/347 630/314/348
f 565/314/345 630/314/348 629/314/346
f 566/314/347 567/314/349 631/314/350
f 566/314/347 631/314/350 630/314/348
f 567/314/349 568/314/351 632/314/352
f 567/314/349 632/314/352 631/314/350
f 568/314/351 569/314/353 633/314/354
f 568/314/351 633/314/354 632/314/352
f 569/314/353 570/314/355 634/314/356
f 569/314/353 634/314/356 633/314/354
f 570/314/355 571/314/357 635/314/358
f 570/314/355 635/314/358 634/314/356
f 571/314/357 572/314/359 636/314/360
f 571/314/357 636/314/360 635/314/358
f 572/314/359 573/314/361 637/314/362
f 572/314/359 637/314/362 636/314/360
f 573/314/361 574/314/363 638/314/364
f 573/314/361 638/314/364 637/314/362
f 574/314/363 575/314/365 639/314/366
f 574/314/363 639/314/366 638/314/364
f 575/314/365 576/314/367 640/314/368
f 575/314/365 640/314/368 639/314/366
f 576/314/367 577/314/369 641/314/370
f 576/314/367 641/314/370 640/314/368
f 577/314/369 578/314/371 642/314/372
f 577/314/369 642/314/372 641/314/370
f 578/314/371 579/314/373 643/314/374
f 578/314/371 643/314/374 642/314/372
f 579/314/373 580/314/375 644/314/376
f 579/314/373 644/314/376 643/314/374
f 580/314/375 581/314/377 645/314/378
f 580/314/375 645/314/378 644/314/376
f 581/314/377 582/314/379 646/314/380
f 581/314/377 646/314/380 645/314/378
f 582/314/379 583/314/381 647/314/382
f 582/314/379 647/314/382 646/314/380
f 583/314/381 584/314/383 648/314/384
f 583/314/381 648/314/384 647/314/382
f 584/314/383 585/314/385 649/314/386
f 584/314/383 649/314/386 648/314/384
f 585/314/385 586/314/387 650/314/388
f 585/314/385 650/314/388 649/314/386
f 586/314/387 523/314/261 587/314/264
f 586/314/387 587/314/264 650/314/388
f 587/314/264 588/314/263 652/314/389
f 587/314/264 652/314/389 651/314/390
f 588/314/263 589/314/266 653/314/391
f 588/314/263 653/314/391 652/314/389
f 589/314/266 590/314/268 654/314/392
f 589/314/266 654/314/392 653/314/391
f 590/314/268 591/314/270 655/314/393
f 590/314/268 655/314/393 654/314/392
f 591/314/270 592/314/272 656/314/394
f 591/314/270 656/314/394 655/314/393
f 592/314/272 593/314/274 657/314/395
f 592/314/272 657/314/395 656/314/394
f 593/314/274 594/314/276 658/314/396
f 593/314/274 658/314/396 657/314/395
f 594/314/276 595/314/278 659/314/397
f 594/314/276 659/314/397 658/314/396
f 595/314/278 596/314/280 660/314/398
f 595/314/278 660/314/398 659/314/397
f 596/314/280 597/314/282 661/314/399
f 596/314/280 661/314/399 660/314/398
f 597/314/282 598/314/284 662/314/400
f 597/314/282 662/314/400 661/314/399
f 598/314/284 599/314/286 663/314/401
f 598/314/284 663/314/401 662/314/400
f 599/314/286 600/314/288 664/314/402
f 599/314/286 664/314/402 663/314/401
f 600/314/288 601/314/290 665/314/403
f 600/314/288 665/314/403 664/314/402
f 601/314/290 602/314/292 666/314/404
f 601/314/290 666/314/404 665/314/403
f 602/314/292 603/314/294 667/314/405
f 602/314/292 667/314/405 666/314/404
f 603/314/294 604/314/296 668/314/406
f 603/314/294 668/314/406 667/314/405
f 604/314/296 605/314/298 669/314/407
f 604/314/296 669/314/407 668/314/406
f 605/314/298 606/314/300 670/314/408
f 605/314/298 670/314/408 669/314/407
f 606/314/300 607/314/302 671/314/409
f 606/314/300 671/314/409 670/314/408
f 607/314/302 608/314/304 672/314/410
f 607/314/302 672/314/410 671/314/409
f 608/314/304 609/314/306 673/314/411
f 608/314/304 673/314/411 672/314/410
f 609/314/306 610/314/308 674/314/412
f 609/314/306 674/314/412 673/314/411
f 610/314/308 611/314/310 675/314/413
f 610/314/308 675/314/413 674/314/412
f 611/314/310 612/314/312 676/314/414
f 611/314/310 676/314/414 675/314/413
f 612/314/312 613/314/314 677/314/415
f 612/314/312 677/314/415 676/314/414
f 613/314/314 614/314/316 678/314/416
f 613/314/314 678/314/416 677/314/415
f 614/314/316 615/314/318 679/314/417
f 614/314/316 679/314/417 678/314/416
f 615/314/318 616/314/320 680/314/418
f 615/314/318 680/314/418 679/314/417
f 616/314/320 617/314/322 681/314/419
f 616/314/320 681/314/419 680/314/418
f 617/314/322 618/314/324 682/314/420
f 617/314/322 682/314/420 681/314/419
f 618/314/324 619/314/326 683/314/421
f 618/314/324 683/314/421 682/314/420
f 619/314/326 620/314/328 684/314/422
f 619/314/326 684/314/422 683/314/421
f 620/314/328 621/314/330 685/314/423
f 620/314/328 685/314/423 684/314/422
f 621/314/330 622/314/332 686/314/424
f 621/314/330 686/314/424 685/314/423
f 622/314/332 623/314/334 687/314/425
f 622/314/332 687/314/425 686/314/424
f 623/314/334 624/314/336 688/314/426
f 623/314/334 688/314/426 687/314/425
f 624/314/336 625/314/338 689/314/427
f 624/314/336 689/314/427 688/314/426
f 625/314/338 626/314/340 690/314/428
f 625/314/338 690/314/428 689/314/427
f 626/314/340 627/314/342 691/314/429
f 626/314/340 691/314/429 690/314/428
f 627/314/342 628/314/344 692/314/430
f 627/314/342 692/314/430 691/314/429
f 628/314/344 629/314/346 693/314/431
f 628/314/344 693/314/431 692/314/430
f 629/314/346 630/314/348 694/314/432
f 629/314/346 694/314/432 693/314/431
f 630/314/348 631/314/350 695/314/433
f 630/314/348 695/314/433 694/314/432
f 631/314/350 632/314/352 696/314/434
f 631/314/350 696/314/434 695/314/433
f 632/314/352 633/314/354 697/314/435
f 632/314/352 697/314/435 696/314/434
f 633/314/354 634/314/356 698/314/436
f 633/314/354 698/314/436 697/314/435
f 634/314/356 635/314/358 699/314/437
f 634/314/356 699/314/437 698/314/436
f 635/314/358 636/314/360 700/314/438
f 635/314/358 700/314/438 699/314/437
f 636/314/360 637/314/362 701/314/439
f 636/314/360 701/314/439 700/314/438
f 637/314/362 638/314/364 702/314/440
f 637/314/362 702/314/440 701/314/439
f 638/314/364 639/314/366 703/314/441
f 638/314/364 703/314/441 702/314/440
f 639/314/366 640/314/368 704/314/442
f 639/314/366 704/314/442 703/314/441
f 640/314/368 641/314/370 705/314/443
f 640/314/368 705/314/443 704/314/442
f 641/314/370 642/314/372 706/314/444
f 641/314/370 706/314/444 705/314/443
f 642/314/372 643/314/374 707/314/445
f 642/314/372 707/314/445 706/314/444
f 643/314/374 644/314/376 708/314/446
f 643/314/374 708/314/446 707/314/445
f 644/314/376 645/314/378 709/314/447
f 644/314/376 709/314/447 708/314/446
f 645/314/378 646/314/380 710/314/448
f 645/314/378 710/314/448 709/314/447
f 646/314/380 647/314/382 711/314/449
f 646/314/380 711/314/449 710/314/448
f 647/314/382 648/314/384 712/314/450
f 647/314/382 712/314/450 711/314/449
f 648/314/384 649/314/386 713/314/451
f 648/314/384 713/314/451 712/314/450
f 649/314/386 650/314/388 714/314/452
f 649/314/386 714/314/452 713/314/451
f 650/314/388 587/314/264 651/314/390
f 650/314/388 651/314/390 714/314/452
f 651/314/390 652/314/389 716/314/453
f 651/314/390 716/314/453 715/314/454
f 652/314/389 653/314/391 717/314/455
f 652/314/389 717/314/455 716/314/453
f 653/314/391 654/314/392 718/314/456
f 653/314/391 718/314/456 717/314/455
f 654/314/392 655/314/393 719/314/457
f 654/314/392 719/314/457 718/314/456
f 655/314/393 656/314/394 720/314/458
f 655/314/393 720/314/458 719/314/457
f 656/314/394 657/314/395 721/314/459
f 656/314/394 721/314/459 720/314/458
f 657/314/395 658/314/396 722/314/460
f 657/314/395 722/314/460 721/314/459
f 658/314/396 659/314/397 723/314/461
f 658/314/396 723/314/461 722/314/460
f 659/314/397 660/314/398 724/314/462
f 659/314/397 724/314/462 723/314/461
f 660/314/398 661/314/399 725/314/463
f 660/314/398 725/314/463 724/314/462
f 661/314/399 662/314/400 726/314/464
f 661/314/399 726/314/464 725/314/463
f 662/314/400 663/314/401 727/314/465
f 662/314/400 727/314/465 726/314/464
f 663/314/401 664/314/402 728/314/466
f 663/314/401 728/314/466 727/314/465
f 664/314/402 665/314/403 729/314/467
f 664/314/402 729/314/467 728/314/466
f 665/314/403 666/314/404 730/314/468
f 665/314/403 730/314/468 729/314/467
f 666/314/404 667/314/405 731/314/469
f 666/314/404 731/314/469 730/314/468
f 667/314/405 668/314/406 732/314/470
f 667/314/405 732/314/470 731/314/469
f 668/314/406 669/314/407 733/314/471
f 668/314/406 733/314/471 732/314/470
f 669/314/407 670/314/408 734/314/472
f 669/314/407 734/314/472 733/314/471
f 670/314/408 671/314/409 735/314/473
f 670/314/408 735/314/473 734/314/472
f 671/314/409 672/314/410 736/314/474
f 671/314/409 736/314/474 735/314/473
f 672/314/410 673/314/411 737/314/475
f 672/314/410 737/314/475 736/314/474
f 673/314/411 674/314/412 738/314/476
f 673/314/411 738/314/476 737/314/475
f 674/314/412 675/314/413 739/314/477
f 674/314/412 739/314/477 738/314/476
f 675/314/413 676/314/414 740/314/478
f 675/314/413 740/314/478 739/314/477
f 676/314/414 677/314/415 741/314/479
f 676/314/414 741/314/479 740/314/478
f 677/314/415 678/314/416 742/314/480
f 677/314/415 742/314/480 741/314/479
f 678/314/416 679/314/417 743/314/481
f 678/314/416 743/314/481 742/314/480
f 679/314/417 680/314/418 744/314/482
f 679/314/417 744/314/482 743/314/481
f 680/314/418 681/314/419 745/314/483
f 680/314/418 745/314/483 744/314/482
f 681/314/419 682/314/420 746/314/484
f 681/314/419 746/314/484 745/314/483
f 682/314/420 683/314/421 747/314/485
f 682/314/420 747/314/485 746/314/484
f 683/314/421 684/314/422 748/314/486
f 683/314/421 748/314/486 747/314/485
f 684/314/422 685/314/423 749/314/487
f 684/314/422 749/314/487 748/314/486
f 685/314/423 686/314/424 750/314/488
f 685/314/423 750/314/488 749/314/487
f 686/314/424 687/314/425 751/314/489
f 686/314/424 751/314/489 750/314/488
f 687/314/425 688/314/426 752/314/490
f 687/314/425 752/314/490 751/314/489
f 688/314/426 689/314/427 753/314/491
f 688/314/426 753/314/491 752/314/490
f 689/314/427 690/314/428 754/314/492
f 689/314/427 754/314/492 753/314/491
f 690/314/428 691/314/429 755/314/493
f 690/314/428 755/314/493 754/314/492
f 691/314/429 692/314/430 756/314/494
f 691/314/429 756/314/494 755/314/493
f 692/314/430 693/314/431 757/314/495
f 692/314/430 757/314/495 756/314/494
f 693/314/431 694/314/432 758/314/496
f 693/314/431 758/314/496 757/314/495
f 694/314/432 695/314/433 759/314/497
f 694/314/432 759/314/497 758/314/496
f 695/314/433 696/314/434 760/314/498
f 695/314/433 760/314/498 759/314/497
f 696/314/434 697/314/435 761/314/499
f 696/314/434 761/314/499 760/314/498
f 697/314/435 698/314/436 762/314/500
f 697/314/435 762/314/500 761/314/499
f 698/314/436 699/314/437 763/314/501
f 698/314/436 763/314/501 762/314/500
f 699/314/437 700/314/438 764/314/502
f 699/314/437 764/314/502 763/314/501
f 700/314/438 701/314/439 765/314/503
f 700/314/438 765/314/503 764/314/502
f 701/314/439 702/314/440 766/314/504
f 701/314/439 766/314/504 765/314/503
f 702/314/440 703/314/441 767/314/505
f 702/314/440 767/314/505 766/314/504
f 703/314/441 704/314/442 768/314/506
f 703/314/441 768/314/506 767/314/505
f 704/314/442 705/314/443 769/314/507
f 704/314/442 769/314/507 768/314/506
f 705/314/443 706/314/444 770/314/508
f 705/314/443 770/314/508 769/314/507
f 706/314/444 707/314/445 771/314/509
f 706/314/444 771/314/509 770/314/508
f 707/314/445 708/314/446 772/314/510
f 707/314/445 772/314/510 771/314/509
f 708/314/446 709/314/447 773/314/511
f 708/314/446 773/314/511 772/314/510
f 709/314/447 710/314/448 774/314/512
f 709/314/447 774/314/512 773/314/511
f 710/314/448 711/314/449 775/314/513
f 710/314/448 775/314/513 774/314/512
f 711/314/449 712/314/450 776/314/514
f 711/314/449 776/314/514 775/314/513
f 712/314/450 713/314/451 777/314/515
f 712/314/450 777/314/515 776/314/514
f 713/314/451 714/314/452 778/314/516
f 713/314/451 778/314/516 777/314/515
f 714/314/452 651/314/390 715/314/454
f 714/314/452 715/314/454 778/314/516
f 715/314/454 716/314/453 779/314/517
f 780/314/518 524/314/262 523/314/261
f 716/314/453 717/314/455 779/314/517
f 780/314/518 525/314/265 524/314/262
f 717/314/455 718/314/456 779/314/517
f 780/314/518 526/314/267 525/314/265
f 718/314/456 719/314/457 779/314/517
f 780/314/518 527/314/269 526/314/267
f 719/314/457 720/314/458 779/314/517
f 780/314/518 528/314/271 527/314/269
f 720/314/458 721/314/459 779/314/517
f 780/314/518 529/314/273 528/314/271
f 721/314/459 722/314/460 779/314/517
f 780/314/518 530/314/275 529/314/273
f 722/314/460 723/314/461 779/314/517
f 780/314/518 531/314/277 530/314/275
f 723/314/461 724/314/462 779/314/517
f 780/314/518 532/314/279 531/314/277
f 724/314/462 725/314/463 779/314/517
f 780/314/518 533/314/281 532/314/279
f 725/314/463 726/314/464 779/314/517
f 780/314/518 534/314/283 533/314/281
f 726/314/464 727/314/465 779/314/517
f 780/314/518 535/314/285 534/314/283
f 727/314/465 728/314/466 779/314/517
f 780/314/518 536/314/287 535/314/285
f 728/314/466 729/314/467 779/314/517
f 780/314/518 537/314/289 536/314/287
f 729/314/467 730/314/468 779/314/517
f 780/314/518 538/314/291 537/314/289
f 730/314/468 731/314/469 779/314/517
f 780/314/518 539/314/293 538/314/291
f 731/314/469 732/314/470 779/314/517
f 780/314/518 540/314/295 539/314/293
f 732/314/470 733/314/471 779/314/517
f 780/314/518 541/314/297 540/314/295
f 733/314/471 734/314/472 779/314/517
f 780/314/518 542/314/299 541/314/297
f 734/314/472 735/314/473 779/314/517
f 780/314/518 543/314/301 542/314/299
f 735/314/473 736/314/474 779/314/517
f 780/314/518 544/314/303 543/314/301
f 736/314/474 737/314/475 779/314/517
f 780/314/518 545/314/305 544/314/303
f 737/314/475 738/314/476 779/314/517
f 780/314/518 546/314/307 545/314/305
f 738/314/476 739/314/477 779/314/517
f 780/314/518 547/314/309 546/314/307
f 739/314/477 740/314/478 779/314/517
f 780/314/518 548/314/311 547/314/309
f 740/314/478 741/314/479 779/314/517
f 780/314/518 549/314/313 548/314/311
f 741/314/479 742/314/480 779/314/517
f 780/314/518 550/314/315 549/314/313
f 742/314/480 743/314/481 779/314/517
f 780/314/518 551/314/317 550/314/315
f 743/314/481 744/314/482 779/314/517
f 780/314/518 552/314/319 551/314/317
f 744/314/482 745/314/483 779/314/517
f 780/314/518 553/314/321 552/314/319
f 745/314/483 746/314/484 779/314/517
f 780/314/518 554/314/323 553/314/321
f 746/314/484 747/314/485 779/314/517
f 780/314/518 555/314/325 554/314/323
f 747/314/485 748/314/486 779/314/517
f 780/314/518 556/314/327 555/314/325
f 748/314/486 749/314/487 779/314/517
f 780/314/518 557/314/329 556/314/327
f 749/314/487 750/314/488 779/314/517
f 780/314/518 558/314/331 557/314/329
f 750/314/488 751/314/489 779/314/517
f 780/314/518 559/314/333 558/314/331
f 751/314/489 752/314/490 779/314/517
f 780/314/518 560/314/335 559/314/333
f 752/314/490 753/314/491 779/314/517
f 780/314/518 561/314/337 560/314/335
f 753/314/491 754/314/492 779/314/517
f 780/314/518 562/314/339 561/314/337
f 754/314/492 755/314/493 779/314/517
f 780/314/518 563/314/341 562/314/339
f 755/314/493 756/314/494 779/314/517
f 780/314/518 564/314/343 563/314/341
f 756/314/494 757/314/495 779/314/517
f 780/314/518 565/314/345 564/314/343
f 757/314/495 758/314/496 779/314/517
f 780/314/518 566/314/347 565/314/345
f 758/314/496 759/314/497 779/314/517
f 780/314/518 567/314/349 566/314/347
f 759/314/497 760/314/498 779/314/517
f 780/314/518 568/314/351 567/314/349
f 760/314/498 761/314/499 779/314/517
f 780/314/518 569/314/353 568/314/351
f 761/314/499 762/314/500 779/314/517
f 780/314/518 570/314/355 569/314/353
f 762/314/500 763/314/501 779/314/517
f 780/314/518 571/314/357 570/314/355
f 763/314/501 764/314/502 779/314/517
f 780/314/518 572/314/359 571/314/357
f 764/314/502 765/314/503 779/314/517
f 780/314/518 573/314/361 572/314/359
f 765/314/503 766/314/504 779/314/517
f 780/314/518 574/314/363 573/314/361
f 766/314/504 767/314/505 779/314/517
f 780/314/518 575/314/365 574/314/363
f 767/314/505 768/314/506 779/314/517
f 780/314/518 576/314/367 575/314/365
f 768/314/506 769/314/507 779/314/517
f 780/314/518 577/314/369 576/314/367
f 769/314/507 770/314/508 779/314/517
f 780/314/518 578/314/371 577/314/369
f 770/314/508 771/314/509 779/314/517
f 780/314/518 579/314/373 578/314/371
f 771/314/509 772/314/510 779/314/517
f 780/314/518 580/314/375 579/314/373
f 772/314/510 773/314/511 779/314/517
f 780/314/518 581/314/377 580/314/375
f 773/314/511 774/314/512 779/314/517
f 780/314/518 582/314/379 581/314/377
f 774/314/512 775/314/513 779/314/517
f 780/314/518 583/314/381 582/314/379
f 775/314/513 776/314/514 779/314/517
f 780/314/518 584/314/383 583/314/381
f 776/314/514 777/314/515 779/314/517
f 780/314/518 585/314/385 584/314/383
f 777/314/515 778/314/516 779/314/517
f 780/314/518 586/314/387 585/314/385
f 778/314/516 715/314/454 779/314/517
f 780/314/518 523/314/261 586/314/387
f 781/314/261 782/314/262 846/314/263
f 781/314/261 846/314/263 845/314/264
f 782/314/262 783/314/265 847/314/266
f 782/314/262 847/314/266 846/314/263
f 783/314/265 784/314/267 848/314/519
f 783/314/265 848/314/519 847/314/266
f 784/314/267 785/314/269 849/314/270
f 784/314/267 849/314/270 848/314/519
f 785/314/269 786/314/271 850/314/272
f 785/314/269 850/314/272 849/314/270
f 786/314/271 787/314/273 851/314/274
f 786/314/271 851/314/274 850/314/272
f 787/314/273 788/314/275 852/314/276
f 787/314/273 852/314/276 851/314/274
f 788/314/275 789/314/277 853/314/278
f 788/314/275 853/314/278 852/314/276
f 789/314/277 790/314/279 854/314/280
f 789/314/277 854/314/280 853/314/278
f 790/314/279 791/314/281 855/314/282
f 790/314/279 855/314/282 854/314/280
f 791/314/281 792/314/283 856/314/284
f 791/314/281 856/314/284 855/314/282
f 792/314/283 793/314/285 857/314/286
f 792/314/283 857/314/286 856/314/284
f 793/314/285 794/314/287 858/314/288
f 793/314/285 858/314/288 857/314/286
f 794/314/287 795/314/289 859/314/290
f 794/314/287 859/314/290 858/314/288
f 795/314/289 796/314/291 860/314/292
f 795/314/289 860/314/292 859/314/290
f 796/314/291 797/314/293 861/314/294
f 796/314/291 861/314/294 860/314/292
f 797/314/293 798/314/295 862/314/296
f 797/314/293 862/314/296 861/314/294
f 798/314/295 799/314/297 863/314/298
f 798/314/295 863/314/298 862/314/296
f 799/314/297 800/314/299 864/314/300
f 799/314/297 864/314/300 863/314/298
f 800/314/299 801/314/301 865/314/302
f 800/314/299 865/314/302 864/314/300
f 801/314/301 802/314/303 866/314/304
f 801/314/301 866/314/304 865/314/302
f 802/314/303 803/314/305 867/314/306
f 802/314/303 867/314/306 866/314/304
f 803/314/305 804/314/307 868/314/308
f 803/314/305 868/314/308 867/314/306
f 804/314/307 805/314/520 869/314/310
f 804/314/307 869/314/310 868/314/308
f 805/314/520 806/314/311 870/314/521
f 805/314/520 870/314/521 869/314/310
f 806/314/311 807/314/313 871/314/314
f 806/314/311 871/314/314 870/314/521
f 807/314/313 808/314/315 872/314/316
f 807/314/313 872/314/316 871/314/314
f 808/314/315 809/314/317 873/314/318
f 808/314/315 873/314/318 872/314/316
f 809/314/317 810/314/319 874/314/320
f 809/314/317 874/314/320 873/314/318
f 810/314/319 811/314/321 875/314/322
f 810/314/319 875/314/322 874/314/320
f 811/314/321 812/314/323 876/314/324
f 811/314/321 876/314/324 875/314/322
f 812/314/323 813/314/325 877/314/326
f 812/314/323 877/314/326 876/314/324
f 813/314/325 814/314/327 878/314/328
f 813/314/325 878/314/328 877/314/326
f 814/314/327 815/314/329 879/314/330
f 814/314/327 879/314/330 878/314/328
f 815/314/329 816/314/331 880/314/522
f 815/314/329 880/314/522 879/314/330
f 816/314/331 817/314/333 881/314/334
f 816/314/331 881/314/334 880/314/522
f 817/314/333 818/314/335 882/314/336
f 817/314/333 882/314/336 881/314/334
f 818/314/335 819/314/337 883/314/338
f 818/314/335 883/314/338 882/314/336
f 819/314/337 820/314/339 884/314/340
f 819/314/337 884/314/340 883/314/338
f 820/314/339 821/314/341 885/314/342
f 820/314/339 885/314/342 884/314/340
f 821/314/341 822/314/343 886/314/344
f 821/314/341 886/314/344 885/314/342
f 822/314/343 823/314/345 887/314/346
f 822/314/343 887/314/346 886/314/344
f 823/314/345 824/314/347 888/314/348
f 823/314/345 888/314/348 887/314/346
f 824/314/347 825/314/349 889/314/350
f 824/314/347 889/314/350 888/314/348
f 825/314/349 826/314/351 890/314/352
f 825/314/349 890/314/352 889/314/350
f 826/314/351 827/314/353 891/314/354
f 826/314/351 891/314/354 890/314/352
f 827/314/353 828/314/355 892/314/356
f 827/314/353 892/314/356 891/314/354
f 828/314/355 829/314/357 893/314/358
f 828/314/355 893/314/358 892/314/356
f 829/314/357 830/314/359 894/314/360
f 829/314/357 894/314/360 893/314/358
f 830/314/359 831/314/361 895/314/362
f 830/314/359 895/314/362 894/314/360
f 831/314/361 832/314/363 896/314/364
f 831/314/361 896/314/364 895/314/362
f 832/314/363 833/314/365 897/314/366
f 832/314/363 897/314/366 896/314/364
f 833/314/365 834/314/367 898/314/368
f 833/314/365 898/314/368 897/314/366
f 834/314/367 835/314/369 899/314/370
f 834/314/367 899/314/370 898/314/368
f 835/314/369 836/314/371 900/314/372
f 835/314/369 900/314/372 899/314/370
f 836/314/371 837/314/523 901/314/374
f 836/314/371 901/314/374 900/314/372
f 837/314/523 838/314/375 902/314/524
f 837/314/523 902/314/524 901/314/374
f 838/314/375 839/314/377 903/314/378
f 838/314/375 903/314/378 902/314/524
f 839/314/377 840/314/379 904/314/380
f 839/314/377 904/314/380 903/314/378
f 840/314/379 841/314/381 905/314/382
f 840/314/379 905/314/382 904/314/380
f 841/314/381 842/314/383 906/314/384
f 841/314/381 906/314/384 905/314/382
f 842/314/383 843/314/385 907/314/386
f 842/314/383 907/314/386 906/314/384
f 843/314/385 844/314/387 908/314/388
f 843/314/385 908/314/388 907/314/386
f 844/314/387 781/314/261 845/314/264
f 844/314/387 845/314/264 908/314/388
f 845/314/264 846/314/263 910/314/389
f 845/314/264 910/314/389 909/314/390
f 846/314/263 847/314/266 911/314/391
f 846/314/263 911/314/391 910/314/389
f 847/314/266 848/314/519 912/314/392
f 847/314/266 912/314/392 911/314/391
f 848/314/519 849/314/270 913/314/393
f 848/314/519 913/314/393 912/314/392
f 849/314/270 850/314/272 914/314/394
f 849/314/270 914/314/394 913/314/393
f 850/314/272 851/314/274 915/314/395
f 850/314/272 915/314/395 914/314/394
f 851/314/274 852/314/276 916/314/396
f 851/314/274 916/314/396 915/314/395
f 852/314/276 853/314/278 917/314/525
f 852/314/276 917/314/525 916/314/396
f 853/314/278 854/314/280 918/314/398
f 853/314/278 918/314/398 917/314/525
f 854/314/280 855/314/282 919/314/399
f 854/314/280 919/314/399 918/314/398
f 855/314/282 856/314/284 920/314/400
f 855/314/282 920/314/400 919/314/399
f 856/314/284 857/314/286 921/314/401
f 856/314/284 921/314/401 920/314/400
f 857/314/286 858/314/288 922/314/402
f 857/314/286 922/314/402 921/314/401
f 858/314/288 859/314/290 923/314/403
f 858/314/288 923/314/403 922/314/402
f 859/314/290 860/314/292 924/314/404
f 859/314/290 924/314/404 923/314/403
f 860/314/292 861/314/294 925/314/405
f 860/314/292 925/314/405 924/314/404
f 861/314/294 862/314/296 926/314/406
f 861/314/294 926/314/406 925/314/405
f 862/314/296 863/314/298 927/314/407
f 862/314/296 927/314/407 926/314/406
f 863/314/298 864/314/300 928/314/408
f 863/314/298 928/314/408 927/314/407
f 864/314/300 865/314/302 929/314/409
f 864/314/300 929/314/409 928/314/408
f 865/314/302 866/314/304 930/314/410
f 865/314/302 930/314/410 929/314/409
f 866/314/304 867/314/306 931/314/411
f 866/314/304 931/314/411 930/314/410
f 867/314/306 868/314/308 932/314/412
f 867/314/306 932/314/412 931/314/411
f 868/314/308 869/314/310 933/314/526
f 868/314/308 933/314/526 932/314/412
f 869/314/310 870/314/521 934/314/414
f 869/314/310 934/314/414 933/314/526
f 870/314/521 871/314/314 935/314/415
f 870/314/521 935/314/415 934/314/414
f 871/314/314 872/314/316 936/314/416
f 871/314/314 936/314/416 935/314/415
f 872/314/316 873/314/318 937/314/417
f 872/314/316 937/314/417 936/314/416
f 873/314/318 874/314/320 938/314/418
f 873/314/318 938/314/418 937/314/417
f 874/314/320 875/314/322 939/314/419
f 874/314/320 939/314/419 938/314/418
f 875/314/322 876/314/324 940/314/420
f 875/314/322 940/314/420 939/314/419
f 876/314/324 877/314/326 941/314/421
f 876/314/324 941/314/421 940/314/420
f 877/314/326 878/314/328 942/314/422
f 877/314/326 942/314/422 941/314/421
f 878/314/328 879/314/330 943/314/423
f 878/314/328 943/314/423 942/314/422
f 879/314/330 880/314/522 944/314/424
f 879/314/330 944/314/424 943/314/423
f 880/314/522 881/314/334 945/314/425
f 880/314/522 945/314/425 944/314/424
f 881/314/334 882/314/336 946/314/426
f 881/314/334 946/314/426 945/314/425
f 882/314/336 883/314/338 947/314/427
f 882/314/336 947/314/427 946/314/426
f 883/314/338 884/314/340 948/314/428
f 883/314/338 948/314/428 947/314/427
f 884/314/340 885/314/342 949/314/527
f 884/314/340 949/314/527 948/314/428
f 885/314/342 886/314/344 950/314/430
f 885/314/342 950/314/430 949/314/527
f 886/314/344 887/314/346 951/314/431
f 886/314/344 951/314/431 950/314/430
f 887/314/346 888/314/348 952/314/432
f 887/314/346 952/314/432 951/314/431
f 888/314/348 889/314/350 953/314/433
f 888/314/348 953/314/433 952/314/432
f 889/314/350 890/314/352 954/314/434
f 889/314/350 954/314/434 953/314/433
f 890/314/352 891/314/354 955/314/435
f 890/314/352 955/314/435 954/314/434
f 891/314/354 892/314/356 956/314/436
f 891/314/354 956/314/436 955/314/435
f 892/314/356 893/314/358 957/314/437
f 892/314/356 957/314/437 956/314/436
f 893/314/358 894/314/360 958/314/438
f 893/314/358 958/314/438 957/314/437
f 894/314/360 895/314/362 959/314/439
f 894/314/360 959/314/439 958/314/438
f 895/314/362 896/314/364 960/314/440
f 895/314/362 960/314/440 959/314/439
f 896/314/364 897/314/366 961/314/441
f 896/314/364 961/314/441 960/314/440
f 897/314/366 898/314/368 962/314/442
f 897/314/366 962/314/442 961/314/441
f 898/314/368 899/314/370 963/314/443
f 898/314/368 963/314/443 962/314/442
f 899/314/370 900/314/372 964/314/444
f 899/314/370 964/314/444 963/314/443
f 900/314/372 901/314/374 965/314/528
f 900/314/372 965/314/528 964/314/444
f 901/314/374 902/314/524 966/314/446
f 901/314/374 966/314/446 965/314/528
f 902/314/524 903/314/378 967/314/447
f 902/314/524 967/314/447 966/314/446
f 903/314/378 904/314/380 968/314/448
f 903/314/378 968/314/448 967/314/447
f 904/314/380 905/314/382 969/314/449
f 904/314/380 969/314/449 968/314/448
f 905/314/382 906/314/384 970/314/450
f 905/314/382 970/314/450 969/314/449
f 906/314/384 907/314/386 971/314/451
f 906/314/384 971/314/451 970/314/450
f 907/314/386 908/314/388 972/314/452
f 907/314/386 972/314/452 971/314/451
f 908/314/388 845/314/264 909/314/390
f 908/314/388 909/314/390 972/314/452
f 909/314/390 910/314/389 974/314/453
f 909/314/390 974/314/453 973/314/454
f 910/314/389 911/314/391 975/314/455
f 910/314/389 975/314/455 974/314/453
f 911/314/391 912/314/392 976/314/456
f 911/314/391 976/314/456 975/314/455
f 912/314/392 913/314/393 977/314/457
f 912/314/392 977/314/457 976/314/456
f 913/314/393 914/314/394 978/314/458
f 913/314/393 978/314/458 977/314/457
f 914/314/394 915/314/395 979/314/459
f 914/314/394 979/314/459 978/314/458
f 915/314/395 916/314/396 980/314/529
f 915/314/395 980/314/529 979/314/459
f 916/314/396 917/314/525 981/314/530
f 916/314/396 981/314/530 980/314/529
f 917/314/525 918/314/398 982/314/462
f 917/314/525 982/314/462 981/314/530
f 918/314/398 919/314/399 983/314/463
f 918/314/398 983/314/463 982/314/462
f 919/314/399 920/314/400 984/314/464
f 919/314/399 984/314/464 983/314/463
f 920/314/400 921/314/401 985/314/465
f 920/314/400 985/314/465 984/314/464
f 921/314/401 922/314/402 986/314/466
f 921/314/401 986/314/466 985/314/465
f 922/314/402 923/314/403 987/314/467
f 922/314/402 987/314/467 986/314/466
f 923/314/403 924/314/404 988/314/468
f 923/314/403 988/314/468 987/314/467
f 924/314/404 925/314/405 989/314/469
f 924/314/404 989/314/469 988/314/468
f 925/314/405 926/314/406 990/314/470
f 925/314/405 990/314/470 989/314/469
f 926/314/406 927/314/407 991/314/471
f 926/314/406 991/314/471 990/314/470
f 927/314/407 928/314/408 992/314/472
f 927/314/407 992/314/472 991/314/471
f 928/314/408 929/314/409 993/314/473
f 928/314/408 993/314/473 992/314/472
f 929/314/409 930/314/410 994/314/474
f 929/314/409 994/314/474 993/314/473
f 930/314/410 931/314/411 995/314/475
f 930/314/410 995/314/475 994/314/474
f 931/314/411 932/314/412 996/314/476
f 931/314/411 996/314/476 995/314/475
f 932/314/412 933/314/526 997/314/531
f 932/314/412 997/314/531 996/314/476
f 933/314/526 934/314/414 998/314/478
f 933/314/526 998/314/478 997/314/531
f 934/314/414 935/314/415 999/314/479
f 934/314/414 999/314/479 998/314/478
f 935/314/415 936/314/416 1000/314/480
f 935/314/415 1000/314/480 999/314/479
f 936/314/416 937/314/417 1001/314/481
f 936/314/416 1001/314/481 1000/314/480
f 937/314/417 938/314/418 1002/314/482
f 937/314/417 1002/314/482 1001/314/481
f 938/314/418 939/314/419 1003/314/483
f 938/314/418 1003/314/483 1002/314/482
f 939/314/419 940/314/420 1004/314/484
f 939/314/419 1004/314/484 1003/314/483
f 940/314/420 941/314/421 1005/314/485
f 940/314/420 1005/314/485 1004/314/484
f 941/314/421 942/314/422 1006/314/486
f 941/314/421 1006/314/486 1005/314/485
f 942/314/422 943/314/423 1007/314/487
f 942/314/422 1007/314/487 1006/314/486
f 943/314/423 944/314/424 1008/314/488
f 943/314/423 1008/314/488 1007/314/487
f 944/314/424 945/314/425 1009/314/489
f 944/314/424 1009/314/489 1008/314/488
f 945/314/425 946/314/426 1010/314/490
f 945/314/425 1010/314/490 1009/314/489
f 946/314/426 947/314/427 1011/314/491
f 946/314/426 1011/314/491 1010/314/490
f 947/314/427 948/314/428 1012/314/532
f 947/314/427 1012/314/532 1011/314/491
f 948/314/428 949/314/527 1013/314/533
f 948/314/428 1013/314/533 1012/314/532
f 949/314/527 950/314/430 1014/314/494
f 949/314/527 1014/314/494 1013/314/533
f 950/314/430 951/314/431 1015/314/495
f 950/314/430 1015/314/495 1014/314/494
f 951/314/431 952/314/432 1016/314/496
f 951/314/431 1016/314/496 1015/314/495
f 952/314/432 953/314/433 1017/314/497
f 952/314/432 1017/314/497 1016/314/496
f 953/314/433 954/314/434 1018/314/498
f 953/314/433 1018/314/498 1017/314/497
f 954/314/434 955/314/435 1019/314/499
f 954/314/434 1019/314/499 1018/314/498
f 955/314/435 956/314/436 1020/314/500
f 955/314/435 1020/314/500 1019/314/499
f 956/314/436 957/314/437 1021/314/501
f 956/314/436 1021/314/501 1020/314/500
f 957/314/437 958/314/438 1022/314/502
f 957/314/437 1022/314/502 1021/314/501
f 958/314/438 959/314/439 1023/314/503
f 958/314/438 1023/314/503 1022/314/502
f 959/314/439 960/314/440 1024/314/504
f 959/314/439 1024/314/504 1023/314/503
f 960/314/440 961/314/441 1025/314/505
f 960/314/440 1025/314/505 1024/314/504
f 961/314/441 962/314/442 1026/314/506
f 961/314/441 1026/314/506 1025/314/505
f 962/314/442 963/314/443 1027/314/507
f 962/314/442 1027/314/507 1026/314/506
f 963/314/443 964/314/444 1028/314/508
f 963/314/443 1028/314/508 1027/314/507
f 964/314/444 965/314/528 1029/314/534
f 964/314/444 1029/314/534 1028/314/508
f 965/314/528 966/314/446 1030/314/510
f 965/314/528 1030/314/510 1029/314/534
f 966/314/446 967/314/447 1031/314/511
f 966/314/446 1031/314/511 1030/314/510
f 967/314/447 968/314/448 1032/314/512
f 967/314/447 1032/314/512 1031/314/511
f 968/314/448 969/314/449 1033/314/513
f 968/314/448 1033/314/513 1032/314/512
f 969/314/449 970/314/450 1034/314/514
f 969/314/449 1034/314/514 1033/314/513
f 970/314/450 971/314/451 1035/314/515
f 970/314/450 1035/314/515 1034/314/514
f 971/314/451 972/314/452 1036/314/516
f 971/314/451 1036/314/516 1035/314/515
f 972/314/452 909/314/390 973/314/454
f 972/314/452 973/314/454 1036/314/516
f 973/314/454 974/314/453 1037/314/517
f 1038/314/518 782/314/262 781/314/261
f 974/314/453 975/314/455 1037/314/517
f 1038/314/518 783/314/265 782/314/262
f 975/314/455 976/314/456 1037/314/517
f 1038/314/518 784/314/267 783/314/265
f 976/314/456 977/314/457 1037/314/517
f 1038/314/518 785/314/269 784/314/267
f 977/314/457 978/314/458 1037/314/517
f 1038/314/518 786/314/271 785/314/269
f 978/314/458 979/314/459 1037/314/517
f 1038/314/518 787/314/273 786/314/271
f 979/314/459 980/314/529 1037/314/517
f 1038/314/518 788/314/275 787/314/273
f 980/314/529 981/314/530 1037/314/517
f 1038/314/518 789/314/277 788/314/275
f 981/314/530 982/314/462 1037/314/517
f 1038/314/518 790/314/279 789/314/277
f 982/314/462 983/314/463 1037/314/517
f 1038/314/518 791/314/281 790/314/279
f 983/314/463 984/314/464 1037/314/517
f 1038/314/518 792/314/283 791/314/281
f 984/314/464 985/314/465 1037/314/517
f 1038/314/518 793/314/285 792/314/283
f 985/314/465 986/314/466 1037/314/517
f 1038/314/518 794/314/287 793/314/285
f 986/314/466 987/314/467 1037/314/517
f 1038/314/518 795/314/289 794/314/287
f 987/314/467 988/314/468 1037/314/517
f 1038/314/518 796/314/291 795/314/289
f 988/314/468 989/314/469 1037/314/517
f 1038/314/518 797/314/293 796/314/291
f 989/314/469 990/314/470 1037/314/517
f 1038/314/518 798/314/295 797/314/293
f 990/314/470 991/314/471 1037/314/517
f 1038/314/518 799/314/297 798/314/295
f 991/314/471 992/314/472 1037/314/517
f 1038/314/518 800/314/299 799/314/297
f 992/314/472 993/314/473 1037/314/517
f 1038/314/518 801/314/301 800/314/299
f 993/314/473 994/314/474 1037/314/517
f 1038/314/518 802/314/303 801/314/301
f 994/314/474 995/314/475 1037/314/517
f 1038/314/518 803/314/305 802/314/303
f 995/314/475 996/314/476 1037/314/517
f 1038/314/518 804/314/307 803/314/305
f 996/314/476 997/314/531 1037/314/517
f 1038/314/518 805/314/520 804/314/307
f 997/314/531 998/314/478 1037/314/517
f 1038/314/518 806/314/311 805/314/520
f 998/314/478 999/314/479 1037/314/517
f 1038/314/518 807/314/313 806/314/311
f 999/314/479 1000/314/480 1037/314/517
f 1038/314/518 808/314/315 807/314/313
f 1000/314/480 1001/314/481 1037/314/517
f 1038/314/518 809/314/317 808/314/315
f 1001/314/481 1002/314/482 1037/314/517
f 1038/314/518 810/314/319 809/314/317
f 1002/314/482 1003/314/483 1037/314/517
f 1038/314/518 811/314/321 810/314/319
f 1003/314/483 1004/314/484 1037/314/517
f 1038/314/518 812/314/323 811/314/321
f 1004/314/484 1005/314/485 1037/314/517
f 1038/314/518 813/314/325 812/314/323
f 1005/314/485 1006/314/486 1037/314/517
f 1038/314/518 814/314/327 813/314/325
f 1006/314/486 1007/314/487 1037/314/517
f 1038/314/518 815/314/329 814/314/327
f 1007/314/487 1008/314/488 1037/314/517
f 1038/314/518 816/314/331 815/314/329
f 1008/314/488 1009/314/489 1037/314/517
f 1038/314/518 817/314/333 816/314/331
f 1009/314/489 1010/314/490 1037/314/517
f 1038/314/518 818/314/335 817/314/333
f 1010/314/490 1011/314/491 1037/314/517
f 1038/314/518 819/314/337 818/314/335
f 1011/314/491 1012/314/532 1037/314/517
f 1038/314/518 820/314/339 819/314/337
f 1012/314/532 1013/314/533 1037/314/517
f 1038/314/518 821/314/341 820/314/339
f 1013/314/533 1014/314/494 1037/314/517
f 1038/314/518 822/314/343 821/314/341
f 1014/314/494 1015/314/495 1037/314/517
f 1038/314/518 823/314/345 822/314/343
f 1015/314/495 1016/314/496 1037/314/517
f 1038/314/518 824/314/347 823/314/345
f 1016/314/496 1017/314/497 1037/314/517
f 1038/314/518 825/314/349 824/314/347
f 1017/314/497 1018/314/498 1037/314/517
f 1038/314/518 826/314/351 825/314/349
f 1018/314/498 1019/314/499 1037/314/517
f 1038/314/518 827/314/353 826/314/351
f 1019/314/499 1020/314/500 1037/314/517
f 1038/314/518 828/314/355 827/314/353
f 1020/314/500 1021/314/501 1037/314/517
f 1038/314/518 829/314/357 828/314/355
f 1021/314/501 1022/314/502 1037/314/517
f 1038/314/518 830/314/359 829/314/357
f 1022/314/502 1023/314/503 1037/314/517
f 1038/314/518 831/314/361 830/314/359
f 1023/314/503 1024/314/504 1037/314/517
f 1038/314/518 832/314/363 831/314/361
f 1024/314/504 1025/314/505 1037/314/517
f 1038/314/518 833/314/365 832/314/363
f 1025/314/505 1026/314/506 1037/314/517
f 1038/314/518 834/314/367 833/314/365
f 1026/314/506 1027/314/507 1037/314/517
f 1038/314/518 835/314/369 834/314/367
f 1027/314/507 1028/314/508 1037/314/517
f 1038/314/518 836/314/371 835/314/369
f 1028/314/508 1029/314/534 1037/314/517
f 1038/314/518 837/314/523 836/314/371
f 1029/314/534 1030/314/510 1037/314/517
f 1038/314/518 838/314/375 837/314/523
f 1030/314/510 1031/314/511 1037/314/517
f 1038/314/518 839/314/377 838/314/375
f 1031/314/511 1032/314/512 1037/314/517
f 1038/314/518 840/314/379 839/314/377
f 1032/314/512 1033/314/513 1037/314/517
f 1038/314/518 841/314/381 840/314/379
f 1033/314/513 1034/314/514 1037/314/517
f 1038/314/518 842/314/383 841/314/381
f 1034/314/514 1035/314/515 1037/314/517
f 1038/314/518 843/314/385 842/314/383
f 1035/314/515 1036/314/516 1037/314/517
f 1038/314/518 844/314/387 843/314/385
f 1036/314/516 973/314/454 1037/314/517
f 1038/314/518 781/314/261 844/314/387
f 1039/314/261 1040/314/262 1104/314/263
f 1039/314/261 1104/314/263 1103/314/264
f 1040/314/262 1041/314/265 1105/314/266
f 1040/314/262 1105/314/266 1104/314/263
f 1041/314/265 1042/314/267 1106/314/519
f 1041/314/265 1106/314/519 1105/314/266
f 1042/314/267 1043/314/269 1107/314/270
f 1042/314/267 1107/314/270 1106/314/519
f 1043/314/269 1044/314/271 1108/314/272
f 1043/314/269 1108/314/272 1107/314/270
f 1044/314/271 1045/314/273 1109/314/274
f 1044/314/271 1109/314/274 1108/314/272
f 1045/314/273 1046/314/275 1110/314/276
f 1045/314/273 1110/314/276 1109/314/274
f 1046/314/275 1047/314/277 1111/314/278
f 1046/314/275 1111/314/278 1110/314/276
f 1047/314/277 1048/314/279 1112/314/280
f 1047/314/277 1112/314/280 1111/314/278
f 1048/314/279 1049/314/281 1113/314/282
f 1048/314/279 1113/314/282 1112/314/280
f 1049/314/281 1050/314/283 1114/314/284
f 1049/314/281 1114/314/284 1113/314/282
f 1050/314/283 1051/314/285 1115/314/286
f 1050/314/283 1115/314/286 1114/314/284
f 1051/314/285 1052/314/287 1116/314/288
f 1051/314/285 1116/314/288 1115/314/286
f 1052/314/287 1053/314/289 1117/314/290
f 1052/314/287 1117/314/290 1116/314/288
f 1053/314/289 1054/314/291 1118/314/292
f 1053/314/289 1118/314/292 1117/314/290
f 1054/314/291 1055/314/293 1119/314/294
f 1054/314/291 1119/314/294 1118/314/292
f 1055/314/293 1056/314/295 1120/314/296
f 1055/314/293 1120/314/296 1119/314/294
f 1056/314/295 1057/314/297 1121/314/298
f 1056/314/295 1121/314/298 1120/314/296
f 1057/314/297 1058/314/299 1122/314/300
f 1057/314/297 1122/314/300 1121/314/298
f 1058/314/299 1059/314/301 1123/314/302
f 1058/314/299 1123/314/302 1122/314/300
f 1059/314/301 1060/314/303 1124/314/304
f 1059/314/301 1124/314/304 1123/314/302
f 1060/314/303 1061/314/305 1125/314/306
f 1060/314/303 1125/314/306 1124/314/304
f 1061/314/305 1062/314/307 1126/314/308
f 1061/314/305 1126/314/308 1125/314/306
f 1062/314/307 1063/314/309 1127/314/310
f 1062/314/307 1127/314/310 1126/314/308
f 1063/314/309 1064/314/311 1128/314/521
f 1063/314/309 1128/314/521 1127/314/310
f 1064/314/311 1065/314/313 1129/314/314
f 1064/314/311 1129/314/314 1128/314/521
f 1065/314/313 1066/314/315 1130/314/316
f 1065/314/313 1130/314/316 1129/314/314
f 1066/314/315 1067/314/317 1131/314/318
f 1066/314/315 1131/314/318 1130/314/316
f 1067/314/317 1068/314/319 1132/314/320
f 1067/314/317 1132/314/320 1131/314/318
f 1068/314/319 1069/314/321 1133/314/322
f 1068/314/319 1133/314/322 1132/314/320
f 1069/314/321 1070/314/323 1134/314/324
f 1069/314/321 1134/314/324 1133/314/322
f 1070/314/323 1071/314/325 1135/314/326
f 1070/314/323 1135/314/326 1134/314/324
f 1071/314/325 1072/314/327 1136/314/328
f 1071/314/325 1136/314/328 1135/314/326
f 1072/314/327 1073/314/329 1137/314/330
f 1072/314/327 1137/314/330 1136/314/328
f 1073/314/329 1074/314/331 1138/314/522
f 1073/314/329 1138/314/522 1137/314/330
f 1074/314/331 1075/314/333 1139/314/334
f 1074/314/331 1139/314/334 1138/314/522
f 1075/314/333 1076/314/335 1140/314/336
f 1075/314/333 1140/314/336 1139/314/334
f 1076/314/335 1077/314/337 1141/314/338
f 1076/314/335 1141/314/338 1140/314/336
f 1077/314/337 1078/314/339 1142/314/340
f 1077/314/337 1142/314/340 1141/314/338
f 1078/314/339 1079/314/341 1143/314/342
f 1078/314/339 1143/314/342 1142/314/340
f 1079/314/341 1080/314/343 1144/314/344
f 1079/314/341 1144/314/344 1143/314/342
f 1080/314/343 1081/314/345 1145/314/346
f 1080/314/343 1145/314/346 1144/314/344
f 1081/314/345 1082/314/347 1146/314/348
f 1081/314/345 1146/314/348 1145/314/346
f 1082/314/347 1083/314/349 1147/314/350
f 1082/314/347 1147/314/350 1146/314/348
f 1083/314/349 1084/314/351 1148/314/352
f 1083/314/349 1148/314/352 1147/314/350
f 1084/314/351 1085/314/353 1149/314/354
f 1084/314/351 1149/314/354 1148/314/352
f 1085/314/353 1086/314/355 1150/314/356
f 1085/314/353 1150/314/356 1149/314/354
f 1086/314/355 1087/314/357 1151/314/358
f 1086/314/355 1151/314/358 1150/314/356
f 1087/314/357 1088/314/359 1152/314/360
f 1087/314/357 1152/314/360 1151/314/358
f 1088/314/359 1089/314/361 1153/314/362
f 1088/314/359 1153/314/362 1152/314/360
f 1089/314/361 1090/314/363 1154/314/364
f 1089/314/361 1154/314/364 1153/314/362
f 1090/314/363 1091/314/365 1155/314/366
f 1090/314/363 1155/314/366 1154/314/364
f 1091/314/365 1092/314/367 1156/314/368
f 1091/314/365 1156/314/368 1155/314/366
f 1092/314/367 1093/314/369 1157/314/370
f 1092/314/367 1157/314/370 1156/314/368
f 1093/314/369 1094/314/371 1158/314/372
f 1093/314/369 1158/314/372 1157/314/370
f 1094/314/371 1095/314/523 1159/314/374
f 1094/314/371 1159/314/374 1158/314/372
f 1095/314/523 1096/314/375 1160/314/524
f 1095/314/523 1160/314/524 1159/314/374
f 1096/314/375 1097/314/377 1161/314/378
f 1096/314/375 1161/314/378 1160/314/524
f 1097/314/377 1098/314/379 1162/314/380
f 1097/314/377 1162/314/380 1161/314/378
f 1098/314/379 1099/314/381 1163/314/382
f 1098/314/379 1163/314/382 1162/314/380
f 1099/314/381 1100/314/383 1164/314/384
f 1099/314/381 1164/314/384 1163/314/382
f 1100/314/383 1101/314/385 1165/314/386
f 1100/314/383 1165/314/386 1164/314/384
f 1101/314/385 1102/314/387 1166/314/388
f 1101/314/385 1166/314/388 1165/314/386
f 1102/314/387 1039/314/261 1103/314/264
f 1102/314/387 1103/314/264 1166/314/388
f 1103/314/264 1104/314/263 1168/314/389
f 1103/314/264 1168/314/389 1167/314/390
f 1104/314/263 1105/314/266 1169/314/391
f 1104/314/263 1169/314/391 1168/314/389
f 1105/314/266 1106/314/519 1170/314/392
f 1105/314/266 1170/314/392 1169/314/391
f 1106/314/519 1107/314/270 1171/314/393
f 1106/314/519 1171/314/393 1170/314/392
f 1107/314/270 1108/314/272 1172/314/394
f 1107/314/270 1172/314/394 1171/314/393
f 1108/314/272 1109/314/274 1173/314/395
f 1108/314/272 1173/314/395 1172/314/394
f 1109/314/274 1110/314/276 1174/314/396
f 1109/314/274 1174/314/396 1173/314/395
f 1110/314/276 1111/314/278 1175/314/525
f 1110/314/276 1175/314/525 1174/314/396
f 1111/314/278 1112/314/280 1176/314/398
f 1111/314/278 1176/314/398 1175/314/525
f 1112/314/280 1113/314/282 1177/314/399
f 1112/314/280 1177/314/399 1176/314/398
f 1113/314/282 1114/314/284 1178/314/400
f 1113/314/282 1178/314/400 1177/314/399
f 1114/314/284 1115/314/286 1179/314/401
f 1114/314/284 1179/314/401 1178/314/400
f 1115/314/286 1116/314/288 1180/314/402
f 1115/314/286 1180/314/402 1179/314/401
f 1116/314/288 1117/314/290 1181/314/403
f 1116/314/288 1181/314/403 1180/314/402
f 1117/314/290 1118/314/292 1182/314/404
f 1117/314/290 1182/314/404 1181/314/403
f 1118/314/292 1119/314/294 1183/314/405
f 1118/314/292 1183/314/405 1182/314/404
f 1119/314/294 1120/314/296 1184/314/406
f 1119/314/294 1184/314/406 1183/314/405
f 1120/314/296 1121/314/298 1185/314/407
f 1120/314/296 1185/314/407 1184/314/406
f 1121/314/298 1122/314/300 1186/314/408
f 1121/314/298 1186/314/408 1185/314/407
f 1122/314/300 1123/314/302 1187/314/409
f 1122/314/300 1187/314/409 1186/314/408
f 1123/314/302 1124/314/304 1188/314/410
f 1123/314/302 1188/314/410 1187/314/409
f 1124/314/304 1125/314/306 1189/314/411
f 1124/314/304 1189/314/411 1188/314/410
f 1125/314/306 1126/314/308 1190/314/412
f 1125/314/306 1190/314/412 1189/314/411
f 1126/314/308 1127/314/310 1191/314/526
f 1126/314/308 1191/314/526 1190/314/412
f 1127/314/310 1128/314/521 1192/314/414
f 1127/314/310 1192/314/414 1191/314/526
f 1128/314/521 1129/314/314 1193/314/415
f 1128/314/521 1193/314/415 1192/314/414
f 1129/314/314 1130/314/316 1194/314/416
f 1129/314/314 1194/314/416 1193/314/415
f 1130/314/316 1131/314/318 1195/314/417
f 1130/314/316 1195/314/417 1194/314/416
f 1131/314/318 1132/314/320 1196/314/418
f 1131/314/318 1196/314/418 1195/314/417
f 1132/314/320 1133/314/322 1197/314/419
f 1132/314/320 1197/314/419 1196/314/418
f 1133/314/322 1134/314/324 1198/314/420
f 1133/314/322 1198/314/420 1197/314/419
f 1134/314/324 1135/314/326 1199/314/421
f 1134/314/324 1199/314/421 1198/314/420
f 1135/314/326 1136/314/328 1200/314/422
f 1135/314/326 1200/314/422 1199/314/421
f 1136/314/328 1137/314/330 1201/314/423
f 1136/314/328 1201/314/423 1200/314/422
f 1137/314/330 1138/314/522 1202/314/424
f 1137/314/330 1202/314/424 1201/314/423
f 1138/314/522 1139/314/334 1203/314/425
f 1138/314/522 1203/314/425 1202/314/424
f 1139/314/334 1140/314/336 1204/314/426
f 1139/314/334 1204/314/426 1203/314/425
f 1140/314/336 1141/314/338 1205/314/427
f 1140/314/336 1205/314/427 1204/314/426
f 1141/314/338 1142/314/340 1206/314/428
f 1141/314/338 1206/314/428 1205/314/427
f 1142/314/340 1143/314/342 1207/314/527
f 1142/314/340 1207/314/527 1206/314/428
f 1143/314/342 1144/314/344 1208/314/430
f 1143/314/342 1208/314/430 1207/314/527
f 1144/314/344 1145/314/346 1209/314/431
f 1144/314/344 1209/314/431 1208/314/430
f 1145/314/346 1146/314/348 1210/314/432
f 1145/314/346 1210/314/432 1209/314/431
f 1146/314/348 1147/314/350 1211/314/433
f 1146/314/348 1211/314/433 1210/314/432
f 1147/314/350 1148/314/352 1212/314/434
f 1147/314/350 1212/314/434 1211/314/433
f 1148/314/352 1149/314/354 1213/314/435
f 1148/314/352 1213/314/435 1212/314/434
f 1149/314/354 1150/314/356 1214/314/436
f 1149/314/354 1214/314/436 1213/314/435
f 1150/314/356 1151/314/358 1215/314/437
f 1150/314/356 1215/314/437 1214/314/436
f 1151/314/358 1152/314/360 1216/314/438
f 1151/314/358 1216/314/438 1215/314/437
f 1152/314/360 1153/314/362 1217/314/439
f 1152/314/360 1217/314/439 1216/314/438
f 1153/314/362 1154/314/364 1218/314/440
f 1153/314/362 1218/314/440 1217/314/439
f 1154/314/364 1155/314/366 1219/314/441
f 1154/314/364 1219/314/441 1218/314/440
f 1155/314/366 1156/314/368 1220/314/442
f 1155/314/366 1220/314/442 1219/314/441
f 1156/314/368 1157/314/370 1221/314/443
f 1156/314/368 1221/314/443 1220/314/442
f 1157/314/370 1158/314/372 1222/314/444
f 1157/314/370 1222/314/444 1221/314/443
f 1158/314/372 1159/314/374 1223/314/528
f 1158/314/372 1223/314/528 1222/314/444
f 1159/314/374 1160/314/524 1224/314/446
f 1159/314/374 1224/314/446 1223/314/528
f 1160/314/524 1161/314/378 1225/314/447
f 1160/314/524 1225/314/447 1224/314/446
f 1161/314/378 1162/314/380 1226/314/448
f 1161/314/378 1226/314/448 1225/314/447
f 1162/314/380 1163/314/382 1227/314/449
f 1162/314/380 1227/314/449 1226/314/448
f 1163/314/382 1164/314/384 1228/314/450
f 1163/314/382 1228/314/450 1227/314/449
f 1164/314/384 1165/314/386 1229/314/451
f 1164/314/384 1229/314/451 1228/314/450
f 1165/314/386 1166/314/388 1230/314/452
f 1165/314/386 1230/314/452 1229/314/451
f 1166/314/388 1103/314/264 1167/314/390
f 1166/314/388 1167/314/390 1230/314/452
f 1167/314/390 1168/314/389 1232/314/453
f 1167/314/390 1232/314/453 1231/314/454
f 1168/314/389 1169/314/391 1233/314/455
f 1168/314/389 1233/314/455 1232/314/453
f 1169/314/391 1170/314/392 1234/314/456
f 1169/314/391 1234/314/456 1233/314/455
f 1170/314/392 1171/314/393 1235/314/457
f 1170/314/392 1235/314/457 1234/314/456
f 1171/314/393 1172/314/394 1236/314/458
f 1171/314/393 1236/314/458 1235/314/457
f 1172/314/394 1173/314/395 1237/314/459
f 1172/314/394 1237/314/459 1236/314/458
f 1173/314/395 1174/314/396 1238/314/529
f 1173/314/395 1238/314/529 1237/314/459
f 1174/314/396 1175/314/525 1239/314/530
f 1174/314/396 1239/314/530 1238/314/529
f 1175/314/525 1176/314/398 1240/314/462
f 1175/314/525 1240/314/462 1239/314/530
f 1176/314/398 1177/314/399 1241/314/463
f 1176/314/398 1241/314/463 1240/314/462
f 1177/314/399 1178/314/400 1242/314/464
f 1177/314/399 1242/314/464 1241/314/463
f 1178/314/400 1179/314/401 1243/314/465
f 1178/314/400 1243/314/465 1242/314/464
f 1179/314/401 1180/314/402 1244/314/466
f 1179/314/401 1244/314/466 1243/314/465
f 1180/314/402 1181/314/403 1245/314/467
f 1180/314/402 1245/314/467 1244/314/466
f 1181/314/403 1182/314/404 1246/314/468
f 1181/314/403 1246/314/468 1245/314/467
f 1182/314/404 1183/314/405 1247/314/469
f 1182/314/404 1247/314/469 1246/314/468
f 1183/314/405 1184/314/406 1248/314/470
f 1183/314/405 1248/314/470 1247/314/469
f 1184/314/406 1185/314/407 1249/314/471
f 1184/314/406 1249/314/471 1248/314/470
f 1185/314/407 1186/314/408 1250/314/472
f 1185/314/407 1250/314/472 1249/314/471
f 1186/314/408 1187/314/409 1251/314/473
f 1186/314/408 1251/314/473 1250/314/472
f 1187/314/409 1188/314/410 1252/314/474
f 1187/314/409 1252/314/474 1251/314/473
f 1188/314/410 1189/314/411 1253/314/475
f 1188/314/410 1253/314/475 1252/314/474
f 1189/314/411 1190/314/412 1254/314/476
f 1189/314/411 1254/314/476 1253/314/475
f 1190/314/412 1191/314/526 1255/314/531
f 1190/314/412 1255/314/531 1254/314/476
f 1191/314/526 1192/314/414 1256/314/478
f 1191/314/526 1256/314/478 1255/314/531
f 1192/314/414 1193/314/415 1257/314/479
f 1192/314/414 1257/314/479 1256/314/478
f 1193/314/415 1194/314/416 1258/314/480
f 1193/314/415 1258/314/480 1257/314/479
f 1194/314/416 1195/314/417 1259/314/481
f 1194/314/416 1259/314/481 1258/314/480
f 1195/314/417 1196/314/418 1260/314/482
f 1195/314/417 1260/314/482 1259/314/481
f 1196/314/418 1197/314/419 1261/314/483
f 1196/314/418 1261/314/483 1260/314/482
f 1197/314/419 1198/314/420 1262/314/484
f 1197/314/419 1262/314/484 1261/314/483
f 1198/314/420 1199/314/421 1263/314/485
f 1198/314/420 1263/314/485 1262/314/484
f 1199/314/421 1200/314/422 1264/314/486
f 1199/314/421 1264/314/486 1263/314/485
f 1200/314/422 1201/314/423 1265/314/487
f 1200/314/422 1265/314/487 1264/314/486
f 1201/314/423 1202/314/424 1266/314/488
f 1201/314/423 1266/314/488 1265/314/487
f 1202/314/424 1203/314/425 1267/314/489
f 1202/314/424 1267/314/489 1266/314/488
f 1203/314/425 1204/314/426 1268/314/490
f 1203/314/425 1268/314/490 1267/314/489
f 1204/314/426 1205/314/427 1269/314/491
f 1204/314/426 1269/314/491 1268/314/490
f 1205/314/427 1206/314/428 1270/314/532
f 1205/314/427 1270/314/532 1269/314/491
f 1206/314/428 1207/314/527 1271/314/533
f 1206/314/428 1271/314/533 1270/314/532
f 1207/314/527 1208/314/430 1272/314/494
f 1207/314/527 1272/314/494 1271/314/533
f 1208/314/430 1209/314/431 1273/314/495
f 1208/314/430 1273/314/495 1272/314/494
f 1209/314/431 1210/314/432 1274/314/496
f 1209/314/431 1274/314/496 1273/314/495
f 1210/314/432 1211/314/433 1275/314/497
f 1210/314/432 1275/314/497 1274/314/496
f 1211/314/433 1212/314/434 1276/314/498
f 1211/314/433 1276/314/498 1275/314/497
f 1212/314/434 1213/314/435 1277/314/499
f 1212/314/434 1277/314/499 1276/314/498
f 1213/314/435 1214/314/436 1278/314/500
f 1213/314/435 1278/314/500 1277/314/499
f 1214/314/436 1215/314/437 1279/314/501
f 1214/314/436 1279/314/501 1278/314/500
f 1215/314/437 1216/314/438 1280/314/502
f 1215/314/437 1280/314/502 1279/314/501
f 1216/314/438 1217/314/439 1281/314/503
f 1216/314/438 1281/314/503 1280/314/502
f 1217/314/439 1218/314/440 1282/314/504
f 1217/314/439 1282/314/504 1281/314/503
f 1218/314/440 1219/314/441 1283/314/505
f 1218/314/440 1283/314/505 1282/314/504
f 1219/314/441 1220/314/442 1284/314/506
f 1219/314/441 1284/314/506 1283/314/505
f 1220/314/442 1221/314/443 1285/314/507
f 1220/314/442 1285/314/507 1284/314/506
f 1221/314/443 1222/314/444 1286/314/508
f 1221/314/443 1286/314/508 1285/314/507
f 1222/314/444 1223/314/528 1287/314/509
f 1222/314/444 1287/314/509 1286/314/508
f 1223/314/528 1224/314/446 1288/314/510
f 1223/314/528 1288/314/510 1287/314/509
f 1224/314/446 1225/314/447 1289/314/511
f 1224/314/446 1289/314/511 1288/314/510
f 1225/314/447 1226/314/448 1290/314/512
f 1225/314/447 1290/314/512 1289/314/511
f 1226/314/448 1227/314/449 1291/314/513
f 1226/314/448 1291/314/513 1290/314/512
f 1227/314/449 1228/314/450 1292/314/514
f 1227/314/449 1292/314/514 1291/314/513
f 1228/314/450 1229/314/451 1293/314/515
f 1228/314/450 1293/314/515 1292/314/514
f 1229/314/451 1230/314/452 1294/314/516
f 1229/314/451 1294/314/516 1293/314/515
f 1230/314/452 1167/314/390 1231/314/454
f 1230/314/452 1231/314/454 1294/314/516
f 1231/314/454 1232/314/453 1295/314/517
f 1296/314/518 1040/314/262 1039/314/261
f 1232/314/453 1233/314/455 1295/314/517
f 1296/314/518 1041/314/265 1040/314/262
f 1233/314/455 1234/314/456 1295/314/517
f 1296/314/518 1042/314/267 1041/314/265
f 1234/314/456 1235/314/457 1295/314/517
f 1296/314/518 1043/314/269 1042/314/267
f 1235/314/457 1236/314/458 1295/314/517
f 1296/314/518 1044/314/271 1043/314/269
f 1236/314/458 1237/314/459 1295/314/517
f 1296/314/518 1045/314/273 1044/314/271
f 1237/314/459 1238/314/529 1295/314/517
f 1296/314/518 1046/314/275 1045/314/273
f 1238/314/529 1239/314/530 1295/314/517
f 1296/314/518 1047/314/277 1046/314/275
f 1239/314/530 1240/314/462 1295/314/517
f 1296/314/518 1048/314/279 1047/314/277
f 1240/314/462 1241/314/463 1295/314/517
f 1296/314/518 1049/314/281 1048/314/279
f 1241/314/463 1242/314/464 1295/314/517
f 1296/314/518 1050/314/283 1049/314/281
f 1242/314/464 1243/314/465 1295/314/517
f 1296/314/518 1051/314/285 1050/314/283
f 1243/314/465 1244/314/466 1295/314/517
f 1296/314/518 1052/314/287 1051/314/285
f 1244/314/466 1245/314/467 1295/314/517
f 1296/314/518 1053/314/289 1052/314/287
f 1245/314/467 1246/314/468 1295/314/517
f 1296/314/518 1054/314/291 1053/314/289
f 1246/314/468 1247/314/469 1295/314/517
f 1296/314/518 1055/314/293 1054/314/291
f 1247/314/469 1248/314/470 1295/314/517
f 1296/314/518 1056/314/295 1055/314/293
f 1248/314/470 1249/314/471 1295/314/517
f 1296/314/518 1057/314/297 1056/314/295
f 1249/314/471 1250/314/472 1295/314/517
f 1296/314/518 1058/314/299 1057/314/297
f 1250/314/472 1251/314/473 1295/314/517
f 1296/314/518 1059/314/301 1058/314/299
f 1251/314/473 1252/314/474 1295/314/517
f 1296/314/518 1060/314/303 1059/314/301
f 1252/314/474 1253/314/475 1295/314/517
f 1296/314/518 1061/314/305 1060/314/303
f 1253/314/475 1254/314/476 1295/314/517
f 1296/314/518 1062/314/307 1061/314/305
f 1254/314/476 1255/314/531 1295/314/517
f 1296/314/518 1063/314/309 1062/314/307
f 1255/314/531 1256/314/478 1295/314/517
f 1296/314/518 1064/314/311 1063/314/309
f 1256/314/478 1257/314/479 1295/314/517
f 1296/314/518 1065/314/313 1064/314/311
f 1257/314/479 1258/314/480 1295/314/517
f 1296/314/518 1066/314/315 1065/314/313
f 1258/314/480 1259/314/481 1295/314/517
f 1296/314/518 1067/314/317 1066/314/315
f 1259/314/481 1260/314/482 1295/314/517
f 1296/314/518 1068/314/319 1067/314/317
f 1260/314/482 1261/314/483 1295/314/517
f 1296/314/518 1069/314/321 1068/314/319
f 1261/314/483 1262/314/484 1295/314/517
f 1296/314/518 1070/314/323 1069/314/321
f 1262/314/484 1263/314/485 1295/314/517
f 1296/314/518 1071/314/325 1070/314/323
f 1263/314/485 1264/314/486 1295/314/517
f 1296/314/518 1072/314/327 1071/314/325
f 1264/314/486 1265/314/487 1295/314/517
f 1296/314/518 1073/314/329 1072/314/327
f 1265/314/487 1266/314/488 1295/314/517
f 1296/314/518 1074/314/331 1073/314/329
f 1266/314/488 1267/314/489 1295/314/517
f 1296/314/518 1075/314/333 1074/314/331
f 1267/314/489 1268/314/490 1295/314/517
f 1296/314/518 1076/314/335 1075/314/333
f 1268/314/490 1269/314/491 1295/314/517
f 1296/314/518 1077/314/337 1076/314/335
f 1269/314/491 1270/314/532 1295/314/517
f 1296/314/518 1078/314/339 1077/314/337
f 1270/314/532 1271/314/533 1295/314/517
f 1296/314/518 1079/314/341 1078/314/339
f 1271/314/533 1272/314/494 1295/314/517
f 1296/314/518 1080/314/343 1079/314/341
f 1272/314/494 1273/314/495 1295/314/517
f 1296/314/518 1081/314/345 1080/314/343
f 1273/314/495 1274/314/496 1295/314/517
f 1296/314/518 1082/314/347 1081/314/345
f 1274/314/496 1275/314/497 1295/314/517
f 1296/314/518 1083/314/349 1082/314/347
f 1275/314/497 1276/314/498 1295/314/517
f 1296/314/518 1084/314/351 1083/314/349
f 1276/314/498 1277/314/499 1295/314/517
f 1296/314/518 1085/314/353 1084/314/351
f 1277/314/499 1278/314/500 1295/314/517
f 1296/314/518 1086/314/355 1085/314/353
f 1278/314/500 1279/314/501 1295/314/517
f 1296/314/518 1087/314/357 1086/314/355
f 1279/314/501 1280/314/502 1295/314/517
f 1296/314/518 1088/314/359 1087/314/357
f 1280/314/502 1281/314/503 1295/314/517
f 1296/314/518 1089/314/361 1088/314/359
f 1281/314/503 1282/314/504 1295/314/517
f 1296/314/518 1090/314/363 1089/314/361
f 1282/314/504 1283/314/505 1295/314/517
f 1296/314/518 1091/314/365 1090/314/363
f 1283/314/505 1284/314/506 1295/314/517
f 1296/314/518 1092/314/367 1091/314/365
f 1284/314/506 1285/314/507 1295/314/517
f 1296/314/518 1093/314/369 1092/314/367
f 1285/314/507 1286/314/508 1295/314/517
f 1296/314/518 1094/314/371 1093/314/369
f 1286/314/508 1287/314/509 1295/314/517
f 1296/314/518 1095/314/523 1094/314/371
f 1287/314/509 1288/314/510 1295/314/517
f 1296/314/518 1096/314/375 1095/314/523
f 1288/314/510 1289/314/511 1295/314/517
f 1296/314/518 1097/314/377 1096/314/375
f 1289/314/511 1290/314/512 1295/314/517
f 1296/314/518 1098/314/379 1097/314/377
f 1290/314/512 1291/314/513 1295/314/517
f 1296/314/518 1099/314/381 1098/314/379
f 1291/314/513 1292/314/514 1295/314/517
f 1296/314/518 1100/314/383 1099/314/381
f 1292/314/514 1293/314/515 1295/314/517
f 1296/314/518 1101/314/385 1100/314/383
f 1293/314/515 1294/314/516 1295/314/517
f 1296/314/518 1102/314/387 1101/314/385
f 1294/314/516 1231/314/454 1295/314/517
f 1296/314/518 1039/314/261 1102/314/387
