# Blender 4.5.0
# www.blender.org
mtllib mesh_017.mtl
o mesh_017
v -0.392738 -0.259382 0.960000
v -0.392738 -0.261239 0.961856
v -0.394594 -0.259382 0.961856
v -0.392738 -0.260695 0.960544
v -0.393810 -0.260454 0.960785
v -0.394050 -0.260695 0.961856
v -0.394050 -0.259382 0.960544
v -0.392738 -0.261239 0.980144
v -0.392738 -0.259382 0.982000
v -0.394594 -0.259382 0.980144
v -0.392738 -0.260695 0.981456
v -0.393810 -0.260454 0.981215
v -0.394050 -0.259382 0.981456
v -0.394050 -0.260695 0.980144
v -0.392738 0.016835 0.960000
v -0.394594 0.016835 0.961856
v -0.392738 0.018691 0.961856
v -0.394050 0.016835 0.960544
v -0.393810 0.017906 0.960785
v -0.394050 0.018147 0.961856
v -0.392738 0.018147 0.960544
v -0.392738 0.016835 0.982000
v -0.392738 0.018691 0.980144
v -0.394594 0.016835 0.980144
v -0.392738 0.018147 0.981456
v -0.393810 0.017906 0.981215
v -0.394050 0.018147 0.980144
v -0.394050 0.016835 0.981456
v -0.380981 -0.259382 0.960000
v -0.379124 -0.259382 0.961856
v -0.380981 -0.261239 0.961856
v -0.379668 -0.259382 0.960544
v -0.379909 -0.260454 0.960785
v -0.379668 -0.260695 0.961856
v -0.380981 -0.260695 0.960544
v -0.380981 -0.259382 0.982000
v -0.380981 -0.261239 0.980144
v -0.379124 -0.259382 0.980144
v -0.380981 -0.260695 0.981456
v -0.379909 -0.260454 0.981215
v -0.379668 -0.260695 0.980144
v -0.379668 -0.259382 0.981456
v -0.380981 0.016835 0.960000
v -0.380981 0.018691 0.961856
v -0.379124 0.016835 0.961856
v -0.380981 0.018147 0.960544
v -0.379909 0.017906 0.960785
v -0.379668 0.018147 0.961856
v -0.379668 0.016835 0.960544
v -0.380981 0.016835 0.982000
v -0.379124 0.016835 0.980144
v -0.380981 0.018691 0.980144
v -0.379668 0.016835 0.981456
v -0.379909 0.017906 0.981215
v -0.379668 0.018147 0.980144
v -0.380981 0.018147 0.981456
v -0.377268 -0.259382 0.960000
v -0.377268 -0.261239 0.961856
v -0.379124 -0.259382 0.961856
v -0.377268 -0.260695 0.960544
v -0.378340 -0.260454 0.960785
v -0.378580 -0.260695 0.961856
v -0.378580 -0.259382 0.960544
v -0.377268 -0.261239 0.980144
v -0.377268 -0.259382 0.982000
v -0.379124 -0.259382 0.980144
v -0.377268 -0.260695 0.981456
v -0.378340 -0.260454 0.981215
v -0.378580 -0.259382 0.981456
v -0.378580 -0.260695 0.980144
v -0.377268 -0.247625 0.960000
v -0.379124 -0.247625 0.961856
v -0.377268 -0.245769 0.961856
v -0.378580 -0.247625 0.960544
v -0.378340 -0.246553 0.960785
v -0.378580 -0.246312 0.961856
v -0.377268 -0.246312 0.960544
v -0.377268 -0.247625 0.982000
v -0.377268 -0.245769 0.980144
v -0.379124 -0.247625 0.980144
v -0.377268 -0.246312 0.981456
v -0.378340 -0.246553 0.981215
v -0.378580 -0.246312 0.980144
v -0.378580 -0.247625 0.981456
v -0.154172 -0.259382 0.960000
v -0.152316 -0.259382 0.961856
v -0.154172 -0.261239 0.961856
v -0.152860 -0.259382 0.960544
v -0.153100 -0.260454 0.960785
v -0.152860 -0.260695 0.961856
v -0.154172 -0.260695 0.960544
v -0.154172 -0.259382 0.982000
v -0.154172 -0.261239 0.980144
v -0.152316 -0.259382 0.980144
v -0.154172 -0.260695 0.981456
v -0.153100 -0.260454 0.981215
v -0.152860 -0.260695 0.980144
v -0.152860 -0.259382 0.981456
v -0.154172 -0.247625 0.960000
v -0.154172 -0.245769 0.961856
v -0.152316 -0.247625 0.961856
v -0.154172 -0.246312 0.960544
v -0.153100 -0.246553 0.960785
v -0.152860 -0.246312 0.961856
v -0.152860 -0.247625 0.960544
v -0.154172 -0.247625 0.982000
v -0.152316 -0.247625 0.980144
v -0.154172 -0.245769 0.980144
v -0.152860 -0.247625 0.981456
v -0.153100 -0.246553 0.981215
v -0.152860 -0.246312 0.980144
v -0.154172 -0.246312 0.981456
v -0.311598 -0.118746 0.965940
v -0.311598 -0.117948 0.966738
v -0.310799 -0.118746 0.966738
v -0.311598 -0.118182 0.966174
v -0.311137 -0.118285 0.966277
v -0.311033 -0.118182 0.966738
v -0.311033 -0.118746 0.966174
v -0.311598 -0.117948 0.981202
v -0.311598 -0.118746 0.982000
v -0.310799 -0.118746 0.981202
v -0.311598 -0.118182 0.981766
v -0.311137 -0.118285 0.981663
v -0.311033 -0.118746 0.981766
v -0.311033 -0.118182 0.981202
v -0.311598 -0.123802 0.965940
v -0.310799 -0.123802 0.966738
v -0.311598 -0.124600 0.966738
v -0.311033 -0.123802 0.966174
v -0.311137 -0.124263 0.966277
v -0.311033 -0.124366 0.966738
v -0.311598 -0.124366 0.966174
v -0.311598 -0.123802 0.982000
v -0.311598 -0.124600 0.981202
v -0.310799 -0.123802 0.981202
v -0.311598 -0.124366 0.981766
v -0.311137 -0.124263 0.981663
v -0.311033 -0.124366 0.981202
v -0.311033 -0.123802 0.981766
v -0.386061 -0.118746 0.965940
v -0.386859 -0.118746 0.966738
v -0.386061 -0.117948 0.966738
v -0.386625 -0.118746 0.966174
v -0.386522 -0.118285 0.966277
v -0.386625 -0.118182 0.966738
v -0.386061 -0.118182 0.966174
v -0.386061 -0.118746 0.982000
v -0.386061 -0.117948 0.981202
v -0.386859 -0.118746 0.981202
v -0.386061 -0.118182 0.981766
v -0.386522 -0.118285 0.981663
v -0.386625 -0.118182 0.981202
v -0.386625 -0.118746 0.981766
v -0.386061 -0.123802 0.965940
v -0.386061 -0.124600 0.966738
v -0.386859 -0.123802 0.966738
v -0.386061 -0.124366 0.966174
v -0.386522 -0.124263 0.966277
v -0.386625 -0.124366 0.966738
v -0.386625 -0.123802 0.966174
v -0.386061 -0.123802 0.982000
v -0.386859 -0.123802 0.981202
v -0.386061 -0.124600 0.981202
v -0.386625 -0.123802 0.981766
v -0.386522 -0.124263 0.981663
v -0.386625 -0.124366 0.981202
v -0.386061 -0.124366 0.981766
v -0.268248 -0.167152 0.965940
v -0.269046 -0.167152 0.966738
v -0.268248 -0.166353 0.966738
v -0.268812 -0.167152 0.966174
v -0.268709 -0.166691 0.966277
v -0.268812 -0.166587 0.966738
v -0.268248 -0.166587 0.966174
v -0.269046 -0.167152 0.981202
v -0.268248 -0.167152 0.982000
v -0.268248 -0.166353 0.981202
v -0.268812 -0.167152 0.981766
v -0.268709 -0.166691 0.981663
v -0.268248 -0.166587 0.981766
v -0.268812 -0.166587 0.981202
v -0.263192 -0.167152 0.965940
v -0.263192 -0.166353 0.966738
v -0.262394 -0.167152 0.966738
v -0.263192 -0.166587 0.966174
v -0.262731 -0.166691 0.966277
v -0.262628 -0.166587 0.966738
v -0.262628 -0.167152 0.966174
v -0.263192 -0.167152 0.982000
v -0.262394 -0.167152 0.981202
v -0.263192 -0.166353 0.981202
v -0.262628 -0.167152 0.981766
v -0.262731 -0.166691 0.981663
v -0.262628 -0.166587 0.981202
v -0.263192 -0.166587 0.981766
v -0.268248 -0.252705 0.965940
v -0.268248 -0.253504 0.966738
v -0.269046 -0.252705 0.966738
v -0.268248 -0.253270 0.966174
v -0.268709 -0.253166 0.966277
v -0.268812 -0.253270 0.966738
v -0.268812 -0.252705 0.966174
v -0.268248 -0.252705 0.982000
v -0.269046 -0.252705 0.981202
v -0.268248 -0.253504 0.981202
v -0.268812 -0.252705 0.981766
v -0.268709 -0.253166 0.981663
v -0.268812 -0.253270 0.981202
v -0.268248 -0.253270 0.981766
v -0.263192 -0.252705 0.965940
v -0.262394 -0.252705 0.966738
v -0.263192 -0.253504 0.966738
v -0.262628 -0.252705 0.966174
v -0.262731 -0.253166 0.966277
v -0.262628 -0.253270 0.966738
v -0.263192 -0.253270 0.966174
v -0.263192 -0.252705 0.982000
v -0.263192 -0.253504 0.981202
v -0.262394 -0.252705 0.981202
v -0.263192 -0.253270 0.981766
v -0.262731 -0.253166 0.981663
v -0.262628 -0.253270 0.981202
v -0.262628 -0.252705 0.981766
v -0.299996 -0.152023 0.965940
v -0.300582 -0.151482 0.966738
v -0.299455 -0.151436 0.966738
v -0.300411 -0.151641 0.966174
v -0.300022 -0.151372 0.966277
v -0.300028 -0.151226 0.966738
v -0.299613 -0.151608 0.966174
v -0.300582 -0.151482 0.981202
v -0.299996 -0.152023 0.982000
v -0.299455 -0.151436 0.981202
v -0.300411 -0.151641 0.981766
v -0.300022 -0.151372 0.981663
v -0.299613 -0.151608 0.981766
v -0.300028 -0.151226 0.981202
v -0.296278 -0.155450 0.965940
v -0.295737 -0.154863 0.966738
v -0.295692 -0.155991 0.966738
v -0.295896 -0.155035 0.966174
v -0.295627 -0.155424 0.966277
v -0.295481 -0.155418 0.966738
v -0.295863 -0.155833 0.966174
v -0.296278 -0.155450 0.982000
v -0.295692 -0.155991 0.981202
v -0.295737 -0.154863 0.981202
v -0.295863 -0.155833 0.981766
v -0.295627 -0.155424 0.981663
v -0.295481 -0.155418 0.981202
v -0.295896 -0.155035 0.981766
v -0.341785 -0.197354 0.965940
v -0.342326 -0.197941 0.966738
v -0.342371 -0.196813 0.966738
v -0.342167 -0.197769 0.966174
v -0.342436 -0.197380 0.966277
v -0.342582 -0.197386 0.966738
v -0.342200 -0.196971 0.966174
v -0.341785 -0.197354 0.982000
v -0.342371 -0.196813 0.981202
v -0.342326 -0.197941 0.981202
v -0.342200 -0.196971 0.981766
v -0.342436 -0.197380 0.981663
v -0.342582 -0.197386 0.981202
v -0.342167 -0.197769 0.981766
v -0.338067 -0.200781 0.965940
v -0.337481 -0.201322 0.966738
v -0.338609 -0.201367 0.966738
v -0.337652 -0.201163 0.966174
v -0.338041 -0.201432 0.966277
v -0.338035 -0.201578 0.966738
v -0.338450 -0.201196 0.966174
v -0.338067 -0.200781 0.982000
v -0.338609 -0.201367 0.981202
v -0.337481 -0.201322 0.981202
v -0.338450 -0.201196 0.981766
v -0.338041 -0.201432 0.981663
v -0.338035 -0.201578 0.981202
v -0.337652 -0.201163 0.981766
v -0.341416 -0.197179 0.965940
v -0.341464 -0.196382 0.966738
v -0.340619 -0.197131 0.966738
v -0.341450 -0.196616 0.966174
v -0.340984 -0.196691 0.966277
v -0.340887 -0.196582 0.966738
v -0.340853 -0.197145 0.966174
v -0.341464 -0.196382 0.981202
v -0.341416 -0.197179 0.982000
v -0.340619 -0.197131 0.981202
v -0.341450 -0.196616 0.981766
v -0.340984 -0.196691 0.981663
v -0.340853 -0.197145 0.981766
v -0.340887 -0.196582 0.981202
v -0.341112 -0.202225 0.965940
v -0.340315 -0.202177 0.966738
v -0.341063 -0.203022 0.966738
v -0.340548 -0.202191 0.966174
v -0.340624 -0.202658 0.966277
v -0.340514 -0.202755 0.966738
v -0.341078 -0.202789 0.966174
v -0.341112 -0.202225 0.982000
v -0.341063 -0.203022 0.981202
v -0.340315 -0.202177 0.981202
v -0.341078 -0.202789 0.981766
v -0.340624 -0.202658 0.981663
v -0.340514 -0.202755 0.981202
v -0.340548 -0.202191 0.981766
v -0.386215 -0.199882 0.965940
v -0.387011 -0.199930 0.966738
v -0.386263 -0.199085 0.966738
v -0.386778 -0.199916 0.966174
v -0.386702 -0.199450 0.966277
v -0.386812 -0.199353 0.966738
v -0.386249 -0.199319 0.966174
v -0.386215 -0.199882 0.982000
v -0.386263 -0.199085 0.981202
v -0.387011 -0.199930 0.981202
v -0.386249 -0.199319 0.981766
v -0.386702 -0.199450 0.981663
v -0.386812 -0.199353 0.981202
v -0.386778 -0.199916 0.981766
v -0.385910 -0.204929 0.965940
v -0.385862 -0.205725 0.966738
v -0.386707 -0.204977 0.966738
v -0.385876 -0.205492 0.966174
v -0.386342 -0.205416 0.966277
v -0.386440 -0.205526 0.966738
v -0.386474 -0.204963 0.966174
v -0.385910 -0.204929 0.982000
v -0.386707 -0.204977 0.981202
v -0.385862 -0.205725 0.981202
v -0.386474 -0.204963 0.981766
v -0.386342 -0.205416 0.981663
v -0.386440 -0.205526 0.981202
v -0.385876 -0.205492 0.981766
v -0.296278 -0.087098 0.965940
v -0.295692 -0.086557 0.966738
v -0.295737 -0.087685 0.966738
v -0.295863 -0.086715 0.966174
v -0.295627 -0.087124 0.966277
v -0.295481 -0.087130 0.966738
v -0.295896 -0.087513 0.966174
v -0.295692 -0.086557 0.981202
v -0.296278 -0.087098 0.982000
v -0.295737 -0.087685 0.981202
v -0.295863 -0.086715 0.981766
v -0.295627 -0.087124 0.981663
v -0.295896 -0.087513 0.981766
v -0.295481 -0.087130 0.981202
v -0.299996 -0.090524 0.965940
v -0.299455 -0.091111 0.966738
v -0.300582 -0.091065 0.966738
v -0.299613 -0.090939 0.966174
v -0.300022 -0.091176 0.966277
v -0.300028 -0.091322 0.966738
v -0.300411 -0.090907 0.966174
v -0.299996 -0.090524 0.982000
v -0.300582 -0.091065 0.981202
v -0.299455 -0.091111 0.981202
v -0.300411 -0.090907 0.981766
v -0.300022 -0.091176 0.981663
v -0.300028 -0.091322 0.981202
v -0.299613 -0.090939 0.981766
v -0.338067 -0.041767 0.965940
v -0.338609 -0.041180 0.966738
v -0.337481 -0.041226 0.966738
v -0.338450 -0.041352 0.966174
v -0.338041 -0.041116 0.966277
v -0.338035 -0.040970 0.966738
v -0.337652 -0.041385 0.966174
v -0.338067 -0.041767 0.982000
v -0.337481 -0.041226 0.981202
v -0.338609 -0.041180 0.981202
v -0.337652 -0.041385 0.981766
v -0.338041 -0.041116 0.981663
v -0.338035 -0.040970 0.981202
v -0.338450 -0.041352 0.981766
v -0.341785 -0.045194 0.965940
v -0.342371 -0.045735 0.966738
v -0.342326 -0.044607 0.966738
v -0.342200 -0.045576 0.966174
v -0.342436 -0.045167 0.966277
v -0.342582 -0.045161 0.966738
v -0.342167 -0.044779 0.966174
v -0.341785 -0.045194 0.982000
v -0.342326 -0.044607 0.981202
v -0.342371 -0.045735 0.981202
v -0.342167 -0.044779 0.981766
v -0.342436 -0.045167 0.981663
v -0.342582 -0.045161 0.981202
v -0.342200 -0.045576 0.981766
v -0.341112 -0.040322 0.965940
v -0.341063 -0.039525 0.966738
v -0.340315 -0.040370 0.966738
v -0.341078 -0.039759 0.966174
v -0.340624 -0.039890 0.966277
v -0.340514 -0.039793 0.966738
v -0.340548 -0.040356 0.966174
v -0.341063 -0.039525 0.981202
v -0.341112 -0.040322 0.982000
v -0.340315 -0.040370 0.981202
v -0.341078 -0.039759 0.981766
v -0.340624 -0.039890 0.981663
v -0.340548 -0.040356 0.981766
v -0.340514 -0.039793 0.981202
v -0.341416 -0.045369 0.965940
v -0.340619 -0.045417 0.966738
v -0.341464 -0.046165 0.966738
v -0.340853 -0.045403 0.966174
v -0.340984 -0.045856 0.966277
v -0.340887 -0.045966 0.966738
v -0.341450 -0.045932 0.966174
v -0.341416 -0.045369 0.982000
v -0.341464 -0.046165 0.981202
v -0.340619 -0.045417 0.981202
v -0.341450 -0.045932 0.981766
v -0.340984 -0.045856 0.981663
v -0.340887 -0.045966 0.981202
v -0.340853 -0.045403 0.981766
v -0.385910 -0.037619 0.965940
v -0.386707 -0.037571 0.966738
v -0.385862 -0.036822 0.966738
v -0.386474 -0.037585 0.966174
v -0.386342 -0.037131 0.966277
v -0.386440 -0.037022 0.966738
v -0.385876 -0.037056 0.966174
v -0.385910 -0.037619 0.982000
v -0.385862 -0.036822 0.981202
v -0.386707 -0.037571 0.981202
v -0.385876 -0.037056 0.981766
v -0.386342 -0.037131 0.981663
v -0.386440 -0.037022 0.981202
v -0.386474 -0.037585 0.981766
v -0.386215 -0.042666 0.965940
v -0.386263 -0.043462 0.966738
v -0.387011 -0.042617 0.966738
v -0.386249 -0.043229 0.966174
v -0.386702 -0.043098 0.966277
v -0.386812 -0.043195 0.966738
v -0.386778 -0.042632 0.966174
v -0.386215 -0.042666 0.982000
v -0.387011 -0.042617 0.981202
v -0.386263 -0.043462 0.981202
v -0.386778 -0.042632 0.981766
v -0.386702 -0.043098 0.981663
v -0.386812 -0.043195 0.981202
v -0.386249 -0.043229 0.981766
v -0.150459 -0.259382 0.960000
v -0.150459 -0.261239 0.961856
v -0.152316 -0.259382 0.961856
v -0.150459 -0.260695 0.960544
v -0.151531 -0.260454 0.960785
v -0.151772 -0.260695 0.961856
v -0.151772 -0.259382 0.960544
v -0.150459 -0.261239 0.980144
v -0.150459 -0.259382 0.982000
v -0.152316 -0.259382 0.980144
v -0.150459 -0.260695 0.981456
v -0.151531 -0.260454 0.981215
v -0.151772 -0.259382 0.981456
v -0.151772 -0.260695 0.980144
v -0.150459 0.016835 0.960000
v -0.152316 0.016835 0.961856
v -0.150459 0.018691 0.961856
v -0.151772 0.016835 0.960544
v -0.151531 0.017906 0.960785
v -0.151772 0.018147 0.961856
v -0.150459 0.018147 0.960544
v -0.150459 0.016835 0.982000
v -0.150459 0.018691 0.980144
v -0.152316 0.016835 0.980144
v -0.150459 0.018147 0.981456
v -0.151531 0.017906 0.981215
v -0.151772 0.018147 0.980144
v -0.151772 0.016835 0.981456
v -0.138702 -0.259382 0.960000
v -0.136846 -0.259382 0.961856
v -0.138702 -0.261239 0.961856
v -0.137390 -0.259382 0.960544
v -0.137630 -0.260454 0.960785
v -0.137390 -0.260695 0.961856
v -0.138702 -0.260695 0.960544
v -0.138702 -0.259382 0.982000
v -0.138702 -0.261239 0.980144
v -0.136846 -0.259382 0.980144
v -0.138702 -0.260695 0.981456
v -0.137630 -0.260454 0.981215
v -0.137390 -0.260695 0.980144
v -0.137390 -0.259382 0.981456
v -0.138702 0.016835 0.960000
v -0.138702 0.018691 0.961856
v -0.136846 0.016835 0.961856
v -0.138702 0.018147 0.960544
v -0.137630 0.017906 0.960785
v -0.137390 0.018147 0.961856
v -0.137390 0.016835 0.960544
v -0.138702 0.016835 0.982000
v -0.136846 0.016835 0.980144
v -0.138702 0.018691 0.980144
v -0.137390 0.016835 0.981456
v -0.137630 0.017906 0.981215
v -0.137390 0.018147 0.980144
v -0.138702 0.018147 0.981456
v -0.377268 0.005077 0.960000
v -0.377268 0.003221 0.961856
v -0.379124 0.005077 0.961856
v -0.377268 0.003765 0.960544
v -0.378340 0.004006 0.960785
v -0.378580 0.003765 0.961856
v -0.378580 0.005077 0.960544
v -0.377268 0.003221 0.980144
v -0.377268 0.005077 0.982000
v -0.379124 0.005077 0.980144
v -0.377268 0.003765 0.981456
v -0.378340 0.004006 0.981215
v -0.378580 0.005077 0.981456
v -0.378580 0.003765 0.980144
v -0.377268 0.016835 0.960000
v -0.379124 0.016835 0.961856
v -0.377268 0.018691 0.961856
v -0.378580 0.016835 0.960544
v -0.378340 0.017906 0.960785
v -0.378580 0.018147 0.961856
v -0.377268 0.018147 0.960544
v -0.377268 0.016835 0.982000
v -0.377268 0.018691 0.980144
v -0.379124 0.016835 0.980144
v -0.377268 0.018147 0.981456
v -0.378340 0.017906 0.981215
v -0.378580 0.018147 0.980144
v -0.378580 0.016835 0.981456
v -0.154172 0.005077 0.960000
v -0.152316 0.005077 0.961856
v -0.154172 0.003221 0.961856
v -0.152860 0.005077 0.960544
v -0.153100 0.004006 0.960785
v -0.152860 0.003765 0.961856
v -0.154172 0.003765 0.960544
v -0.154172 0.005077 0.982000
v -0.154172 0.003221 0.980144
v -0.152316 0.005077 0.980144
v -0.154172 0.003765 0.981456
v -0.153100 0.004006 0.981215
v -0.152860 0.003765 0.980144
v -0.152860 0.005077 0.981456
v -0.154172 0.016835 0.960000
v -0.154172 0.018691 0.961856
v -0.152316 0.016835 0.961856
v -0.154172 0.018147 0.960544
v -0.153100 0.017906 0.960785
v -0.152860 0.018147 0.961856
v -0.152860 0.016835 0.960544
v -0.154172 0.016835 0.982000
v -0.152316 0.016835 0.980144
v -0.154172 0.018691 0.980144
v -0.152860 0.016835 0.981456
v -0.153100 0.017906 0.981215
v -0.152860 0.018147 0.980144
v -0.154172 0.018147 0.981456
v -0.219842 -0.123802 0.965940
v -0.219842 -0.124600 0.966738
v -0.220641 -0.123802 0.966738
v -0.219842 -0.124366 0.966174
v -0.220303 -0.124263 0.966277
v -0.220407 -0.124366 0.966738
v -0.220407 -0.123802 0.966174
v -0.219842 -0.124600 0.981202
v -0.219842 -0.123802 0.982000
v -0.220641 -0.123802 0.981202
v -0.219842 -0.124366 0.981766
v -0.220303 -0.124263 0.981663
v -0.220407 -0.123802 0.981766
v -0.220407 -0.124366 0.981202
v -0.219842 -0.118746 0.965940
v -0.220641 -0.118746 0.966738
v -0.219842 -0.117948 0.966738
v -0.220407 -0.118746 0.966174
v -0.220303 -0.118285 0.966277
v -0.220407 -0.118182 0.966738
v -0.219842 -0.118182 0.966174
v -0.219842 -0.118746 0.982000
v -0.219842 -0.117948 0.981202
v -0.220641 -0.118746 0.981202
v -0.219842 -0.118182 0.981766
v -0.220303 -0.118285 0.981663
v -0.220407 -0.118182 0.981202
v -0.220407 -0.118746 0.981766
v -0.145379 -0.123802 0.965940
v -0.144581 -0.123802 0.966738
v -0.145379 -0.124600 0.966738
v -0.144815 -0.123802 0.966174
v -0.144918 -0.124263 0.966277
v -0.144815 -0.124366 0.966738
v -0.145379 -0.124366 0.966174
v -0.145379 -0.123802 0.982000
v -0.145379 -0.124600 0.981202
v -0.144581 -0.123802 0.981202
v -0.145379 -0.124366 0.981766
v -0.144918 -0.124263 0.981663
v -0.144815 -0.124366 0.981202
v -0.144815 -0.123802 0.981766
v -0.145379 -0.118746 0.965940
v -0.145379 -0.117948 0.966738
v -0.144581 -0.118746 0.966738
v -0.145379 -0.118182 0.966174
v -0.144918 -0.118285 0.966277
v -0.144815 -0.118182 0.966738
v -0.144815 -0.118746 0.966174
v -0.145379 -0.118746 0.982000
v -0.144581 -0.118746 0.981202
v -0.145379 -0.117948 0.981202
v -0.144815 -0.118746 0.981766
v -0.144918 -0.118285 0.981663
v -0.144815 -0.118182 0.981202
v -0.145379 -0.118182 0.981766
v -0.263192 -0.075396 0.965940
v -0.262394 -0.075396 0.966738
v -0.263192 -0.076194 0.966738
v -0.262628 -0.075396 0.966174
v -0.262731 -0.075857 0.966277
v -0.262628 -0.075961 0.966738
v -0.263192 -0.075961 0.966174
v -0.262394 -0.075396 0.981202
v -0.263192 -0.075396 0.982000
v -0.263192 -0.076194 0.981202
v -0.262628 -0.075396 0.981766
v -0.262731 -0.075857 0.981663
v -0.263192 -0.075961 0.981766
v -0.262628 -0.075961 0.981202
v -0.268248 -0.075396 0.965940
v -0.268248 -0.076194 0.966738
v -0.269046 -0.075396 0.966738
v -0.268248 -0.075961 0.966174
v -0.268709 -0.075857 0.966277
v -0.268812 -0.075961 0.966738
v -0.268812 -0.075396 0.966174
v -0.268248 -0.075396 0.982000
v -0.269046 -0.075396 0.981202
v -0.268248 -0.076194 0.981202
v -0.268812 -0.075396 0.981766
v -0.268709 -0.075857 0.981663
v -0.268812 -0.075961 0.981202
v -0.268248 -0.075961 0.981766
v -0.263192 0.010158 0.965940
v -0.263192 0.010956 0.966738
v -0.262394 0.010158 0.966738
v -0.263192 0.010722 0.966174
v -0.262731 0.010619 0.966277
v -0.262628 0.010722 0.966738
v -0.262628 0.010158 0.966174
v -0.263192 0.010158 0.982000
v -0.262394 0.010158 0.981202
v -0.263192 0.010956 0.981202
v -0.262628 0.010158 0.981766
v -0.262731 0.010619 0.981663
v -0.262628 0.010722 0.981202
v -0.263192 0.010722 0.981766
v -0.268248 0.010158 0.965940
v -0.269046 0.010158 0.966738
v -0.268248 0.010956 0.966738
v -0.268812 0.010158 0.966174
v -0.268709 0.010619 0.966277
v -0.268812 0.010722 0.966738
v -0.268248 0.010722 0.966174
v -0.268248 0.010158 0.982000
v -0.268248 0.010956 0.981202
v -0.269046 0.010158 0.981202
v -0.268248 0.010722 0.981766
v -0.268709 0.010619 0.981663
v -0.268812 0.010722 0.981202
v -0.268812 0.010158 0.981766
v -0.235162 -0.155450 0.965940
v -0.235748 -0.155991 0.966738
v -0.235703 -0.154863 0.966738
v -0.235577 -0.155833 0.966174
v -0.235813 -0.155424 0.966277
v -0.235959 -0.155418 0.966738
v -0.235544 -0.155035 0.966174
v -0.235748 -0.155991 0.981202
v -0.235162 -0.155450 0.982000
v -0.235703 -0.154863 0.981202
v -0.235577 -0.155833 0.981766
v -0.235813 -0.155424 0.981663
v -0.235544 -0.155035 0.981766
v -0.235959 -0.155418 0.981202
v -0.231444 -0.152023 0.965940
v -0.231986 -0.151436 0.966738
v -0.230858 -0.151482 0.966738
v -0.231827 -0.151608 0.966174
v -0.231418 -0.151372 0.966277
v -0.231412 -0.151226 0.966738
v -0.231029 -0.151641 0.966174
v -0.231444 -0.152023 0.982000
v -0.230858 -0.151482 0.981202
v -0.231986 -0.151436 0.981202
v -0.231029 -0.151641 0.981766
v -0.231418 -0.151372 0.981663
v -0.231412 -0.151226 0.981202
v -0.231827 -0.151608 0.981766
v -0.193373 -0.200781 0.965940
v -0.192832 -0.201367 0.966738
v -0.193959 -0.201322 0.966738
v -0.192990 -0.201196 0.966174
v -0.193399 -0.201432 0.966277
v -0.193405 -0.201578 0.966738
v -0.193788 -0.201163 0.966174
v -0.193373 -0.200781 0.982000
v -0.193959 -0.201322 0.981202
v -0.192832 -0.201367 0.981202
v -0.193788 -0.201163 0.981766
v -0.193399 -0.201432 0.981663
v -0.193405 -0.201578 0.981202
v -0.192990 -0.201196 0.981766
v -0.189655 -0.197354 0.965940
v -0.189069 -0.196813 0.966738
v -0.189114 -0.197941 0.966738
v -0.189240 -0.196971 0.966174
v -0.189004 -0.197380 0.966277
v -0.188858 -0.197386 0.966738
v -0.189273 -0.197769 0.966174
v -0.189655 -0.197354 0.982000
v -0.189114 -0.197941 0.981202
v -0.189069 -0.196813 0.981202
v -0.189273 -0.197769 0.981766
v -0.189004 -0.197380 0.981663
v -0.188858 -0.197386 0.981202
v -0.189240 -0.196971 0.981766
v -0.190328 -0.202225 0.965940
v -0.190376 -0.203022 0.966738
v -0.191125 -0.202177 0.966738
v -0.190362 -0.202789 0.966174
v -0.190816 -0.202658 0.966277
v -0.190926 -0.202755 0.966738
v -0.190892 -0.202191 0.966174
v -0.190376 -0.203022 0.981202
v -0.190328 -0.202225 0.982000
v -0.191125 -0.202177 0.981202
v -0.190362 -0.202789 0.981766
v -0.190816 -0.202658 0.981663
v -0.190892 -0.202191 0.981766
v -0.190926 -0.202755 0.981202
v -0.190024 -0.197179 0.965940
v -0.190821 -0.197131 0.966738
v -0.189976 -0.196382 0.966738
v -0.190587 -0.197145 0.966174
v -0.190456 -0.196691 0.966277
v -0.190553 -0.196582 0.966738
v -0.189990 -0.196616 0.966174
v -0.190024 -0.197179 0.982000
v -0.189976 -0.196382 0.981202
v -0.190821 -0.197131 0.981202
v -0.189990 -0.196616 0.981766
v -0.190456 -0.196691 0.981663
v -0.190553 -0.196582 0.981202
v -0.190587 -0.197145 0.981766
v -0.145530 -0.204929 0.965940
v -0.144733 -0.204977 0.966738
v -0.145578 -0.205725 0.966738
v -0.144966 -0.204963 0.966174
v -0.145098 -0.205416 0.966277
v -0.145000 -0.205526 0.966738
v -0.145564 -0.205492 0.966174
v -0.145530 -0.204929 0.982000
v -0.145578 -0.205725 0.981202
v -0.144733 -0.204977 0.981202
v -0.145564 -0.205492 0.981766
v -0.145098 -0.205416 0.981663
v -0.145000 -0.205526 0.981202
v -0.144966 -0.204963 0.981766
v -0.145225 -0.199882 0.965940
v -0.145177 -0.199085 0.966738
v -0.144429 -0.199930 0.966738
v -0.145191 -0.199319 0.966174
v -0.144738 -0.199450 0.966277
v -0.144628 -0.199353 0.966738
v -0.144662 -0.199916 0.966174
v -0.145225 -0.199882 0.982000
v -0.144429 -0.199930 0.981202
v -0.145177 -0.199085 0.981202
v -0.144662 -0.199916 0.981766
v -0.144738 -0.199450 0.981663
v -0.144628 -0.199353 0.981202
v -0.145191 -0.199319 0.981766
v -0.231444 -0.090524 0.965940
v -0.230858 -0.091065 0.966738
v -0.231986 -0.091111 0.966738
v -0.231029 -0.090907 0.966174
v -0.231418 -0.091176 0.966277
v -0.231412 -0.091322 0.966738
v -0.231827 -0.090939 0.966174
v -0.230858 -0.091065 0.981202
v -0.231444 -0.090524 0.982000
v -0.231986 -0.091111 0.981202
v -0.231029 -0.090907 0.981766
v -0.231418 -0.091176 0.981663
v -0.231827 -0.090939 0.981766
v -0.231412 -0.091322 0.981202
v -0.235162 -0.087098 0.965940
v -0.235703 -0.087685 0.966738
v -0.235748 -0.086557 0.966738
v -0.235544 -0.087513 0.966174
v -0.235813 -0.087124 0.966277
v -0.235959 -0.087130 0.966738
v -0.235577 -0.086715 0.966174
v -0.235162 -0.087098 0.982000
v -0.235748 -0.086557 0.981202
v -0.235703 -0.087685 0.981202
v -0.235577 -0.086715 0.981766
v -0.235813 -0.087124 0.981663
v -0.235959 -0.087130 0.981202
v -0.235544 -0.087513 0.981766
v -0.189655 -0.045194 0.965940
v -0.189114 -0.044607 0.966738
v -0.189069 -0.045735 0.966738
v -0.189273 -0.044779 0.966174
v -0.189004 -0.045167 0.966277
v -0.188858 -0.045161 0.966738
v -0.189240 -0.045576 0.966174
v -0.189655 -0.045194 0.982000
v -0.189069 -0.045735 0.981202
v -0.189114 -0.044607 0.981202
v -0.189240 -0.045576 0.981766
v -0.189004 -0.045167 0.981663
v -0.188858 -0.045161 0.981202
v -0.189273 -0.044779 0.981766
v -0.193373 -0.041767 0.965940
v -0.193959 -0.041226 0.966738
v -0.192832 -0.041180 0.966738
v -0.193788 -0.041385 0.966174
v -0.193399 -0.041116 0.966277
v -0.193405 -0.040970 0.966738
v -0.192990 -0.041352 0.966174
v -0.193373 -0.041767 0.982000
v -0.192832 -0.041180 0.981202
v -0.193959 -0.041226 0.981202
v -0.192990 -0.041352 0.981766
v -0.193399 -0.041116 0.981663
v -0.193405 -0.040970 0.981202
v -0.193788 -0.041385 0.981766
v -0.190024 -0.045369 0.965940
v -0.189976 -0.046165 0.966738
v -0.190821 -0.045417 0.966738
v -0.189990 -0.045932 0.966174
v -0.190456 -0.045856 0.966277
v -0.190553 -0.045966 0.966738
v -0.190587 -0.045403 0.966174
v -0.189976 -0.046165 0.981202
v -0.190024 -0.045369 0.982000
v -0.190821 -0.045417 0.981202
v -0.189990 -0.045932 0.981766
v -0.190456 -0.045856 0.981663
v -0.190587 -0.045403 0.981766
v -0.190553 -0.045966 0.981202
v -0.190328 -0.040322 0.965940
v -0.191125 -0.040370 0.966738
v -0.190376 -0.039525 0.966738
v -0.190892 -0.040356 0.966174
v -0.190816 -0.039890 0.966277
v -0.190926 -0.039793 0.966738
v -0.190362 -0.039759 0.966174
v -0.190328 -0.040322 0.982000
v -0.190376 -0.039525 0.981202
v -0.191125 -0.040370 0.981202
v -0.190362 -0.039759 0.981766
v -0.190816 -0.039890 0.981663
v -0.190926 -0.039793 0.981202
v -0.190892 -0.040356 0.981766
v -0.145225 -0.042666 0.965940
v -0.144429 -0.042617 0.966738
v -0.145177 -0.043462 0.966738
v -0.144662 -0.042632 0.966174
v -0.144738 -0.043098 0.966277
v -0.144628 -0.043195 0.966738
v -0.145191 -0.043229 0.966174
v -0.145225 -0.042666 0.982000
v -0.145177 -0.043462 0.981202
v -0.144429 -0.042617 0.981202
v -0.145191 -0.043229 0.981766
v -0.144738 -0.043098 0.981663
v -0.144628 -0.043195 0.981202
v -0.144662 -0.042632 0.981766
v -0.145530 -0.037619 0.965940
v -0.145578 -0.036822 0.966738
v -0.144733 -0.037571 0.966738
v -0.145564 -0.037056 0.966174
v -0.145098 -0.037131 0.966277
v -0.145000 -0.037022 0.966738
v -0.144966 -0.037585 0.966174
v -0.145530 -0.037619 0.982000
v -0.144733 -0.037571 0.981202
v -0.145578 -0.036822 0.981202
v -0.144966 -0.037585 0.981766
v -0.145098 -0.037131 0.981663
v -0.145000 -0.037022 0.981202
v -0.145564 -0.037056 0.981766
vn 0.0430 -0.1388 -0.9894
vn -0.5773 -0.5774 -0.5774
vn -0.7081 0.0214 -0.7057
vn -0.1773 -0.9837 0.0299
vn -0.1379 -0.5936 -0.7929
vn -0.9814 0.0565 -0.1836
vn -0.5857 -0.7989 -0.1370
vn 0.0275 -0.9871 0.1580
vn -0.5773 -0.5774 0.5773
vn -0.7082 -0.7060 -0.0032
vn -0.1940 0.0475 0.9799
vn -0.1378 -0.7929 0.5936
vn -0.9876 -0.1477 -0.0535
vn -0.5711 -0.1355 0.8096
vn -0.1940 -0.0475 -0.9799
vn -0.5773 0.5773 -0.5774
vn -0.0068 0.7081 -0.7061
vn -0.9876 0.1477 0.0535
vn -0.5711 0.1355 -0.8096
vn 0.0275 0.9871 -0.1580
vn -0.7989 0.5857 -0.1370
vn 0.0430 0.1388 0.9894
vn -0.5773 0.5774 0.5774
vn -0.7081 -0.0214 0.7057
vn -0.1773 0.9837 -0.0299
vn -0.1379 0.5936 0.7929
vn -0.9814 -0.0565 0.1836
vn -0.5857 0.7989 0.1370
vn 0.1940 0.0475 -0.9799
vn 0.5773 -0.5773 -0.5774
vn 0.0068 -0.7081 -0.7061
vn 0.9876 -0.1477 0.0535
vn 0.5711 -0.1355 -0.8096
vn -0.0275 -0.9871 -0.1580
vn 0.7989 -0.5857 -0.1370
vn -0.0430 -0.1388 0.9894
vn 0.5773 -0.5774 0.5773
vn 0.7082 0.0214 0.7057
vn 0.1773 -0.9837 -0.0299
vn 0.1379 -0.5936 0.7929
vn 0.9814 0.0564 0.1836
vn 0.5857 -0.7989 0.1370
vn -0.0429 0.1388 -0.9894
vn 0.5773 0.5773 -0.5774
vn 0.7082 -0.0214 -0.7057
vn 0.1773 0.9837 0.0299
vn 0.1379 0.5936 -0.7929
vn 0.9814 -0.0565 -0.1836
vn 0.5857 0.7989 -0.1370
vn 0.1940 -0.0475 0.9799
vn 0.5773 0.5774 0.5774
vn 0.0068 0.7081 0.7061
vn 0.9876 0.1477 -0.0535
vn 0.5711 0.1355 0.8096
vn -0.0275 0.9871 0.1580
vn 0.7989 0.5857 0.1370
vn 0.0471 -0.1936 -0.9799
vn -0.7081 -0.0068 -0.7061
vn -0.1480 -0.9875 0.0533
vn -0.1356 -0.5713 -0.8094
vn -0.9871 0.0275 -0.1580
vn -0.5857 -0.7989 -0.1371
vn 0.0561 -0.9815 0.1833
vn -0.5774 -0.5773 0.5773
vn -0.1391 0.0429 0.9893
vn -0.1355 -0.8094 0.5714
vn -0.9837 -0.1773 -0.0299
vn -0.5936 -0.1380 0.7928
vn -0.1391 -0.0429 -0.9894
vn 0.0210 0.7082 -0.7057
vn -0.9837 0.1773 0.0299
vn -0.5936 0.1379 -0.7929
vn 0.0561 0.9815 -0.1833
vn 0.0471 0.1936 0.9799
vn -0.5773 0.5774 0.5773
vn -0.7081 0.0068 0.7061
vn -0.1480 0.9875 -0.0533
vn -0.1355 0.5714 0.8094
vn -0.9870 -0.0275 0.1581
vn -0.5857 0.7989 0.1371
vn 0.1391 0.0429 -0.9894
vn -0.0210 -0.7082 -0.7057
vn 0.9837 -0.1773 0.0299
vn 0.5936 -0.1379 -0.7929
vn -0.0561 -0.9815 -0.1833
vn -0.0471 -0.1936 0.9799
vn 0.5774 -0.5773 0.5774
vn 0.7081 -0.0068 0.7061
vn 0.1480 -0.9875 -0.0533
vn 0.1356 -0.5713 0.8094
vn 0.9870 0.0275 0.1581
vn 0.5857 -0.7989 0.1371
vn -0.0471 0.1936 -0.9799
vn 0.7081 0.0068 -0.7061
vn 0.1480 0.9875 0.0533
vn 0.1356 0.5714 -0.8094
vn 0.9870 -0.0275 -0.1581
vn 0.1391 -0.0429 0.9893
vn 0.5774 0.5773 0.5774
vn -0.0210 0.7082 0.7057
vn 0.9837 0.1773 -0.0299
vn 0.5936 0.1379 0.7928
vn -0.0561 0.9815 0.1833
vn 0.7989 0.5857 0.1371
vn -0.0466 0.1932 -0.9801
vn 0.1564 0.9857 0.0623
vn 0.1356 0.5718 -0.8091
vn 0.9882 -0.0349 -0.1490
vn 0.5788 0.8040 -0.1363
vn -0.0634 0.9828 0.1737
vn 0.7082 0.7059 -0.0118
vn 0.1396 -0.0424 0.9893
vn 0.1357 0.8091 0.5718
vn 0.9819 0.1852 -0.0383
vn 0.5936 0.1378 0.7929
vn 0.1396 0.0424 -0.9893
vn -0.0206 -0.7082 -0.7057
vn 0.9819 -0.1852 0.0383
vn 0.5936 -0.1378 -0.7928
vn -0.0634 -0.9827 -0.1737
vn 0.8040 -0.5787 -0.1364
vn -0.0466 -0.1932 0.9801
vn 0.1564 -0.9857 -0.0623
vn 0.1356 -0.5717 0.8092
vn 0.9882 0.0349 0.1490
vn 0.5787 -0.8040 0.1363
vn -0.1396 -0.0424 -0.9893
vn 0.0206 0.7082 -0.7057
vn -0.9819 0.1852 0.0383
vn -0.5936 0.1379 -0.7928
vn 0.0634 0.9827 -0.1737
vn -0.8040 0.5787 -0.1363
vn 0.0466 0.1932 0.9801
vn -0.5774 0.5773 0.5774
vn -0.1564 0.9857 -0.0624
vn -0.1357 0.5717 0.8092
vn -0.9882 -0.0349 0.1490
vn -0.5788 0.8040 0.1363
vn 0.0466 -0.1932 -0.9801
vn -0.5773 -0.5773 -0.5774
vn -0.1564 -0.9857 0.0623
vn -0.1356 -0.5718 -0.8091
vn -0.9882 0.0349 -0.1490
vn -0.5788 -0.8040 -0.1363
vn -0.1396 0.0424 0.9893
vn -0.5774 -0.5773 0.5774
vn 0.0205 -0.7081 0.7058
vn -0.9819 -0.1853 -0.0383
vn -0.5936 -0.1379 0.7929
vn 0.0634 -0.9828 0.1737
vn -0.8040 -0.5788 0.1363
vn -0.1935 -0.0469 -0.9800
vn -0.5773 0.5774 -0.5774
vn -0.0067 0.7081 -0.7061
vn -0.9858 0.1561 0.0625
vn -0.5716 0.1355 -0.8093
vn 0.0349 0.9882 -0.1490
vn -0.8040 0.5788 -0.1364
vn -0.9827 -0.0637 0.1740
vn -0.7059 0.7082 -0.0119
vn 0.0427 0.1393 0.9893
vn -0.8093 0.1356 0.5716
vn -0.1852 0.9819 -0.0383
vn -0.0427 0.1394 -0.9893
vn 0.5773 0.5774 -0.5774
vn 0.7082 -0.0208 -0.7058
vn 0.1852 0.9819 0.0383
vn 0.1378 0.5936 -0.7929
vn 0.9827 -0.0637 -0.1740
vn 0.5787 0.8041 -0.1363
vn 0.1935 -0.0469 0.9800
vn 0.9858 0.1561 -0.0625
vn 0.5716 0.1356 0.8093
vn -0.0349 0.9882 0.1490
vn 0.8040 0.5787 0.1364
vn 0.0427 -0.1394 -0.9893
vn -0.7082 0.0208 -0.7058
vn -0.1852 -0.9819 0.0383
vn -0.1378 -0.5936 -0.7929
vn -0.9827 0.0637 -0.1740
vn -0.5787 -0.8040 -0.1364
vn -0.1935 0.0469 0.9800
vn -0.5773 -0.5773 0.5774
vn -0.0068 -0.7081 0.7061
vn -0.9858 -0.1561 -0.0625
vn -0.5716 -0.1356 0.8093
vn 0.0349 -0.9882 0.1490
vn -0.8040 -0.5787 0.1364
vn 0.1935 0.0468 -0.9800
vn 0.0067 -0.7081 -0.7061
vn 0.9858 -0.1561 0.0625
vn 0.5716 -0.1355 -0.8093
vn -0.0349 -0.9882 -0.1490
vn 0.8040 -0.5788 -0.1363
vn -0.0427 -0.1393 0.9893
vn 0.7081 0.0208 0.7058
vn 0.1853 -0.9819 -0.0383
vn 0.9827 0.0637 0.1740
vn 0.5787 -0.8040 0.1364
vn -0.1727 0.0970 -0.9802
vn -0.0331 0.8158 -0.5774
vn 0.4751 0.5252 -0.7060
vn -0.6184 0.7834 0.0620
vn -0.3275 0.4861 -0.8102
vn 0.6956 0.7028 -0.1490
vn -0.1989 0.9705 -0.1364
vn -0.7653 0.6199 0.1733
vn -0.0331 0.8158 0.5774
vn -0.0390 0.9992 -0.0118
vn 0.1261 0.0743 0.9892
vn -0.5021 0.6475 0.5733
vn 0.5294 0.8475 -0.0383
vn 0.3013 0.5304 0.7924
vn 0.0640 0.1316 -0.9892
vn 0.8158 0.0332 -0.5774
vn 0.5070 -0.4948 -0.7058
vn 0.8017 0.5964 0.0383
vn 0.5037 0.3431 -0.7929
vn 0.6800 -0.7125 -0.1733
vn 0.9705 0.1989 -0.1363
vn 0.1104 -0.1647 0.9801
vn 0.8158 0.0332 0.5774
vn 0.4841 0.5168 0.7061
vn 0.8310 -0.5528 -0.0620
vn 0.5126 -0.2880 0.8089
vn 0.6441 0.7503 0.1489
vn 0.9834 -0.1194 0.1363
vn -0.0638 -0.1317 -0.9892
vn -0.8158 -0.0332 -0.5774
vn -0.5080 0.4938 -0.7058
vn -0.8017 -0.5964 0.0383
vn -0.5030 -0.3424 -0.7936
vn -0.6800 0.7125 -0.1733
vn -0.9705 -0.1989 -0.1364
vn -0.1107 0.1643 0.9802
vn -0.8158 -0.0332 0.5774
vn -0.4855 -0.5155 0.7061
vn -0.8310 0.5528 -0.0620
vn -0.5111 0.2869 0.8102
vn -0.6441 -0.7503 0.1490
vn -0.9834 0.1194 0.1363
vn 0.1730 -0.0968 -0.9802
vn 0.0332 -0.8158 -0.5774
vn -0.4744 -0.5258 -0.7060
vn 0.6185 -0.7834 0.0620
vn 0.3288 -0.4875 -0.8089
vn -0.6955 -0.7029 -0.1490
vn 0.1989 -0.9705 -0.1363
vn -0.1260 -0.0744 0.9892
vn 0.0331 -0.8158 0.5773
vn 0.5342 -0.4653 0.7058
vn -0.5294 -0.8475 -0.0383
vn -0.3004 -0.5291 0.7936
vn 0.7653 -0.6199 0.1733
vn -0.1194 -0.9834 0.1363
vn -0.0567 0.1889 -0.9804
vn 0.5415 0.6111 -0.5774
vn 0.7065 0.0482 -0.7060
vn 0.0981 0.9933 0.0618
vn 0.1010 0.5812 -0.8075
vn 0.9885 0.0246 -0.1490
vn 0.5292 0.8375 -0.1363
vn -0.1210 0.9776 0.1724
vn 0.5415 0.6111 0.5774
vn 0.6644 0.7473 -0.0118
vn 0.1434 -0.0331 0.9891
vn 0.0869 0.8142 0.5740
vn 0.9690 0.2440 -0.0383
vn 0.5833 0.1732 0.7936
vn 0.1384 0.0499 -0.9891
vn 0.6110 -0.5415 -0.5774
vn 0.0249 -0.7080 -0.7058
vn 0.9913 -0.1258 0.0383
vn 0.6015 -0.1020 -0.7923
vn -0.0026 -0.9850 -0.1724
vn 0.8374 -0.5293 -0.1363
vn -0.0335 -0.1943 0.9804
vn 0.6110 -0.5416 0.5774
vn 0.7073 0.0349 0.7061
vn 0.2169 -0.9743 -0.0614
vn 0.1700 -0.5636 0.8083
vn 0.9843 0.0943 0.1490
vn 0.6261 -0.7677 0.1364
vn -0.1385 -0.0496 -0.9891
vn -0.6110 0.5415 -0.5774
vn -0.0213 0.7082 -0.7057
vn -0.9913 0.1257 0.0383
vn -0.6009 0.1019 -0.7928
vn 0.0024 0.9850 -0.1724
vn -0.8374 0.5293 -0.1364
vn 0.0333 0.1943 0.9804
vn -0.6111 0.5415 0.5774
vn -0.7072 -0.0370 0.7061
vn -0.2169 0.9743 -0.0614
vn -0.1697 0.5619 0.8096
vn -0.9843 -0.0945 0.1490
vn -0.6261 0.7677 0.1364
vn 0.0565 -0.1889 -0.9804
vn -0.5415 -0.6111 -0.5774
vn -0.7064 -0.0494 -0.7061
vn -0.0982 -0.9933 0.0614
vn -0.1009 -0.5783 -0.8096
vn -0.9885 -0.0247 -0.1490
vn -0.5292 -0.8375 -0.1363
vn -0.1433 0.0327 0.9891
vn -0.5415 -0.6111 0.5774
vn 0.0618 -0.7057 0.7058
vn -0.9690 -0.2440 -0.0383
vn -0.5848 -0.1734 0.7924
vn 0.1210 -0.9776 0.1724
vn -0.7677 -0.6261 0.1364
vn 0.1107 0.1643 -0.9802
vn 0.8158 -0.0332 -0.5774
vn 0.4855 -0.5155 -0.7061
vn 0.8310 0.5528 0.0620
vn 0.5111 0.2870 -0.8102
vn 0.6441 -0.7503 -0.1490
vn 0.9834 0.1195 -0.1363
vn 0.6800 0.7124 0.1733
vn 0.8158 -0.0332 0.5774
vn 0.9990 -0.0423 -0.0118
vn 0.0639 -0.1316 0.9892
vn 0.6867 0.4485 0.5721
vn 0.8018 -0.5964 -0.0383
vn 0.5030 -0.3424 0.7936
vn 0.1260 -0.0744 -0.9892
vn -0.0332 -0.8158 -0.5774
vn -0.5343 -0.4652 -0.7057
vn 0.5294 -0.8475 0.0383
vn 0.3004 -0.5291 -0.7936
vn -0.7653 -0.6199 -0.1733
vn 0.1194 -0.9834 -0.1363
vn -0.1730 -0.0968 0.9802
vn -0.0331 -0.8158 0.5773
vn 0.4743 -0.5258 0.7061
vn -0.6184 -0.7834 -0.0620
vn -0.3287 -0.4875 0.8089
vn 0.6955 -0.7029 0.1490
vn -0.1989 -0.9705 0.1364
vn -0.1261 0.0743 -0.9892
vn 0.0332 0.8158 -0.5774
vn 0.5334 0.4663 -0.7058
vn -0.5294 0.8475 0.0383
vn -0.3010 0.5299 -0.7928
vn 0.7653 0.6199 -0.1733
vn -0.1194 0.9834 -0.1362
vn 0.1730 0.0967 0.9802
vn 0.0332 0.8158 0.5773
vn -0.4758 0.5244 0.7061
vn 0.6184 0.7834 -0.0620
vn 0.3287 0.4875 0.8089
vn -0.6956 0.7029 0.1489
vn 0.1989 0.9705 0.1363
vn -0.1105 -0.1646 -0.9802
vn -0.8158 0.0332 -0.5774
vn -0.4849 0.5161 -0.7061
vn -0.8310 -0.5528 0.0620
vn -0.5125 -0.2881 -0.8089
vn -0.6441 0.7503 -0.1490
vn -0.9834 -0.1195 -0.1363
vn -0.0640 0.1315 0.9892
vn -0.8158 0.0332 0.5774
vn -0.5071 -0.4947 0.7058
vn -0.8018 0.5964 -0.0383
vn -0.5042 0.3434 0.7924
vn -0.6800 -0.7124 0.1733
vn -0.9705 0.1989 0.1364
vn -0.0332 0.1943 -0.9804
vn 0.6111 0.5415 -0.5774
vn 0.7073 -0.0350 -0.7061
vn 0.2169 0.9742 0.0618
vn 0.1699 0.5637 -0.8083
vn 0.9843 -0.0944 -0.1490
vn 0.6261 0.7677 -0.1364
vn -0.0026 0.9850 0.1724
vn 0.6110 0.5416 0.5774
vn 0.7494 0.6620 -0.0118
vn 0.1383 -0.0500 0.9891
vn 0.1842 0.7978 0.5741
vn 0.9913 0.1258 -0.0383
vn 0.6008 0.1019 0.7928
vn 0.1434 0.0328 -0.9891
vn 0.5415 -0.6111 -0.5774
vn -0.0639 -0.7056 -0.7057
vn 0.9690 -0.2440 0.0383
vn 0.5833 -0.1732 -0.7936
vn -0.1208 -0.9776 -0.1724
vn 0.7677 -0.6261 -0.1363
vn -0.0568 -0.1888 0.9804
vn 0.5415 -0.6111 0.5774
vn 0.7064 -0.0494 0.7061
vn 0.0982 -0.9933 -0.0614
vn 0.1010 -0.5800 0.8083
vn 0.9885 -0.0247 0.1490
vn 0.5292 -0.8374 0.1363
vn -0.1434 -0.0331 -0.9891
vn -0.5415 0.6111 -0.5774
vn 0.0618 0.7058 -0.7057
vn -0.9690 0.2440 0.0383
vn -0.5833 0.1732 -0.7936
vn 0.1208 0.9776 -0.1724
vn -0.7677 0.6261 -0.1364
vn 0.0565 0.1888 0.9804
vn -0.5415 0.6111 0.5774
vn -0.7064 0.0494 0.7061
vn -0.0982 0.9933 -0.0614
vn -0.1009 0.5783 0.8096
vn -0.9885 0.0247 0.1490
vn -0.5292 0.8375 0.1363
vn 0.0335 -0.1943 -0.9804
vn -0.6111 -0.5415 -0.5774
vn -0.7073 0.0350 -0.7061
vn -0.2169 -0.9742 0.0618
vn -0.1701 -0.5648 -0.8075
vn -0.9843 0.0943 -0.1490
vn -0.6261 -0.7677 -0.1363
vn -0.1384 0.0496 0.9891
vn -0.6110 -0.5415 0.5774
vn -0.0235 -0.7080 0.7058
vn -0.9913 -0.1257 -0.0383
vn -0.6008 -0.1019 0.7929
vn 0.0026 -0.9850 0.1724
vn -0.8374 -0.5293 0.1363
vn 0.0275 -0.9870 0.1580
vn -0.1940 -0.0474 -0.9799
vn -0.0076 0.7081 -0.7061
vn -0.1378 0.5936 0.7929
vn 0.9876 -0.1477 0.0538
vn 0.5723 -0.1357 -0.8088
vn -0.0431 0.1388 -0.9894
vn 0.7082 -0.0236 -0.7057
vn 0.1378 0.5926 -0.7936
vn 0.9814 -0.0561 -0.1836
vn -0.1355 -0.5713 -0.8094
vn -0.9870 0.0275 -0.1581
vn -0.5773 -0.5774 0.5774
vn -0.5936 0.1380 -0.7929
vn -0.1356 0.5713 0.8094
vn -0.9871 -0.0275 0.1580
vn 0.5773 -0.5773 0.5774
vn 0.1356 0.5713 -0.8094
vn 0.5773 0.5773 0.5774
vn 0.5936 0.1379 0.7929
vn -0.1355 -0.5718 -0.8092
vn -0.7082 -0.7059 -0.0118
vn -0.1357 -0.8091 0.5718
vn -0.9819 -0.1852 -0.0384
vn -0.1397 -0.0424 -0.9893
vn -0.5937 0.1378 -0.7928
vn -0.8041 0.5787 -0.1364
vn -0.1564 0.9857 -0.0623
vn -0.1356 0.5717 0.8092
vn 0.1397 0.0424 -0.9893
vn 0.5937 -0.1378 -0.7928
vn 0.8041 -0.5787 -0.1363
vn 0.5774 -0.5773 0.5773
vn 0.1564 -0.9857 -0.0624
vn 0.5788 -0.8040 0.1363
vn 0.1355 0.5718 -0.8091
vn -0.0205 0.7081 0.7058
vn 0.9819 0.1852 -0.0384
vn 0.8040 0.5787 0.1363
vn 0.5773 -0.5774 -0.5774
vn 0.5716 -0.1356 -0.8093
vn 0.8040 -0.5787 -0.1363
vn 0.5773 -0.5774 0.5774
vn 0.7059 -0.7082 -0.0118
vn 0.8093 -0.1356 0.5716
vn 0.1852 -0.9819 -0.0383
vn -0.7081 0.0209 -0.7058
vn -0.9827 0.0639 -0.1740
vn -0.5798 -0.8033 -0.1364
vn -0.9858 -0.1561 -0.0624
vn -0.5715 -0.1356 0.8093
vn -0.8051 -0.5773 0.1362
vn 0.5774 0.5773 -0.5774
vn 0.7081 -0.0209 -0.7058
vn 0.5787 0.8040 -0.1364
vn 0.5715 0.1356 0.8093
vn 0.8040 0.5788 0.1363
vn -0.1935 -0.0468 -0.9800
vn -0.8040 0.5787 -0.1364
vn 0.0427 0.1394 0.9893
vn -0.7081 -0.0208 0.7058
vn -0.5787 0.8040 0.1364
vn -0.1104 -0.1647 -0.9801
vn -0.4850 0.5160 -0.7061
vn -0.8309 -0.5528 0.0624
vn -0.5135 -0.2888 -0.8080
vn -0.6441 0.7503 -0.1489
vn -0.9834 -0.1194 -0.1363
vn -0.6800 -0.7125 0.1733
vn -0.9990 0.0423 -0.0118
vn -0.0638 0.1317 0.9892
vn -0.6861 -0.4478 0.5733
vn -0.8017 0.5964 -0.0383
vn -0.5031 0.3423 0.7935
vn -0.1259 0.0746 -0.9892
vn 0.0331 0.8158 -0.5774
vn 0.5358 0.4636 -0.7057
vn -0.3011 0.5299 -0.7928
vn 0.7651 0.6201 -0.1733
vn -0.1195 0.9834 -0.1363
vn 0.1727 0.0970 0.9802
vn 0.0331 0.8158 0.5774
vn -0.4744 0.5258 0.7061
vn 0.3275 0.4861 0.8102
vn -0.6955 0.7029 0.1490
vn 0.1259 -0.0746 -0.9892
vn -0.5358 -0.4636 -0.7057
vn 0.3011 -0.5299 -0.7928
vn -0.7651 -0.6201 -0.1733
vn -0.1728 -0.0969 0.9802
vn 0.4749 -0.5253 0.7061
vn -0.3274 -0.4862 0.8102
vn 0.6955 -0.7029 0.1489
vn -0.1989 -0.9705 0.1363
vn 0.1104 0.1647 -0.9801
vn 0.4850 -0.5160 -0.7061
vn 0.8310 0.5528 0.0624
vn 0.5135 0.2888 -0.8080
vn 0.9834 0.1194 -0.1363
vn 0.0639 -0.1317 0.9892
vn 0.5081 0.4937 0.7058
vn 0.8017 -0.5965 -0.0383
vn 0.5037 -0.3430 0.7928
vn 0.6800 0.7125 0.1733
vn 0.9705 -0.1989 0.1363
vn 0.0332 -0.1943 -0.9804
vn -0.6110 -0.5415 -0.5774
vn -0.7073 0.0351 -0.7061
vn -0.2169 -0.9743 0.0614
vn -0.1696 -0.5620 -0.8096
vn -0.9843 0.0944 -0.1490
vn -0.6261 -0.7677 -0.1364
vn -0.6111 -0.5415 0.5773
vn -0.7494 -0.6620 -0.0119
vn -0.1841 -0.7987 0.5729
vn -0.9913 -0.1257 -0.0384
vn -0.6015 -0.1019 0.7924
vn -0.1434 -0.0327 -0.9891
vn -0.5414 0.6111 -0.5774
vn 0.0618 0.7057 -0.7058
vn 0.1211 0.9776 -0.1724
vn -0.7677 0.6261 -0.1363
vn 0.0565 0.1889 0.9804
vn -0.7065 0.0483 0.7061
vn -0.0982 0.9933 -0.0618
vn -0.1010 0.5800 0.8083
vn -0.9885 0.0246 0.1490
vn -0.5293 0.8374 0.1363
vn 0.1433 0.0330 -0.9891
vn -0.0604 -0.7058 -0.7058
vn -0.1210 -0.9776 -0.1724
vn 0.7065 -0.0483 0.7061
vn 0.9885 -0.0246 0.1490
vn 0.5292 -0.8375 0.1363
vn -0.0335 0.1943 -0.9804
vn 0.6110 0.5415 -0.5774
vn 0.7073 -0.0351 -0.7061
vn 0.2169 0.9743 0.0614
vn 0.6261 0.7677 -0.1363
vn 0.1384 -0.0500 0.9891
vn 0.6111 0.5415 0.5773
vn 0.0235 0.7080 0.7058
vn 0.9913 0.1257 -0.0383
vn 0.6015 0.1019 0.7923
vn -0.0023 0.9850 0.1724
vn 0.8375 0.5292 0.1363
vn 0.1731 -0.0968 -0.9801
vn -0.4758 -0.5244 -0.7061
vn 0.6184 -0.7834 0.0620
vn -0.6956 -0.7028 -0.1489
vn 0.0332 -0.8158 0.5773
vn 0.0390 -0.9992 -0.0118
vn -0.1260 -0.0745 0.9892
vn 0.5027 -0.6480 0.5721
vn -0.3010 -0.5299 0.7929
vn -0.0641 -0.1315 -0.9892
vn -0.5070 0.4948 -0.7058
vn -0.5042 -0.3435 -0.7924
vn -0.6799 0.7125 -0.1733
vn -0.9705 -0.1989 -0.1363
vn -0.1104 0.1646 0.9802
vn -0.4850 -0.5159 0.7061
vn -0.8310 0.5527 -0.0620
vn -0.5126 0.2880 0.8089
vn -0.6442 -0.7502 0.1489
vn 0.0641 0.1315 -0.9892
vn 0.5069 -0.4948 -0.7058
vn 0.5042 0.3435 -0.7923
vn 0.6799 -0.7125 -0.1733
vn 0.1105 -0.1645 0.9802
vn 0.4855 0.5154 0.7061
vn 0.6442 0.7502 0.1490
vn -0.1731 0.0968 -0.9801
vn -0.0332 0.8158 -0.5774
vn 0.4758 0.5244 -0.7061
vn -0.3288 0.4875 -0.8089
vn 0.6956 0.7029 -0.1489
vn -0.1989 0.9705 -0.1363
vn 0.1260 0.0744 0.9892
vn -0.0331 0.8158 0.5773
vn -0.5342 0.4652 0.7058
vn 0.3004 0.5291 0.7936
vn 0.1195 0.9834 0.1363
vn 0.0566 -0.1889 -0.9804
vn -0.7064 -0.0495 -0.7061
vn -0.0982 -0.9933 0.0618
vn -0.1010 -0.5812 -0.8075
vn -0.9885 -0.0246 -0.1489
vn -0.5293 -0.8374 -0.1363
vn -0.6644 -0.7473 -0.0118
vn -0.1433 0.0330 0.9891
vn -0.0869 -0.8142 0.5741
vn -0.9690 -0.2440 -0.0384
vn -0.5842 -0.1734 0.7929
vn -0.1384 -0.0498 -0.9891
vn -0.0234 0.7081 -0.7058
vn -0.9913 0.1258 0.0383
vn -0.6009 0.1018 -0.7928
vn 0.0026 0.9850 -0.1724
vn -0.8374 0.5293 -0.1363
vn -0.6111 0.5415 0.5773
vn -0.7072 -0.0358 0.7061
vn -0.9843 -0.0944 0.1490
vn -0.6261 0.7677 0.1363
vn 0.1385 0.0496 -0.9891
vn 0.0213 -0.7082 -0.7057
vn 0.6009 -0.1018 -0.7928
vn -0.0023 -0.9850 -0.1725
vn -0.0333 -0.1943 0.9804
vn 0.6111 -0.5415 0.5773
vn 0.7072 0.0358 0.7061
vn 0.1697 -0.5619 0.8096
vn 0.9843 0.0943 0.1489
vn 0.6261 -0.7677 0.1363
vn -0.0568 0.1889 -0.9804
vn 0.7064 0.0494 -0.7061
vn 0.0982 0.9933 0.0614
vn 0.1009 0.5800 -0.8083
vn 0.9885 0.0247 -0.1490
vn 0.5292 0.8374 -0.1364
vn 0.1433 -0.0330 0.9891
vn -0.0604 0.7058 0.7058
vn 0.9690 0.2440 -0.0384
vn 0.5842 0.1734 0.7929
vn 0.7677 0.6261 0.1363
vt 0.155000 0.748342
vt 0.137679 0.750000
vt 0.125000 0.748342
vt 0.396096 0.970000
vt 0.383916 1.000000
vt 0.375000 0.970000
vt 0.396095 0.001658
vt 0.375000 0.000701
vt 0.396095 0.000000
vt 0.603905 0.970000
vt 0.625000 0.987321
vt 0.603904 1.000000
vt 0.845000 0.748342
vt 0.875000 0.749299
vt 0.845000 0.750000
vt 0.603904 0.001658
vt 0.616084 0.000000
vt 0.625000 0.001658
vt 0.155000 0.501658
vt 0.125000 0.500701
vt 0.155000 0.500000
vt 0.396095 0.248342
vt 0.379458 0.256340
vt 0.375000 0.248342
vt 0.396095 0.280000
vt 0.396095 0.250000
vt 0.845000 0.501658
vt 0.862321 0.500000
vt 0.875000 0.501658
vt 0.603905 0.280000
vt 0.620542 0.249650
vt 0.625000 0.280000
vt 0.603905 0.248342
vt 0.603904 0.250000
vt 0.345000 0.748342
vt 0.377972 0.753993
vt 0.360000 0.765000
vt 0.396095 0.748342
vt 0.375000 0.748342
vt 0.396095 0.780000
vt 0.396095 0.750000
vt 0.655000 0.748342
vt 0.626255 0.749766
vt 0.625000 0.748342
vt 0.603905 0.780000
vt 0.640000 0.765000
vt 0.603905 0.748342
vt 0.603904 0.750000
vt 0.345000 0.501658
vt 0.373745 0.500234
vt 0.375000 0.501658
vt 0.396095 0.470000
vt 0.360000 0.485000
vt 0.396096 0.501658
vt 0.396095 0.500000
vt 0.655000 0.501658
vt 0.622028 0.496007
vt 0.640000 0.485000
vt 0.603904 0.501658
vt 0.625000 0.501658
vt 0.603905 0.470000
vt 0.603904 0.500000
vt 0.125000 0.501658
vt 0.375000 0.001658
vt 0.396095 1.000000
vt 0.603904 0.000000
vt 0.875000 0.748342
vt 0.625000 0.248342
vt 0.375000 0.280000
vt 0.845000 0.500000
vt 0.155000 0.750000
vt 0.625000 0.970000
vt 0.127046 0.720000
vt 0.125865 0.750000
vt 0.125000 0.720000
vt 0.396095 0.997954
vt 0.375000 0.997954
vt 0.396096 0.030000
vt 0.375000 0.012679
vt 0.396095 0.000000
vt 0.603904 0.997954
vt 0.625000 0.999135
vt 0.603904 1.000000
vt 0.872954 0.720000
vt 0.875000 0.737321
vt 0.872954 0.750000
vt 0.603905 0.030000
vt 0.625000 0.030000
vt 0.127046 0.530000
vt 0.125000 0.512679
vt 0.127046 0.500000
vt 0.396095 0.220000
vt 0.379458 0.250432
vt 0.375000 0.220000
vt 0.396095 0.252046
vt 0.396095 0.250000
vt 0.872954 0.530000
vt 0.874135 0.500000
vt 0.875000 0.530000
vt 0.603905 0.252046
vt 0.620542 0.243660
vt 0.625000 0.252046
vt 0.603905 0.220000
vt 0.603904 0.250000
vt 0.372954 0.720000
vt 0.377972 0.746062
vt 0.373977 0.751023
vt 0.396095 0.720000
vt 0.375000 0.720000
vt 0.396095 0.752046
vt 0.396095 0.750000
vt 0.627046 0.720000
vt 0.622316 0.745773
vt 0.625000 0.720000
vt 0.603905 0.752046
vt 0.626023 0.751023
vt 0.603905 0.720000
vt 0.603904 0.750000
vt 0.372954 0.530000
vt 0.377684 0.504226
vt 0.375000 0.530000
vt 0.396095 0.497954
vt 0.373977 0.498977
vt 0.396096 0.530000
vt 0.396095 0.500000
vt 0.627046 0.530000
vt 0.622028 0.503938
vt 0.626023 0.498977
vt 0.603905 0.530000
vt 0.625000 0.530000
vt 0.603905 0.497954
vt 0.603904 0.500000
vt 0.125000 0.530000
vt 0.375000 0.030000
vt 0.396095 1.000000
vt 0.875000 0.720000
vt 0.625000 0.220000
vt 0.375000 0.252046
vt 0.872954 0.500000
vt 0.127046 0.750000
vt 0.625000 0.997954
vt 0.127624 0.720000
vt 0.126109 0.750000
vt 0.125000 0.720000
vt 0.387426 0.997376
vt 0.380252 1.000000
vt 0.375000 0.997376
vt 0.387426 0.030000
vt 0.375000 0.012679
vt 0.387426 0.000000
vt 0.612574 0.997376
vt 0.625000 0.998891
vt 0.612574 1.000000
vt 0.872376 0.720000
vt 0.875000 0.737320
vt 0.872376 0.750000
vt 0.612574 0.030000
vt 0.619748 0.000000
vt 0.625000 0.030000
vt 0.127624 0.530000
vt 0.127624 0.500000
vt 0.387426 0.220000
vt 0.377626 0.250554
vt 0.375000 0.220000
vt 0.387426 0.252624
vt 0.387426 0.250000
vt 0.872376 0.530000
vt 0.873891 0.500000
vt 0.875000 0.530000
vt 0.612574 0.252624
vt 0.622374 0.243660
vt 0.625000 0.252624
vt 0.612574 0.220000
vt 0.612574 0.250000
vt 0.372376 0.720000
vt 0.376751 0.746143
vt 0.373688 0.751312
vt 0.387426 0.720000
vt 0.375000 0.720000
vt 0.387426 0.752624
vt 0.387426 0.750000
vt 0.627624 0.720000
vt 0.623619 0.745773
vt 0.625000 0.720000
vt 0.612574 0.752624
vt 0.626312 0.751312
vt 0.612574 0.720000
vt 0.612574 0.750000
vt 0.372376 0.530000
vt 0.376381 0.504226
vt 0.387426 0.497376
vt 0.373688 0.498688
vt 0.387426 0.530000
vt 0.387426 0.500000
vt 0.627624 0.530000
vt 0.623249 0.503857
vt 0.626312 0.498688
vt 0.612574 0.530000
vt 0.625000 0.530000
vt 0.612574 0.497376
vt 0.612574 0.500000
vt 0.375000 0.030000
vt 0.387426 1.000000
vt 0.612574 0.000000
vt 0.625000 0.220000
vt 0.375000 0.252624
vt 0.872376 0.500000
vt 0.127624 0.750000
vt 0.625000 0.997376
vt 0.127290 0.720000
vt 0.125968 0.750000
vt 0.387426 0.997710
vt 0.375000 0.997710
vt 0.387426 0.030000
vt 0.612574 0.997710
vt 0.625000 0.999032
vt 0.612574 1.000000
vt 0.872710 0.720000
vt 0.872710 0.750000
vt 0.612574 0.030000
vt 0.625000 0.030000
vt 0.127290 0.530000
vt 0.127290 0.500000
vt 0.377626 0.250484
vt 0.375000 0.220000
vt 0.387426 0.252290
vt 0.872710 0.530000
vt 0.874032 0.500000
vt 0.612574 0.252290
vt 0.622374 0.243660
vt 0.625000 0.252290
vt 0.612574 0.220000
vt 0.372710 0.720000
vt 0.376751 0.746096
vt 0.373855 0.751145
vt 0.387426 0.752290
vt 0.627290 0.720000
vt 0.623572 0.745774
vt 0.625000 0.720000
vt 0.612574 0.752290
vt 0.626145 0.751145
vt 0.612574 0.750000
vt 0.372710 0.530000
vt 0.376428 0.504227
vt 0.375000 0.530000
vt 0.387426 0.497710
vt 0.373855 0.498855
vt 0.387426 0.530000
vt 0.627290 0.530000
vt 0.623249 0.503904
vt 0.626145 0.498855
vt 0.625000 0.530000
vt 0.612574 0.497710
vt 0.612574 0.500000
vt 0.375000 0.030000
vt 0.875000 0.720000
vt 0.625000 0.220000
vt 0.375000 0.252290
vt 0.872710 0.500000
vt 0.127290 0.750000
vt 0.625000 0.997710
vt 0.128155 0.720000
vt 0.126334 0.750000
vt 0.387426 0.996845
vt 0.375000 0.996845
vt 0.387426 0.000000
vt 0.612574 0.996845
vt 0.625000 0.998666
vt 0.612574 1.000000
vt 0.871845 0.720000
vt 0.871845 0.750000
vt 0.128155 0.530000
vt 0.128155 0.500000
vt 0.387426 0.220000
vt 0.377626 0.250667
vt 0.375000 0.220000
vt 0.387426 0.253155
vt 0.871845 0.530000
vt 0.873666 0.500000
vt 0.612574 0.253155
vt 0.622374 0.243660
vt 0.625000 0.253155
vt 0.612574 0.250000
vt 0.371845 0.720000
vt 0.376751 0.746218
vt 0.373422 0.751577
vt 0.387426 0.720000
vt 0.375000 0.720000
vt 0.387426 0.753155
vt 0.387426 0.750000
vt 0.628155 0.720000
vt 0.623694 0.745774
vt 0.612574 0.753155
vt 0.626578 0.751578
vt 0.612574 0.720000
vt 0.612574 0.750000
vt 0.371845 0.530000
vt 0.376306 0.504226
vt 0.375000 0.530000
vt 0.387426 0.496845
vt 0.373422 0.498422
vt 0.387426 0.500000
vt 0.628155 0.530000
vt 0.623249 0.503782
vt 0.626578 0.498422
vt 0.612574 0.496845
vt 0.387426 1.000000
vt 0.375000 0.253155
vt 0.871845 0.500000
vt 0.128155 0.750000
vt 0.625000 0.996845
vt 0.129294 0.720000
vt 0.126815 0.750000
vt 0.387426 0.995706
vt 0.375000 0.995706
vt 0.387426 0.030000
vt 0.612574 0.995706
vt 0.625000 0.998185
vt 0.870706 0.720000
vt 0.870706 0.750000
vt 0.612574 0.030000
vt 0.129294 0.530000
vt 0.129294 0.500000
vt 0.387426 0.220000
vt 0.377626 0.250907
vt 0.387426 0.254294
vt 0.870706 0.530000
vt 0.873185 0.500000
vt 0.612574 0.254294
vt 0.622374 0.243660
vt 0.625000 0.254294
vt 0.370706 0.720000
vt 0.376751 0.746378
vt 0.372853 0.752147
vt 0.387426 0.720000
vt 0.387426 0.754294
vt 0.387426 0.750000
vt 0.629294 0.720000
vt 0.623854 0.745773
vt 0.612574 0.754294
vt 0.627147 0.752147
vt 0.612574 0.720000
vt 0.370706 0.530000
vt 0.376146 0.504227
vt 0.375000 0.530000
vt 0.387426 0.495706
vt 0.372853 0.497853
vt 0.387426 0.530000
vt 0.387426 0.500000
vt 0.629294 0.530000
vt 0.623249 0.503622
vt 0.627147 0.497853
vt 0.612574 0.530000
vt 0.625000 0.530000
vt 0.612574 0.495706
vt 0.625000 0.220000
vt 0.375000 0.254294
vt 0.870706 0.500000
vt 0.129294 0.750000
vt 0.625000 0.995706
vt 0.128155 0.530000
vt 0.387426 0.253155
vt 0.612574 0.253155
vt 0.371845 0.720000
vt 0.387426 0.753155
vt 0.628155 0.720000
vt 0.612574 0.753155
vt 0.129294 0.720000
vt 0.387426 0.030000
vt 0.870706 0.720000
vt 0.129294 0.530000
vt 0.387426 0.250000
vt 0.870706 0.530000
vt 0.387426 0.754294
vt 0.629294 0.720000
vt 0.627147 0.752147
vt 0.370706 0.530000
vt 0.387426 0.500000
vt 0.629294 0.530000
vt 0.623249 0.503622
vt 0.612574 0.495706
vt 0.375000 0.030000
vt 0.155000 0.748342
vt 0.396095 0.970000
vt 0.396096 0.001658
vt 0.603905 0.970000
vt 0.603905 0.001658
vt 0.396095 0.248342
vt 0.396095 0.280000
vt 0.603905 0.280000
vt 0.603905 0.248342
vt 0.377972 0.753993
vt 0.396095 0.780000
vt 0.655000 0.748342
vt 0.625000 0.748342
vt 0.640000 0.765000
vt 0.603905 0.748342
vt 0.373745 0.500234
vt 0.396095 0.470000
vt 0.396095 0.501658
vt 0.396095 0.500000
vt 0.655000 0.501658
vt 0.603905 0.501658
vt 0.625000 0.501658
vt 0.127624 0.720000
vt 0.387426 0.997376
vt 0.387426 0.030000
vt 0.612574 0.997376
vt 0.872376 0.720000
vt 0.127624 0.530000
vt 0.872376 0.530000
vt 0.612574 0.252624
vt 0.387426 0.752624
vt 0.623619 0.745773
vt 0.612574 0.752624
vt 0.626312 0.751312
vt 0.612574 0.720000
vt 0.372376 0.530000
vt 0.387426 0.497376
vt 0.627624 0.530000
vt 0.626312 0.498688
vt 0.625000 0.530000
vt 0.127290 0.720000
vt 0.387426 0.252290
vt 0.872710 0.530000
vt 0.612574 0.752290
vt 0.871845 0.720000
vt 0.371845 0.530000
vt 0.628155 0.530000
vt 0.626577 0.498422
vt 0.870706 0.530000
vt 0.387426 0.754294
vt 0.629294 0.530000
vt 0.627147 0.497853
vt 0.871845 0.720000
vt 0.387426 0.250000
vt 0.387426 0.720000
vt 0.387426 0.750000
vt 0.625000 0.720000
vt 0.626577 0.751577
vt 0.623249 0.503782
vt 0.626577 0.498422
vt 0.129294 0.720000
s 1
usemtl grate_front_left_cast_iron
f 1/1/1 5/2/2 7/3/3
f 2/4/4 5/5/2 4/6/5
f 3/7/6 5/8/2 6/9/7
f 8/10/8 12/11/9 14/12/10
f 9/13/11 12/14/9 11/15/12
f 10/16/13 12/17/9 13/18/14
f 15/19/15 19/20/16 21/21/17
f 16/22/18 19/23/16 18/24/19
f 17/25/20 19/23/16 20/26/21
f 22/27/22 26/28/23 28/29/24
f 23/30/25 26/31/23 25/32/26
f 24/33/27 26/31/23 27/34/28
f 29/35/29 33/36/30 35/37/31
f 30/38/32 33/36/30 32/39/33
f 31/40/34 33/36/30 34/41/35
f 36/42/36 40/43/37 42/44/38
f 37/45/39 40/43/37 39/46/40
f 38/47/41 40/43/37 41/48/42
f 43/49/43 47/50/44 49/51/45
f 44/52/46 47/50/44 46/53/47
f 45/54/48 47/50/44 48/55/49
f 50/56/50 54/57/51 56/58/52
f 51/59/53 54/57/51 53/60/54
f 52/61/55 54/57/51 55/62/56
f 1/1/1 18/63/19 15/19/15
f 7/64/3 16/22/18 18/24/19
f 8/10/8 6/65/7 2/4/4
f 14/66/10 3/7/6 6/9/7
f 22/27/22 13/67/14 9/13/11
f 28/68/24 10/16/13 13/18/14
f 17/25/20 27/34/28 23/30/25
f 20/26/21 24/33/27 27/34/28
f 15/19/15 46/53/47 43/49/43
f 21/69/17 44/52/46 46/53/47
f 50/56/50 25/70/26 22/27/22
f 56/58/52 23/30/25 25/32/26
f 45/54/48 55/62/56 51/59/53
f 48/55/49 52/61/55 55/62/56
f 43/49/43 32/39/33 29/35/29
f 49/51/45 30/38/32 32/39/33
f 36/42/36 53/60/54 50/56/50
f 42/44/38 51/59/53 53/60/54
f 31/40/34 41/48/42 37/45/39
f 34/41/35 38/47/41 41/48/42
f 29/35/29 4/71/5 1/1/1
f 35/37/31 2/4/4 4/6/5
f 9/13/11 39/46/40 36/42/36
f 11/72/12 37/45/39 39/46/40
f 43/49/43 1/1/1 15/19/15
f 10/16/13 16/22/18 3/7/6
f 37/45/39 2/4/4 31/40/34
f 22/27/22 36/42/36 50/56/50
f 23/30/25 44/52/46 17/25/20
f 51/59/53 30/38/32 45/54/48
f 57/73/57 61/74/2 63/75/58
f 58/76/59 61/5/2 60/77/60
f 59/78/61 61/79/2 62/80/62
f 64/81/63 68/82/64 70/83/10
f 65/84/65 68/85/64 67/86/66
f 66/87/67 68/17/64 69/88/68
f 71/89/69 75/90/16 77/91/70
f 72/92/71 75/93/16 74/94/72
f 73/95/73 75/93/16 76/96/21
f 78/97/74 82/98/75 84/99/76
f 79/100/77 82/101/75 81/102/78
f 80/103/79 82/101/75 83/104/80
f 85/105/81 89/106/30 91/107/82
f 86/108/83 89/106/30 88/109/84
f 87/110/85 89/106/30 90/111/35
f 92/112/86 96/113/87 98/114/88
f 93/115/89 96/113/87 95/116/90
f 94/117/91 96/113/87 97/118/92
f 99/119/93 103/120/44 105/121/94
f 100/122/95 103/120/44 102/123/96
f 101/124/97 103/120/44 104/125/49
f 106/126/98 110/127/99 112/128/100
f 107/129/101 110/127/99 109/130/102
f 108/131/103 110/127/99 111/132/104
f 57/73/57 74/133/72 71/89/69
f 63/134/58 72/92/71 74/94/72
f 64/81/63 62/135/62 58/76/59
f 70/66/10 59/78/61 62/80/62
f 78/97/74 69/136/68 65/84/65
f 84/137/76 66/87/67 69/88/68
f 73/95/73 83/104/80 79/100/77
f 76/96/21 80/103/79 83/104/80
f 71/89/69 102/123/96 99/119/93
f 77/138/70 100/122/95 102/123/96
f 106/126/98 81/139/78 78/97/74
f 112/128/100 79/100/77 81/102/78
f 101/124/97 111/132/104 107/129/101
f 104/125/49 108/131/103 111/132/104
f 99/119/93 88/109/84 85/105/81
f 105/121/94 86/108/83 88/109/84
f 92/112/86 109/130/102 106/126/98
f 98/114/88 107/129/101 109/130/102
f 87/110/85 97/118/92 93/115/89
f 90/111/35 94/117/91 97/118/92
f 85/105/81 60/140/60 57/73/57
f 91/107/82 58/76/59 60/77/60
f 65/84/65 95/116/90 92/112/86
f 67/141/66 93/115/89 95/116/90
f 99/119/93 57/73/57 71/89/69
f 66/87/67 72/92/71 59/78/61
f 93/115/89 58/76/59 87/110/85
f 78/97/74 92/112/86 106/126/98
f 79/100/77 100/122/95 73/95/73
f 107/129/101 86/108/83 101/124/97
f 113/142/105 117/143/44 119/144/94
f 114/145/106 117/146/44 116/147/107
f 115/148/108 117/149/44 118/150/109
f 120/151/110 124/152/99 126/153/111
f 121/154/112 124/155/99 123/156/113
f 122/157/114 124/158/99 125/159/115
f 127/160/116 131/90/30 133/161/117
f 128/162/118 131/163/30 130/164/119
f 129/165/120 131/163/30 132/166/121
f 134/167/122 138/168/87 140/169/88
f 135/170/123 138/171/87 137/172/124
f 136/173/125 138/171/87 139/174/126
f 141/175/127 145/176/16 147/177/128
f 142/178/129 145/176/16 144/179/130
f 143/180/131 145/176/16 146/181/132
f 148/182/133 152/183/134 154/184/76
f 149/185/135 152/183/134 151/186/136
f 150/187/137 152/183/134 153/188/138
f 155/189/139 159/190/140 161/121/58
f 156/191/141 159/190/140 158/192/142
f 157/193/143 159/190/140 160/194/144
f 162/195/145 166/196/146 168/197/147
f 163/198/148 166/196/146 165/199/149
f 164/200/150 166/196/146 167/201/151
f 113/142/105 130/133/119 127/160/116
f 119/202/94 128/162/118 130/164/119
f 120/151/110 118/203/109 114/145/106
f 126/204/111 115/148/108 118/150/109
f 134/167/122 125/136/115 121/154/112
f 140/205/88 122/157/114 125/159/115
f 129/165/120 139/174/126 135/170/123
f 132/166/121 136/173/125 139/174/126
f 127/160/116 158/192/142 155/189/139
f 133/206/117 156/191/141 158/192/142
f 162/195/145 137/207/124 134/167/122
f 168/197/147 135/170/123 137/172/124
f 157/193/143 167/201/151 163/198/148
f 160/194/144 164/200/150 167/201/151
f 155/189/139 144/179/130 141/175/127
f 161/121/58 142/178/129 144/179/130
f 148/182/133 165/199/149 162/195/145
f 154/184/76 163/198/148 165/199/149
f 143/180/131 153/188/138 149/185/135
f 146/181/132 150/187/137 153/188/138
f 141/175/127 116/208/107 113/142/105
f 147/177/128 114/145/106 116/147/107
f 121/154/112 151/186/136 148/182/133
f 123/209/113 149/185/135 151/186/136
f 155/189/139 113/142/105 127/160/116
f 122/157/114 128/162/118 115/148/108
f 149/185/135 114/145/106 143/180/131
f 134/167/122 148/182/133 162/195/145
f 135/170/123 156/191/141 129/165/120
f 163/198/148 142/178/129 157/193/143
f 169/210/152 173/211/153 175/75/154
f 170/212/155 173/146/153 172/213/156
f 171/214/157 173/149/153 174/150/158
f 176/215/159 180/216/134 182/217/160
f 177/218/161 180/155/134 179/219/162
f 178/220/163 180/158/134 181/221/26
f 183/222/164 187/90/165 189/223/166
f 184/162/167 187/224/165 186/225/168
f 185/226/169 187/224/165 188/166/170
f 190/227/171 194/228/51 196/169/52
f 191/229/172 194/230/51 193/231/173
f 192/232/174 194/230/51 195/174/175
f 197/233/176 201/234/2 203/235/177
f 198/178/178 201/234/2 200/179/179
f 199/236/180 201/234/2 202/181/181
f 204/237/182 208/238/183 210/239/184
f 205/240/185 208/238/183 207/241/186
f 206/187/187 208/238/183 209/242/188
f 211/243/189 215/244/30 217/245/190
f 212/246/191 215/244/30 214/247/192
f 213/248/193 215/244/30 216/194/194
f 218/249/195 222/250/87 224/251/196
f 219/198/197 222/250/87 221/252/40
f 220/253/198 222/250/87 223/254/199
f 169/210/152 186/133/168 183/222/164
f 175/255/154 184/162/167 186/225/168
f 176/215/159 174/203/158 170/212/155
f 182/204/160 171/214/157 174/150/158
f 190/227/171 181/256/26 177/218/161
f 196/257/52 178/220/163 181/221/26
f 185/226/169 195/174/175 191/229/172
f 188/166/170 192/232/174 195/174/175
f 183/222/164 214/247/192 211/243/189
f 189/258/166 212/246/191 214/247/192
f 218/249/195 193/259/173 190/227/171
f 224/251/196 191/229/172 193/231/173
f 213/248/193 223/254/199 219/198/197
f 216/194/194 220/253/198 223/254/199
f 211/243/189 200/179/179 197/233/176
f 217/245/190 198/178/178 200/179/179
f 204/237/182 221/252/40 218/249/195
f 210/239/184 219/198/197 221/252/40
f 199/236/180 209/242/188 205/240/185
f 202/181/181 206/187/187 209/242/188
f 197/233/176 172/260/156 169/210/152
f 203/235/177 170/212/155 172/213/156
f 177/218/161 207/241/186 204/237/182
f 179/261/162 205/240/185 207/241/186
f 211/243/189 169/210/152 183/222/164
f 178/220/163 184/162/167 171/214/157
f 205/240/185 170/212/155 199/236/180
f 190/227/171 204/237/182 218/249/195
f 191/229/172 212/246/191 185/226/169
f 219/198/197 198/178/178 213/248/193
f 225/262/200 229/263/201 231/75/202
f 226/264/203 229/146/201 228/265/204
f 227/148/205 229/149/201 230/266/206
f 232/267/207 236/268/208 238/269/209
f 233/270/210 236/155/208 235/271/211
f 234/157/212 236/158/208 237/221/213
f 239/272/214 243/90/215 245/273/216
f 240/274/217 243/275/215 242/276/218
f 241/277/219 243/275/215 244/166/220
f 246/278/221 250/279/222 252/169/223
f 247/280/224 250/281/222 249/282/225
f 248/173/226 250/281/222 251/283/227
f 253/284/228 257/285/229 259/286/230
f 254/287/231 257/285/229 256/288/232
f 255/289/233 257/285/229 258/290/234
f 260/291/235 264/292/236 266/184/237
f 261/293/238 264/292/236 263/294/239
f 262/295/240 264/292/236 265/296/241
f 267/297/242 271/298/243 273/299/244
f 268/300/245 271/298/243 270/301/246
f 269/193/247 271/298/243 272/302/248
f 274/303/249 278/304/250 280/305/251
f 275/198/252 278/304/250 277/199/253
f 276/306/254 278/304/250 279/254/255
f 239/272/214 231/75/202 242/133/218
f 242/276/218 227/148/205 240/274/217
f 232/267/207 230/307/206 226/264/203
f 238/204/209 227/148/205 230/266/206
f 246/278/221 237/136/213 233/270/210
f 237/221/213 248/173/226 234/157/212
f 241/277/219 251/283/227 247/280/224
f 244/166/220 248/173/226 251/283/227
f 239/272/214 270/301/246 267/297/242
f 245/308/216 268/300/245 270/301/246
f 274/303/249 249/309/225 246/278/221
f 280/305/251 247/280/224 249/282/225
f 269/193/247 279/254/255 275/198/252
f 272/302/248 276/306/254 279/254/255
f 253/284/228 273/299/244 256/288/232
f 273/299/244 254/287/231 256/288/232
f 274/303/249 266/184/237 277/199/253
f 266/184/237 275/198/252 277/199/253
f 255/289/233 265/296/241 261/293/238
f 258/290/234 262/295/240 265/296/241
f 225/262/200 259/286/230 228/310/204
f 259/286/230 226/264/203 228/265/204
f 260/291/235 235/271/211 263/294/239
f 235/311/211 261/293/238 263/294/239
f 239/272/214 253/284/228 225/262/200
f 234/157/212 240/274/217 227/148/205
f 261/293/238 226/264/203 255/289/233
f 274/303/249 233/270/210 260/291/235
f 247/280/224 268/300/245 241/277/219
f 275/198/252 254/287/231 269/193/247
f 281/312/256 285/313/257 287/144/258
f 282/314/259 285/146/257 284/315/260
f 283/316/261 285/149/257 286/266/262
f 288/317/263 292/318/264 294/217/265
f 289/319/266 292/155/264 291/320/267
f 290/321/268 292/158/264 293/159/269
f 295/322/270 299/90/271 301/323/272
f 296/324/273 299/325/271 298/164/274
f 297/326/275 299/325/271 300/166/276
f 302/327/277 306/328/278 308/169/279
f 303/329/280 306/330/278 305/331/281
f 304/173/282 306/330/278 307/174/283
f 309/332/284 313/333/285 315/334/286
f 310/335/287 313/333/285 312/179/288
f 311/336/289 313/333/285 314/337/290
f 316/338/291 320/339/292 322/114/293
f 317/340/294 320/339/292 319/341/295
f 318/342/296 320/339/292 321/242/297
f 323/343/298 327/344/299 329/345/300
f 324/346/301 327/344/299 326/347/302
f 325/348/303 327/344/299 328/349/304
f 330/350/305 334/351/306 336/352/307
f 331/353/308 334/351/306 333/354/309
f 332/355/310 334/351/306 335/201/311
f 281/312/256 298/133/274 295/322/270
f 298/164/274 283/316/261 296/324/273
f 288/317/263 286/307/262 282/314/259
f 294/204/265 283/316/261 286/266/262
f 289/319/266 308/169/279 293/136/269
f 308/356/279 290/321/268 293/159/269
f 297/326/275 307/174/283 303/329/280
f 300/166/276 304/173/282 307/174/283
f 323/343/298 301/323/272 326/347/302
f 301/357/272 324/346/301 326/347/302
f 330/350/305 305/358/281 302/327/277
f 336/352/307 303/329/280 305/331/281
f 325/348/303 335/201/311 331/353/308
f 328/349/304 332/355/310 335/201/311
f 323/343/298 312/179/288 309/332/284
f 329/345/300 310/335/287 312/179/288
f 316/338/291 333/354/309 330/350/305
f 333/354/309 318/342/296 331/353/308
f 311/336/289 321/242/297 317/340/294
f 314/337/290 318/342/296 321/242/297
f 309/332/284 284/359/260 281/312/256
f 284/315/260 311/336/289 282/314/259
f 316/338/291 291/320/267 319/341/295
f 291/360/267 317/340/294 319/341/295
f 323/343/298 281/312/256 295/322/270
f 290/321/268 296/324/273 283/316/261
f 317/340/294 282/314/259 311/336/289
f 330/350/305 289/319/266 316/338/291
f 303/329/280 324/346/301 297/326/275
f 331/353/308 310/335/287 325/348/303
f 337/262/312 341/263/313 343/75/314
f 338/264/315 341/146/313 340/265/316
f 339/148/317 341/149/313 342/266/318
f 344/267/319 348/268/320 350/269/321
f 345/270/322 348/155/320 347/271/323
f 346/157/324 348/158/320 349/221/325
f 351/361/326 355/90/327 357/273/328
f 352/324/329 355/275/327 354/276/330
f 353/362/331 355/275/327 356/166/332
f 358/278/333 362/279/334 364/169/335
f 359/363/336 362/281/334 361/282/337
f 360/173/338 362/281/334 363/283/339
f 365/364/340 369/285/341 371/286/342
f 366/287/343 369/285/341 368/288/344
f 367/365/345 369/285/341 370/290/346
f 372/366/347 376/292/348 378/184/349
f 373/367/350 376/292/348 375/294/351
f 374/295/352 376/292/348 377/296/353
f 379/297/354 383/298/355 385/299/356
f 380/300/357 383/298/355 382/301/358
f 381/193/359 383/298/355 384/302/360
f 386/303/361 390/304/362 392/305/363
f 387/198/364 390/304/362 389/199/365
f 388/306/366 390/304/362 391/254/367
f 351/361/326 343/75/314 354/133/330
f 343/134/314 352/324/329 354/276/330
f 344/267/319 342/307/318 338/264/315
f 350/204/321 339/148/317 342/266/318
f 345/270/322 364/169/335 349/136/325
f 364/137/335 346/157/324 349/221/325
f 353/362/331 363/283/339 359/363/336
f 356/166/332 360/173/338 363/283/339
f 351/361/326 382/301/358 379/297/354
f 357/308/328 380/300/357 382/301/358
f 386/303/361 361/309/337 358/278/333
f 392/305/363 359/363/336 361/282/337
f 381/193/359 391/254/367 387/198/364
f 384/302/360 388/306/366 391/254/367
f 379/297/354 368/288/344 365/364/340
f 385/299/356 366/287/343 368/288/344
f 372/366/347 389/199/365 386/303/361
f 389/199/365 374/295/352 387/198/364
f 367/365/345 377/296/353 373/367/350
f 370/290/346 374/295/352 377/296/353
f 337/262/312 371/286/342 340/310/316
f 371/286/342 338/264/315 340/265/316
f 345/270/322 375/294/351 372/366/347
f 347/311/323 373/367/350 375/294/351
f 379/297/354 337/262/312 351/361/326
f 346/157/324 352/324/329 339/148/317
f 373/367/350 338/264/315 367/365/345
f 358/278/333 372/366/347 386/303/361
f 359/363/336 380/300/357 353/362/331
f 387/198/364 366/287/343 381/193/359
f 393/368/368 397/313/369 399/144/370
f 394/314/371 397/146/369 396/315/372
f 395/369/373 397/149/369 398/266/374
f 400/317/375 404/318/376 406/217/377
f 401/370/378 404/155/376 403/320/379
f 402/321/380 404/158/376 405/159/381
f 407/371/382 411/90/383 413/323/384
f 408/324/385 411/325/383 410/164/386
f 409/326/387 411/325/383 412/372/388
f 414/373/389 418/328/390 420/169/391
f 415/329/392 418/330/390 417/331/393
f 416/173/394 418/330/390 419/174/395
f 421/332/396 425/333/397 427/334/398
f 422/335/399 425/333/397 424/179/400
f 423/374/401 425/333/397 426/337/402
f 428/375/403 432/339/404 434/114/405
f 429/340/406 432/339/404 431/376/407
f 430/187/408 432/339/404 433/242/409
f 435/377/410 439/344/411 441/345/412
f 436/346/413 439/344/411 438/347/414
f 437/348/415 439/344/411 440/378/416
f 442/379/417 446/380/418 448/352/419
f 443/353/420 446/380/418 445/130/421
f 444/381/422 446/380/418 447/201/423
f 407/371/382 399/144/370 410/133/386
f 399/382/370 408/324/385 410/164/386
f 400/317/375 398/307/374 394/314/371
f 406/204/377 395/369/373 398/266/374
f 414/373/389 405/136/381 401/370/378
f 420/356/391 402/321/380 405/159/381
f 409/326/387 419/174/395 415/329/392
f 412/372/388 416/173/394 419/174/395
f 407/371/382 438/347/414 435/377/410
f 438/347/414 409/326/387 436/346/413
f 442/379/417 417/358/393 414/373/389
f 448/352/419 415/329/392 417/331/393
f 437/348/415 447/201/423 443/353/420
f 440/378/416 444/381/422 447/201/423
f 421/332/396 441/345/412 424/179/400
f 441/345/412 422/335/399 424/179/400
f 428/375/403 445/130/421 442/379/417
f 434/114/405 443/353/420 445/130/421
f 423/374/401 433/242/409 429/340/406
f 426/337/402 430/187/408 433/242/409
f 393/368/368 427/334/398 396/359/372
f 396/315/372 423/374/401 394/314/371
f 428/375/403 403/320/379 431/376/407
f 403/360/379 429/340/406 431/376/407
f 407/371/382 421/332/396 393/368/368
f 402/321/380 408/324/385 395/369/373
f 429/340/406 394/314/371 423/374/401
f 414/373/389 428/375/403 442/379/417
f 415/329/392 436/346/413 409/326/387
f 443/353/420 422/335/399 437/348/415
f 449/383/1 453/2/2 455/3/3
f 450/384/4 453/5/2 452/6/5
f 451/385/6 453/8/2 454/9/7
f 456/386/424 460/11/9 462/12/10
f 457/13/11 460/14/9 459/15/12
f 458/387/13 460/17/9 461/18/14
f 463/19/425 467/20/16 469/21/426
f 464/388/18 467/23/16 466/24/19
f 465/389/20 467/23/16 468/26/21
f 470/27/22 474/28/23 476/29/24
f 471/390/25 474/31/23 473/32/427
f 472/391/27 474/31/23 475/34/28
f 477/35/29 481/392/30 483/37/31
f 478/38/428 481/392/30 480/39/429
f 479/393/34 481/392/30 482/111/35
f 484/394/36 488/43/37 490/395/38
f 485/45/39 488/43/37 487/396/40
f 486/397/41 488/43/37 489/48/42
f 491/49/430 495/398/44 497/51/431
f 492/399/46 495/398/44 494/53/432
f 493/400/433 495/398/44 496/401/49
f 498/402/50 502/57/51 504/58/52
f 499/403/53 502/57/51 501/404/54
f 500/61/55 502/57/51 503/62/56
f 449/383/1 466/63/19 463/19/425
f 455/64/3 464/388/18 466/24/19
f 456/386/424 454/65/7 450/384/4
f 462/66/10 451/385/6 454/9/7
f 470/27/22 461/67/14 457/13/11
f 476/68/24 458/387/13 461/18/14
f 465/389/20 475/34/28 471/390/25
f 468/26/21 472/391/27 475/34/28
f 491/49/430 469/21/426 494/53/432
f 469/69/426 492/399/46 494/53/432
f 498/402/50 473/70/427 470/27/22
f 504/58/52 471/390/25 473/32/427
f 493/400/433 503/62/56 499/403/53
f 496/401/49 500/61/55 503/62/56
f 491/49/430 480/39/429 477/35/29
f 480/39/429 493/400/433 478/38/428
f 484/394/36 501/404/54 498/402/50
f 490/395/38 499/403/53 501/404/54
f 479/393/34 489/48/42 485/45/39
f 482/111/35 486/397/41 489/48/42
f 477/35/29 452/71/5 449/383/1
f 483/37/31 450/384/4 452/6/5
f 457/13/11 487/396/40 484/394/36
f 459/72/12 485/45/39 487/396/40
f 491/49/430 449/383/1 463/19/425
f 458/387/13 464/388/18 451/385/6
f 485/45/39 450/384/4 479/393/34
f 470/27/22 484/394/36 498/402/50
f 471/390/25 492/399/46 465/389/20
f 499/403/53 478/38/428 493/400/433
f 505/73/57 509/74/140 511/75/58
f 506/76/59 509/5/140 508/77/434
f 507/78/435 509/79/140 510/80/7
f 512/81/63 516/82/436 518/83/10
f 513/84/65 516/85/436 515/86/66
f 514/87/67 516/17/436 517/88/149
f 519/89/69 523/90/16 525/91/70
f 520/92/71 523/93/16 522/94/437
f 521/95/73 523/93/16 524/26/21
f 526/97/74 530/98/23 532/99/76
f 527/100/77 530/101/23 529/102/438
f 528/103/439 530/101/23 531/104/80
f 533/105/81 537/106/30 539/107/82
f 534/108/83 537/106/30 536/109/84
f 535/110/85 537/106/30 538/111/35
f 540/112/86 544/113/440 546/114/88
f 541/115/89 544/113/440 543/116/90
f 542/117/91 544/113/440 545/118/42
f 547/119/93 551/120/44 553/121/94
f 548/122/95 551/120/44 550/123/441
f 549/124/97 551/120/44 552/125/49
f 554/126/98 558/127/442 560/128/100
f 555/129/101 558/127/442 557/130/443
f 556/131/103 558/127/442 559/132/56
f 505/73/57 522/133/437 519/89/69
f 511/134/58 520/92/71 522/94/437
f 512/81/63 510/135/7 506/76/59
f 518/66/10 507/78/435 510/80/7
f 526/97/74 517/136/149 513/84/65
f 532/137/76 514/87/67 517/88/149
f 521/95/73 531/104/80 527/100/77
f 524/26/21 528/103/439 531/104/80
f 519/89/69 550/123/441 547/119/93
f 525/138/70 548/122/95 550/123/441
f 554/126/98 529/139/438 526/97/74
f 560/128/100 527/100/77 529/102/438
f 549/124/97 559/132/56 555/129/101
f 552/125/49 556/131/103 559/132/56
f 547/119/93 536/109/84 533/105/81
f 553/121/94 534/108/83 536/109/84
f 540/112/86 557/130/443 554/126/98
f 546/114/88 555/129/101 557/130/443
f 535/110/85 545/118/42 541/115/89
f 538/111/35 542/117/91 545/118/42
f 533/105/81 508/140/434 505/73/57
f 539/107/82 506/76/59 508/77/434
f 513/84/65 543/116/90 540/112/86
f 515/141/66 541/115/89 543/116/90
f 547/119/93 505/73/57 519/89/69
f 514/87/67 520/92/71 507/78/435
f 541/115/89 506/76/59 535/110/85
f 526/97/74 540/112/86 554/126/98
f 527/100/77 548/122/95 521/95/73
f 555/129/101 534/108/83 549/124/97
f 561/405/139 565/143/140 567/144/58
f 562/406/141 565/146/140 564/147/444
f 563/407/143 565/149/140 566/150/144
f 568/408/150 572/152/146 574/153/445
f 569/409/145 572/155/146 571/156/446
f 570/157/447 572/158/146 573/159/149
f 575/410/448 579/90/16 581/161/128
f 576/162/129 579/163/16 578/164/449
f 577/165/131 579/163/16 580/166/450
f 582/411/133 586/168/134 588/169/76
f 583/412/451 586/171/134 585/172/452
f 584/173/137 586/171/134 587/174/138
f 589/175/453 593/176/30 595/177/117
f 590/178/118 593/176/30 592/179/454
f 591/413/120 593/176/30 594/181/455
f 596/182/122 600/414/456 602/239/88
f 597/415/457 600/414/456 599/416/124
f 598/417/125 600/414/456 601/188/458
f 603/418/105 607/190/44 609/121/94
f 604/419/106 607/190/44 606/192/459
f 605/193/108 607/190/44 608/349/109
f 610/420/112 614/196/99 616/421/460
f 611/353/461 614/196/99 613/422/115
f 612/200/110 614/196/99 615/201/462
f 561/405/139 578/133/449 575/410/448
f 567/202/58 576/162/129 578/164/449
f 568/408/150 566/203/144 562/406/141
f 574/204/445 563/407/143 566/150/144
f 582/411/133 573/136/149 569/409/145
f 588/205/76 570/157/447 573/159/149
f 577/165/131 587/174/138 583/412/451
f 580/166/450 584/173/137 587/174/138
f 575/410/448 606/192/459 603/418/105
f 581/206/128 604/419/106 606/192/459
f 610/420/112 585/207/452 582/411/133
f 616/421/460 583/412/451 585/172/452
f 605/193/108 615/201/462 611/353/461
f 608/349/109 612/200/110 615/201/462
f 603/418/105 592/179/454 589/175/453
f 609/121/94 590/178/118 592/179/454
f 596/182/122 613/422/115 610/420/112
f 602/239/88 611/353/461 613/422/115
f 591/413/120 601/188/458 597/415/457
f 594/181/455 598/417/125 601/188/458
f 589/175/453 564/208/444 561/405/139
f 595/177/117 562/406/141 564/147/444
f 569/409/145 599/416/124 596/182/122
f 571/209/446 597/415/457 599/416/124
f 603/418/105 561/405/139 575/410/448
f 570/157/447 576/162/129 563/407/143
f 597/415/457 562/406/141 591/413/120
f 582/411/133 596/182/122 610/420/112
f 583/412/451 604/419/106 577/165/131
f 611/353/461 590/178/118 605/193/108
f 617/423/189 621/211/463 623/75/190
f 618/212/191 621/146/463 620/213/464
f 619/214/193 621/149/463 622/150/465
f 624/215/198 628/216/466 630/217/467
f 625/218/195 628/155/466 627/219/468
f 626/220/469 628/158/466 629/221/40
f 631/222/176 635/90/140 637/223/470
f 632/162/178 635/224/140 634/225/179
f 633/424/471 635/224/140 636/166/472
f 638/425/182 642/228/183 644/169/184
f 639/229/473 642/230/183 641/231/474
f 640/232/187 642/230/183 643/174/475
f 645/233/164 649/234/476 651/235/477
f 646/178/167 649/234/476 648/179/168
f 647/236/169 649/234/476 650/181/478
f 652/237/171 656/238/99 658/239/52
f 653/426/172 656/238/99 655/241/479
f 654/187/174 656/238/99 657/242/480
f 659/243/481 663/244/153 665/245/154
f 660/246/155 663/244/153 662/247/156
f 661/248/157 663/244/153 664/194/482
f 666/249/483 670/250/75 672/251/484
f 667/198/163 670/250/75 669/252/26
f 668/253/159 670/250/75 671/254/485
f 617/423/189 634/133/179 631/222/176
f 623/255/190 632/162/178 634/225/179
f 624/215/198 622/203/465 618/212/191
f 630/204/467 619/214/193 622/150/465
f 638/425/182 629/256/40 625/218/195
f 644/257/184 626/220/469 629/221/40
f 639/229/473 636/166/472 643/174/475
f 636/166/472 640/232/187 643/174/475
f 631/222/176 662/247/156 659/243/481
f 637/258/470 660/246/155 662/247/156
f 666/249/483 641/259/474 638/425/182
f 672/251/484 639/229/473 641/231/474
f 661/248/157 671/254/485 667/198/163
f 664/194/482 668/253/159 671/254/485
f 659/243/481 648/179/168 645/233/164
f 665/245/154 646/178/167 648/179/168
f 652/237/171 669/252/26 666/249/483
f 658/239/52 667/198/163 669/252/26
f 647/236/169 657/242/480 653/426/172
f 650/181/478 654/187/174 657/242/480
f 645/233/164 620/260/464 617/423/189
f 651/235/477 618/212/191 620/213/464
f 625/218/195 655/241/479 652/237/171
f 627/261/468 653/426/172 655/241/479
f 659/243/481 617/423/189 631/222/176
f 626/220/469 632/162/178 619/214/193
f 653/426/172 618/212/191 647/236/169
f 638/425/182 652/237/171 666/249/483
f 639/229/473 660/246/155 633/424/471
f 667/198/163 646/178/167 661/248/157
f 673/262/486 677/263/355 679/75/487
f 674/264/488 677/146/355 676/265/489
f 675/148/490 677/149/355 678/266/491
f 680/267/492 684/268/362 686/269/493
f 681/427/494 684/155/362 683/271/495
f 682/157/496 684/158/362 685/221/497
f 687/272/498 691/90/499 693/273/500
f 688/324/343 691/275/499 690/276/501
f 689/362/502 691/275/499 692/166/503
f 694/278/504 698/279/505 700/169/506
f 695/280/350 698/281/505 697/282/507
f 696/173/508 698/281/505 699/283/353
f 701/284/509 705/285/327 707/286/510
f 702/287/329 705/285/327 704/288/511
f 703/365/512 705/285/327 706/290/332
f 708/291/513 712/292/334 714/114/514
f 709/293/336 712/292/334 711/294/515
f 710/187/516 712/292/334 713/296/517
f 715/428/518 719/298/313 721/299/519
f 716/300/520 719/298/313 718/301/521
f 717/193/317 719/298/313 720/302/522
f 722/429/523 726/304/320 728/430/524
f 723/198/525 726/304/320 725/199/526
f 724/306/527 726/304/320 727/254/528
f 673/262/486 690/133/501 687/272/498
f 679/134/487 688/324/343 690/276/501
f 680/267/492 678/307/491 674/264/488
f 686/204/493 675/148/490 678/266/491
f 681/427/494 700/169/506 685/136/497
f 700/137/506 682/157/496 685/221/497
f 689/362/502 699/283/353 695/280/350
f 692/166/503 696/173/508 699/283/353
f 687/272/498 718/301/521 715/428/518
f 718/301/521 689/362/502 716/300/520
f 694/278/504 728/430/524 697/309/507
f 728/430/524 695/280/350 697/282/507
f 717/193/317 727/254/528 723/198/525
f 720/302/522 724/306/527 727/254/528
f 715/428/518 704/288/511 701/284/509
f 721/299/519 702/287/329 704/288/511
f 708/291/513 725/199/526 722/429/523
f 714/114/514 723/198/525 725/199/526
f 703/365/512 713/296/517 709/293/336
f 706/290/332 710/187/516 713/296/517
f 701/284/509 676/310/489 673/262/486
f 676/265/489 703/365/512 674/264/488
f 708/291/513 683/271/495 711/294/515
f 683/311/495 709/293/336 711/294/515
f 687/272/498 701/284/509 673/262/486
f 682/157/496 688/324/343 675/148/490
f 709/293/336 674/264/488 703/365/512
f 722/429/523 681/427/494 708/291/513
f 695/280/350 716/300/520 689/362/502
f 723/198/525 702/287/329 717/193/317
f 729/368/529 733/313/530 735/144/531
f 730/314/532 733/146/530 732/315/533
f 731/369/534 733/149/530 734/266/535
f 736/317/422 740/318/536 742/217/537
f 737/319/417 740/155/536 739/320/538
f 738/321/539 740/158/536 741/159/540
f 743/322/541 747/90/542 749/323/543
f 744/324/399 747/325/542 746/164/400
f 745/326/544 747/325/542 748/372/545
f 750/431/546 754/328/404 756/169/547
f 751/329/548 754/330/404 753/331/549
f 752/173/550 754/330/404 755/174/551
f 757/332/552 761/333/383 763/334/553
f 758/335/385 761/333/383 760/179/386
f 759/432/554 761/333/383 762/337/388
f 764/375/389 768/339/390 770/114/555
f 765/340/392 768/339/390 767/376/393
f 766/187/556 768/339/390 769/242/557
f 771/377/558 775/344/559 777/345/560
f 772/346/561 775/344/559 774/347/372
f 773/348/373 775/344/559 776/378/562
f 778/433/563 782/380/564 784/434/565
f 779/353/566 782/380/564 781/130/567
f 780/355/568 782/380/564 783/201/569
f 743/322/541 735/144/531 746/133/400
f 735/382/531 744/324/399 746/164/400
f 736/317/422 734/307/535 730/314/532
f 742/204/537 731/369/534 734/266/535
f 750/431/546 741/136/540 737/319/417
f 741/159/540 752/173/550 738/321/539
f 745/326/544 755/174/551 751/329/548
f 748/372/545 752/173/550 755/174/551
f 743/322/541 774/347/372 771/377/558
f 749/357/543 772/346/561 774/347/372
f 750/431/546 784/434/565 753/358/549
f 753/331/549 780/355/568 751/329/548
f 773/348/373 783/201/569 779/353/566
f 776/378/562 780/355/568 783/201/569
f 757/332/552 777/345/560 760/179/386
f 777/345/560 758/335/385 760/179/386
f 764/375/389 781/130/567 778/433/563
f 781/130/567 766/187/556 779/353/566
f 759/432/554 769/242/557 765/340/392
f 762/337/388 766/187/556 769/242/557
f 729/368/529 763/334/553 732/359/533
f 763/334/553 730/314/532 732/315/533
f 737/319/417 767/376/393 764/375/389
f 739/360/538 765/340/392 767/376/393
f 771/377/558 729/368/529 743/322/541
f 738/321/539 744/324/399 731/369/534
f 765/340/392 730/314/532 759/432/554
f 750/431/546 764/375/389 778/433/563
f 751/329/548 772/346/561 745/326/544
f 779/353/566 758/335/385 773/348/373
f 785/262/570 789/263/243 791/75/571
f 786/264/572 789/146/243 788/265/246
f 787/148/573 789/149/243 790/266/248
f 792/267/254 796/268/574 798/269/575
f 793/435/576 796/155/574 795/271/577
f 794/157/252 796/158/574 797/221/578
f 799/272/579 803/90/229 805/273/580
f 800/324/231 803/275/229 802/276/581
f 801/277/582 803/275/229 804/436/583
f 806/278/584 810/279/236 812/169/585
f 807/280/586 810/281/236 809/282/587
f 808/173/588 810/281/236 811/283/241
f 813/364/589 817/285/215 819/286/590
f 814/437/217 817/285/215 816/288/591
f 815/365/592 817/285/215 818/438/220
f 820/291/593 824/292/222 826/439/594
f 821/367/224 824/292/222 823/440/225
f 822/187/595 824/292/222 825/296/227
f 827/428/596 831/298/597 833/121/598
f 828/300/203 831/298/597 830/301/599
f 829/193/600 831/298/597 832/378/601
f 834/303/602 838/441/603 840/442/604
f 835/353/212 838/441/603 837/199/605
f 836/306/207 838/441/603 839/254/606
f 785/262/570 802/133/581 799/272/579
f 802/276/581 787/148/573 800/324/231
f 792/267/254 790/307/248 786/264/572
f 798/204/575 787/148/573 790/266/248
f 806/278/584 797/136/578 793/435/576
f 812/137/585 794/157/252 797/221/578
f 801/277/582 811/283/241 807/280/586
f 804/436/583 808/173/588 811/283/241
f 799/272/579 830/301/599 827/428/596
f 805/308/580 828/300/203 830/301/599
f 834/303/602 809/309/587 806/278/584
f 840/442/604 807/280/586 809/282/587
f 829/193/600 839/254/606 835/353/212
f 832/378/601 836/306/207 839/254/606
f 827/428/596 816/288/591 813/364/589
f 816/288/591 829/193/600 814/437/217
f 834/303/602 826/439/594 837/199/605
f 826/439/594 835/353/212 837/199/605
f 815/365/592 825/296/227 821/367/224
f 818/438/220 822/187/595 825/296/227
f 813/364/589 788/310/246 785/262/570
f 819/286/590 786/264/572 788/265/246
f 793/435/576 823/440/225 820/291/593
f 795/311/577 821/367/224 823/440/225
f 827/428/596 785/262/570 799/272/579
f 794/157/252 800/324/231 787/148/573
f 821/367/224 786/264/572 815/365/592
f 806/278/584 820/291/593 834/303/602
f 807/280/586 828/300/203 801/277/582
f 835/353/212 814/437/217 829/193/600
f 841/443/607 845/313/299 847/144/608
f 842/314/609 845/146/299 844/315/610
f 843/369/611 845/149/299 846/266/612
f 848/317/310 852/318/306 854/217/613
f 849/370/614 852/155/306 851/320/615
f 850/321/616 852/158/306 853/159/617
f 855/371/618 859/90/285 861/323/619
f 856/324/620 859/325/285 858/164/621
f 857/326/622 859/325/285 860/372/623
f 862/431/291 866/328/624 868/169/625
f 863/329/294 866/330/624 865/331/295
f 864/173/626 866/330/624 867/174/627
f 869/332/628 873/333/271 875/334/629
f 870/335/273 873/333/271 872/179/630
f 871/432/631 873/333/271 874/337/276
f 876/375/632 880/339/633 882/114/634
f 877/340/280 880/339/633 879/376/635
f 878/187/636 880/339/633 881/242/637
f 883/377/638 887/344/257 889/345/639
f 884/346/640 887/344/257 886/347/641
f 885/348/642 887/344/257 888/378/643
f 890/379/644 894/380/264 896/352/645
f 891/353/646 894/380/264 893/130/647
f 892/355/263 894/380/264 895/201/648
f 855/371/618 847/144/608 858/133/621
f 858/164/621 843/369/611 856/324/620
f 848/317/310 846/307/612 842/314/609
f 854/204/613 843/369/611 846/266/612
f 862/431/291 853/136/617 849/370/614
f 868/356/625 850/321/616 853/159/617
f 857/326/622 867/174/627 863/329/294
f 860/372/623 864/173/626 867/174/627
f 855/371/618 886/347/641 883/377/638
f 861/357/619 884/346/640 886/347/641
f 862/431/291 896/352/645 865/358/295
f 896/352/645 863/329/294 865/331/295
f 885/348/642 895/201/648 891/353/646
f 888/378/643 892/355/263 895/201/648
f 883/377/638 872/179/630 869/332/628
f 889/345/639 870/335/273 872/179/630
f 876/375/632 893/130/647 890/379/644
f 882/114/634 891/353/646 893/130/647
f 871/432/631 881/242/637 877/340/280
f 874/337/276 878/187/636 881/242/637
f 869/332/628 844/359/610 841/443/607
f 844/315/610 871/432/631 842/314/609
f 876/375/632 851/320/615 879/376/635
f 851/360/615 877/340/280 879/376/635
f 883/377/638 841/443/607 855/371/618
f 850/321/616 856/324/620 843/369/611
f 877/340/280 842/314/609 871/432/631
f 890/379/644 849/370/614 876/375/632
f 863/329/294 884/346/640 857/326/622
f 891/353/646 870/335/273 885/348/642
f 1/1/1 4/71/5 5/2/2
f 2/4/4 6/65/7 5/5/2
f 3/7/6 7/64/3 5/8/2
f 8/10/8 11/72/12 12/11/9
f 9/13/11 13/67/14 12/14/9
f 10/16/13 14/66/10 12/17/9
f 15/19/15 18/63/19 19/20/16
f 16/22/18 20/26/21 19/23/16
f 17/25/20 21/69/17 19/23/16
f 22/27/22 25/70/26 26/28/23
f 23/30/25 27/34/28 26/31/23
f 24/33/27 28/68/24 26/31/23
f 29/35/29 32/39/33 33/36/30
f 30/38/32 34/41/35 33/36/30
f 31/40/34 35/37/31 33/36/30
f 36/42/36 39/46/40 40/43/37
f 37/45/39 41/48/42 40/43/37
f 38/47/41 42/44/38 40/43/37
f 43/49/43 46/53/47 47/50/44
f 44/52/46 48/55/49 47/50/44
f 45/54/48 49/51/45 47/50/44
f 50/56/50 53/60/54 54/57/51
f 51/59/53 55/62/56 54/57/51
f 52/61/55 56/58/52 54/57/51
f 1/1/1 7/3/3 18/63/19
f 7/64/3 3/7/6 16/22/18
f 8/10/8 14/12/10 6/65/7
f 14/66/10 10/16/13 3/7/6
f 22/27/22 28/29/24 13/67/14
f 28/68/24 24/33/27 10/16/13
f 17/25/20 20/26/21 27/34/28
f 20/26/21 16/22/18 24/33/27
f 15/19/15 21/21/17 46/53/47
f 21/69/17 17/25/20 44/52/46
f 50/56/50 56/58/52 25/70/26
f 56/58/52 52/61/55 23/30/25
f 45/54/48 48/55/49 55/62/56
f 48/55/49 44/52/46 52/61/55
f 43/49/43 49/51/45 32/39/33
f 49/51/45 45/54/48 30/38/32
f 36/42/36 42/44/38 53/60/54
f 42/44/38 38/47/41 51/59/53
f 31/40/34 34/41/35 41/48/42
f 34/41/35 30/38/32 38/47/41
f 29/35/29 35/37/31 4/71/5
f 35/37/31 31/40/34 2/4/4
f 9/13/11 11/15/12 39/46/40
f 11/72/12 8/10/8 37/45/39
f 43/49/43 29/35/29 1/1/1
f 10/16/13 24/33/27 16/22/18
f 37/45/39 8/10/8 2/4/4
f 22/27/22 9/13/11 36/42/36
f 23/30/25 52/61/55 44/52/46
f 51/59/53 38/47/41 30/38/32
f 57/73/57 60/140/60 61/74/2
f 58/76/59 62/135/62 61/5/2
f 59/78/61 63/134/58 61/79/2
f 64/81/63 67/141/66 68/82/64
f 65/84/65 69/136/68 68/85/64
f 66/87/67 70/66/10 68/17/64
f 71/89/69 74/133/72 75/90/16
f 72/92/71 76/96/21 75/93/16
f 73/95/73 77/138/70 75/93/16
f 78/97/74 81/139/78 82/98/75
f 79/100/77 83/104/80 82/101/75
f 80/103/79 84/137/76 82/101/75
f 85/105/81 88/109/84 89/106/30
f 86/108/83 90/111/35 89/106/30
f 87/110/85 91/107/82 89/106/30
f 92/112/86 95/116/90 96/113/87
f 93/115/89 97/118/92 96/113/87
f 94/117/91 98/114/88 96/113/87
f 99/119/93 102/123/96 103/120/44
f 100/122/95 104/125/49 103/120/44
f 101/124/97 105/121/94 103/120/44
f 106/126/98 109/130/102 110/127/99
f 107/129/101 111/132/104 110/127/99
f 108/131/103 112/128/100 110/127/99
f 57/73/57 63/75/58 74/133/72
f 63/134/58 59/78/61 72/92/71
f 64/81/63 70/83/10 62/135/62
f 70/66/10 66/87/67 59/78/61
f 78/97/74 84/99/76 69/136/68
f 84/137/76 80/103/79 66/87/67
f 73/95/73 76/96/21 83/104/80
f 76/96/21 72/92/71 80/103/79
f 71/89/69 77/91/70 102/123/96
f 77/138/70 73/95/73 100/122/95
f 106/126/98 112/128/100 81/139/78
f 112/128/100 108/131/103 79/100/77
f 101/124/97 104/125/49 111/132/104
f 104/125/49 100/122/95 108/131/103
f 99/119/93 105/121/94 88/109/84
f 105/121/94 101/124/97 86/108/83
f 92/112/86 98/114/88 109/130/102
f 98/114/88 94/117/91 107/129/101
f 87/110/85 90/111/35 97/118/92
f 90/111/35 86/108/83 94/117/91
f 85/105/81 91/107/82 60/140/60
f 91/107/82 87/110/85 58/76/59
f 65/84/65 67/86/66 95/116/90
f 67/141/66 64/81/63 93/115/89
f 99/119/93 85/105/81 57/73/57
f 66/87/67 80/103/79 72/92/71
f 93/115/89 64/81/63 58/76/59
f 78/97/74 65/84/65 92/112/86
f 79/100/77 108/131/103 100/122/95
f 107/129/101 94/117/91 86/108/83
f 113/142/105 116/208/107 117/143/44
f 114/145/106 118/203/109 117/146/44
f 115/148/108 119/202/94 117/149/44
f 120/151/110 123/209/113 124/152/99
f 121/154/112 125/136/115 124/155/99
f 122/157/114 126/204/111 124/158/99
f 127/160/116 130/133/119 131/90/30
f 128/162/118 132/166/121 131/163/30
f 129/165/120 133/206/117 131/163/30
f 134/167/122 137/207/124 138/168/87
f 135/170/123 139/174/126 138/171/87
f 136/173/125 140/205/88 138/171/87
f 141/175/127 144/179/130 145/176/16
f 142/178/129 146/181/132 145/176/16
f 143/180/131 147/177/128 145/176/16
f 148/182/133 151/186/136 152/183/134
f 149/185/135 153/188/138 152/183/134
f 150/187/137 154/184/76 152/183/134
f 155/189/139 158/192/142 159/190/140
f 156/191/141 160/194/144 159/190/140
f 157/193/143 161/121/58 159/190/140
f 162/195/145 165/199/149 166/196/146
f 163/198/148 167/201/151 166/196/146
f 164/200/150 168/197/147 166/196/146
f 113/142/105 119/144/94 130/133/119
f 119/202/94 115/148/108 128/162/118
f 120/151/110 126/153/111 118/203/109
f 126/204/111 122/157/114 115/148/108
f 134/167/122 140/169/88 125/136/115
f 140/205/88 136/173/125 122/157/114
f 129/165/120 132/166/121 139/174/126
f 132/166/121 128/162/118 136/173/125
f 127/160/116 133/161/117 158/192/142
f 133/206/117 129/165/120 156/191/141
f 162/195/145 168/197/147 137/207/124
f 168/197/147 164/200/150 135/170/123
f 157/193/143 160/194/144 167/201/151
f 160/194/144 156/191/141 164/200/150
f 155/189/139 161/121/58 144/179/130
f 161/121/58 157/193/143 142/178/129
f 148/182/133 154/184/76 165/199/149
f 154/184/76 150/187/137 163/198/148
f 143/180/131 146/181/132 153/188/138
f 146/181/132 142/178/129 150/187/137
f 141/175/127 147/177/128 116/208/107
f 147/177/128 143/180/131 114/145/106
f 121/154/112 123/156/113 151/186/136
f 123/209/113 120/151/110 149/185/135
f 155/189/139 141/175/127 113/142/105
f 122/157/114 136/173/125 128/162/118
f 149/185/135 120/151/110 114/145/106
f 134/167/122 121/154/112 148/182/133
f 135/170/123 164/200/150 156/191/141
f 163/198/148 150/187/137 142/178/129
f 169/210/152 172/260/156 173/211/153
f 170/212/155 174/203/158 173/146/153
f 171/214/157 175/255/154 173/149/153
f 176/215/159 179/261/162 180/216/134
f 177/218/161 181/256/26 180/155/134
f 178/220/163 182/204/160 180/158/134
f 183/222/164 186/133/168 187/90/165
f 184/162/167 188/166/170 187/224/165
f 185/226/169 189/258/166 187/224/165
f 190/227/171 193/259/173 194/228/51
f 191/229/172 195/174/175 194/230/51
f 192/232/174 196/257/52 194/230/51
f 197/233/176 200/179/179 201/234/2
f 198/178/178 202/181/181 201/234/2
f 199/236/180 203/235/177 201/234/2
f 204/237/182 207/241/186 208/238/183
f 205/240/185 209/242/188 208/238/183
f 206/187/187 210/239/184 208/238/183
f 211/243/189 214/247/192 215/244/30
f 212/246/191 216/194/194 215/244/30
f 213/248/193 217/245/190 215/244/30
f 218/249/195 221/252/40 222/250/87
f 219/198/197 223/254/199 222/250/87
f 220/253/198 224/251/196 222/250/87
f 169/210/152 175/75/154 186/133/168
f 175/255/154 171/214/157 184/162/167
f 176/215/159 182/217/160 174/203/158
f 182/204/160 178/220/163 171/214/157
f 190/227/171 196/169/52 181/256/26
f 196/257/52 192/232/174 178/220/163
f 185/226/169 188/166/170 195/174/175
f 188/166/170 184/162/167 192/232/174
f 183/222/164 189/223/166 214/247/192
f 189/258/166 185/226/169 212/246/191
f 218/249/195 224/251/196 193/259/173
f 224/251/196 220/253/198 191/229/172
f 213/248/193 216/194/194 223/254/199
f 216/194/194 212/246/191 220/253/198
f 211/243/189 217/245/190 200/179/179
f 217/245/190 213/248/193 198/178/178
f 204/237/182 210/239/184 221/252/40
f 210/239/184 206/187/187 219/198/197
f 199/236/180 202/181/181 209/242/188
f 202/181/181 198/178/178 206/187/187
f 197/233/176 203/235/177 172/260/156
f 203/235/177 199/236/180 170/212/155
f 177/218/161 179/219/162 207/241/186
f 179/261/162 176/215/159 205/240/185
f 211/243/189 197/233/176 169/210/152
f 178/220/163 192/232/174 184/162/167
f 205/240/185 176/215/159 170/212/155
f 190/227/171 177/218/161 204/237/182
f 191/229/172 220/253/198 212/246/191
f 219/198/197 206/187/187 198/178/178
f 225/262/200 228/310/204 229/263/201
f 226/264/203 230/307/206 229/146/201
f 227/148/205 231/134/202 229/149/201
f 232/267/207 235/311/211 236/268/208
f 233/270/210 237/136/213 236/155/208
f 234/157/212 238/204/209 236/158/208
f 239/272/214 242/133/218 243/90/215
f 240/274/217 244/166/220 243/275/215
f 241/277/219 245/308/216 243/275/215
f 246/278/221 249/309/225 250/279/222
f 247/280/224 251/283/227 250/281/222
f 248/173/226 252/137/223 250/281/222
f 253/284/228 256/288/232 257/285/229
f 254/287/231 258/290/234 257/285/229
f 255/289/233 259/286/230 257/285/229
f 260/291/235 263/294/239 264/292/236
f 261/293/238 265/296/241 264/292/236
f 262/295/240 266/184/237 264/292/236
f 267/297/242 270/301/246 271/298/243
f 268/300/245 272/302/248 271/298/243
f 269/193/247 273/299/244 271/298/243
f 274/303/249 277/199/253 278/304/250
f 275/198/252 279/254/255 278/304/250
f 276/306/254 280/305/251 278/304/250
f 239/272/214 225/262/200 231/75/202
f 242/276/218 231/134/202 227/148/205
f 232/267/207 238/269/209 230/307/206
f 238/204/209 234/157/212 227/148/205
f 246/278/221 252/169/223 237/136/213
f 237/221/213 252/137/223 248/173/226
f 241/277/219 244/166/220 251/283/227
f 244/166/220 240/274/217 248/173/226
f 239/272/214 245/273/216 270/301/246
f 245/308/216 241/277/219 268/300/245
f 274/303/249 280/305/251 249/309/225
f 280/305/251 276/306/254 247/280/224
f 269/193/247 272/302/248 279/254/255
f 272/302/248 268/300/245 276/306/254
f 253/284/228 267/297/242 273/299/244
f 273/299/244 269/193/247 254/287/231
f 274/303/249 260/291/235 266/184/237
f 266/184/237 262/295/240 275/198/252
f 255/289/233 258/290/234 265/296/241
f 258/290/234 254/287/231 262/295/240
f 225/262/200 253/284/228 259/286/230
f 259/286/230 255/289/233 226/264/203
f 260/291/235 233/270/210 235/271/211
f 235/311/211 232/267/207 261/293/238
f 239/272/214 267/297/242 253/284/228
f 234/157/212 248/173/226 240/274/217
f 261/293/238 232/267/207 226/264/203
f 274/303/249 246/278/221 233/270/210
f 247/280/224 276/306/254 268/300/245
f 275/198/252 262/295/240 254/287/231
f 281/312/256 284/359/260 285/313/257
f 282/314/259 286/307/262 285/146/257
f 283/316/261 287/382/258 285/149/257
f 288/317/263 291/360/267 292/318/264
f 289/319/266 293/136/269 292/155/264
f 290/321/268 294/204/265 292/158/264
f 295/322/270 298/133/274 299/90/271
f 296/324/273 300/166/276 299/325/271
f 297/326/275 301/357/272 299/325/271
f 302/327/277 305/358/281 306/328/278
f 303/329/280 307/174/283 306/330/278
f 304/173/282 308/356/279 306/330/278
f 309/332/284 312/179/288 313/333/285
f 310/335/287 314/337/290 313/333/285
f 311/336/289 315/334/286 313/333/285
f 316/338/291 319/341/295 320/339/292
f 317/340/294 321/242/297 320/339/292
f 318/342/296 322/114/293 320/339/292
f 323/343/298 326/347/302 327/344/299
f 324/346/301 328/349/304 327/344/299
f 325/348/303 329/345/300 327/344/299
f 330/350/305 333/354/309 334/351/306
f 331/353/308 335/201/311 334/351/306
f 332/355/310 336/352/307 334/351/306
f 281/312/256 287/144/258 298/133/274
f 298/164/274 287/382/258 283/316/261
f 288/317/263 294/217/265 286/307/262
f 294/204/265 290/321/268 283/316/261
f 289/319/266 302/327/277 308/169/279
f 308/356/279 304/173/282 290/321/268
f 297/326/275 300/166/276 307/174/283
f 300/166/276 296/324/273 304/173/282
f 323/343/298 295/322/270 301/323/272
f 301/357/272 297/326/275 324/346/301
f 330/350/305 336/352/307 305/358/281
f 336/352/307 332/355/310 303/329/280
f 325/348/303 328/349/304 335/201/311
f 328/349/304 324/346/301 332/355/310
f 323/343/298 329/345/300 312/179/288
f 329/345/300 325/348/303 310/335/287
f 316/338/291 322/114/293 333/354/309
f 333/354/309 322/114/293 318/342/296
f 311/336/289 314/337/290 321/242/297
f 314/337/290 310/335/287 318/342/296
f 309/332/284 315/334/286 284/359/260
f 284/315/260 315/334/286 311/336/289
f 316/338/291 289/319/266 291/320/267
f 291/360/267 288/317/263 317/340/294
f 323/343/298 309/332/284 281/312/256
f 290/321/268 304/173/282 296/324/273
f 317/340/294 288/317/263 282/314/259
f 330/350/305 302/327/277 289/319/266
f 303/329/280 332/355/310 324/346/301
f 331/353/308 318/342/296 310/335/287
f 337/262/312 340/310/316 341/263/313
f 338/264/315 342/307/318 341/146/313
f 339/148/317 343/134/314 341/149/313
f 344/267/319 347/311/323 348/268/320
f 345/270/322 349/136/325 348/155/320
f 346/157/324 350/204/321 348/158/320
f 351/361/326 354/133/330 355/90/327
f 352/324/329 356/166/332 355/275/327
f 353/362/331 357/308/328 355/275/327
f 358/278/333 361/309/337 362/279/334
f 359/363/336 363/283/339 362/281/334
f 360/173/338 364/137/335 362/281/334
f 365/364/340 368/288/344 369/285/341
f 366/287/343 370/290/346 369/285/341
f 367/365/345 371/286/342 369/285/341
f 372/366/347 375/294/351 376/292/348
f 373/367/350 377/296/353 376/292/348
f 374/295/352 378/184/349 376/292/348
f 379/297/354 382/301/358 383/298/355
f 380/300/357 384/302/360 383/298/355
f 381/193/359 385/299/356 383/298/355
f 386/303/361 389/199/365 390/304/362
f 387/198/364 391/254/367 390/304/362
f 388/306/366 392/305/363 390/304/362
f 351/361/326 337/262/312 343/75/314
f 343/134/314 339/148/317 352/324/329
f 344/267/319 350/269/321 342/307/318
f 350/204/321 346/157/324 339/148/317
f 345/270/322 358/278/333 364/169/335
f 364/137/335 360/173/338 346/157/324
f 353/362/331 356/166/332 363/283/339
f 356/166/332 352/324/329 360/173/338
f 351/361/326 357/273/328 382/301/358
f 357/308/328 353/362/331 380/300/357
f 386/303/361 392/305/363 361/309/337
f 392/305/363 388/306/366 359/363/336
f 381/193/359 384/302/360 391/254/367
f 384/302/360 380/300/357 388/306/366
f 379/297/354 385/299/356 368/288/344
f 385/299/356 381/193/359 366/287/343
f 372/366/347 378/184/349 389/199/365
f 389/199/365 378/184/349 374/295/352
f 367/365/345 370/290/346 377/296/353
f 370/290/346 366/287/343 374/295/352
f 337/262/312 365/364/340 371/286/342
f 371/286/342 367/365/345 338/264/315
f 345/270/322 347/271/323 375/294/351
f 347/311/323 344/267/319 373/367/350
f 379/297/354 365/364/340 337/262/312
f 346/157/324 360/173/338 352/324/329
f 373/367/350 344/267/319 338/264/315
f 358/278/333 345/270/322 372/366/347
f 359/363/336 388/306/366 380/300/357
f 387/198/364 374/295/352 366/287/343
f 393/368/368 396/359/372 397/313/369
f 394/314/371 398/307/374 397/146/369
f 395/369/373 399/382/370 397/149/369
f 400/317/375 403/360/379 404/318/376
f 401/370/378 405/136/381 404/155/376
f 402/321/380 406/204/377 404/158/376
f 407/371/382 410/133/386 411/90/383
f 408/324/385 412/372/388 411/325/383
f 409/326/387 413/357/384 411/325/383
f 414/373/389 417/358/393 418/328/390
f 415/329/392 419/174/395 418/330/390
f 416/173/394 420/356/391 418/330/390
f 421/332/396 424/179/400 425/333/397
f 422/335/399 426/337/402 425/333/397
f 423/374/401 427/334/398 425/333/397
f 428/375/403 431/376/407 432/339/404
f 429/340/406 433/242/409 432/339/404
f 430/187/408 434/114/405 432/339/404
f 435/377/410 438/347/414 439/344/411
f 436/346/413 440/378/416 439/344/411
f 437/348/415 441/345/412 439/344/411
f 442/379/417 445/130/421 446/380/418
f 443/353/420 447/201/423 446/380/418
f 444/381/422 448/352/419 446/380/418
f 407/371/382 393/368/368 399/144/370
f 399/382/370 395/369/373 408/324/385
f 400/317/375 406/217/377 398/307/374
f 406/204/377 402/321/380 395/369/373
f 414/373/389 420/169/391 405/136/381
f 420/356/391 416/173/394 402/321/380
f 409/326/387 412/372/388 419/174/395
f 412/372/388 408/324/385 416/173/394
f 407/371/382 413/323/384 438/347/414
f 438/347/414 413/357/384 409/326/387
f 442/379/417 448/352/419 417/358/393
f 448/352/419 444/381/422 415/329/392
f 437/348/415 440/378/416 447/201/423
f 440/378/416 436/346/413 444/381/422
f 421/332/396 435/377/410 441/345/412
f 441/345/412 437/348/415 422/335/399
f 428/375/403 434/114/405 445/130/421
f 434/114/405 430/187/408 443/353/420
f 423/374/401 426/337/402 433/242/409
f 426/337/402 422/335/399 430/187/408
f 393/368/368 421/332/396 427/334/398
f 396/315/372 427/334/398 423/374/401
f 428/375/403 401/370/378 403/320/379
f 403/360/379 400/317/375 429/340/406
f 407/371/382 435/377/410 421/332/396
f 402/321/380 416/173/394 408/324/385
f 429/340/406 400/317/375 394/314/371
f 414/373/389 401/370/378 428/375/403
f 415/329/392 444/381/422 436/346/413
f 443/353/420 430/187/408 422/335/399
f 449/383/1 452/71/5 453/2/2
f 450/384/4 454/65/7 453/5/2
f 451/385/6 455/64/3 453/8/2
f 456/386/424 459/72/12 460/11/9
f 457/13/11 461/67/14 460/14/9
f 458/387/13 462/66/10 460/17/9
f 463/19/425 466/63/19 467/20/16
f 464/388/18 468/26/21 467/23/16
f 465/389/20 469/69/426 467/23/16
f 470/27/22 473/70/427 474/28/23
f 471/390/25 475/34/28 474/31/23
f 472/391/27 476/68/24 474/31/23
f 477/35/29 480/39/429 481/392/30
f 478/38/428 482/111/35 481/392/30
f 479/393/34 483/37/31 481/392/30
f 484/394/36 487/396/40 488/43/37
f 485/45/39 489/48/42 488/43/37
f 486/397/41 490/395/38 488/43/37
f 491/49/430 494/53/432 495/398/44
f 492/399/46 496/401/49 495/398/44
f 493/400/433 497/51/431 495/398/44
f 498/402/50 501/404/54 502/57/51
f 499/403/53 503/62/56 502/57/51
f 500/61/55 504/58/52 502/57/51
f 449/383/1 455/3/3 466/63/19
f 455/64/3 451/385/6 464/388/18
f 456/386/424 462/12/10 454/65/7
f 462/66/10 458/387/13 451/385/6
f 470/27/22 476/29/24 461/67/14
f 476/68/24 472/391/27 458/387/13
f 465/389/20 468/26/21 475/34/28
f 468/26/21 464/388/18 472/391/27
f 491/49/430 463/19/425 469/21/426
f 469/69/426 465/389/20 492/399/46
f 498/402/50 504/58/52 473/70/427
f 504/58/52 500/61/55 471/390/25
f 493/400/433 496/401/49 503/62/56
f 496/401/49 492/399/46 500/61/55
f 491/49/430 497/51/431 480/39/429
f 480/39/429 497/51/431 493/400/433
f 484/394/36 490/395/38 501/404/54
f 490/395/38 486/397/41 499/403/53
f 479/393/34 482/111/35 489/48/42
f 482/111/35 478/38/428 486/397/41
f 477/35/29 483/37/31 452/71/5
f 483/37/31 479/393/34 450/384/4
f 457/13/11 459/15/12 487/396/40
f 459/72/12 456/386/424 485/45/39
f 491/49/430 477/35/29 449/383/1
f 458/387/13 472/391/27 464/388/18
f 485/45/39 456/386/424 450/384/4
f 470/27/22 457/13/11 484/394/36
f 471/390/25 500/61/55 492/399/46
f 499/403/53 486/397/41 478/38/428
f 505/73/57 508/140/434 509/74/140
f 506/76/59 510/135/7 509/5/140
f 507/78/435 511/134/58 509/79/140
f 512/81/63 515/141/66 516/82/436
f 513/84/65 517/136/149 516/85/436
f 514/87/67 518/66/10 516/17/436
f 519/89/69 522/133/437 523/90/16
f 520/92/71 524/26/21 523/93/16
f 521/95/73 525/138/70 523/93/16
f 526/97/74 529/139/438 530/98/23
f 527/100/77 531/104/80 530/101/23
f 528/103/439 532/137/76 530/101/23
f 533/105/81 536/109/84 537/106/30
f 534/108/83 538/111/35 537/106/30
f 535/110/85 539/107/82 537/106/30
f 540/112/86 543/116/90 544/113/440
f 541/115/89 545/118/42 544/113/440
f 542/117/91 546/114/88 544/113/440
f 547/119/93 550/123/441 551/120/44
f 548/122/95 552/125/49 551/120/44
f 549/124/97 553/121/94 551/120/44
f 554/126/98 557/130/443 558/127/442
f 555/129/101 559/132/56 558/127/442
f 556/131/103 560/128/100 558/127/442
f 505/73/57 511/75/58 522/133/437
f 511/134/58 507/78/435 520/92/71
f 512/81/63 518/83/10 510/135/7
f 518/66/10 514/87/67 507/78/435
f 526/97/74 532/99/76 517/136/149
f 532/137/76 528/103/439 514/87/67
f 521/95/73 524/26/21 531/104/80
f 524/26/21 520/92/71 528/103/439
f 519/89/69 525/91/70 550/123/441
f 525/138/70 521/95/73 548/122/95
f 554/126/98 560/128/100 529/139/438
f 560/128/100 556/131/103 527/100/77
f 549/124/97 552/125/49 559/132/56
f 552/125/49 548/122/95 556/131/103
f 547/119/93 553/121/94 536/109/84
f 553/121/94 549/124/97 534/108/83
f 540/112/86 546/114/88 557/130/443
f 546/114/88 542/117/91 555/129/101
f 535/110/85 538/111/35 545/118/42
f 538/111/35 534/108/83 542/117/91
f 533/105/81 539/107/82 508/140/434
f 539/107/82 535/110/85 506/76/59
f 513/84/65 515/86/66 543/116/90
f 515/141/66 512/81/63 541/115/89
f 547/119/93 533/105/81 505/73/57
f 514/87/67 528/103/439 520/92/71
f 541/115/89 512/81/63 506/76/59
f 526/97/74 513/84/65 540/112/86
f 527/100/77 556/131/103 548/122/95
f 555/129/101 542/117/91 534/108/83
f 561/405/139 564/208/444 565/143/140
f 562/406/141 566/203/144 565/146/140
f 563/407/143 567/202/58 565/149/140
f 568/408/150 571/209/446 572/152/146
f 569/409/145 573/136/149 572/155/146
f 570/157/447 574/204/445 572/158/146
f 575/410/448 578/133/449 579/90/16
f 576/162/129 580/166/450 579/163/16
f 577/165/131 581/206/128 579/163/16
f 582/411/133 585/207/452 586/168/134
f 583/412/451 587/174/138 586/171/134
f 584/173/137 588/205/76 586/171/134
f 589/175/453 592/179/454 593/176/30
f 590/178/118 594/181/455 593/176/30
f 591/413/120 595/177/117 593/176/30
f 596/182/122 599/416/124 600/414/456
f 597/415/457 601/188/458 600/414/456
f 598/417/125 602/239/88 600/414/456
f 603/418/105 606/192/459 607/190/44
f 604/419/106 608/349/109 607/190/44
f 605/193/108 609/121/94 607/190/44
f 610/420/112 613/422/115 614/196/99
f 611/353/461 615/201/462 614/196/99
f 612/200/110 616/421/460 614/196/99
f 561/405/139 567/144/58 578/133/449
f 567/202/58 563/407/143 576/162/129
f 568/408/150 574/153/445 566/203/144
f 574/204/445 570/157/447 563/407/143
f 582/411/133 588/169/76 573/136/149
f 588/205/76 584/173/137 570/157/447
f 577/165/131 580/166/450 587/174/138
f 580/166/450 576/162/129 584/173/137
f 575/410/448 581/161/128 606/192/459
f 581/206/128 577/165/131 604/419/106
f 610/420/112 616/421/460 585/207/452
f 616/421/460 612/200/110 583/412/451
f 605/193/108 608/349/109 615/201/462
f 608/349/109 604/419/106 612/200/110
f 603/418/105 609/121/94 592/179/454
f 609/121/94 605/193/108 590/178/118
f 596/182/122 602/239/88 613/422/115
f 602/239/88 598/417/125 611/353/461
f 591/413/120 594/181/455 601/188/458
f 594/181/455 590/178/118 598/417/125
f 589/175/453 595/177/117 564/208/444
f 595/177/117 591/413/120 562/406/141
f 569/409/145 571/156/446 599/416/124
f 571/209/446 568/408/150 597/415/457
f 603/418/105 589/175/453 561/405/139
f 570/157/447 584/173/137 576/162/129
f 597/415/457 568/408/150 562/406/141
f 582/411/133 569/409/145 596/182/122
f 583/412/451 612/200/110 604/419/106
f 611/353/461 598/417/125 590/178/118
f 617/423/189 620/260/464 621/211/463
f 618/212/191 622/203/465 621/146/463
f 619/214/193 623/255/190 621/149/463
f 624/215/198 627/261/468 628/216/466
f 625/218/195 629/256/40 628/155/466
f 626/220/469 630/204/467 628/158/466
f 631/222/176 634/133/179 635/90/140
f 632/162/178 636/166/472 635/224/140
f 633/424/471 637/258/470 635/224/140
f 638/425/182 641/259/474 642/228/183
f 639/229/473 643/174/475 642/230/183
f 640/232/187 644/257/184 642/230/183
f 645/233/164 648/179/168 649/234/476
f 646/178/167 650/181/478 649/234/476
f 647/236/169 651/235/477 649/234/476
f 652/237/171 655/241/479 656/238/99
f 653/426/172 657/242/480 656/238/99
f 654/187/174 658/239/52 656/238/99
f 659/243/481 662/247/156 663/244/153
f 660/246/155 664/194/482 663/244/153
f 661/248/157 665/245/154 663/244/153
f 666/249/483 669/252/26 670/250/75
f 667/198/163 671/254/485 670/250/75
f 668/253/159 672/251/484 670/250/75
f 617/423/189 623/75/190 634/133/179
f 623/255/190 619/214/193 632/162/178
f 624/215/198 630/217/467 622/203/465
f 630/204/467 626/220/469 619/214/193
f 638/425/182 644/169/184 629/256/40
f 644/257/184 640/232/187 626/220/469
f 639/229/473 633/424/471 636/166/472
f 636/166/472 632/162/178 640/232/187
f 631/222/176 637/223/470 662/247/156
f 637/258/470 633/424/471 660/246/155
f 666/249/483 672/251/484 641/259/474
f 672/251/484 668/253/159 639/229/473
f 661/248/157 664/194/482 671/254/485
f 664/194/482 660/246/155 668/253/159
f 659/243/481 665/245/154 648/179/168
f 665/245/154 661/248/157 646/178/167
f 652/237/171 658/239/52 669/252/26
f 658/239/52 654/187/174 667/198/163
f 647/236/169 650/181/478 657/242/480
f 650/181/478 646/178/167 654/187/174
f 645/233/164 651/235/477 620/260/464
f 651/235/477 647/236/169 618/212/191
f 625/218/195 627/219/468 655/241/479
f 627/261/468 624/215/198 653/426/172
f 659/243/481 645/233/164 617/423/189
f 626/220/469 640/232/187 632/162/178
f 653/426/172 624/215/198 618/212/191
f 638/425/182 625/218/195 652/237/171
f 639/229/473 668/253/159 660/246/155
f 667/198/163 654/187/174 646/178/167
f 673/262/486 676/310/489 677/263/355
f 674/264/488 678/307/491 677/146/355
f 675/148/490 679/134/487 677/149/355
f 680/267/492 683/311/495 684/268/362
f 681/427/494 685/136/497 684/155/362
f 682/157/496 686/204/493 684/158/362
f 687/272/498 690/133/501 691/90/499
f 688/324/343 692/166/503 691/275/499
f 689/362/502 693/308/500 691/275/499
f 694/278/504 697/309/507 698/279/505
f 695/280/350 699/283/353 698/281/505
f 696/173/508 700/137/506 698/281/505
f 701/284/509 704/288/511 705/285/327
f 702/287/329 706/290/332 705/285/327
f 703/365/512 707/286/510 705/285/327
f 708/291/513 711/294/515 712/292/334
f 709/293/336 713/296/517 712/292/334
f 710/187/516 714/114/514 712/292/334
f 715/428/518 718/301/521 719/298/313
f 716/300/520 720/302/522 719/298/313
f 717/193/317 721/299/519 719/298/313
f 722/429/523 725/199/526 726/304/320
f 723/198/525 727/254/528 726/304/320
f 724/306/527 728/430/524 726/304/320
f 673/262/486 679/75/487 690/133/501
f 679/134/487 675/148/490 688/324/343
f 680/267/492 686/269/493 678/307/491
f 686/204/493 682/157/496 675/148/490
f 681/427/494 694/278/504 700/169/506
f 700/137/506 696/173/508 682/157/496
f 689/362/502 692/166/503 699/283/353
f 692/166/503 688/324/343 696/173/508
f 687/272/498 693/273/500 718/301/521
f 718/301/521 693/308/500 689/362/502
f 694/278/504 722/429/523 728/430/524
f 728/430/524 724/306/527 695/280/350
f 717/193/317 720/302/522 727/254/528
f 720/302/522 716/300/520 724/306/527
f 715/428/518 721/299/519 704/288/511
f 721/299/519 717/193/317 702/287/329
f 708/291/513 714/114/514 725/199/526
f 714/114/514 710/187/516 723/198/525
f 703/365/512 706/290/332 713/296/517
f 706/290/332 702/287/329 710/187/516
f 701/284/509 707/286/510 676/310/489
f 676/265/489 707/286/510 703/365/512
f 708/291/513 681/427/494 683/271/495
f 683/311/495 680/267/492 709/293/336
f 687/272/498 715/428/518 701/284/509
f 682/157/496 696/173/508 688/324/343
f 709/293/336 680/267/492 674/264/488
f 722/429/523 694/278/504 681/427/494
f 695/280/350 724/306/527 716/300/520
f 723/198/525 710/187/516 702/287/329
f 729/368/529 732/359/533 733/313/530
f 730/314/532 734/307/535 733/146/530
f 731/369/534 735/382/531 733/149/530
f 736/317/422 739/360/538 740/318/536
f 737/319/417 741/136/540 740/155/536
f 738/321/539 742/204/537 740/158/536
f 743/322/541 746/133/400 747/90/542
f 744/324/399 748/372/545 747/325/542
f 745/326/544 749/357/543 747/325/542
f 750/431/546 753/358/549 754/328/404
f 751/329/548 755/174/551 754/330/404
f 752/173/550 756/356/547 754/330/404
f 757/332/552 760/179/386 761/333/383
f 758/335/385 762/337/388 761/333/383
f 759/432/554 763/334/553 761/333/383
f 764/375/389 767/376/393 768/339/390
f 765/340/392 769/242/557 768/339/390
f 766/187/556 770/114/555 768/339/390
f 771/377/558 774/347/372 775/344/559
f 772/346/561 776/378/562 775/344/559
f 773/348/373 777/345/560 775/344/559
f 778/433/563 781/130/567 782/380/564
f 779/353/566 783/201/569 782/380/564
f 780/355/568 784/434/565 782/380/564
f 743/322/541 729/368/529 735/144/531
f 735/382/531 731/369/534 744/324/399
f 736/317/422 742/217/537 734/307/535
f 742/204/537 738/321/539 731/369/534
f 750/431/546 756/169/547 741/136/540
f 741/159/540 756/356/547 752/173/550
f 745/326/544 748/372/545 755/174/551
f 748/372/545 744/324/399 752/173/550
f 743/322/541 749/323/543 774/347/372
f 749/357/543 745/326/544 772/346/561
f 750/431/546 778/433/563 784/434/565
f 753/331/549 784/434/565 780/355/568
f 773/348/373 776/378/562 783/201/569
f 776/378/562 772/346/561 780/355/568
f 757/332/552 771/377/558 777/345/560
f 777/345/560 773/348/373 758/335/385
f 764/375/389 770/114/555 781/130/567
f 781/130/567 770/114/555 766/187/556
f 759/432/554 762/337/388 769/242/557
f 762/337/388 758/335/385 766/187/556
f 729/368/529 757/332/552 763/334/553
f 763/334/553 759/432/554 730/314/532
f 737/319/417 739/320/538 767/376/393
f 739/360/538 736/317/422 765/340/392
f 771/377/558 757/332/552 729/368/529
f 738/321/539 752/173/550 744/324/399
f 765/340/392 736/317/422 730/314/532
f 750/431/546 737/319/417 764/375/389
f 751/329/548 780/355/568 772/346/561
f 779/353/566 766/187/556 758/335/385
f 785/262/570 788/310/246 789/263/243
f 786/264/572 790/307/248 789/146/243
f 787/148/573 791/134/571 789/149/243
f 792/267/254 795/311/577 796/268/574
f 793/435/576 797/136/578 796/155/574
f 794/157/252 798/204/575 796/158/574
f 799/272/579 802/133/581 803/90/229
f 800/324/231 804/436/583 803/275/229
f 801/277/582 805/308/580 803/275/229
f 806/278/584 809/309/587 810/279/236
f 807/280/586 811/283/241 810/281/236
f 808/173/588 812/137/585 810/281/236
f 813/364/589 816/288/591 817/285/215
f 814/437/217 818/438/220 817/285/215
f 815/365/592 819/286/590 817/285/215
f 820/291/593 823/440/225 824/292/222
f 821/367/224 825/296/227 824/292/222
f 822/187/595 826/439/594 824/292/222
f 827/428/596 830/301/599 831/298/597
f 828/300/203 832/378/601 831/298/597
f 829/193/600 833/121/598 831/298/597
f 834/303/602 837/199/605 838/441/603
f 835/353/212 839/254/606 838/441/603
f 836/306/207 840/442/604 838/441/603
f 785/262/570 791/75/571 802/133/581
f 802/276/581 791/134/571 787/148/573
f 792/267/254 798/269/575 790/307/248
f 798/204/575 794/157/252 787/148/573
f 806/278/584 812/169/585 797/136/578
f 812/137/585 808/173/588 794/157/252
f 801/277/582 804/436/583 811/283/241
f 804/436/583 800/324/231 808/173/588
f 799/272/579 805/273/580 830/301/599
f 805/308/580 801/277/582 828/300/203
f 834/303/602 840/442/604 809/309/587
f 840/442/604 836/306/207 807/280/586
f 829/193/600 832/378/601 839/254/606
f 832/378/601 828/300/203 836/306/207
f 827/428/596 833/121/598 816/288/591
f 816/288/591 833/121/598 829/193/600
f 834/303/602 820/291/593 826/439/594
f 826/439/594 822/187/595 835/353/212
f 815/365/592 818/438/220 825/296/227
f 818/438/220 814/437/217 822/187/595
f 813/364/589 819/286/590 788/310/246
f 819/286/590 815/365/592 786/264/572
f 793/435/576 795/271/577 823/440/225
f 795/311/577 792/267/254 821/367/224
f 827/428/596 813/364/589 785/262/570
f 794/157/252 808/173/588 800/324/231
f 821/367/224 792/267/254 786/264/572
f 806/278/584 793/435/576 820/291/593
f 807/280/586 836/306/207 828/300/203
f 835/353/212 822/187/595 814/437/217
f 841/443/607 844/359/610 845/313/299
f 842/314/609 846/307/612 845/146/299
f 843/369/611 847/382/608 845/149/299
f 848/317/310 851/360/615 852/318/306
f 849/370/614 853/136/617 852/155/306
f 850/321/616 854/204/613 852/158/306
f 855/371/618 858/133/621 859/90/285
f 856/324/620 860/372/623 859/325/285
f 857/326/622 861/357/619 859/325/285
f 862/431/291 865/358/295 866/328/624
f 863/329/294 867/174/627 866/330/624
f 864/173/626 868/356/625 866/330/624
f 869/332/628 872/179/630 873/333/271
f 870/335/273 874/337/276 873/333/271
f 871/432/631 875/334/629 873/333/271
f 876/375/632 879/376/635 880/339/633
f 877/340/280 881/242/637 880/339/633
f 878/187/636 882/114/634 880/339/633
f 883/377/638 886/347/641 887/344/257
f 884/346/640 888/378/643 887/344/257
f 885/348/642 889/345/639 887/344/257
f 890/379/644 893/130/647 894/380/264
f 891/353/646 895/201/648 894/380/264
f 892/355/263 896/352/645 894/380/264
f 855/371/618 841/443/607 847/144/608
f 858/164/621 847/382/608 843/369/611
f 848/317/310 854/217/613 846/307/612
f 854/204/613 850/321/616 843/369/611
f 862/431/291 868/169/625 853/136/617
f 868/356/625 864/173/626 850/321/616
f 857/326/622 860/372/623 867/174/627
f 860/372/623 856/324/620 864/173/626
f 855/371/618 861/323/619 886/347/641
f 861/357/619 857/326/622 884/346/640
f 862/431/291 890/379/644 896/352/645
f 896/352/645 892/355/263 863/329/294
f 885/348/642 888/378/643 895/201/648
f 888/378/643 884/346/640 892/355/263
f 883/377/638 889/345/639 872/179/630
f 889/345/639 885/348/642 870/335/273
f 876/375/632 882/114/634 893/130/647
f 882/114/634 878/187/636 891/353/646
f 871/432/631 874/337/276 881/242/637
f 874/337/276 870/335/273 878/187/636
f 869/332/628 875/334/629 844/359/610
f 844/315/610 875/334/629 871/432/631
f 876/375/632 849/370/614 851/320/615
f 851/360/615 848/317/310 877/340/280
f 883/377/638 869/332/628 841/443/607
f 850/321/616 864/173/626 856/324/620
f 877/340/280 848/317/310 842/314/609
f 890/379/644 862/431/291 849/370/614
f 863/329/294 892/355/263 884/346/640
f 891/353/646 878/187/636 870/335/273
