# Blender 4.5.0
# www.blender.org
mtllib mesh_022.mtl
o mesh_022
v 0.138702 0.038415 0.960000
v 0.138702 0.036559 0.961856
v 0.136846 0.038415 0.961856
v 0.138702 0.037103 0.960544
v 0.137630 0.037343 0.960785
v 0.137390 0.037103 0.961856
v 0.137390 0.038415 0.960544
v 0.138702 0.036559 0.980144
v 0.138702 0.038415 0.982000
v 0.136846 0.038415 0.980144
v 0.138702 0.037103 0.981456
v 0.137630 0.037343 0.981215
v 0.137390 0.038415 0.981456
v 0.137390 0.037103 0.980144
v 0.138702 0.314632 0.960000
v 0.136846 0.314632 0.961856
v 0.138702 0.316488 0.961856
v 0.137390 0.314632 0.960544
v 0.137630 0.315704 0.960785
v 0.137390 0.315945 0.961856
v 0.138702 0.315945 0.960544
v 0.138702 0.314632 0.982000
v 0.138702 0.316488 0.980144
v 0.136846 0.314632 0.980144
v 0.138702 0.315945 0.981456
v 0.137630 0.315704 0.981215
v 0.137390 0.315945 0.980144
v 0.137390 0.314632 0.981456
v 0.150459 0.038415 0.960000
v 0.152316 0.038415 0.961856
v 0.150459 0.036559 0.961856
v 0.151772 0.038415 0.960544
v 0.151531 0.037343 0.960785
v 0.151772 0.037103 0.961856
v 0.150459 0.037103 0.960544
v 0.150459 0.038415 0.982000
v 0.150459 0.036559 0.980144
v 0.152316 0.038415 0.980144
v 0.150459 0.037103 0.981456
v 0.151531 0.037343 0.981215
v 0.151772 0.037103 0.980144
v 0.151772 0.038415 0.981456
v 0.150459 0.314632 0.960000
v 0.150459 0.316488 0.961856
v 0.152316 0.314632 0.961856
v 0.150459 0.315945 0.960544
v 0.151531 0.315704 0.960785
v 0.151772 0.315945 0.961856
v 0.151772 0.314632 0.960544
v 0.150459 0.314632 0.982000
v 0.152316 0.314632 0.980144
v 0.150459 0.316488 0.980144
v 0.151772 0.314632 0.981456
v 0.151531 0.315704 0.981215
v 0.151772 0.315945 0.980144
v 0.150459 0.315945 0.981456
v 0.154172 0.038415 0.960000
v 0.154172 0.036559 0.961856
v 0.152316 0.038415 0.961856
v 0.154172 0.037103 0.960544
v 0.153100 0.037343 0.960785
v 0.152860 0.037103 0.961856
v 0.152860 0.038415 0.960544
v 0.154172 0.036559 0.980144
v 0.154172 0.038415 0.982000
v 0.152316 0.038415 0.980144
v 0.154172 0.037103 0.981456
v 0.153100 0.037343 0.981215
v 0.152860 0.038415 0.981456
v 0.152860 0.037103 0.980144
v 0.154172 0.050172 0.960000
v 0.152316 0.050172 0.961856
v 0.154172 0.052029 0.961856
v 0.152860 0.050172 0.960544
v 0.153100 0.051244 0.960785
v 0.152860 0.051485 0.961856
v 0.154172 0.051485 0.960544
v 0.154172 0.050172 0.982000
v 0.154172 0.052029 0.980144
v 0.152316 0.050172 0.980144
v 0.154172 0.051485 0.981456
v 0.153100 0.051244 0.981215
v 0.152860 0.051485 0.980144
v 0.152860 0.050172 0.981456
v 0.377268 0.038415 0.960000
v 0.379124 0.038415 0.961856
v 0.377268 0.036559 0.961856
v 0.378581 0.038415 0.960544
v 0.378340 0.037343 0.960785
v 0.378581 0.037103 0.961856
v 0.377268 0.037103 0.960544
v 0.377268 0.038415 0.982000
v 0.377268 0.036559 0.980144
v 0.379124 0.038415 0.980144
v 0.377268 0.037103 0.981456
v 0.378340 0.037343 0.981215
v 0.378581 0.037103 0.980144
v 0.378581 0.038415 0.981456
v 0.377268 0.050172 0.960000
v 0.377268 0.052029 0.961856
v 0.379124 0.050172 0.961856
v 0.377268 0.051485 0.960544
v 0.378340 0.051244 0.960785
v 0.378581 0.051485 0.961856
v 0.378581 0.050172 0.960544
v 0.377268 0.050172 0.982000
v 0.379124 0.050172 0.980144
v 0.377268 0.052029 0.980144
v 0.378581 0.050172 0.981456
v 0.378340 0.051244 0.981215
v 0.378581 0.051485 0.980144
v 0.377268 0.051485 0.981456
v 0.219842 0.179051 0.965940
v 0.219842 0.179850 0.966738
v 0.220641 0.179051 0.966738
v 0.219842 0.179616 0.966174
v 0.220303 0.179512 0.966277
v 0.220407 0.179616 0.966738
v 0.220407 0.179051 0.966174
v 0.219842 0.179850 0.981202
v 0.219842 0.179051 0.982000
v 0.220641 0.179051 0.981202
v 0.219842 0.179616 0.981766
v 0.220303 0.179512 0.981663
v 0.220407 0.179051 0.981766
v 0.220407 0.179616 0.981202
v 0.219842 0.173996 0.965940
v 0.220641 0.173996 0.966738
v 0.219842 0.173198 0.966738
v 0.220407 0.173996 0.966174
v 0.220303 0.173535 0.966277
v 0.220407 0.173431 0.966738
v 0.219842 0.173431 0.966174
v 0.219842 0.173996 0.982000
v 0.219842 0.173198 0.981202
v 0.220641 0.173996 0.981202
v 0.219842 0.173431 0.981766
v 0.220303 0.173535 0.981663
v 0.220407 0.173431 0.981202
v 0.220407 0.173996 0.981766
v 0.145379 0.179051 0.965940
v 0.144581 0.179051 0.966738
v 0.145379 0.179850 0.966738
v 0.144815 0.179051 0.966174
v 0.144918 0.179512 0.966277
v 0.144815 0.179616 0.966738
v 0.145379 0.179616 0.966174
v 0.145379 0.179051 0.982000
v 0.145379 0.179850 0.981202
v 0.144581 0.179051 0.981202
v 0.145379 0.179616 0.981766
v 0.144918 0.179512 0.981663
v 0.144815 0.179616 0.981202
v 0.144815 0.179051 0.981766
v 0.145379 0.173996 0.965940
v 0.145379 0.173198 0.966738
v 0.144581 0.173996 0.966738
v 0.145379 0.173431 0.966174
v 0.144918 0.173535 0.966277
v 0.144815 0.173431 0.966738
v 0.144815 0.173996 0.966174
v 0.145379 0.173996 0.982000
v 0.144581 0.173996 0.981202
v 0.145379 0.173198 0.981202
v 0.144815 0.173996 0.981766
v 0.144918 0.173535 0.981663
v 0.144815 0.173431 0.981202
v 0.145379 0.173431 0.981766
v 0.263192 0.130646 0.965940
v 0.262394 0.130646 0.966738
v 0.263192 0.131444 0.966738
v 0.262628 0.130646 0.966174
v 0.262731 0.131107 0.966277
v 0.262628 0.131210 0.966738
v 0.263192 0.131210 0.966174
v 0.262394 0.130646 0.981202
v 0.263192 0.130646 0.982000
v 0.263192 0.131444 0.981202
v 0.262628 0.130646 0.981766
v 0.262731 0.131107 0.981663
v 0.263192 0.131210 0.981766
v 0.262628 0.131210 0.981202
v 0.268248 0.130646 0.965940
v 0.268248 0.131444 0.966738
v 0.269046 0.130646 0.966738
v 0.268248 0.131210 0.966174
v 0.268709 0.131107 0.966277
v 0.268812 0.131210 0.966738
v 0.268812 0.130646 0.966174
v 0.268248 0.130646 0.982000
v 0.269046 0.130646 0.981202
v 0.268248 0.131444 0.981202
v 0.268812 0.130646 0.981766
v 0.268709 0.131107 0.981663
v 0.268812 0.131210 0.981202
v 0.268248 0.131210 0.981766
v 0.263192 0.045092 0.965940
v 0.263192 0.044294 0.966738
v 0.262394 0.045092 0.966738
v 0.263192 0.044528 0.966174
v 0.262731 0.044631 0.966277
v 0.262628 0.044528 0.966738
v 0.262628 0.045092 0.966174
v 0.263192 0.045092 0.982000
v 0.262394 0.045092 0.981202
v 0.263192 0.044294 0.981202
v 0.262628 0.045092 0.981766
v 0.262731 0.044631 0.981663
v 0.262628 0.044528 0.981202
v 0.263192 0.044528 0.981766
v 0.268248 0.045092 0.965940
v 0.269046 0.045092 0.966738
v 0.268248 0.044294 0.966738
v 0.268812 0.045092 0.966174
v 0.268709 0.044631 0.966277
v 0.268812 0.044528 0.966738
v 0.268248 0.044528 0.966174
v 0.268248 0.045092 0.982000
v 0.268248 0.044294 0.981202
v 0.269046 0.045092 0.981202
v 0.268248 0.044528 0.981766
v 0.268709 0.044631 0.981663
v 0.268812 0.044528 0.981202
v 0.268812 0.045092 0.981766
v 0.231444 0.145774 0.965940
v 0.230858 0.146315 0.966738
v 0.231986 0.146361 0.966738
v 0.231029 0.146157 0.966174
v 0.231418 0.146425 0.966277
v 0.231412 0.146572 0.966738
v 0.231827 0.146189 0.966174
v 0.230858 0.146315 0.981202
v 0.231444 0.145774 0.982000
v 0.231986 0.146361 0.981202
v 0.231029 0.146157 0.981766
v 0.231418 0.146425 0.981663
v 0.231827 0.146189 0.981766
v 0.231412 0.146572 0.981202
v 0.235162 0.142347 0.965940
v 0.235703 0.142934 0.966738
v 0.235748 0.141806 0.966738
v 0.235544 0.142762 0.966174
v 0.235813 0.142374 0.966277
v 0.235959 0.142380 0.966738
v 0.235577 0.141965 0.966174
v 0.235162 0.142347 0.982000
v 0.235748 0.141806 0.981202
v 0.235703 0.142934 0.981202
v 0.235577 0.141965 0.981766
v 0.235813 0.142374 0.981663
v 0.235959 0.142380 0.981202
v 0.235544 0.142762 0.981766
v 0.189655 0.100444 0.965940
v 0.189114 0.099857 0.966738
v 0.189069 0.100985 0.966738
v 0.189273 0.100029 0.966174
v 0.189004 0.100417 0.966277
v 0.188858 0.100411 0.966738
v 0.189240 0.100826 0.966174
v 0.189655 0.100444 0.982000
v 0.189069 0.100985 0.981202
v 0.189114 0.099857 0.981202
v 0.189240 0.100826 0.981766
v 0.189004 0.100417 0.981663
v 0.188858 0.100411 0.981202
v 0.189273 0.100029 0.981766
v 0.193373 0.097017 0.965940
v 0.193959 0.096476 0.966738
v 0.192832 0.096430 0.966738
v 0.193788 0.096634 0.966174
v 0.193399 0.096366 0.966277
v 0.193405 0.096219 0.966738
v 0.192990 0.096602 0.966174
v 0.193373 0.097017 0.982000
v 0.192832 0.096430 0.981202
v 0.193959 0.096476 0.981202
v 0.192990 0.096602 0.981766
v 0.193399 0.096366 0.981663
v 0.193405 0.096219 0.981202
v 0.193788 0.096634 0.981766
v 0.190024 0.100618 0.965940
v 0.189976 0.101415 0.966738
v 0.190821 0.100667 0.966738
v 0.189990 0.101182 0.966174
v 0.190456 0.101106 0.966277
v 0.190553 0.101216 0.966738
v 0.190587 0.100652 0.966174
v 0.189976 0.101415 0.981202
v 0.190024 0.100618 0.982000
v 0.190821 0.100667 0.981202
v 0.189990 0.101182 0.981766
v 0.190456 0.101106 0.981663
v 0.190587 0.100652 0.981766
v 0.190553 0.101216 0.981202
v 0.190328 0.095572 0.965940
v 0.191125 0.095620 0.966738
v 0.190376 0.094775 0.966738
v 0.190892 0.095606 0.966174
v 0.190816 0.095140 0.966277
v 0.190926 0.095043 0.966738
v 0.190362 0.095009 0.966174
v 0.190328 0.095572 0.982000
v 0.190376 0.094775 0.981202
v 0.191125 0.095620 0.981202
v 0.190362 0.095009 0.981766
v 0.190816 0.095140 0.981663
v 0.190926 0.095043 0.981202
v 0.190892 0.095606 0.981766
v 0.145225 0.097915 0.965940
v 0.144429 0.097867 0.966738
v 0.145177 0.098712 0.966738
v 0.144662 0.097881 0.966174
v 0.144738 0.098348 0.966277
v 0.144628 0.098445 0.966738
v 0.145191 0.098479 0.966174
v 0.145225 0.097915 0.982000
v 0.145177 0.098712 0.981202
v 0.144429 0.097867 0.981202
v 0.145191 0.098479 0.981766
v 0.144738 0.098348 0.981663
v 0.144628 0.098445 0.981202
v 0.144662 0.097881 0.981766
v 0.145530 0.092869 0.965940
v 0.145578 0.092072 0.966738
v 0.144733 0.092821 0.966738
v 0.145564 0.092305 0.966174
v 0.145098 0.092381 0.966277
v 0.145000 0.092271 0.966738
v 0.144966 0.092835 0.966174
v 0.145530 0.092869 0.982000
v 0.144733 0.092821 0.981202
v 0.145578 0.092072 0.981202
v 0.144966 0.092835 0.981766
v 0.145098 0.092381 0.981663
v 0.145000 0.092271 0.981202
v 0.145564 0.092305 0.981766
v 0.235162 0.210700 0.965940
v 0.235748 0.211241 0.966738
v 0.235703 0.210113 0.966738
v 0.235577 0.211082 0.966174
v 0.235813 0.210673 0.966277
v 0.235959 0.210667 0.966738
v 0.235544 0.210285 0.966174
v 0.235748 0.211241 0.981202
v 0.235162 0.210700 0.982000
v 0.235703 0.210113 0.981202
v 0.235577 0.211082 0.981766
v 0.235813 0.210673 0.981663
v 0.235544 0.210285 0.981766
v 0.235959 0.210667 0.981202
v 0.231444 0.207273 0.965940
v 0.231986 0.206686 0.966738
v 0.230858 0.206732 0.966738
v 0.231827 0.206858 0.966174
v 0.231418 0.206622 0.966277
v 0.231412 0.206476 0.966738
v 0.231029 0.206891 0.966174
v 0.231444 0.207273 0.982000
v 0.230858 0.206732 0.981202
v 0.231986 0.206686 0.981202
v 0.231029 0.206891 0.981766
v 0.231418 0.206622 0.981663
v 0.231412 0.206476 0.981202
v 0.231827 0.206858 0.981766
v 0.193373 0.256030 0.965940
v 0.192832 0.256617 0.966738
v 0.193959 0.256571 0.966738
v 0.192990 0.256445 0.966174
v 0.193399 0.256682 0.966277
v 0.193405 0.256828 0.966738
v 0.193788 0.256413 0.966174
v 0.193373 0.256030 0.982000
v 0.193959 0.256571 0.981202
v 0.192832 0.256617 0.981202
v 0.193788 0.256413 0.981766
v 0.193399 0.256682 0.981663
v 0.193405 0.256828 0.981202
v 0.192990 0.256445 0.981766
v 0.189655 0.252604 0.965940
v 0.189069 0.252063 0.966738
v 0.189114 0.253191 0.966738
v 0.189240 0.252221 0.966174
v 0.189004 0.252630 0.966277
v 0.188858 0.252636 0.966738
v 0.189273 0.253019 0.966174
v 0.189655 0.252604 0.982000
v 0.189114 0.253191 0.981202
v 0.189069 0.252063 0.981202
v 0.189273 0.253019 0.981766
v 0.189004 0.252630 0.981663
v 0.188858 0.252636 0.981202
v 0.189240 0.252221 0.981766
v 0.190328 0.257475 0.965940
v 0.190376 0.258272 0.966738
v 0.191125 0.257427 0.966738
v 0.190362 0.258039 0.966174
v 0.190816 0.257908 0.966277
v 0.190926 0.258005 0.966738
v 0.190892 0.257441 0.966174
v 0.190376 0.258272 0.981202
v 0.190328 0.257475 0.982000
v 0.191125 0.257427 0.981202
v 0.190362 0.258039 0.981766
v 0.190816 0.257908 0.981663
v 0.190892 0.257441 0.981766
v 0.190926 0.258005 0.981202
v 0.190024 0.252429 0.965940
v 0.190821 0.252381 0.966738
v 0.189976 0.251632 0.966738
v 0.190587 0.252395 0.966174
v 0.190456 0.251941 0.966277
v 0.190553 0.251831 0.966738
v 0.189990 0.251865 0.966174
v 0.190024 0.252429 0.982000
v 0.189976 0.251632 0.981202
v 0.190821 0.252381 0.981202
v 0.189990 0.251865 0.981766
v 0.190456 0.251941 0.981663
v 0.190553 0.251831 0.981202
v 0.190587 0.252395 0.981766
v 0.145530 0.260178 0.965940
v 0.144733 0.260226 0.966738
v 0.145578 0.260975 0.966738
v 0.144966 0.260212 0.966174
v 0.145098 0.260666 0.966277
v 0.145000 0.260776 0.966738
v 0.145564 0.260742 0.966174
v 0.145530 0.260178 0.982000
v 0.145578 0.260975 0.981202
v 0.144733 0.260226 0.981202
v 0.145564 0.260742 0.981766
v 0.145098 0.260666 0.981663
v 0.145000 0.260776 0.981202
v 0.144966 0.260212 0.981766
v 0.145225 0.255132 0.965940
v 0.145177 0.254335 0.966738
v 0.144429 0.255180 0.966738
v 0.145191 0.254569 0.966174
v 0.144738 0.254700 0.966277
v 0.144628 0.254603 0.966738
v 0.144662 0.255166 0.966174
v 0.145225 0.255132 0.982000
v 0.144429 0.255180 0.981202
v 0.145177 0.254335 0.981202
v 0.144662 0.255166 0.981766
v 0.144738 0.254700 0.981663
v 0.144628 0.254603 0.981202
v 0.145191 0.254569 0.981766
v 0.380981 0.038415 0.960000
v 0.380981 0.036559 0.961856
v 0.379124 0.038415 0.961856
v 0.380981 0.037103 0.960544
v 0.379909 0.037343 0.960785
v 0.379668 0.037103 0.961856
v 0.379668 0.038415 0.960544
v 0.380981 0.036559 0.980144
v 0.380981 0.038415 0.982000
v 0.379124 0.038415 0.980144
v 0.380981 0.037103 0.981456
v 0.379909 0.037343 0.981215
v 0.379668 0.038415 0.981456
v 0.379668 0.037103 0.980144
v 0.380981 0.314632 0.960000
v 0.379124 0.314632 0.961856
v 0.380981 0.316488 0.961856
v 0.379668 0.314632 0.960544
v 0.379909 0.315704 0.960785
v 0.379668 0.315945 0.961856
v 0.380981 0.315945 0.960544
v 0.380981 0.314632 0.982000
v 0.380981 0.316488 0.980144
v 0.379124 0.314632 0.980144
v 0.380981 0.315945 0.981456
v 0.379909 0.315704 0.981215
v 0.379668 0.315945 0.980144
v 0.379668 0.314632 0.981456
v 0.392738 0.038415 0.960000
v 0.394594 0.038415 0.961856
v 0.392738 0.036559 0.961856
v 0.394050 0.038415 0.960544
v 0.393810 0.037343 0.960785
v 0.394050 0.037103 0.961856
v 0.392738 0.037103 0.960544
v 0.392738 0.038415 0.982000
v 0.392738 0.036559 0.980144
v 0.394594 0.038415 0.980144
v 0.392738 0.037103 0.981456
v 0.393810 0.037343 0.981215
v 0.394050 0.037103 0.980144
v 0.394050 0.038415 0.981456
v 0.392738 0.314632 0.960000
v 0.392738 0.316488 0.961856
v 0.394594 0.314632 0.961856
v 0.392738 0.315945 0.960544
v 0.393810 0.315704 0.960785
v 0.394050 0.315945 0.961856
v 0.394050 0.314632 0.960544
v 0.392738 0.314632 0.982000
v 0.394594 0.314632 0.980144
v 0.392738 0.316488 0.980144
v 0.394050 0.314632 0.981456
v 0.393810 0.315704 0.981215
v 0.394050 0.315945 0.980144
v 0.392738 0.315945 0.981456
v 0.154172 0.302875 0.960000
v 0.154172 0.301018 0.961856
v 0.152316 0.302875 0.961856
v 0.154172 0.301562 0.960544
v 0.153100 0.301803 0.960785
v 0.152860 0.301562 0.961856
v 0.152860 0.302875 0.960544
v 0.154172 0.301018 0.980144
v 0.154172 0.302875 0.982000
v 0.152316 0.302875 0.980144
v 0.154172 0.301562 0.981456
v 0.153100 0.301803 0.981215
v 0.152860 0.302875 0.981456
v 0.152860 0.301562 0.980144
v 0.154172 0.314632 0.960000
v 0.152316 0.314632 0.961856
v 0.154172 0.316488 0.961856
v 0.152860 0.314632 0.960544
v 0.153100 0.315704 0.960785
v 0.152860 0.315945 0.961856
v 0.154172 0.315945 0.960544
v 0.154172 0.314632 0.982000
v 0.154172 0.316488 0.980144
v 0.152316 0.314632 0.980144
v 0.154172 0.315945 0.981456
v 0.153100 0.315704 0.981215
v 0.152860 0.315945 0.980144
v 0.152860 0.314632 0.981456
v 0.377268 0.302875 0.960000
v 0.379124 0.302875 0.961856
v 0.377268 0.301018 0.961856
v 0.378581 0.302875 0.960544
v 0.378340 0.301803 0.960785
v 0.378581 0.301562 0.961856
v 0.377268 0.301562 0.960544
v 0.377268 0.302875 0.982000
v 0.377268 0.301018 0.980144
v 0.379124 0.302875 0.980144
v 0.377268 0.301562 0.981456
v 0.378340 0.301803 0.981215
v 0.378581 0.301562 0.980144
v 0.378581 0.302875 0.981456
v 0.377268 0.314632 0.960000
v 0.377268 0.316488 0.961856
v 0.379124 0.314632 0.961856
v 0.377268 0.315945 0.960544
v 0.378340 0.315704 0.960785
v 0.378581 0.315945 0.961856
v 0.378581 0.314632 0.960544
v 0.377268 0.314632 0.982000
v 0.379124 0.314632 0.980144
v 0.377268 0.316488 0.980144
v 0.378581 0.314632 0.981456
v 0.378340 0.315704 0.981215
v 0.378581 0.315945 0.980144
v 0.377268 0.315945 0.981456
v 0.311598 0.173996 0.965940
v 0.311598 0.173198 0.966738
v 0.310799 0.173996 0.966738
v 0.311598 0.173431 0.966174
v 0.311137 0.173535 0.966277
v 0.311033 0.173431 0.966738
v 0.311033 0.173996 0.966174
v 0.311598 0.173198 0.981202
v 0.311598 0.173996 0.982000
v 0.310799 0.173996 0.981202
v 0.311598 0.173431 0.981766
v 0.311137 0.173535 0.981663
v 0.311033 0.173996 0.981766
v 0.311033 0.173431 0.981202
v 0.311598 0.179051 0.965940
v 0.310799 0.179051 0.966738
v 0.311598 0.179850 0.966738
v 0.311033 0.179051 0.966174
v 0.311137 0.179512 0.966277
v 0.311033 0.179616 0.966738
v 0.311598 0.179616 0.966174
v 0.311598 0.179051 0.982000
v 0.311598 0.179850 0.981202
v 0.310799 0.179051 0.981202
v 0.311598 0.179616 0.981766
v 0.311137 0.179512 0.981663
v 0.311033 0.179616 0.981202
v 0.311033 0.179051 0.981766
v 0.386061 0.173996 0.965940
v 0.386859 0.173996 0.966738
v 0.386061 0.173198 0.966738
v 0.386625 0.173996 0.966174
v 0.386522 0.173535 0.966277
v 0.386625 0.173431 0.966738
v 0.386061 0.173431 0.966174
v 0.386061 0.173996 0.982000
v 0.386061 0.173198 0.981202
v 0.386859 0.173996 0.981202
v 0.386061 0.173431 0.981766
v 0.386522 0.173535 0.981663
v 0.386625 0.173431 0.981202
v 0.386625 0.173996 0.981766
v 0.386061 0.179051 0.965940
v 0.386061 0.179850 0.966738
v 0.386859 0.179051 0.966738
v 0.386061 0.179616 0.966174
v 0.386522 0.179512 0.966277
v 0.386625 0.179616 0.966738
v 0.386625 0.179051 0.966174
v 0.386061 0.179051 0.982000
v 0.386859 0.179051 0.981202
v 0.386061 0.179850 0.981202
v 0.386625 0.179051 0.981766
v 0.386522 0.179512 0.981663
v 0.386625 0.179616 0.981202
v 0.386061 0.179616 0.981766
v 0.268248 0.222401 0.965940
v 0.269046 0.222401 0.966738
v 0.268248 0.221603 0.966738
v 0.268812 0.222401 0.966174
v 0.268709 0.221940 0.966277
v 0.268812 0.221837 0.966738
v 0.268248 0.221837 0.966174
v 0.269046 0.222401 0.981202
v 0.268248 0.222401 0.982000
v 0.268248 0.221603 0.981202
v 0.268812 0.222401 0.981766
v 0.268709 0.221940 0.981663
v 0.268248 0.221837 0.981766
v 0.268812 0.221837 0.981202
v 0.263192 0.222401 0.965940
v 0.263192 0.221603 0.966738
v 0.262394 0.222401 0.966738
v 0.263192 0.221837 0.966174
v 0.262731 0.221940 0.966277
v 0.262628 0.221837 0.966738
v 0.262628 0.222401 0.966174
v 0.263192 0.222401 0.982000
v 0.262394 0.222401 0.981202
v 0.263192 0.221603 0.981202
v 0.262628 0.222401 0.981766
v 0.262731 0.221940 0.981663
v 0.262628 0.221837 0.981202
v 0.263192 0.221837 0.981766
v 0.268248 0.307955 0.965940
v 0.268248 0.308753 0.966738
v 0.269046 0.307955 0.966738
v 0.268248 0.308520 0.966174
v 0.268709 0.308416 0.966277
v 0.268812 0.308520 0.966738
v 0.268812 0.307955 0.966174
v 0.268248 0.307955 0.982000
v 0.269046 0.307955 0.981202
v 0.268248 0.308753 0.981202
v 0.268812 0.307955 0.981766
v 0.268709 0.308416 0.981663
v 0.268812 0.308520 0.981202
v 0.268248 0.308520 0.981766
v 0.263192 0.307955 0.965940
v 0.262394 0.307955 0.966738
v 0.263192 0.308753 0.966738
v 0.262628 0.307955 0.966174
v 0.262731 0.308416 0.966277
v 0.262628 0.308520 0.966738
v 0.263192 0.308520 0.966174
v 0.263192 0.307955 0.982000
v 0.263192 0.308753 0.981202
v 0.262394 0.307955 0.981202
v 0.263192 0.308520 0.981766
v 0.262731 0.308416 0.981663
v 0.262628 0.308520 0.981202
v 0.262628 0.307955 0.981766
v 0.296278 0.142347 0.965940
v 0.295692 0.141806 0.966738
v 0.295737 0.142934 0.966738
v 0.295863 0.141965 0.966174
v 0.295627 0.142374 0.966277
v 0.295481 0.142380 0.966738
v 0.295896 0.142762 0.966174
v 0.295692 0.141806 0.981202
v 0.296278 0.142347 0.982000
v 0.295737 0.142934 0.981202
v 0.295863 0.141965 0.981766
v 0.295627 0.142374 0.981663
v 0.295896 0.142762 0.981766
v 0.295481 0.142380 0.981202
v 0.299996 0.145774 0.965940
v 0.299455 0.146361 0.966738
v 0.300582 0.146315 0.966738
v 0.299613 0.146189 0.966174
v 0.300022 0.146425 0.966277
v 0.300028 0.146572 0.966738
v 0.300411 0.146157 0.966174
v 0.299996 0.145774 0.982000
v 0.300582 0.146315 0.981202
v 0.299455 0.146361 0.981202
v 0.300411 0.146157 0.981766
v 0.300022 0.146425 0.981663
v 0.300028 0.146572 0.981202
v 0.299613 0.146189 0.981766
v 0.338067 0.097017 0.965940
v 0.338609 0.096430 0.966738
v 0.337481 0.096476 0.966738
v 0.338450 0.096602 0.966174
v 0.338041 0.096366 0.966277
v 0.338035 0.096219 0.966738
v 0.337652 0.096634 0.966174
v 0.338067 0.097017 0.982000
v 0.337481 0.096476 0.981202
v 0.338609 0.096430 0.981202
v 0.337652 0.096634 0.981766
v 0.338041 0.096366 0.981663
v 0.338035 0.096219 0.981202
v 0.338450 0.096602 0.981766
v 0.341785 0.100444 0.965940
v 0.342371 0.100985 0.966738
v 0.342326 0.099857 0.966738
v 0.342200 0.100826 0.966174
v 0.342436 0.100417 0.966277
v 0.342582 0.100411 0.966738
v 0.342167 0.100029 0.966174
v 0.341785 0.100444 0.982000
v 0.342326 0.099857 0.981202
v 0.342371 0.100985 0.981202
v 0.342167 0.100029 0.981766
v 0.342436 0.100417 0.981663
v 0.342582 0.100411 0.981202
v 0.342200 0.100826 0.981766
v 0.341112 0.095572 0.965940
v 0.341063 0.094775 0.966738
v 0.340315 0.095620 0.966738
v 0.341078 0.095009 0.966174
v 0.340624 0.095140 0.966277
v 0.340514 0.095043 0.966738
v 0.340548 0.095606 0.966174
v 0.341063 0.094775 0.981202
v 0.341112 0.095572 0.982000
v 0.340315 0.095620 0.981202
v 0.341078 0.095009 0.981766
v 0.340624 0.095140 0.981663
v 0.340548 0.095606 0.981766
v 0.340514 0.095043 0.981202
v 0.341416 0.100618 0.965940
v 0.340619 0.100667 0.966738
v 0.341464 0.101415 0.966738
v 0.340853 0.100652 0.966174
v 0.340984 0.101106 0.966277
v 0.340887 0.101216 0.966738
v 0.341450 0.101182 0.966174
v 0.341416 0.100618 0.982000
v 0.341464 0.101415 0.981202
v 0.340619 0.100667 0.981202
v 0.341450 0.101182 0.981766
v 0.340984 0.101106 0.981663
v 0.340887 0.101216 0.981202
v 0.340853 0.100652 0.981766
v 0.385910 0.092869 0.965940
v 0.386707 0.092821 0.966738
v 0.385862 0.092072 0.966738
v 0.386474 0.092835 0.966174
v 0.386342 0.092381 0.966277
v 0.386440 0.092272 0.966738
v 0.385876 0.092305 0.966174
v 0.385910 0.092869 0.982000
v 0.385862 0.092072 0.981202
v 0.386707 0.092821 0.981202
v 0.385876 0.092305 0.981766
v 0.386342 0.092381 0.981663
v 0.386440 0.092272 0.981202
v 0.386474 0.092835 0.981766
v 0.386215 0.097915 0.965940
v 0.386263 0.098712 0.966738
v 0.387011 0.097867 0.966738
v 0.386249 0.098479 0.966174
v 0.386702 0.098348 0.966277
v 0.386812 0.098445 0.966738
v 0.386778 0.097881 0.966174
v 0.386215 0.097915 0.982000
v 0.387011 0.097867 0.981202
v 0.386263 0.098712 0.981202
v 0.386778 0.097881 0.981766
v 0.386702 0.098348 0.981663
v 0.386812 0.098445 0.981202
v 0.386249 0.098479 0.981766
v 0.299996 0.207273 0.965940
v 0.300582 0.206732 0.966738
v 0.299455 0.206686 0.966738
v 0.300411 0.206891 0.966174
v 0.300022 0.206622 0.966277
v 0.300028 0.206476 0.966738
v 0.299613 0.206858 0.966174
v 0.300582 0.206732 0.981202
v 0.299996 0.207273 0.982000
v 0.299455 0.206686 0.981202
v 0.300411 0.206891 0.981766
v 0.300022 0.206622 0.981663
v 0.299613 0.206858 0.981766
v 0.300028 0.206476 0.981202
v 0.296278 0.210700 0.965940
v 0.295737 0.210113 0.966738
v 0.295692 0.211241 0.966738
v 0.295896 0.210285 0.966174
v 0.295627 0.210673 0.966277
v 0.295481 0.210667 0.966738
v 0.295863 0.211082 0.966174
v 0.296278 0.210700 0.982000
v 0.295692 0.211241 0.981202
v 0.295737 0.210113 0.981202
v 0.295863 0.211082 0.981766
v 0.295627 0.210673 0.981663
v 0.295481 0.210667 0.981202
v 0.295896 0.210285 0.981766
v 0.341785 0.252604 0.965940
v 0.342326 0.253191 0.966738
v 0.342371 0.252063 0.966738
v 0.342167 0.253019 0.966174
v 0.342436 0.252630 0.966277
v 0.342582 0.252636 0.966738
v 0.342200 0.252221 0.966174
v 0.341785 0.252604 0.982000
v 0.342371 0.252063 0.981202
v 0.342326 0.253191 0.981202
v 0.342200 0.252221 0.981766
v 0.342436 0.252630 0.981663
v 0.342582 0.252636 0.981202
v 0.342167 0.253019 0.981766
v 0.338067 0.256030 0.965940
v 0.337481 0.256571 0.966738
v 0.338609 0.256617 0.966738
v 0.337652 0.256413 0.966174
v 0.338041 0.256682 0.966277
v 0.338035 0.256828 0.966738
v 0.338450 0.256445 0.966174
v 0.338067 0.256030 0.982000
v 0.338609 0.256617 0.981202
v 0.337481 0.256571 0.981202
v 0.338450 0.256445 0.981766
v 0.338041 0.256682 0.981663
v 0.338035 0.256828 0.981202
v 0.337652 0.256413 0.981766
v 0.341416 0.252429 0.965940
v 0.341464 0.251632 0.966738
v 0.340619 0.252381 0.966738
v 0.341450 0.251865 0.966174
v 0.340984 0.251941 0.966277
v 0.340887 0.251831 0.966738
v 0.340853 0.252395 0.966174
v 0.341464 0.251632 0.981202
v 0.341416 0.252429 0.982000
v 0.340619 0.252381 0.981202
v 0.341450 0.251865 0.981766
v 0.340984 0.251941 0.981663
v 0.340853 0.252395 0.981766
v 0.340887 0.251831 0.981202
v 0.341112 0.257475 0.965940
v 0.340315 0.257427 0.966738
v 0.341063 0.258272 0.966738
v 0.340548 0.257441 0.966174
v 0.340624 0.257908 0.966277
v 0.340514 0.258005 0.966738
v 0.341078 0.258039 0.966174
v 0.341112 0.257475 0.982000
v 0.341063 0.258272 0.981202
v 0.340315 0.257427 0.981202
v 0.341078 0.258039 0.981766
v 0.340624 0.257908 0.981663
v 0.340514 0.258005 0.981202
v 0.340548 0.257441 0.981766
v 0.386215 0.255132 0.965940
v 0.387011 0.255180 0.966738
v 0.386263 0.254335 0.966738
v 0.386778 0.255166 0.966174
v 0.386702 0.254700 0.966277
v 0.386812 0.254603 0.966738
v 0.386249 0.254569 0.966174
v 0.386215 0.255132 0.982000
v 0.386263 0.254335 0.981202
v 0.387011 0.255180 0.981202
v 0.386249 0.254569 0.981766
v 0.386702 0.254700 0.981663
v 0.386812 0.254603 0.981202
v 0.386778 0.255166 0.981766
v 0.385910 0.260178 0.965940
v 0.385862 0.260975 0.966738
v 0.386707 0.260226 0.966738
v 0.385876 0.260742 0.966174
v 0.386342 0.260666 0.966277
v 0.386440 0.260776 0.966738
v 0.386474 0.260212 0.966174
v 0.385910 0.260178 0.982000
v 0.386707 0.260226 0.981202
v 0.385862 0.260975 0.981202
v 0.386474 0.260212 0.981766
v 0.386342 0.260666 0.981663
v 0.386440 0.260776 0.981202
v 0.385876 0.260742 0.981766
vn 0.0429 -0.1388 -0.9894
vn -0.5773 -0.5773 -0.5774
vn -0.7082 0.0214 -0.7057
vn -0.1773 -0.9837 0.0299
vn -0.1379 -0.5936 -0.7929
vn -0.9814 0.0565 -0.1836
vn -0.5857 -0.7989 -0.1370
vn 0.0275 -0.9871 0.1580
vn -0.5773 -0.5774 0.5774
vn -0.7082 -0.7060 -0.0032
vn -0.1939 0.0475 0.9799
vn -0.1378 -0.7929 0.5936
vn -0.9876 -0.1477 -0.0535
vn -0.5711 -0.1355 0.8096
vn -0.1940 -0.0475 -0.9799
vn -0.5773 0.5774 -0.5774
vn -0.0068 0.7081 -0.7061
vn -0.9876 0.1477 0.0535
vn -0.5711 0.1355 -0.8096
vn 0.0275 0.9871 -0.1580
vn -0.7989 0.5857 -0.1370
vn 0.0430 0.1388 0.9894
vn -0.5773 0.5773 0.5774
vn -0.7082 -0.0214 0.7057
vn -0.1773 0.9837 -0.0299
vn -0.1379 0.5936 0.7929
vn -0.9814 -0.0565 0.1836
vn -0.5857 0.7989 0.1370
vn 0.1940 0.0475 -0.9799
vn 0.5773 -0.5773 -0.5774
vn 0.0068 -0.7081 -0.7061
vn 0.9876 -0.1477 0.0538
vn 0.5723 -0.1357 -0.8088
vn -0.0275 -0.9871 -0.1580
vn 0.7989 -0.5857 -0.1370
vn -0.0430 -0.1388 0.9894
vn 0.5773 -0.5774 0.5774
vn 0.7081 0.0236 0.7057
vn 0.1773 -0.9837 -0.0299
vn 0.1379 -0.5936 0.7929
vn 0.9814 0.0561 0.1836
vn 0.5857 -0.7989 0.1370
vn -0.0429 0.1388 -0.9894
vn 0.5773 0.5773 -0.5774
vn 0.7081 -0.0236 -0.7057
vn 0.1773 0.9837 0.0299
vn 0.1379 0.5936 -0.7929
vn 0.9814 -0.0561 -0.1836
vn 0.5857 0.7989 -0.1370
vn 0.1940 -0.0475 0.9799
vn 0.5774 0.5774 0.5773
vn 0.0068 0.7081 0.7061
vn 0.9876 0.1477 -0.0538
vn 0.5723 0.1357 0.8087
vn -0.0275 0.9871 0.1580
vn 0.7989 0.5857 0.1370
vn 0.0471 -0.1936 -0.9799
vn -0.7081 -0.0068 -0.7061
vn -0.1480 -0.9875 0.0533
vn -0.1356 -0.5713 -0.8094
vn -0.9871 0.0275 -0.1580
vn -0.5857 -0.7989 -0.1371
vn 0.0561 -0.9815 0.1833
vn -0.5773 -0.5773 0.5774
vn -0.1390 0.0432 0.9893
vn -0.1357 -0.8086 0.5726
vn -0.9837 -0.1773 -0.0299
vn -0.5936 -0.1380 0.7929
vn -0.1391 -0.0429 -0.9894
vn -0.5773 0.5773 -0.5774
vn 0.0210 0.7082 -0.7057
vn -0.9837 0.1773 0.0299
vn -0.5936 0.1379 -0.7929
vn 0.0561 0.9815 -0.1833
vn 0.0471 0.1936 0.9799
vn -0.7081 0.0068 0.7061
vn -0.1480 0.9875 -0.0533
vn -0.1355 0.5714 0.8094
vn -0.9870 -0.0275 0.1581
vn -0.5857 0.7989 0.1371
vn 0.1391 0.0429 -0.9894
vn -0.0210 -0.7082 -0.7057
vn 0.9837 -0.1773 0.0299
vn 0.5936 -0.1379 -0.7928
vn -0.0561 -0.9815 -0.1833
vn 0.7989 -0.5857 -0.1371
vn -0.0468 -0.1936 0.9800
vn 0.7081 -0.0069 0.7061
vn 0.1480 -0.9875 -0.0533
vn 0.1354 -0.5695 0.8107
vn 0.9871 0.0275 0.1580
vn 0.5857 -0.7989 0.1371
vn -0.0471 0.1936 -0.9799
vn 0.7081 0.0068 -0.7061
vn 0.1480 0.9875 0.0533
vn 0.1356 0.5713 -0.8094
vn 0.9871 -0.0275 -0.1580
vn 0.5857 0.7989 -0.1371
vn 0.1391 -0.0429 0.9893
vn 0.5773 0.5774 0.5774
vn -0.0210 0.7082 0.7057
vn 0.9837 0.1773 -0.0299
vn 0.5936 0.1379 0.7928
vn -0.0561 0.9815 0.1833
vn 0.7989 0.5857 0.1371
vn -0.0466 0.1932 -0.9801
vn 0.5774 0.5773 -0.5774
vn 0.1564 0.9857 0.0624
vn 0.1356 0.5718 -0.8091
vn 0.9882 -0.0349 -0.1490
vn 0.5788 0.8040 -0.1363
vn -0.0634 0.9827 0.1737
vn 0.5774 0.5773 0.5773
vn 0.7082 0.7059 -0.0118
vn 0.1396 -0.0424 0.9893
vn 0.1356 0.8091 0.5718
vn 0.9819 0.1852 -0.0384
vn 0.5936 0.1378 0.7929
vn 0.1397 0.0424 -0.9893
vn -0.0206 -0.7082 -0.7057
vn 0.9819 -0.1852 0.0383
vn 0.5937 -0.1378 -0.7928
vn -0.0634 -0.9827 -0.1737
vn 0.8040 -0.5787 -0.1364
vn -0.0466 -0.1932 0.9801
vn 0.5773 -0.5773 0.5774
vn 0.7081 -0.0068 0.7061
vn 0.1564 -0.9857 -0.0624
vn 0.1356 -0.5717 0.8092
vn 0.9882 0.0349 0.1490
vn 0.5787 -0.8040 0.1363
vn -0.1397 -0.0424 -0.9893
vn 0.0206 0.7082 -0.7057
vn -0.9819 0.1852 0.0383
vn -0.5937 0.1378 -0.7928
vn 0.0634 0.9827 -0.1737
vn -0.8040 0.5787 -0.1363
vn 0.0466 0.1932 0.9801
vn -0.1564 0.9857 -0.0624
vn -0.1356 0.5717 0.8092
vn -0.9882 -0.0349 0.1490
vn -0.5788 0.8040 0.1363
vn 0.0466 -0.1932 -0.9801
vn -0.1564 -0.9857 0.0623
vn -0.1356 -0.5718 -0.8091
vn -0.9882 0.0349 -0.1490
vn -0.5788 -0.8040 -0.1363
vn -0.1396 0.0424 0.9893
vn -0.5774 -0.5773 0.5773
vn 0.0205 -0.7081 0.7058
vn -0.9819 -0.1852 -0.0384
vn -0.5936 -0.1379 0.7929
vn 0.0634 -0.9827 0.1737
vn -0.8040 -0.5788 0.1363
vn -0.1935 -0.0469 -0.9800
vn -0.5774 0.5773 -0.5774
vn -0.9858 0.1561 0.0625
vn -0.5716 0.1356 -0.8093
vn 0.0349 0.9882 -0.1490
vn -0.8040 0.5788 -0.1362
vn -0.9827 -0.0637 0.1740
vn -0.5774 0.5774 0.5773
vn -0.7059 0.7082 -0.0119
vn 0.0427 0.1394 0.9893
vn -0.8093 0.1355 0.5716
vn -0.1852 0.9819 -0.0383
vn -0.0430 0.1393 -0.9893
vn 0.7082 -0.0193 -0.7057
vn 0.1852 0.9819 0.0383
vn 0.1379 0.5936 -0.7928
vn 0.9827 -0.0637 -0.1740
vn 0.5787 0.8040 -0.1363
vn 0.1935 -0.0469 0.9800
vn 0.5773 0.5774 0.5773
vn 0.9858 0.1560 -0.0629
vn 0.5727 0.1357 0.8084
vn -0.0349 0.9882 0.1490
vn 0.8040 0.5787 0.1364
vn 0.0427 -0.1394 -0.9893
vn -0.7082 0.0208 -0.7058
vn -0.1852 -0.9820 0.0381
vn -0.1378 -0.5936 -0.7929
vn -0.9827 0.0637 -0.1740
vn -0.5772 -0.8051 -0.1362
vn -0.1935 0.0469 0.9800
vn -0.0068 -0.7081 0.7061
vn -0.9858 -0.1561 -0.0625
vn -0.5716 -0.1356 0.8093
vn 0.0351 -0.9882 0.1489
vn -0.8033 -0.5797 0.1365
vn 0.1934 0.0466 -0.9800
vn 0.0067 -0.7081 -0.7061
vn 0.9858 -0.1561 0.0625
vn 0.5697 -0.1354 -0.8106
vn -0.0349 -0.9882 -0.1490
vn 0.8040 -0.5788 -0.1363
vn -0.0427 -0.1394 0.9893
vn 0.5774 -0.5773 0.5773
vn 0.7081 0.0231 0.7057
vn 0.1853 -0.9819 -0.0383
vn 0.9827 0.0634 0.1740
vn 0.5787 -0.8041 0.1364
vn -0.1730 0.0968 -0.9802
vn -0.0331 0.8158 -0.5774
vn 0.4745 0.5257 -0.7060
vn -0.6184 0.7834 0.0620
vn -0.3288 0.4875 -0.8089
vn 0.6955 0.7029 -0.1490
vn -0.1989 0.9705 -0.1364
vn -0.7651 0.6201 0.1733
vn -0.0331 0.8158 0.5774
vn -0.0390 0.9992 -0.0118
vn 0.1260 0.0745 0.9892
vn -0.5038 0.6487 0.5704
vn 0.5294 0.8475 -0.0383
vn 0.3009 0.5299 0.7929
vn 0.0638 0.1317 -0.9892
vn 0.8158 0.0332 -0.5774
vn 0.5080 -0.4938 -0.7058
vn 0.8017 0.5964 0.0383
vn 0.5030 0.3424 -0.7936
vn 0.6799 -0.7125 -0.1733
vn 0.9705 0.1989 -0.1363
vn 0.1105 -0.1646 0.9801
vn 0.8158 0.0332 0.5774
vn 0.4850 0.5160 0.7061
vn 0.8310 -0.5528 -0.0624
vn 0.5135 -0.2887 0.8080
vn 0.6441 0.7503 0.1490
vn 0.9834 -0.1194 0.1363
vn -0.0639 -0.1316 -0.9892
vn -0.8158 -0.0332 -0.5774
vn -0.5070 0.4948 -0.7058
vn -0.8017 -0.5964 0.0383
vn -0.5030 -0.3424 -0.7936
vn -0.6800 0.7125 -0.1733
vn -0.9705 -0.1989 -0.1364
vn -0.1104 0.1646 0.9802
vn -0.8158 -0.0332 0.5774
vn -0.4841 -0.5168 0.7061
vn -0.8310 0.5528 -0.0624
vn -0.5135 0.2887 0.8080
vn -0.6441 -0.7503 0.1489
vn -0.9834 0.1194 0.1363
vn 0.1727 -0.0970 -0.9802
vn 0.0332 -0.8158 -0.5774
vn -0.4744 -0.5258 -0.7061
vn 0.6185 -0.7834 0.0620
vn 0.3275 -0.4861 -0.8102
vn -0.6955 -0.7029 -0.1490
vn 0.1989 -0.9705 -0.1364
vn -0.1260 -0.0745 0.9892
vn 0.0331 -0.8158 0.5774
vn 0.5357 -0.4636 0.7058
vn -0.5294 -0.8475 -0.0383
vn -0.3014 -0.5304 0.7924
vn 0.7651 -0.6201 0.1733
vn -0.1195 -0.9834 0.1363
vn -0.0567 0.1889 -0.9804
vn 0.5415 0.6111 -0.5774
vn 0.7064 0.0495 -0.7061
vn 0.0981 0.9933 0.0618
vn 0.1010 0.5812 -0.8075
vn 0.9885 0.0247 -0.1490
vn 0.5292 0.8375 -0.1363
vn -0.1210 0.9776 0.1724
vn 0.5415 0.6111 0.5774
vn 0.6644 0.7473 -0.0118
vn 0.1434 -0.0326 0.9891
vn 0.0868 0.8150 0.5729
vn 0.9690 0.2440 -0.0383
vn 0.5848 0.1735 0.7924
vn 0.1384 0.0496 -0.9891
vn 0.6111 -0.5415 -0.5774
vn 0.0235 -0.7080 -0.7058
vn 0.9913 -0.1257 0.0383
vn 0.6009 -0.1018 -0.7928
vn -0.0026 -0.9850 -0.1724
vn 0.8374 -0.5293 -0.1363
vn -0.0336 -0.1943 0.9804
vn 0.6110 -0.5415 0.5774
vn 0.7072 0.0370 0.7061
vn 0.2169 -0.9743 -0.0614
vn 0.1700 -0.5636 0.8084
vn 0.9843 0.0945 0.1489
vn 0.6261 -0.7677 0.1363
vn -0.1384 -0.0496 -0.9891
vn -0.6111 0.5415 -0.5774
vn -0.0213 0.7082 -0.7057
vn -0.9913 0.1257 0.0383
vn -0.6009 0.1018 -0.7928
vn 0.0023 0.9850 -0.1724
vn -0.8374 0.5293 -0.1363
vn 0.0335 0.1943 0.9804
vn -0.6110 0.5415 0.5774
vn -0.7072 -0.0350 0.7061
vn -0.2169 0.9743 -0.0614
vn -0.1700 0.5636 0.8083
vn -0.9843 -0.0943 0.1490
vn -0.6261 0.7677 0.1363
vn 0.0567 -0.1889 -0.9804
vn -0.5415 -0.6111 -0.5774
vn -0.7064 -0.0494 -0.7061
vn -0.0982 -0.9933 0.0614
vn -0.1009 -0.5800 -0.8083
vn -0.9885 -0.0247 -0.1490
vn -0.5292 -0.8375 -0.1363
vn -0.1433 0.0328 0.9891
vn -0.5415 -0.6111 0.5774
vn 0.0618 -0.7057 0.7058
vn -0.9690 -0.2440 -0.0383
vn -0.5832 -0.1732 0.7936
vn 0.1210 -0.9776 0.1724
vn -0.7677 -0.6261 0.1364
vn 0.1105 0.1646 -0.9801
vn 0.8158 -0.0332 -0.5774
vn 0.4850 -0.5160 -0.7060
vn 0.8310 0.5528 0.0624
vn 0.5135 0.2888 -0.8080
vn 0.6441 -0.7503 -0.1490
vn 0.9834 0.1194 -0.1363
vn 0.6800 0.7124 0.1733
vn 0.8158 -0.0332 0.5774
vn 0.9990 -0.0422 -0.0118
vn 0.0638 -0.1317 0.9892
vn 0.6861 0.4478 0.5733
vn 0.8018 -0.5964 -0.0383
vn 0.5030 -0.3423 0.7936
vn 0.1261 -0.0743 -0.9892
vn -0.0331 -0.8158 -0.5774
vn -0.5333 -0.4663 -0.7058
vn 0.5294 -0.8475 0.0383
vn 0.3011 -0.5299 -0.7928
vn -0.7653 -0.6199 -0.1733
vn 0.1195 -0.9834 -0.1363
vn -0.1730 -0.0968 0.9802
vn -0.0331 -0.8158 0.5773
vn 0.4744 -0.5258 0.7061
vn -0.6185 -0.7834 -0.0620
vn -0.3287 -0.4875 0.8089
vn 0.6955 -0.7029 0.1490
vn -0.1989 -0.9705 0.1364
vn -0.1259 0.0746 -0.9892
vn 0.0332 0.8158 -0.5774
vn 0.5358 0.4635 -0.7057
vn -0.5294 0.8475 0.0383
vn -0.3014 0.5304 -0.7924
vn 0.7651 0.6201 -0.1733
vn -0.1194 0.9835 -0.1362
vn 0.1729 0.0969 0.9802
vn 0.0332 0.8158 0.5774
vn -0.4749 0.5252 0.7061
vn 0.6184 0.7834 -0.0620
vn 0.3275 0.4861 0.8102
vn -0.6955 0.7029 0.1490
vn 0.1989 0.9705 0.1364
vn -0.1106 -0.1644 -0.9802
vn -0.8158 0.0332 -0.5774
vn -0.4841 0.5168 -0.7060
vn -0.8310 -0.5528 0.0620
vn -0.5110 -0.2870 -0.8102
vn -0.6441 0.7503 -0.1489
vn -0.9834 -0.1194 -0.1363
vn -0.0641 0.1315 0.9892
vn -0.8158 0.0332 0.5774
vn -0.5070 -0.4948 0.7058
vn -0.8017 0.5964 -0.0383
vn -0.5038 0.3430 0.7928
vn -0.6800 -0.7125 0.1733
vn -0.9705 0.1989 0.1364
vn -0.0336 0.1943 -0.9804
vn 0.6111 0.5415 -0.5774
vn 0.7073 -0.0359 -0.7061
vn 0.2169 0.9743 0.0614
vn 0.1699 0.5637 -0.8083
vn 0.9843 -0.0944 -0.1490
vn 0.6261 0.7677 -0.1364
vn -0.0026 0.9850 0.1724
vn 0.6111 0.5415 0.5773
vn 0.7495 0.6619 -0.0119
vn 0.1384 -0.0499 0.9891
vn 0.1842 0.7978 0.5741
vn 0.9913 0.1258 -0.0383
vn 0.6009 0.1019 0.7928
vn 0.1434 0.0326 -0.9891
vn 0.5414 -0.6111 -0.5774
vn -0.0640 -0.7056 -0.7057
vn 0.9690 -0.2440 0.0383
vn 0.5842 -0.1734 -0.7929
vn -0.1208 -0.9776 -0.1725
vn 0.7677 -0.6261 -0.1364
vn -0.0567 -0.1888 0.9804
vn 0.5415 -0.6111 0.5773
vn 0.7064 -0.0495 0.7061
vn 0.0982 -0.9933 -0.0614
vn 0.1010 -0.5800 0.8083
vn 0.9885 -0.0247 0.1490
vn 0.5293 -0.8374 0.1363
vn -0.1434 -0.0328 -0.9891
vn -0.5414 0.6111 -0.5774
vn 0.0619 0.7058 -0.7057
vn -0.9690 0.2440 0.0383
vn -0.5842 0.1733 -0.7929
vn 0.1210 0.9776 -0.1724
vn -0.7677 0.6261 -0.1364
vn 0.0563 0.1888 0.9804
vn -0.5415 0.6111 0.5773
vn -0.7064 0.0503 0.7061
vn -0.0982 0.9933 -0.0614
vn -0.1009 0.5782 0.8096
vn -0.9885 0.0247 0.1490
vn -0.5293 0.8374 0.1363
vn 0.0335 -0.1943 -0.9804
vn -0.6111 -0.5415 -0.5774
vn -0.7073 0.0359 -0.7060
vn -0.2169 -0.9742 0.0618
vn -0.1701 -0.5648 -0.8075
vn -0.9843 0.0945 -0.1490
vn -0.6261 -0.7677 -0.1363
vn -0.1384 0.0498 0.9891
vn -0.6111 -0.5415 0.5773
vn -0.0235 -0.7080 0.7058
vn -0.9913 -0.1258 -0.0383
vn -0.5999 -0.1018 0.7936
vn 0.0026 -0.9850 0.1724
vn -0.8374 -0.5292 0.1363
vn 0.0275 -0.9870 0.1581
vn -0.1940 -0.0474 -0.9799
vn -0.0076 0.7081 -0.7061
vn 0.0431 0.1388 0.9894
vn -0.5773 0.5774 0.5774
vn -0.1378 0.5927 0.7936
vn 0.9876 -0.1477 0.0535
vn 0.5711 -0.1355 -0.8096
vn 0.7082 0.0214 0.7057
vn 0.1378 -0.5936 0.7929
vn 0.9814 0.0565 0.1836
vn -0.0431 0.1388 -0.9894
vn 0.7082 -0.0214 -0.7057
vn 0.1378 0.5926 -0.7936
vn 0.9814 -0.0565 -0.1836
vn 0.1940 -0.0474 0.9799
vn 0.0076 0.7081 0.7061
vn 0.9876 0.1477 -0.0535
vn 0.5711 0.1355 0.8096
vn -0.1480 -0.9875 0.0536
vn -0.1357 -0.5726 -0.8086
vn -0.9870 0.0275 -0.1581
vn -0.5773 -0.5774 0.5773
vn -0.1391 0.0429 0.9893
vn -0.1356 -0.8094 0.5713
vn -0.5936 -0.1379 0.7928
vn -0.1480 0.9875 -0.0536
vn -0.1357 0.5726 0.8086
vn -0.9871 -0.0275 0.1580
vn 0.5773 -0.5774 -0.5774
vn -0.0233 -0.7081 -0.7057
vn -0.0558 -0.9815 -0.1833
vn -0.0471 -0.1936 0.9799
vn 0.1355 -0.5713 0.8094
vn 0.5773 0.5774 -0.5774
vn -0.0233 0.7081 0.7057
vn 0.5937 0.1379 0.7928
vn -0.0558 0.9815 0.1833
vn 0.0634 -0.9828 0.1737
vn -0.7082 -0.7059 -0.0118
vn -0.1357 -0.8091 0.5717
vn -0.9820 -0.1852 -0.0383
vn -0.9820 0.1852 0.0383
vn -0.8041 0.5787 -0.1364
vn -0.5774 0.5773 0.5773
vn -0.5787 0.8040 0.1363
vn 0.5937 -0.1379 -0.7928
vn 0.8040 -0.5787 -0.1363
vn 0.1357 -0.5717 0.8092
vn 0.5788 -0.8040 0.1363
vn -0.0205 0.7081 0.7058
vn 0.9819 0.1852 -0.0383
vn 0.5936 0.1379 0.7929
vn -0.0634 0.9828 0.1737
vn 0.8040 0.5788 0.1364
vn 0.1935 0.0467 -0.9800
vn 0.0075 -0.7081 -0.7061
vn 0.5716 -0.1356 -0.8093
vn 0.9827 0.0637 0.1740
vn 0.5773 -0.5774 0.5773
vn 0.7059 -0.7082 -0.0118
vn -0.0430 -0.1393 0.9893
vn 0.8084 -0.1357 0.5727
vn 0.1852 -0.9819 -0.0383
vn 0.0431 -0.1393 -0.9893
vn -0.5774 -0.5773 -0.5774
vn -0.7082 0.0194 -0.7058
vn -0.1852 -0.9819 0.0383
vn -0.1377 -0.5927 -0.7936
vn -0.5715 -0.1356 0.8093
vn 0.0349 -0.9882 0.1490
vn -0.0427 0.1394 -0.9893
vn 0.7081 -0.0209 -0.7058
vn 0.1378 0.5936 -0.7929
vn 0.1934 -0.0466 0.9800
vn 0.5774 0.5773 0.5774
vn 0.9858 0.1561 -0.0625
vn 0.5697 0.1354 0.8106
vn 0.8040 0.5788 0.1363
vn -0.1934 -0.0466 -0.9800
vn -0.0067 0.7081 -0.7061
vn -0.9858 0.1560 0.0625
vn -0.5697 0.1354 -0.8106
vn 0.0427 0.1393 0.9893
vn -0.7082 -0.0208 0.7057
vn -0.1378 0.5936 0.7929
vn -0.1105 -0.1646 -0.9802
vn -0.4849 0.5161 -0.7061
vn -0.5126 -0.2881 -0.8089
vn -0.6441 0.7503 -0.1490
vn -0.6800 -0.7124 0.1733
vn -0.9990 0.0423 -0.0118
vn -0.0640 0.1316 0.9892
vn -0.6867 -0.4485 0.5721
vn -0.5030 0.3424 0.7936
vn -0.1261 0.0743 -0.9892
vn 0.0331 0.8158 -0.5774
vn 0.5334 0.4663 -0.7057
vn -0.3011 0.5299 -0.7928
vn 0.7653 0.6199 -0.1733
vn -0.1194 0.9834 -0.1364
vn 0.1730 0.0968 0.9802
vn 0.0331 0.8158 0.5774
vn -0.4744 0.5258 0.7061
vn 0.6185 0.7833 -0.0624
vn 0.3295 0.4884 0.8080
vn 0.1989 0.9705 0.1363
vn 0.1259 -0.0746 -0.9892
vn -0.0332 -0.8158 -0.5774
vn -0.5343 -0.4652 -0.7057
vn 0.3010 -0.5299 -0.7928
vn 0.1194 -0.9834 -0.1364
vn -0.1731 -0.0967 0.9801
vn 0.4758 -0.5245 0.7061
vn -0.6184 -0.7834 -0.0620
vn -0.3286 -0.4875 0.8089
vn 0.6956 -0.7029 0.1490
vn -0.1989 -0.9705 0.1363
vn 0.1106 0.1644 -0.9802
vn 0.4849 -0.5161 -0.7061
vn 0.8310 0.5528 0.0620
vn 0.5111 0.2870 -0.8102
vn 0.9834 0.1195 -0.1363
vn 0.0640 -0.1315 0.9892
vn 0.5056 0.4964 0.7057
vn 0.5041 -0.3434 0.7924
vn 0.6802 0.7122 0.1733
vn 0.9705 -0.1989 0.1363
vn 0.0332 -0.1943 -0.9804
vn -0.6110 -0.5415 -0.5774
vn -0.7073 0.0350 -0.7060
vn -0.2169 -0.9743 0.0614
vn -0.1696 -0.5619 -0.8096
vn -0.9843 0.0943 -0.1490
vn 0.0023 -0.9850 0.1724
vn -0.7494 -0.6620 -0.0118
vn -0.1842 -0.7999 0.5711
vn -0.5999 -0.1019 0.7936
vn -0.1433 -0.0331 -0.9891
vn -0.5415 0.6111 -0.5774
vn 0.0604 0.7059 -0.7058
vn -0.5832 0.1732 -0.7936
vn -0.7677 0.6261 -0.1363
vn 0.0567 0.1888 0.9804
vn -0.5415 0.6111 0.5774
vn -0.7063 0.0502 0.7061
vn -0.0982 0.9933 -0.0618
vn -0.1010 0.5812 0.8075
vn 0.1433 0.0331 -0.9891
vn 0.5415 -0.6111 -0.5774
vn -0.0604 -0.7059 -0.7058
vn 0.5842 -0.1733 -0.7929
vn -0.1210 -0.9776 -0.1724
vn 0.7677 -0.6261 -0.1363
vn -0.0568 -0.1888 0.9804
vn 0.5415 -0.6111 0.5774
vn 0.7064 -0.0494 0.7061
vn 0.0982 -0.9933 -0.0618
vn 0.1010 -0.5812 0.8075
vn -0.0332 0.1943 -0.9804
vn 0.6110 0.5415 -0.5774
vn 0.7073 -0.0358 -0.7060
vn 0.1696 0.5619 -0.8096
vn 0.6261 0.7677 -0.1363
vn 0.1384 -0.0497 0.9891
vn 0.0214 0.7081 0.7057
vn 0.9913 0.1257 -0.0383
vn 0.6008 0.1019 0.7929
vn -0.0023 0.9850 0.1724
vn 0.8374 0.5292 0.1363
vn 0.1731 -0.0967 -0.9801
vn 0.0331 -0.8158 -0.5774
vn -0.4759 -0.5244 -0.7060
vn 0.6184 -0.7834 0.0620
vn 0.3287 -0.4875 -0.8089
vn -0.6956 -0.7028 -0.1490
vn 0.1989 -0.9705 -0.1363
vn 0.7653 -0.6199 0.1733
vn 0.0331 -0.8158 0.5773
vn 0.0390 -0.9992 -0.0119
vn -0.1261 -0.0744 0.9892
vn 0.5028 -0.6480 0.5721
vn -0.3004 -0.5291 0.7936
vn -0.0641 -0.1315 -0.9892
vn -0.5042 -0.3435 -0.7923
vn -0.9705 -0.1989 -0.1363
vn -0.1108 0.1643 0.9802
vn -0.4855 -0.5155 0.7061
vn -0.8310 0.5528 -0.0620
vn -0.5111 0.2870 0.8102
vn -0.6441 -0.7503 0.1490
vn -0.9834 0.1195 0.1363
vn 0.0641 0.1315 -0.9892
vn 0.5070 -0.4948 -0.7058
vn 0.5037 0.3431 -0.7928
vn 0.6800 -0.7125 -0.1733
vn 0.1106 -0.1645 0.9802
vn 0.8310 -0.5528 -0.0620
vn 0.5125 -0.2880 0.8089
vn 0.6441 0.7503 0.1489
vn 0.9834 -0.1195 0.1363
vn -0.1731 0.0967 -0.9801
vn -0.0332 0.8158 -0.5774
vn 0.4750 0.5252 -0.7061
vn -0.1989 0.9705 -0.1363
vn 0.1262 0.0742 0.9892
vn -0.0332 0.8158 0.5773
vn -0.5333 0.4663 0.7058
vn 0.3010 0.5299 0.7929
vn -0.7653 0.6199 0.1733
vn 0.1194 0.9834 0.1364
vn 0.0568 -0.1889 -0.9804
vn -0.5414 -0.6111 -0.5774
vn -0.0981 -0.9933 0.0618
vn -0.1009 -0.5812 -0.8075
vn -0.5292 -0.8375 -0.1364
vn -0.5415 -0.6111 0.5773
vn -0.6644 -0.7473 -0.0118
vn -0.1434 0.0331 0.9891
vn -0.0869 -0.8142 0.5740
vn -0.5833 -0.1732 0.7936
vn -0.1385 -0.0497 -0.9891
vn -0.6110 0.5415 -0.5774
vn -0.9913 0.1258 0.0383
vn -0.6009 0.1019 -0.7928
vn 0.0023 0.9850 -0.1725
vn 0.0332 0.1943 0.9804
vn -0.6111 0.5415 0.5773
vn -0.7073 -0.0350 0.7061
vn -0.1697 0.5619 0.8096
vn -0.6262 0.7677 0.1363
vn 0.1385 0.0497 -0.9891
vn 0.6110 -0.5415 -0.5774
vn 0.0213 -0.7082 -0.7057
vn 0.6009 -0.1019 -0.7928
vn -0.0023 -0.9850 -0.1725
vn -0.0332 -0.1943 0.9804
vn 0.6111 -0.5415 0.5773
vn 0.7073 0.0350 0.7060
vn 0.1697 -0.5619 0.8096
vn 0.9843 0.0943 0.1490
vn -0.0568 0.1889 -0.9804
vn 0.5414 0.6111 -0.5774
vn 0.7064 0.0494 -0.7061
vn 0.1009 0.5812 -0.8075
vn 0.1434 -0.0331 0.9891
vn 0.5416 0.6111 0.5773
vn -0.0603 0.7058 0.7058
vn 0.5833 0.1732 0.7936
vn 0.7677 0.6261 0.1363
vt 0.155000 0.748342
vt 0.137679 0.750000
vt 0.125000 0.748342
vt 0.396096 0.970000
vt 0.383916 1.000000
vt 0.375000 0.970000
vt 0.396095 0.001658
vt 0.375000 0.000701
vt 0.396095 0.000000
vt 0.603905 0.970000
vt 0.625000 0.987321
vt 0.603904 1.000000
vt 0.845000 0.748342
vt 0.875000 0.749299
vt 0.845000 0.750000
vt 0.603904 0.001658
vt 0.616084 0.000000
vt 0.625000 0.001658
vt 0.155000 0.501658
vt 0.125000 0.500701
vt 0.155000 0.500000
vt 0.396095 0.248342
vt 0.379458 0.256340
vt 0.375000 0.248342
vt 0.396095 0.280000
vt 0.396095 0.250000
vt 0.845000 0.501658
vt 0.862321 0.500000
vt 0.875000 0.501658
vt 0.603905 0.280000
vt 0.620542 0.249650
vt 0.625000 0.280000
vt 0.603905 0.248342
vt 0.603904 0.250000
vt 0.345000 0.748342
vt 0.377972 0.753993
vt 0.360000 0.765000
vt 0.396095 0.748342
vt 0.375000 0.748342
vt 0.396095 0.780000
vt 0.396095 0.750000
vt 0.655000 0.748342
vt 0.626255 0.749766
vt 0.625000 0.748342
vt 0.603905 0.780000
vt 0.640000 0.765000
vt 0.603905 0.748342
vt 0.603904 0.750000
vt 0.345000 0.501658
vt 0.373745 0.500234
vt 0.375000 0.501658
vt 0.396095 0.470000
vt 0.360000 0.485000
vt 0.396096 0.501658
vt 0.396095 0.500000
vt 0.655000 0.501658
vt 0.622028 0.496007
vt 0.640000 0.485000
vt 0.603904 0.501658
vt 0.625000 0.501658
vt 0.603905 0.470000
vt 0.603904 0.500000
vt 0.125000 0.501658
vt 0.375000 0.001658
vt 0.396095 1.000000
vt 0.603904 0.000000
vt 0.875000 0.748342
vt 0.625000 0.248342
vt 0.375000 0.280000
vt 0.845000 0.500000
vt 0.155000 0.750000
vt 0.625000 0.970000
vt 0.127046 0.720000
vt 0.125865 0.750000
vt 0.125000 0.720000
vt 0.396095 0.997954
vt 0.375000 0.997954
vt 0.396096 0.030000
vt 0.375000 0.012679
vt 0.396095 0.000000
vt 0.603905 0.997954
vt 0.625000 0.999135
vt 0.603904 1.000000
vt 0.872954 0.720000
vt 0.875000 0.737321
vt 0.872954 0.750000
vt 0.603905 0.030000
vt 0.625000 0.030000
vt 0.127046 0.530000
vt 0.125000 0.512679
vt 0.127046 0.500000
vt 0.396095 0.220000
vt 0.379458 0.250432
vt 0.375000 0.220000
vt 0.396095 0.252046
vt 0.396095 0.250000
vt 0.872954 0.530000
vt 0.874135 0.500000
vt 0.875000 0.530000
vt 0.603905 0.252046
vt 0.620542 0.243660
vt 0.625000 0.252046
vt 0.603905 0.220000
vt 0.603904 0.250000
vt 0.372954 0.720000
vt 0.377972 0.746062
vt 0.373977 0.751023
vt 0.396095 0.720000
vt 0.375000 0.720000
vt 0.396095 0.752046
vt 0.396095 0.750000
vt 0.627046 0.720000
vt 0.622316 0.745773
vt 0.625000 0.720000
vt 0.603904 0.752046
vt 0.626023 0.751023
vt 0.603905 0.720000
vt 0.603904 0.750000
vt 0.372954 0.530000
vt 0.377684 0.504226
vt 0.375000 0.530000
vt 0.396095 0.497954
vt 0.373977 0.498977
vt 0.396096 0.530000
vt 0.396095 0.500000
vt 0.627046 0.530000
vt 0.622028 0.503938
vt 0.626023 0.498977
vt 0.603905 0.530000
vt 0.625000 0.530000
vt 0.603904 0.497954
vt 0.603904 0.500000
vt 0.125000 0.530000
vt 0.375000 0.030000
vt 0.396095 1.000000
vt 0.875000 0.720000
vt 0.625000 0.220000
vt 0.375000 0.252046
vt 0.872954 0.500000
vt 0.127046 0.750000
vt 0.625000 0.997954
vt 0.127624 0.720000
vt 0.126109 0.750000
vt 0.125000 0.720000
vt 0.387426 0.997376
vt 0.380252 1.000000
vt 0.375000 0.997376
vt 0.387426 0.030000
vt 0.375000 0.012679
vt 0.387426 0.000000
vt 0.612574 0.997376
vt 0.625000 0.998891
vt 0.612574 1.000000
vt 0.872376 0.720000
vt 0.875000 0.737320
vt 0.872376 0.750000
vt 0.612574 0.030000
vt 0.619748 0.000000
vt 0.625000 0.030000
vt 0.127624 0.530000
vt 0.127624 0.500000
vt 0.387426 0.220000
vt 0.377626 0.250554
vt 0.375000 0.220000
vt 0.387426 0.252624
vt 0.387426 0.250000
vt 0.872376 0.530000
vt 0.873891 0.500000
vt 0.875000 0.530000
vt 0.612574 0.252624
vt 0.622374 0.243660
vt 0.625000 0.252624
vt 0.612574 0.220000
vt 0.612574 0.250000
vt 0.372376 0.720000
vt 0.376751 0.746143
vt 0.373688 0.751312
vt 0.387426 0.720000
vt 0.375000 0.720000
vt 0.387426 0.752624
vt 0.387426 0.750000
vt 0.627624 0.720000
vt 0.623619 0.745773
vt 0.625000 0.720000
vt 0.612574 0.752624
vt 0.626312 0.751312
vt 0.612574 0.720000
vt 0.612574 0.750000
vt 0.372376 0.530000
vt 0.376381 0.504226
vt 0.387426 0.497376
vt 0.373688 0.498688
vt 0.387426 0.530000
vt 0.387426 0.500000
vt 0.627624 0.530000
vt 0.623249 0.503857
vt 0.626312 0.498688
vt 0.612574 0.530000
vt 0.625000 0.530000
vt 0.612574 0.497376
vt 0.612574 0.500000
vt 0.375000 0.030000
vt 0.387426 1.000000
vt 0.612574 0.000000
vt 0.625000 0.220000
vt 0.375000 0.252624
vt 0.872376 0.500000
vt 0.127624 0.750000
vt 0.625000 0.997376
vt 0.127290 0.720000
vt 0.125968 0.750000
vt 0.387426 0.997710
vt 0.375000 0.997710
vt 0.387426 0.030000
vt 0.612574 0.997710
vt 0.625000 0.999032
vt 0.612574 1.000000
vt 0.872710 0.720000
vt 0.872710 0.750000
vt 0.612574 0.030000
vt 0.625000 0.030000
vt 0.127290 0.530000
vt 0.127290 0.500000
vt 0.377626 0.250484
vt 0.375000 0.220000
vt 0.387426 0.252290
vt 0.872710 0.530000
vt 0.874032 0.500000
vt 0.612574 0.252290
vt 0.622374 0.243660
vt 0.625000 0.252290
vt 0.372710 0.720000
vt 0.376751 0.746096
vt 0.373855 0.751145
vt 0.387426 0.720000
vt 0.387426 0.752290
vt 0.627290 0.720000
vt 0.623572 0.745773
vt 0.625000 0.720000
vt 0.612574 0.752290
vt 0.626145 0.751145
vt 0.612574 0.720000
vt 0.612574 0.750000
vt 0.372710 0.530000
vt 0.376428 0.504226
vt 0.375000 0.530000
vt 0.387426 0.497710
vt 0.373855 0.498855
vt 0.627290 0.530000
vt 0.623249 0.503904
vt 0.626145 0.498855
vt 0.612574 0.530000
vt 0.625000 0.530000
vt 0.612574 0.497710
vt 0.612574 0.500000
vt 0.375000 0.030000
vt 0.875000 0.720000
vt 0.625000 0.220000
vt 0.375000 0.252290
vt 0.872710 0.500000
vt 0.127290 0.750000
vt 0.625000 0.997710
vt 0.128155 0.720000
vt 0.126334 0.750000
vt 0.387426 0.996845
vt 0.375000 0.996845
vt 0.387426 0.000000
vt 0.612574 0.996845
vt 0.625000 0.998666
vt 0.612574 1.000000
vt 0.871845 0.720000
vt 0.871845 0.750000
vt 0.128155 0.530000
vt 0.128155 0.500000
vt 0.387426 0.220000
vt 0.377626 0.250667
vt 0.375000 0.220000
vt 0.387426 0.253155
vt 0.871845 0.530000
vt 0.873666 0.500000
vt 0.612574 0.253155
vt 0.622374 0.243660
vt 0.625000 0.253155
vt 0.612574 0.250000
vt 0.371845 0.720000
vt 0.376751 0.746218
vt 0.373422 0.751577
vt 0.387426 0.720000
vt 0.375000 0.720000
vt 0.387426 0.753155
vt 0.387426 0.750000
vt 0.628155 0.720000
vt 0.623694 0.745774
vt 0.625000 0.720000
vt 0.612574 0.753155
vt 0.626577 0.751577
vt 0.612574 0.750000
vt 0.371845 0.530000
vt 0.376306 0.504226
vt 0.387426 0.496845
vt 0.373422 0.498422
vt 0.387426 0.500000
vt 0.628155 0.530000
vt 0.623249 0.503782
vt 0.626577 0.498422
vt 0.612574 0.496845
vt 0.387426 1.000000
vt 0.375000 0.253155
vt 0.871845 0.500000
vt 0.128155 0.750000
vt 0.129294 0.720000
vt 0.126815 0.750000
vt 0.387426 0.995706
vt 0.375000 0.995706
vt 0.387426 0.030000
vt 0.612574 0.995706
vt 0.625000 0.998185
vt 0.870706 0.720000
vt 0.870706 0.750000
vt 0.612574 0.030000
vt 0.129294 0.530000
vt 0.129294 0.500000
vt 0.377626 0.250907
vt 0.387426 0.254294
vt 0.387426 0.250000
vt 0.870706 0.530000
vt 0.873185 0.500000
vt 0.612574 0.254294
vt 0.622374 0.243660
vt 0.625000 0.254294
vt 0.370706 0.720000
vt 0.376751 0.746378
vt 0.372853 0.752147
vt 0.387426 0.720000
vt 0.387426 0.754294
vt 0.387426 0.750000
vt 0.629294 0.720000
vt 0.623854 0.745773
vt 0.612574 0.754294
vt 0.627147 0.752147
vt 0.370706 0.530000
vt 0.376146 0.504227
vt 0.387426 0.495706
vt 0.372853 0.497853
vt 0.387426 0.530000
vt 0.629294 0.530000
vt 0.623249 0.503622
vt 0.627147 0.497853
vt 0.612574 0.495706
vt 0.375000 0.030000
vt 0.375000 0.254294
vt 0.870706 0.500000
vt 0.129294 0.750000
vt 0.625000 0.995706
vt 0.387426 0.253155
vt 0.387426 0.250000
vt 0.625000 0.720000
vt 0.612574 0.753155
vt 0.371845 0.530000
vt 0.625000 0.996845
vt 0.129294 0.720000
vt 0.387426 0.030000
vt 0.129294 0.530000
vt 0.870706 0.530000
vt 0.612574 0.254294
vt 0.370706 0.720000
vt 0.387426 0.720000
vt 0.387426 0.754294
vt 0.629294 0.720000
vt 0.627147 0.752147
vt 0.370706 0.530000
vt 0.387426 0.500000
vt 0.629294 0.530000
vt 0.623249 0.503622
vt 0.627147 0.497853
vt 0.625000 0.220000
vt 0.155000 0.748342
vt 0.396095 0.970000
vt 0.396096 0.001658
vt 0.603905 0.970000
vt 0.155000 0.501658
vt 0.845000 0.501658
vt 0.603905 0.280000
vt 0.603905 0.248342
vt 0.345000 0.748342
vt 0.377972 0.753993
vt 0.396095 0.748342
vt 0.396095 0.780000
vt 0.396095 0.750000
vt 0.625000 0.748342
vt 0.603905 0.780000
vt 0.640000 0.765000
vt 0.373745 0.500234
vt 0.396095 0.470000
vt 0.396095 0.501658
vt 0.396095 0.500000
vt 0.655000 0.501658
vt 0.603905 0.501658
vt 0.625000 0.501658
vt 0.396096 0.030000
vt 0.603904 0.997954
vt 0.603905 0.030000
vt 0.396095 0.220000
vt 0.396095 0.252046
vt 0.872954 0.530000
vt 0.603904 0.252046
vt 0.603905 0.220000
vt 0.396095 0.720000
vt 0.396095 0.752046
vt 0.603905 0.752046
vt 0.626023 0.751023
vt 0.396095 0.500000
vt 0.622028 0.503938
vt 0.626023 0.498977
vt 0.603905 0.530000
vt 0.603905 0.497954
vt 0.127624 0.720000
vt 0.387426 0.997376
vt 0.387426 0.030000
vt 0.612574 0.997376
vt 0.872376 0.720000
vt 0.127624 0.530000
vt 0.872376 0.530000
vt 0.612574 0.252624
vt 0.372376 0.720000
vt 0.387426 0.752624
vt 0.623619 0.745773
vt 0.612574 0.752624
vt 0.626312 0.751312
vt 0.372376 0.530000
vt 0.387426 0.497376
vt 0.627624 0.530000
vt 0.626312 0.498688
vt 0.625000 0.530000
vt 0.612574 0.497376
vt 0.612574 0.030000
vt 0.872710 0.530000
vt 0.612574 0.220000
vt 0.372710 0.720000
vt 0.623572 0.745774
vt 0.372710 0.530000
vt 0.376428 0.504227
vt 0.375000 0.530000
vt 0.387426 0.497710
vt 0.387426 0.530000
vt 0.623249 0.503904
vt 0.626145 0.498855
vt 0.625000 0.530000
vt 0.612574 0.497710
vt 0.612574 0.253155
vt 0.387426 0.720000
vt 0.387426 0.750000
vt 0.628155 0.720000
vt 0.626578 0.751578
vt 0.375000 0.530000
vt 0.387426 0.500000
vt 0.623249 0.503782
vt 0.626577 0.498422
vt 0.870706 0.720000
vt 0.128155 0.530000
vt 0.387426 0.250000
vt 0.612574 0.030000
vt 0.387426 0.254294
vt 0.870706 0.530000
vt 0.612574 0.720000
s 1
usemtl grate_rear_right_cast_iron
f 1/1/1 5/2/2 7/3/3
f 2/4/4 5/5/2 4/6/5
f 3/7/6 5/8/2 6/9/7
f 8/10/8 12/11/9 14/12/10
f 9/13/11 12/14/9 11/15/12
f 10/16/13 12/17/9 13/18/14
f 15/19/15 19/20/16 21/21/17
f 16/22/18 19/23/16 18/24/19
f 17/25/20 19/23/16 20/26/21
f 22/27/22 26/28/23 28/29/24
f 23/30/25 26/31/23 25/32/26
f 24/33/27 26/31/23 27/34/28
f 29/35/29 33/36/30 35/37/31
f 30/38/32 33/36/30 32/39/33
f 31/40/34 33/36/30 34/41/35
f 36/42/36 40/43/37 42/44/38
f 37/45/39 40/43/37 39/46/40
f 38/47/41 40/43/37 41/48/42
f 43/49/43 47/50/44 49/51/45
f 44/52/46 47/50/44 46/53/47
f 45/54/48 47/50/44 48/55/49
f 50/56/50 54/57/51 56/58/52
f 51/59/53 54/57/51 53/60/54
f 52/61/55 54/57/51 55/62/56
f 1/1/1 18/63/19 15/19/15
f 7/64/3 16/22/18 18/24/19
f 8/10/8 6/65/7 2/4/4
f 14/66/10 3/7/6 6/9/7
f 22/27/22 13/67/14 9/13/11
f 28/68/24 10/16/13 13/18/14
f 17/25/20 27/34/28 23/30/25
f 20/26/21 24/33/27 27/34/28
f 15/19/15 46/53/47 43/49/43
f 21/69/17 44/52/46 46/53/47
f 50/56/50 25/70/26 22/27/22
f 56/58/52 23/30/25 25/32/26
f 45/54/48 55/62/56 51/59/53
f 48/55/49 52/61/55 55/62/56
f 43/49/43 32/39/33 29/35/29
f 32/39/33 45/54/48 30/38/32
f 36/42/36 53/60/54 50/56/50
f 53/60/54 38/47/41 51/59/53
f 31/40/34 41/48/42 37/45/39
f 34/41/35 38/47/41 41/48/42
f 29/35/29 4/71/5 1/1/1
f 35/37/31 2/4/4 4/6/5
f 9/13/11 39/46/40 36/42/36
f 11/72/12 37/45/39 39/46/40
f 43/49/43 1/1/1 15/19/15
f 10/16/13 16/22/18 3/7/6
f 37/45/39 2/4/4 31/40/34
f 22/27/22 36/42/36 50/56/50
f 23/30/25 44/52/46 17/25/20
f 51/59/53 30/38/32 45/54/48
f 57/73/57 61/74/2 63/75/58
f 58/76/59 61/5/2 60/77/60
f 59/78/61 61/79/2 62/80/62
f 64/81/63 68/82/64 70/83/10
f 65/84/65 68/85/64 67/86/66
f 66/87/67 68/17/64 69/88/68
f 71/89/69 75/90/70 77/91/71
f 72/92/72 75/93/70 74/94/73
f 73/95/74 75/93/70 76/96/21
f 78/97/75 82/98/23 84/99/76
f 79/100/77 82/101/23 81/102/78
f 80/103/79 82/101/23 83/104/80
f 85/105/81 89/106/30 91/107/82
f 86/108/83 89/106/30 88/109/84
f 87/110/85 89/106/30 90/111/86
f 92/112/87 96/113/37 98/114/88
f 93/115/89 96/113/37 95/116/90
f 94/117/91 96/113/37 97/118/92
f 99/119/93 103/120/44 105/121/94
f 100/122/95 103/120/44 102/123/96
f 101/124/97 103/120/44 104/125/98
f 106/126/99 110/127/100 112/128/101
f 107/129/102 110/127/100 109/130/103
f 108/131/104 110/127/100 111/132/105
f 57/73/57 74/133/73 71/89/69
f 63/134/58 72/92/72 74/94/73
f 64/81/63 62/135/62 58/76/59
f 70/66/10 59/78/61 62/80/62
f 78/97/75 69/136/68 65/84/65
f 84/137/76 66/87/67 69/88/68
f 73/95/74 83/104/80 79/100/77
f 76/96/21 80/103/79 83/104/80
f 71/89/69 102/123/96 99/119/93
f 77/138/71 100/122/95 102/123/96
f 106/126/99 81/139/78 78/97/75
f 112/128/101 79/100/77 81/102/78
f 101/124/97 111/132/105 107/129/102
f 104/125/98 108/131/104 111/132/105
f 99/119/93 88/109/84 85/105/81
f 105/121/94 86/108/83 88/109/84
f 92/112/87 109/130/103 106/126/99
f 98/114/88 107/129/102 109/130/103
f 87/110/85 97/118/92 93/115/89
f 90/111/86 94/117/91 97/118/92
f 85/105/81 60/140/60 57/73/57
f 91/107/82 58/76/59 60/77/60
f 92/112/87 67/86/66 95/116/90
f 67/141/66 93/115/89 95/116/90
f 99/119/93 57/73/57 71/89/69
f 66/87/67 72/92/72 59/78/61
f 93/115/89 58/76/59 87/110/85
f 78/97/75 92/112/87 106/126/99
f 79/100/77 100/122/95 73/95/74
f 107/129/102 86/108/83 101/124/97
f 113/142/106 117/143/107 119/144/94
f 114/145/108 117/146/107 116/147/109
f 115/148/110 117/149/107 118/150/111
f 120/151/112 124/152/113 126/153/114
f 121/154/115 124/155/113 123/156/116
f 122/157/117 124/158/113 125/159/118
f 127/160/119 131/90/30 133/161/120
f 128/162/121 131/163/30 130/164/122
f 129/165/123 131/163/30 132/166/124
f 134/167/125 138/168/126 140/169/127
f 135/170/128 138/171/126 137/172/129
f 136/173/130 138/171/126 139/174/131
f 141/175/132 145/176/16 147/177/133
f 142/178/134 145/176/16 144/179/135
f 143/180/136 145/176/16 146/181/137
f 148/182/138 152/183/23 154/184/76
f 149/185/139 152/183/23 151/186/140
f 150/187/141 152/183/23 153/188/142
f 155/189/143 159/190/2 161/121/58
f 156/191/144 159/190/2 158/192/145
f 157/193/146 159/190/2 160/194/147
f 162/195/148 166/196/149 168/197/150
f 163/198/151 166/196/149 165/199/152
f 164/200/153 166/196/149 167/201/154
f 113/142/106 130/133/122 127/160/119
f 119/202/94 128/162/121 130/164/122
f 120/151/112 118/203/111 114/145/108
f 126/204/114 115/148/110 118/150/111
f 134/167/125 125/136/118 121/154/115
f 140/205/127 122/157/117 125/159/118
f 129/165/123 139/174/131 135/170/128
f 132/166/124 136/173/130 139/174/131
f 127/160/119 158/192/145 155/189/143
f 133/206/120 156/191/144 158/192/145
f 162/195/148 137/207/129 134/167/125
f 168/197/150 135/170/128 137/172/129
f 157/193/146 167/201/154 163/198/151
f 160/194/147 164/200/153 167/201/154
f 155/189/143 144/179/135 141/175/132
f 161/121/58 142/178/134 144/179/135
f 148/182/138 165/199/152 162/195/148
f 154/184/76 163/198/151 165/199/152
f 143/180/136 153/188/142 149/185/139
f 146/181/137 150/187/141 153/188/142
f 141/175/132 116/208/109 113/142/106
f 147/177/133 114/145/108 116/147/109
f 121/154/115 151/186/140 148/182/138
f 123/209/116 149/185/139 151/186/140
f 155/189/143 113/142/106 127/160/119
f 122/157/117 128/162/121 115/148/110
f 149/185/139 114/145/108 143/180/136
f 134/167/125 148/182/138 162/195/148
f 135/170/128 156/191/144 129/165/123
f 163/198/151 142/178/134 157/193/146
f 169/210/155 173/211/156 175/75/17
f 170/212/157 173/146/156 172/213/158
f 171/214/159 173/149/156 174/150/160
f 176/215/161 180/216/162 182/217/163
f 177/218/164 180/155/162 179/219/165
f 178/220/166 180/158/162 181/221/26
f 183/222/167 187/90/44 189/223/168
f 184/162/169 187/224/44 186/225/170
f 185/226/171 187/224/44 188/166/172
f 190/227/173 194/228/174 196/169/52
f 191/229/175 194/230/174 193/231/176
f 192/173/177 194/230/174 195/174/178
f 197/232/179 201/233/2 203/234/180
f 198/235/181 201/233/2 200/179/182
f 199/236/183 201/233/2 202/181/184
f 204/237/185 208/238/9 210/239/186
f 205/240/187 208/238/9 207/241/188
f 206/242/189 208/238/9 209/243/190
f 211/244/191 215/245/30 217/246/192
f 212/247/193 215/245/30 214/248/194
f 213/193/195 215/245/30 216/194/196
f 218/249/197 222/250/198 224/251/199
f 219/252/200 222/250/198 221/253/40
f 220/254/201 222/250/198 223/255/202
f 169/210/155 186/133/170 183/222/167
f 175/256/17 184/162/169 186/225/170
f 176/215/161 174/203/160 170/212/157
f 182/204/163 171/214/159 174/150/160
f 190/227/173 181/257/26 177/218/164
f 196/258/52 178/220/166 181/221/26
f 185/226/171 195/174/178 191/229/175
f 188/166/172 192/173/177 195/174/178
f 211/244/191 189/223/168 214/248/194
f 189/259/168 212/247/193 214/248/194
f 218/249/197 193/260/176 190/227/173
f 193/231/176 220/254/201 191/229/175
f 213/193/195 223/255/202 219/252/200
f 216/194/196 220/254/201 223/255/202
f 211/244/191 200/179/182 197/232/179
f 217/246/192 198/235/181 200/179/182
f 204/237/185 221/253/40 218/249/197
f 210/239/186 219/252/200 221/253/40
f 199/236/183 209/243/190 205/240/187
f 209/243/190 198/235/181 206/242/189
f 197/232/179 172/261/158 169/210/155
f 203/234/180 170/212/157 172/213/158
f 177/218/164 207/241/188 204/237/185
f 179/262/165 205/240/187 207/241/188
f 211/244/191 169/210/155 183/222/167
f 178/220/166 184/162/169 171/214/159
f 205/240/187 170/212/157 199/236/183
f 190/227/173 204/237/185 218/249/197
f 191/229/175 212/247/193 185/226/171
f 219/252/200 198/235/181 213/193/195
f 225/263/203 229/264/204 231/75/205
f 226/265/206 229/146/204 228/266/207
f 227/148/208 229/149/204 230/267/209
f 232/268/210 236/269/211 238/270/212
f 233/271/213 236/155/211 235/272/214
f 234/157/215 236/158/211 237/221/216
f 239/273/217 243/90/218 245/274/219
f 240/275/220 243/276/218 242/277/221
f 241/278/222 243/276/218 244/166/223
f 246/279/224 250/280/225 252/169/226
f 247/281/227 250/282/225 249/283/228
f 248/173/229 250/282/225 251/284/230
f 253/285/231 257/286/232 259/287/233
f 254/288/234 257/286/232 256/289/235
f 255/290/236 257/286/232 258/291/237
f 260/292/238 264/293/239 266/294/240
f 261/295/241 264/293/239 263/296/242
f 262/187/243 264/293/239 265/297/244
f 267/298/245 271/299/246 273/121/247
f 268/300/248 271/299/246 270/301/249
f 269/193/250 271/299/246 272/302/251
f 274/303/252 278/304/253 280/305/254
f 275/252/255 278/304/253 277/199/256
f 276/306/257 278/304/253 279/255/258
f 239/273/217 231/75/205 242/133/221
f 231/134/205 240/275/220 242/277/221
f 232/268/210 230/307/209 226/265/206
f 238/204/212 227/148/208 230/267/209
f 246/279/224 237/136/216 233/271/213
f 252/137/226 234/157/215 237/221/216
f 241/278/222 251/284/230 247/281/227
f 244/166/223 248/173/229 251/284/230
f 267/298/245 245/274/219 270/301/249
f 245/308/219 268/300/248 270/301/249
f 274/303/252 249/309/228 246/279/224
f 249/283/228 276/306/257 247/281/227
f 269/193/250 279/255/258 275/252/255
f 272/302/251 276/306/257 279/255/258
f 253/285/231 273/121/247 256/289/235
f 273/121/247 254/288/234 256/289/235
f 260/292/238 277/199/256 274/303/252
f 277/199/256 262/187/243 275/252/255
f 255/290/236 265/297/244 261/295/241
f 258/291/237 262/187/243 265/297/244
f 253/285/231 228/310/207 225/263/203
f 259/287/233 226/265/206 228/266/207
f 233/271/213 263/296/242 260/292/238
f 263/296/242 232/268/210 261/295/241
f 239/273/217 253/285/231 225/263/203
f 234/157/215 240/275/220 227/148/208
f 261/295/241 226/265/206 255/290/236
f 246/279/224 260/292/238 274/303/252
f 247/281/227 268/300/248 241/278/222
f 275/252/255 254/288/234 269/193/250
f 281/311/259 285/312/260 287/144/261
f 282/313/262 285/146/260 284/314/263
f 283/315/264 285/149/260 286/267/265
f 288/316/266 292/317/267 294/217/268
f 289/318/269 292/155/267 291/319/270
f 290/320/271 292/158/267 293/159/272
f 295/321/273 299/90/274 301/322/275
f 296/275/276 299/323/274 298/164/277
f 297/324/278 299/323/274 300/325/279
f 302/326/280 306/327/281 308/169/282
f 303/328/283 306/329/281 305/330/284
f 304/173/285 306/329/281 307/174/286
f 309/331/287 313/332/288 315/333/289
f 310/334/290 313/332/288 312/179/291
f 311/335/292 313/332/288 314/336/293
f 316/337/294 320/338/295 322/239/296
f 317/339/297 320/338/295 319/340/298
f 318/187/299 320/338/295 321/243/300
f 323/341/301 327/342/302 329/246/303
f 324/343/304 327/342/302 326/344/305
f 325/345/306 327/342/302 328/302/307
f 330/346/308 334/347/309 336/348/310
f 331/252/311 334/347/309 333/130/312
f 332/349/313 334/347/309 335/201/314
f 281/311/259 298/133/277 295/321/273
f 287/350/261 296/275/276 298/164/277
f 288/316/266 286/307/265 282/313/262
f 294/204/268 283/315/264 286/267/265
f 302/326/280 293/136/272 289/318/269
f 293/159/272 304/173/285 290/320/271
f 297/324/278 307/174/286 303/328/283
f 300/325/279 304/173/285 307/174/286
f 295/321/273 326/344/305 323/341/301
f 301/351/275 324/343/304 326/344/305
f 330/346/308 305/352/284 302/326/280
f 336/348/310 303/328/283 305/330/284
f 325/345/306 335/201/314 331/252/311
f 328/302/307 332/349/313 335/201/314
f 323/341/301 312/179/291 309/331/287
f 329/246/303 310/334/290 312/179/291
f 330/346/308 322/239/296 333/130/312
f 322/239/296 331/252/311 333/130/312
f 311/335/292 321/243/300 317/339/297
f 314/336/293 318/187/299 321/243/300
f 309/331/287 284/353/263 281/311/259
f 284/314/263 311/335/292 282/313/262
f 289/318/269 319/340/298 316/337/294
f 291/354/270 317/339/297 319/340/298
f 323/341/301 281/311/259 295/321/273
f 290/320/271 296/275/276 283/315/264
f 317/339/297 282/313/262 311/335/292
f 302/326/280 316/337/294 330/346/308
f 303/328/283 324/343/304 297/324/278
f 331/252/311 310/334/290 325/345/306
f 337/263/315 341/264/316 343/75/317
f 338/265/318 341/146/316 340/266/319
f 339/148/320 341/149/316 342/267/321
f 344/268/322 348/269/323 350/270/324
f 345/271/325 348/155/323 347/272/326
f 346/157/327 348/158/323 349/221/328
f 351/273/329 355/90/330 357/274/331
f 352/275/332 355/276/330 354/277/333
f 353/355/334 355/276/330 356/356/335
f 358/279/336 362/280/337 364/169/338
f 359/281/339 362/282/337 361/283/340
f 360/173/341 362/282/337 363/284/342
f 365/285/343 369/286/344 371/287/345
f 366/334/346 369/286/344 368/289/347
f 367/290/348 369/286/344 370/291/349
f 372/292/350 376/293/351 378/357/352
f 373/358/353 376/293/351 375/296/354
f 374/187/355 376/293/351 377/297/356
f 379/359/357 383/299/358 385/121/359
f 380/300/360 383/299/358 382/301/361
f 381/193/362 383/299/358 384/302/363
f 386/303/364 390/304/365 392/305/366
f 387/252/367 390/304/365 389/199/368
f 388/306/369 390/304/365 391/255/370
f 337/263/315 354/133/333 351/273/329
f 343/134/317 352/275/332 354/277/333
f 344/268/322 342/307/321 338/265/318
f 350/204/324 339/148/320 342/267/321
f 345/271/325 364/169/338 349/136/328
f 364/137/338 346/157/327 349/221/328
f 353/355/334 363/284/342 359/281/339
f 356/356/335 360/173/341 363/284/342
f 379/359/357 357/274/331 382/301/361
f 357/308/331 380/300/360 382/301/361
f 386/303/364 361/309/340 358/279/336
f 392/305/366 359/281/339 361/283/340
f 381/193/362 391/255/370 387/252/367
f 384/302/363 388/306/369 391/255/370
f 379/359/357 368/289/347 365/285/343
f 368/289/347 381/193/362 366/334/346
f 372/292/350 389/199/368 386/303/364
f 378/357/352 387/252/367 389/199/368
f 367/290/348 377/297/356 373/358/353
f 370/291/349 374/187/355 377/297/356
f 365/285/343 340/310/319 337/263/315
f 340/266/319 367/290/348 338/265/318
f 372/292/350 347/272/326 375/296/354
f 347/360/326 373/358/353 375/296/354
f 379/359/357 337/263/315 351/273/329
f 346/157/327 352/275/332 339/148/320
f 373/358/353 338/265/318 367/290/348
f 386/303/364 345/271/325 372/292/350
f 359/281/339 380/300/360 353/355/334
f 387/252/367 366/334/346 381/193/362
f 393/361/371 397/312/372 399/144/373
f 394/313/374 397/146/372 396/314/375
f 395/362/376 397/149/372 398/267/377
f 400/316/378 404/317/379 406/217/380
f 401/318/381 404/155/379 403/319/382
f 402/320/383 404/158/379 405/159/384
f 407/363/385 411/90/386 413/322/387
f 408/275/388 411/323/386 410/164/389
f 409/324/390 411/323/386 412/356/391
f 414/364/392 418/327/393 420/169/394
f 415/365/395 418/329/393 417/330/396
f 416/173/397 418/329/393 419/174/398
f 421/366/399 425/332/400 427/333/401
f 422/367/402 425/332/400 424/179/403
f 423/368/404 425/332/400 426/336/405
f 428/369/406 432/338/407 434/114/408
f 429/339/409 432/338/407 431/370/410
f 430/187/411 432/338/407 433/243/412
f 435/371/413 439/342/414 441/246/415
f 436/343/416 439/342/414 438/344/417
f 437/345/418 439/342/414 440/372/419
f 442/373/420 446/374/421 448/375/422
f 443/252/423 446/374/421 445/253/424
f 444/349/425 446/374/421 447/201/426
f 393/361/371 410/133/389 407/363/385
f 399/350/373 408/275/388 410/164/389
f 400/316/378 398/307/377 394/313/374
f 406/204/380 395/362/376 398/267/377
f 414/364/392 405/136/384 401/318/381
f 420/376/394 402/320/383 405/159/384
f 409/324/390 419/174/398 415/365/395
f 412/356/391 416/173/397 419/174/398
f 407/363/385 438/344/417 435/371/413
f 438/344/417 409/324/390 436/343/416
f 442/373/420 417/352/396 414/364/392
f 448/375/422 415/365/395 417/330/396
f 437/345/418 447/201/426 443/252/423
f 440/372/419 444/349/425 447/201/426
f 421/366/399 441/246/415 424/179/403
f 424/179/403 437/345/418 422/367/402
f 442/373/420 434/114/408 445/253/424
f 434/114/408 443/252/423 445/253/424
f 423/368/404 433/243/412 429/339/409
f 426/336/405 430/187/411 433/243/412
f 421/366/399 396/353/375 393/361/371
f 427/333/401 394/313/374 396/314/375
f 428/369/406 403/319/382 431/370/410
f 403/354/382 429/339/409 431/370/410
f 435/371/413 393/361/371 407/363/385
f 402/320/383 408/275/388 395/362/376
f 429/339/409 394/313/374 423/368/404
f 414/364/392 428/369/406 442/373/420
f 415/365/395 436/343/416 409/324/390
f 443/252/423 422/367/402 437/345/418
f 449/377/1 453/2/2 455/3/3
f 450/378/4 453/5/2 452/6/5
f 451/379/6 453/8/2 454/9/7
f 456/380/427 460/11/9 462/12/10
f 457/13/11 460/14/9 459/15/12
f 458/16/13 460/17/9 461/18/14
f 463/381/428 467/20/16 469/21/429
f 464/22/18 467/23/16 466/24/19
f 465/25/20 467/23/16 468/96/21
f 470/382/430 474/28/431 476/29/24
f 471/383/25 474/31/431 473/32/432
f 472/384/27 474/31/431 475/34/28
f 477/385/29 481/386/30 483/37/31
f 478/387/433 481/386/30 480/39/434
f 479/388/34 481/386/30 482/389/35
f 484/42/36 488/43/37 490/390/435
f 485/391/39 488/43/37 487/392/436
f 486/47/437 488/43/37 489/48/42
f 491/49/438 495/393/44 497/51/439
f 492/394/46 495/393/44 494/53/440
f 493/395/441 495/393/44 496/396/49
f 498/397/442 502/57/113 504/58/443
f 499/398/444 502/57/113 501/399/445
f 500/61/55 502/57/113 503/62/56
f 449/377/1 466/63/19 463/381/428
f 455/64/3 464/22/18 466/24/19
f 456/380/427 454/65/7 450/378/4
f 462/66/10 451/379/6 454/9/7
f 470/382/430 461/67/14 457/13/11
f 476/68/24 458/16/13 461/18/14
f 465/25/20 475/34/28 471/383/25
f 468/96/21 472/384/27 475/34/28
f 491/49/438 469/21/429 494/53/440
f 469/69/429 492/394/46 494/53/440
f 470/382/430 504/58/443 473/70/432
f 504/58/443 471/383/25 473/32/432
f 493/395/441 503/62/56 499/398/444
f 496/396/49 500/61/55 503/62/56
f 491/49/438 480/39/434 477/385/29
f 497/51/439 478/387/433 480/39/434
f 484/42/36 501/399/445 498/397/442
f 490/390/435 499/398/444 501/399/445
f 479/388/34 489/48/42 485/391/39
f 482/389/35 486/47/437 489/48/42
f 477/385/29 452/71/5 449/377/1
f 483/37/31 450/378/4 452/6/5
f 457/13/11 487/392/436 484/42/36
f 459/72/12 485/391/39 487/392/436
f 491/49/438 449/377/1 463/381/428
f 458/16/13 464/22/18 451/379/6
f 485/391/39 450/378/4 479/388/34
f 470/382/430 484/42/36 498/397/442
f 471/383/25 492/394/46 465/25/20
f 499/398/444 478/387/433 493/395/441
f 505/73/57 509/74/2 511/75/58
f 506/76/446 509/5/2 508/77/447
f 507/400/448 509/79/2 510/80/62
f 512/401/63 516/82/449 518/83/10
f 513/84/450 516/85/449 515/86/451
f 514/402/67 516/17/449 517/88/452
f 519/89/69 523/90/70 525/91/71
f 520/403/72 523/93/70 522/94/73
f 521/404/74 523/93/70 524/26/21
f 526/405/75 530/98/23 532/99/76
f 527/406/453 530/101/23 529/102/454
f 528/407/455 530/101/23 531/104/80
f 533/105/81 537/106/456 539/107/457
f 534/408/83 537/106/456 536/109/84
f 535/409/458 537/106/456 538/389/35
f 540/112/459 544/113/37 546/239/127
f 541/410/89 544/113/37 543/411/460
f 542/117/91 544/113/37 545/118/92
f 547/119/93 551/120/461 553/121/94
f 548/122/95 551/120/461 550/123/96
f 549/124/97 551/120/461 552/412/98
f 554/126/99 558/413/100 560/414/462
f 555/415/102 558/413/100 557/130/463
f 556/416/464 558/413/100 559/132/105
f 505/73/57 522/133/73 519/89/69
f 511/134/58 520/403/72 522/94/73
f 512/401/63 510/135/62 506/76/446
f 518/66/10 507/400/448 510/80/62
f 526/405/75 517/136/452 513/84/450
f 532/137/76 514/402/67 517/88/452
f 521/404/74 531/104/80 527/406/453
f 524/26/21 528/407/455 531/104/80
f 519/89/69 550/123/96 547/119/93
f 525/138/71 548/122/95 550/123/96
f 554/126/99 529/139/454 526/405/75
f 529/102/454 556/416/464 527/406/453
f 549/124/97 559/132/105 555/415/102
f 552/412/98 556/416/464 559/132/105
f 547/119/93 536/109/84 533/105/81
f 553/121/94 534/408/83 536/109/84
f 540/112/459 557/130/463 554/126/99
f 546/239/127 555/415/102 557/130/463
f 535/409/458 545/118/92 541/410/89
f 538/389/35 542/117/91 545/118/92
f 533/105/81 508/140/447 505/73/57
f 508/77/447 535/409/458 506/76/446
f 513/84/450 543/411/460 540/112/459
f 515/141/451 541/410/89 543/411/460
f 547/119/93 505/73/57 519/89/69
f 514/402/67 520/403/72 507/400/448
f 541/410/89 506/76/446 535/409/458
f 526/405/75 540/112/459 554/126/99
f 527/406/453 548/122/95 521/404/74
f 555/415/102 534/408/83 549/124/97
f 561/417/143 565/143/2 567/144/58
f 562/418/144 565/146/2 564/147/145
f 563/419/146 565/149/2 566/150/147
f 568/420/465 572/152/149 574/153/466
f 569/421/148 572/155/149 571/156/467
f 570/157/468 572/158/149 573/159/152
f 575/422/132 579/90/70 581/161/133
f 576/162/469 579/163/70 578/164/135
f 577/165/136 579/163/70 580/166/470
f 582/423/138 586/168/471 588/169/76
f 583/424/139 586/171/471 585/172/140
f 584/173/141 586/171/471 587/174/472
f 589/425/119 593/176/30 595/177/120
f 590/178/121 593/176/30 592/179/473
f 591/426/123 593/176/30 594/181/474
f 596/182/125 600/427/198 602/357/127
f 597/428/128 600/427/198 599/429/475
f 598/187/130 600/427/198 601/188/476
f 603/430/106 607/190/44 609/121/94
f 604/431/108 607/190/44 606/192/109
f 605/193/110 607/190/44 608/372/111
f 610/432/115 614/196/113 616/433/477
f 611/252/478 614/196/113 613/434/479
f 612/435/480 614/196/113 615/201/481
f 561/417/143 578/133/135 575/422/132
f 567/202/58 576/162/469 578/164/135
f 568/420/465 566/203/147 562/418/144
f 574/204/466 563/419/146 566/150/147
f 582/423/138 573/136/152 569/421/148
f 588/205/76 570/157/468 573/159/152
f 577/165/136 587/174/472 583/424/139
f 580/166/470 584/173/141 587/174/472
f 575/422/132 606/192/109 603/430/106
f 581/206/133 604/431/108 606/192/109
f 610/432/115 585/207/140 582/423/138
f 616/433/477 583/424/139 585/172/140
f 605/193/110 615/201/481 611/252/478
f 608/372/111 612/435/480 615/201/481
f 603/430/106 592/179/473 589/425/119
f 609/121/94 590/178/121 592/179/473
f 596/182/125 613/434/479 610/432/115
f 602/357/127 611/252/478 613/434/479
f 591/426/123 601/188/476 597/428/128
f 594/181/474 598/187/130 601/188/476
f 589/425/119 564/208/145 561/417/143
f 595/177/120 562/418/144 564/147/145
f 569/421/148 599/429/475 596/182/125
f 571/209/467 597/428/128 599/429/475
f 603/430/106 561/417/143 575/422/132
f 570/157/468 576/162/469 563/419/146
f 597/428/128 562/418/144 591/426/123
f 582/423/138 596/182/125 610/432/115
f 583/424/139 604/431/108 577/165/136
f 611/252/478 590/178/121 605/193/110
f 617/210/482 621/211/456 623/75/483
f 618/212/193 621/146/456 620/213/484
f 619/214/195 621/149/456 622/150/124
f 624/215/485 628/216/486 630/217/487
f 625/218/488 628/155/486 627/219/489
f 626/436/490 628/158/486 629/221/40
f 631/222/491 635/90/492 637/223/493
f 632/162/494 635/224/492 634/225/495
f 633/226/183 635/224/492 636/166/147
f 638/437/185 642/228/449 644/169/186
f 639/229/187 642/230/449 641/231/496
f 640/438/497 642/230/449 643/174/154
f 645/439/498 649/233/44 651/234/499
f 646/178/169 649/233/44 648/179/500
f 647/236/171 649/233/44 650/181/172
f 652/237/501 656/440/502 658/239/52
f 653/240/503 656/440/502 655/241/504
f 654/187/177 656/440/502 657/243/505
f 659/441/506 663/442/16 665/443/507
f 660/444/508 663/442/16 662/248/509
f 661/445/159 663/442/16 664/194/137
f 666/249/510 670/446/431 672/447/511
f 667/198/166 670/446/431 669/448/512
f 668/449/161 670/446/431 671/255/472
f 631/222/491 623/75/483 634/133/495
f 623/256/483 632/162/494 634/225/495
f 624/215/485 622/203/124 618/212/193
f 630/204/487 619/214/195 622/150/124
f 638/437/185 629/257/40 625/218/488
f 644/258/186 626/436/490 629/221/40
f 633/226/183 643/174/154 639/229/187
f 636/166/147 640/438/497 643/174/154
f 659/441/506 637/223/493 662/248/509
f 637/259/493 660/444/508 662/248/509
f 666/249/510 641/260/496 638/437/185
f 672/447/511 639/229/187 641/231/496
f 661/445/159 671/255/472 667/198/166
f 664/194/137 668/449/161 671/255/472
f 659/441/506 648/179/500 645/439/498
f 665/443/507 646/178/169 648/179/500
f 652/237/501 669/448/512 666/249/510
f 658/239/52 667/198/166 669/448/512
f 647/236/171 657/243/505 653/240/503
f 650/181/172 654/187/177 657/243/505
f 645/439/498 620/261/484 617/210/482
f 651/234/499 618/212/193 620/213/484
f 652/237/501 627/219/489 655/241/504
f 627/262/489 653/240/503 655/241/504
f 659/441/506 617/210/482 631/222/491
f 626/436/490 632/162/494 619/214/195
f 653/240/503 618/212/193 647/236/171
f 638/437/185 652/237/501 666/249/510
f 639/229/187 660/444/508 633/226/183
f 667/198/166 646/178/169 661/445/159
f 673/263/513 677/264/358 679/75/514
f 674/265/360 677/146/358 676/266/515
f 675/148/516 677/149/358 678/267/363
f 680/268/517 684/269/365 686/270/518
f 681/271/519 684/155/365 683/272/520
f 682/157/367 684/158/365 685/221/521
f 687/273/522 691/90/523 693/274/524
f 688/275/346 691/276/523 690/277/525
f 689/278/526 691/276/523 692/166/527
f 694/279/528 698/280/529 700/169/530
f 695/450/531 698/282/529 697/283/532
f 696/173/355 698/282/529 699/284/533
f 701/285/534 705/286/535 707/287/536
f 702/451/332 705/286/535 704/289/537
f 703/290/334 705/286/535 706/452/538
f 708/453/539 712/293/337 714/184/540
f 709/295/541 712/293/337 711/454/542
f 710/187/543 712/293/337 713/297/544
f 715/359/545 719/299/316 721/455/546
f 716/300/547 719/299/316 718/301/548
f 717/193/320 719/299/316 720/456/549
f 722/303/550 726/457/323 728/458/551
f 723/198/327 726/457/323 725/199/552
f 724/306/553 726/457/323 727/255/554
f 673/263/513 690/133/525 687/273/522
f 679/134/514 688/275/346 690/277/525
f 680/268/517 678/307/363 674/265/360
f 686/204/518 675/148/516 678/267/363
f 681/271/519 700/169/530 685/136/521
f 700/137/530 682/157/367 685/221/521
f 689/278/526 699/284/533 695/450/531
f 692/166/527 696/173/355 699/284/533
f 715/359/545 693/274/524 718/301/548
f 693/308/524 716/300/547 718/301/548
f 722/303/550 697/309/532 694/279/528
f 697/283/532 724/306/553 695/450/531
f 717/193/320 727/255/554 723/198/327
f 720/456/549 724/306/553 727/255/554
f 715/359/545 704/289/537 701/285/534
f 721/455/546 702/451/332 704/289/537
f 708/453/539 725/199/552 722/303/550
f 725/199/552 710/187/543 723/198/327
f 703/290/334 713/297/544 709/295/541
f 706/452/538 710/187/543 713/297/544
f 701/285/534 676/310/515 673/263/513
f 707/287/536 674/265/360 676/266/515
f 681/271/519 711/454/542 708/453/539
f 683/360/520 709/295/541 711/454/542
f 715/359/545 673/263/513 687/273/522
f 682/157/367 688/275/346 675/148/516
f 709/295/541 674/265/360 703/290/334
f 722/303/550 681/271/519 708/453/539
f 695/450/531 716/300/547 689/278/526
f 723/198/327 702/451/332 717/193/320
f 729/311/555 733/312/556 735/144/557
f 730/313/558 733/146/556 732/314/559
f 731/315/560 733/149/556 734/267/419
f 736/316/561 740/317/421 742/217/562
f 737/459/420 740/155/421 739/319/563
f 738/320/423 740/158/421 741/159/564
f 743/321/565 747/90/566 749/322/567
f 744/275/402 747/323/566 746/164/568
f 745/324/404 747/323/566 748/325/569
f 750/364/570 754/327/571 756/169/572
f 751/328/573 754/329/571 753/330/574
f 752/173/411 754/329/571 755/174/412
f 757/331/575 761/332/576 763/333/577
f 758/334/388 761/332/576 760/179/578
f 759/335/579 761/332/576 762/336/580
f 764/337/581 768/338/582 770/239/583
f 765/339/584 768/338/582 767/340/585
f 766/187/397 768/338/582 769/243/398
f 771/341/586 775/342/587 777/246/588
f 772/343/374 775/342/587 774/344/589
f 773/345/376 775/342/587 776/302/590
f 778/346/591 782/347/379 784/348/592
f 779/252/593 782/347/379 781/130/594
f 780/349/595 782/347/379 783/201/596
f 743/321/565 735/144/557 746/133/568
f 735/350/557 744/275/402 746/164/568
f 736/316/561 734/307/419 730/313/558
f 742/204/562 731/315/560 734/267/419
f 737/459/420 756/169/572 741/136/564
f 756/376/572 738/320/423 741/159/564
f 745/324/404 755/174/412 751/328/573
f 748/325/569 752/173/411 755/174/412
f 771/341/586 749/322/567 774/344/589
f 749/351/567 772/343/374 774/344/589
f 778/346/591 753/352/574 750/364/570
f 753/330/574 780/349/595 751/328/573
f 773/345/376 783/201/596 779/252/593
f 776/302/590 780/349/595 783/201/596
f 757/331/575 777/246/588 760/179/578
f 760/179/578 773/345/376 758/334/388
f 764/337/581 781/130/594 778/346/591
f 770/239/583 779/252/593 781/130/594
f 759/335/579 769/243/398 765/339/584
f 762/336/580 766/187/397 769/243/398
f 729/311/555 763/333/577 732/353/559
f 763/333/577 730/313/558 732/314/559
f 737/459/420 767/340/585 764/337/581
f 767/340/585 736/316/561 765/339/584
f 771/341/586 729/311/555 743/321/565
f 738/320/423 744/275/402 731/315/560
f 765/339/584 730/313/558 759/335/579
f 778/346/591 737/459/420 764/337/581
f 751/328/573 772/343/374 745/324/404
f 779/252/593 758/334/388 773/345/376
f 785/263/597 789/264/598 791/75/599
f 786/265/600 789/146/598 788/266/601
f 787/148/602 789/149/598 790/267/603
f 792/268/604 796/269/605 798/270/606
f 793/271/607 796/155/605 795/272/608
f 794/157/255 796/158/605 797/221/609
f 799/460/610 803/90/232 805/274/233
f 800/275/234 803/276/232 802/277/611
f 801/278/236 803/276/232 804/461/612
f 806/279/613 810/280/239 812/169/614
f 807/281/615 810/282/239 809/283/616
f 808/173/617 810/282/239 811/284/618
f 813/285/619 817/286/218 819/287/620
f 814/334/220 817/286/218 816/289/621
f 815/290/622 817/286/218 818/291/223
f 820/292/623 824/293/225 826/357/226
f 821/295/624 824/293/225 823/296/625
f 822/187/626 824/293/225 825/297/627
f 827/298/628 831/299/629 833/121/630
f 828/300/206 831/299/629 830/301/207
f 829/193/208 831/299/629 832/302/631
f 834/303/632 838/304/633 840/305/634
f 835/252/215 838/304/633 837/199/635
f 836/306/636 838/304/633 839/255/637
f 785/263/597 802/133/611 799/460/610
f 802/277/611 787/148/602 800/275/234
f 792/268/604 790/307/603 786/265/600
f 798/204/606 787/148/602 790/267/603
f 793/271/607 812/169/614 797/136/609
f 812/137/614 794/157/255 797/221/609
f 801/278/236 811/284/618 807/281/615
f 804/461/612 808/173/617 811/284/618
f 799/460/610 830/301/207 827/298/628
f 805/308/233 828/300/206 830/301/207
f 806/279/613 840/305/634 809/309/616
f 840/305/634 807/281/615 809/283/616
f 829/193/208 839/255/637 835/252/215
f 832/302/631 836/306/636 839/255/637
f 827/298/628 816/289/621 813/285/619
f 833/121/630 814/334/220 816/289/621
f 834/303/632 826/357/226 837/199/635
f 837/199/635 822/187/626 835/252/215
f 815/290/622 825/297/627 821/295/624
f 818/291/223 822/187/626 825/297/627
f 813/285/619 788/310/601 785/263/597
f 819/287/620 786/265/600 788/266/601
f 793/271/607 823/296/625 820/292/623
f 795/360/608 821/295/624 823/296/625
f 799/460/610 813/285/619 785/263/597
f 794/157/255 800/275/234 787/148/602
f 821/295/624 786/265/600 815/290/622
f 806/279/613 820/292/623 834/303/632
f 807/281/615 828/300/206 801/278/236
f 835/252/215 814/334/220 829/193/208
f 841/361/638 845/312/639 847/144/303
f 842/313/640 845/146/639 844/314/641
f 843/362/306 845/149/639 846/267/642
f 848/316/313 852/317/643 854/217/644
f 849/318/645 852/155/643 851/319/646
f 850/462/311 852/158/643 853/159/647
f 855/321/648 859/90/649 861/322/289
f 856/275/650 859/323/649 858/164/651
f 857/463/652 859/323/649 860/325/293
f 862/464/653 866/327/654 868/169/655
f 863/365/297 866/329/654 865/330/656
f 864/173/299 866/329/654 867/174/657
f 869/331/658 873/332/659 875/333/660
f 870/334/276 873/332/659 872/179/661
f 871/368/662 873/332/659 874/336/279
f 876/369/663 880/338/664 882/239/665
f 877/339/283 880/338/664 879/370/666
f 878/465/667 880/338/664 881/243/286
f 883/371/668 887/342/669 889/246/670
f 884/343/262 887/342/669 886/344/671
f 885/345/264 887/342/669 888/372/265
f 890/373/672 894/374/673 896/375/674
f 891/252/271 894/374/673 893/253/675
f 892/349/266 894/374/673 895/201/676
f 841/361/638 858/133/651 855/321/648
f 847/350/303 856/275/650 858/164/651
f 848/316/313 846/307/642 842/313/640
f 854/204/644 843/362/306 846/267/642
f 849/318/645 868/169/655 853/136/647
f 868/376/655 850/462/311 853/159/647
f 857/463/652 867/174/657 863/365/297
f 860/325/293 864/173/299 867/174/657
f 855/321/648 886/344/671 883/371/668
f 886/344/671 857/463/652 884/343/262
f 862/464/653 896/375/674 865/352/656
f 896/375/674 863/365/297 865/330/656
f 885/345/264 895/201/676 891/252/271
f 888/372/265 892/349/266 895/201/676
f 883/371/668 872/179/661 869/331/658
f 889/246/670 870/334/276 872/179/661
f 890/373/672 882/239/665 893/253/675
f 882/239/665 891/252/271 893/253/675
f 871/368/662 881/243/286 877/339/283
f 874/336/279 878/465/667 881/243/286
f 869/331/658 844/353/641 841/361/638
f 844/314/641 871/368/662 842/313/640
f 876/369/663 851/319/646 879/370/666
f 851/354/646 877/339/283 879/370/666
f 855/321/648 869/331/658 841/361/638
f 850/462/311 856/275/650 843/362/306
f 877/339/283 842/313/640 871/368/662
f 862/464/653 876/369/663 890/373/672
f 863/365/297 884/343/262 857/463/652
f 891/252/271 870/334/276 885/345/264
f 1/1/1 4/71/5 5/2/2
f 2/4/4 6/65/7 5/5/2
f 3/7/6 7/64/3 5/8/2
f 8/10/8 11/72/12 12/11/9
f 9/13/11 13/67/14 12/14/9
f 10/16/13 14/66/10 12/17/9
f 15/19/15 18/63/19 19/20/16
f 16/22/18 20/26/21 19/23/16
f 17/25/20 21/69/17 19/23/16
f 22/27/22 25/70/26 26/28/23
f 23/30/25 27/34/28 26/31/23
f 24/33/27 28/68/24 26/31/23
f 29/35/29 32/39/33 33/36/30
f 30/38/32 34/41/35 33/36/30
f 31/40/34 35/37/31 33/36/30
f 36/42/36 39/46/40 40/43/37
f 37/45/39 41/48/42 40/43/37
f 38/47/41 42/44/38 40/43/37
f 43/49/43 46/53/47 47/50/44
f 44/52/46 48/55/49 47/50/44
f 45/54/48 49/51/45 47/50/44
f 50/56/50 53/60/54 54/57/51
f 51/59/53 55/62/56 54/57/51
f 52/61/55 56/58/52 54/57/51
f 1/1/1 7/3/3 18/63/19
f 7/64/3 3/7/6 16/22/18
f 8/10/8 14/12/10 6/65/7
f 14/66/10 10/16/13 3/7/6
f 22/27/22 28/29/24 13/67/14
f 28/68/24 24/33/27 10/16/13
f 17/25/20 20/26/21 27/34/28
f 20/26/21 16/22/18 24/33/27
f 15/19/15 21/21/17 46/53/47
f 21/69/17 17/25/20 44/52/46
f 50/56/50 56/58/52 25/70/26
f 56/58/52 52/61/55 23/30/25
f 45/54/48 48/55/49 55/62/56
f 48/55/49 44/52/46 52/61/55
f 43/49/43 49/51/45 32/39/33
f 32/39/33 49/51/45 45/54/48
f 36/42/36 42/44/38 53/60/54
f 53/60/54 42/44/38 38/47/41
f 31/40/34 34/41/35 41/48/42
f 34/41/35 30/38/32 38/47/41
f 29/35/29 35/37/31 4/71/5
f 35/37/31 31/40/34 2/4/4
f 9/13/11 11/15/12 39/46/40
f 11/72/12 8/10/8 37/45/39
f 43/49/43 29/35/29 1/1/1
f 10/16/13 24/33/27 16/22/18
f 37/45/39 8/10/8 2/4/4
f 22/27/22 9/13/11 36/42/36
f 23/30/25 52/61/55 44/52/46
f 51/59/53 38/47/41 30/38/32
f 57/73/57 60/140/60 61/74/2
f 58/76/59 62/135/62 61/5/2
f 59/78/61 63/134/58 61/79/2
f 64/81/63 67/141/66 68/82/64
f 65/84/65 69/136/68 68/85/64
f 66/87/67 70/66/10 68/17/64
f 71/89/69 74/133/73 75/90/70
f 72/92/72 76/96/21 75/93/70
f 73/95/74 77/138/71 75/93/70
f 78/97/75 81/139/78 82/98/23
f 79/100/77 83/104/80 82/101/23
f 80/103/79 84/137/76 82/101/23
f 85/105/81 88/109/84 89/106/30
f 86/108/83 90/111/86 89/106/30
f 87/110/85 91/107/82 89/106/30
f 92/112/87 95/116/90 96/113/37
f 93/115/89 97/118/92 96/113/37
f 94/117/91 98/114/88 96/113/37
f 99/119/93 102/123/96 103/120/44
f 100/122/95 104/125/98 103/120/44
f 101/124/97 105/121/94 103/120/44
f 106/126/99 109/130/103 110/127/100
f 107/129/102 111/132/105 110/127/100
f 108/131/104 112/128/101 110/127/100
f 57/73/57 63/75/58 74/133/73
f 63/134/58 59/78/61 72/92/72
f 64/81/63 70/83/10 62/135/62
f 70/66/10 66/87/67 59/78/61
f 78/97/75 84/99/76 69/136/68
f 84/137/76 80/103/79 66/87/67
f 73/95/74 76/96/21 83/104/80
f 76/96/21 72/92/72 80/103/79
f 71/89/69 77/91/71 102/123/96
f 77/138/71 73/95/74 100/122/95
f 106/126/99 112/128/101 81/139/78
f 112/128/101 108/131/104 79/100/77
f 101/124/97 104/125/98 111/132/105
f 104/125/98 100/122/95 108/131/104
f 99/119/93 105/121/94 88/109/84
f 105/121/94 101/124/97 86/108/83
f 92/112/87 98/114/88 109/130/103
f 98/114/88 94/117/91 107/129/102
f 87/110/85 90/111/86 97/118/92
f 90/111/86 86/108/83 94/117/91
f 85/105/81 91/107/82 60/140/60
f 91/107/82 87/110/85 58/76/59
f 92/112/87 65/84/65 67/86/66
f 67/141/66 64/81/63 93/115/89
f 99/119/93 85/105/81 57/73/57
f 66/87/67 80/103/79 72/92/72
f 93/115/89 64/81/63 58/76/59
f 78/97/75 65/84/65 92/112/87
f 79/100/77 108/131/104 100/122/95
f 107/129/102 94/117/91 86/108/83
f 113/142/106 116/208/109 117/143/107
f 114/145/108 118/203/111 117/146/107
f 115/148/110 119/202/94 117/149/107
f 120/151/112 123/209/116 124/152/113
f 121/154/115 125/136/118 124/155/113
f 122/157/117 126/204/114 124/158/113
f 127/160/119 130/133/122 131/90/30
f 128/162/121 132/166/124 131/163/30
f 129/165/123 133/206/120 131/163/30
f 134/167/125 137/207/129 138/168/126
f 135/170/128 139/174/131 138/171/126
f 136/173/130 140/205/127 138/171/126
f 141/175/132 144/179/135 145/176/16
f 142/178/134 146/181/137 145/176/16
f 143/180/136 147/177/133 145/176/16
f 148/182/138 151/186/140 152/183/23
f 149/185/139 153/188/142 152/183/23
f 150/187/141 154/184/76 152/183/23
f 155/189/143 158/192/145 159/190/2
f 156/191/144 160/194/147 159/190/2
f 157/193/146 161/121/58 159/190/2
f 162/195/148 165/199/152 166/196/149
f 163/198/151 167/201/154 166/196/149
f 164/200/153 168/197/150 166/196/149
f 113/142/106 119/144/94 130/133/122
f 119/202/94 115/148/110 128/162/121
f 120/151/112 126/153/114 118/203/111
f 126/204/114 122/157/117 115/148/110
f 134/167/125 140/169/127 125/136/118
f 140/205/127 136/173/130 122/157/117
f 129/165/123 132/166/124 139/174/131
f 132/166/124 128/162/121 136/173/130
f 127/160/119 133/161/120 158/192/145
f 133/206/120 129/165/123 156/191/144
f 162/195/148 168/197/150 137/207/129
f 168/197/150 164/200/153 135/170/128
f 157/193/146 160/194/147 167/201/154
f 160/194/147 156/191/144 164/200/153
f 155/189/143 161/121/58 144/179/135
f 161/121/58 157/193/146 142/178/134
f 148/182/138 154/184/76 165/199/152
f 154/184/76 150/187/141 163/198/151
f 143/180/136 146/181/137 153/188/142
f 146/181/137 142/178/134 150/187/141
f 141/175/132 147/177/133 116/208/109
f 147/177/133 143/180/136 114/145/108
f 121/154/115 123/156/116 151/186/140
f 123/209/116 120/151/112 149/185/139
f 155/189/143 141/175/132 113/142/106
f 122/157/117 136/173/130 128/162/121
f 149/185/139 120/151/112 114/145/108
f 134/167/125 121/154/115 148/182/138
f 135/170/128 164/200/153 156/191/144
f 163/198/151 150/187/141 142/178/134
f 169/210/155 172/261/158 173/211/156
f 170/212/157 174/203/160 173/146/156
f 171/214/159 175/256/17 173/149/156
f 176/215/161 179/262/165 180/216/162
f 177/218/164 181/257/26 180/155/162
f 178/220/166 182/204/163 180/158/162
f 183/222/167 186/133/170 187/90/44
f 184/162/169 188/166/172 187/224/44
f 185/226/171 189/259/168 187/224/44
f 190/227/173 193/260/176 194/228/174
f 191/229/175 195/174/178 194/230/174
f 192/173/177 196/258/52 194/230/174
f 197/232/179 200/179/182 201/233/2
f 198/235/181 202/181/184 201/233/2
f 199/236/183 203/234/180 201/233/2
f 204/237/185 207/241/188 208/238/9
f 205/240/187 209/243/190 208/238/9
f 206/242/189 210/239/186 208/238/9
f 211/244/191 214/248/194 215/245/30
f 212/247/193 216/194/196 215/245/30
f 213/193/195 217/246/192 215/245/30
f 218/249/197 221/253/40 222/250/198
f 219/252/200 223/255/202 222/250/198
f 220/254/201 224/251/199 222/250/198
f 169/210/155 175/75/17 186/133/170
f 175/256/17 171/214/159 184/162/169
f 176/215/161 182/217/163 174/203/160
f 182/204/163 178/220/166 171/214/159
f 190/227/173 196/169/52 181/257/26
f 196/258/52 192/173/177 178/220/166
f 185/226/171 188/166/172 195/174/178
f 188/166/172 184/162/169 192/173/177
f 211/244/191 183/222/167 189/223/168
f 189/259/168 185/226/171 212/247/193
f 218/249/197 224/251/199 193/260/176
f 193/231/176 224/251/199 220/254/201
f 213/193/195 216/194/196 223/255/202
f 216/194/196 212/247/193 220/254/201
f 211/244/191 217/246/192 200/179/182
f 217/246/192 213/193/195 198/235/181
f 204/237/185 210/239/186 221/253/40
f 210/239/186 206/242/189 219/252/200
f 199/236/183 202/181/184 209/243/190
f 209/243/190 202/181/184 198/235/181
f 197/232/179 203/234/180 172/261/158
f 203/234/180 199/236/183 170/212/157
f 177/218/164 179/219/165 207/241/188
f 179/262/165 176/215/161 205/240/187
f 211/244/191 197/232/179 169/210/155
f 178/220/166 192/173/177 184/162/169
f 205/240/187 176/215/161 170/212/157
f 190/227/173 177/218/164 204/237/185
f 191/229/175 220/254/201 212/247/193
f 219/252/200 206/242/189 198/235/181
f 225/263/203 228/310/207 229/264/204
f 226/265/206 230/307/209 229/146/204
f 227/148/208 231/134/205 229/149/204
f 232/268/210 235/360/214 236/269/211
f 233/271/213 237/136/216 236/155/211
f 234/157/215 238/204/212 236/158/211
f 239/273/217 242/133/221 243/90/218
f 240/275/220 244/166/223 243/276/218
f 241/278/222 245/308/219 243/276/218
f 246/279/224 249/309/228 250/280/225
f 247/281/227 251/284/230 250/282/225
f 248/173/229 252/137/226 250/282/225
f 253/285/231 256/289/235 257/286/232
f 254/288/234 258/291/237 257/286/232
f 255/290/236 259/287/233 257/286/232
f 260/292/238 263/296/242 264/293/239
f 261/295/241 265/297/244 264/293/239
f 262/187/243 266/294/240 264/293/239
f 267/298/245 270/301/249 271/299/246
f 268/300/248 272/302/251 271/299/246
f 269/193/250 273/121/247 271/299/246
f 274/303/252 277/199/256 278/304/253
f 275/252/255 279/255/258 278/304/253
f 276/306/257 280/305/254 278/304/253
f 239/273/217 225/263/203 231/75/205
f 231/134/205 227/148/208 240/275/220
f 232/268/210 238/270/212 230/307/209
f 238/204/212 234/157/215 227/148/208
f 246/279/224 252/169/226 237/136/216
f 252/137/226 248/173/229 234/157/215
f 241/278/222 244/166/223 251/284/230
f 244/166/223 240/275/220 248/173/229
f 267/298/245 239/273/217 245/274/219
f 245/308/219 241/278/222 268/300/248
f 274/303/252 280/305/254 249/309/228
f 249/283/228 280/305/254 276/306/257
f 269/193/250 272/302/251 279/255/258
f 272/302/251 268/300/248 276/306/257
f 253/285/231 267/298/245 273/121/247
f 273/121/247 269/193/250 254/288/234
f 260/292/238 266/294/240 277/199/256
f 277/199/256 266/294/240 262/187/243
f 255/290/236 258/291/237 265/297/244
f 258/291/237 254/288/234 262/187/243
f 253/285/231 259/287/233 228/310/207
f 259/287/233 255/290/236 226/265/206
f 233/271/213 235/272/214 263/296/242
f 263/296/242 235/360/214 232/268/210
f 239/273/217 267/298/245 253/285/231
f 234/157/215 248/173/229 240/275/220
f 261/295/241 232/268/210 226/265/206
f 246/279/224 233/271/213 260/292/238
f 247/281/227 276/306/257 268/300/248
f 275/252/255 262/187/243 254/288/234
f 281/311/259 284/353/263 285/312/260
f 282/313/262 286/307/265 285/146/260
f 283/315/264 287/350/261 285/149/260
f 288/316/266 291/354/270 292/317/267
f 289/318/269 293/136/272 292/155/267
f 290/320/271 294/204/268 292/158/267
f 295/321/273 298/133/277 299/90/274
f 296/275/276 300/325/279 299/323/274
f 297/324/278 301/351/275 299/323/274
f 302/326/280 305/352/284 306/327/281
f 303/328/283 307/174/286 306/329/281
f 304/173/285 308/376/282 306/329/281
f 309/331/287 312/179/291 313/332/288
f 310/334/290 314/336/293 313/332/288
f 311/335/292 315/333/289 313/332/288
f 316/337/294 319/340/298 320/338/295
f 317/339/297 321/243/300 320/338/295
f 318/187/299 322/239/296 320/338/295
f 323/341/301 326/344/305 327/342/302
f 324/343/304 328/302/307 327/342/302
f 325/345/306 329/246/303 327/342/302
f 330/346/308 333/130/312 334/347/309
f 331/252/311 335/201/314 334/347/309
f 332/349/313 336/348/310 334/347/309
f 281/311/259 287/144/261 298/133/277
f 287/350/261 283/315/264 296/275/276
f 288/316/266 294/217/268 286/307/265
f 294/204/268 290/320/271 283/315/264
f 302/326/280 308/169/282 293/136/272
f 293/159/272 308/376/282 304/173/285
f 297/324/278 300/325/279 307/174/286
f 300/325/279 296/275/276 304/173/285
f 295/321/273 301/322/275 326/344/305
f 301/351/275 297/324/278 324/343/304
f 330/346/308 336/348/310 305/352/284
f 336/348/310 332/349/313 303/328/283
f 325/345/306 328/302/307 335/201/314
f 328/302/307 324/343/304 332/349/313
f 323/341/301 329/246/303 312/179/291
f 329/246/303 325/345/306 310/334/290
f 330/346/308 316/337/294 322/239/296
f 322/239/296 318/187/299 331/252/311
f 311/335/292 314/336/293 321/243/300
f 314/336/293 310/334/290 318/187/299
f 309/331/287 315/333/289 284/353/263
f 284/314/263 315/333/289 311/335/292
f 289/318/269 291/319/270 319/340/298
f 291/354/270 288/316/266 317/339/297
f 323/341/301 309/331/287 281/311/259
f 290/320/271 304/173/285 296/275/276
f 317/339/297 288/316/266 282/313/262
f 302/326/280 289/318/269 316/337/294
f 303/328/283 332/349/313 324/343/304
f 331/252/311 318/187/299 310/334/290
f 337/263/315 340/310/319 341/264/316
f 338/265/318 342/307/321 341/146/316
f 339/148/320 343/134/317 341/149/316
f 344/268/322 347/360/326 348/269/323
f 345/271/325 349/136/328 348/155/323
f 346/157/327 350/204/324 348/158/323
f 351/273/329 354/133/333 355/90/330
f 352/275/332 356/356/335 355/276/330
f 353/355/334 357/308/331 355/276/330
f 358/279/336 361/309/340 362/280/337
f 359/281/339 363/284/342 362/282/337
f 360/173/341 364/137/338 362/282/337
f 365/285/343 368/289/347 369/286/344
f 366/334/346 370/291/349 369/286/344
f 367/290/348 371/287/345 369/286/344
f 372/292/350 375/296/354 376/293/351
f 373/358/353 377/297/356 376/293/351
f 374/187/355 378/357/352 376/293/351
f 379/359/357 382/301/361 383/299/358
f 380/300/360 384/302/363 383/299/358
f 381/193/362 385/121/359 383/299/358
f 386/303/364 389/199/368 390/304/365
f 387/252/367 391/255/370 390/304/365
f 388/306/369 392/305/366 390/304/365
f 337/263/315 343/75/317 354/133/333
f 343/134/317 339/148/320 352/275/332
f 344/268/322 350/270/324 342/307/321
f 350/204/324 346/157/327 339/148/320
f 345/271/325 358/279/336 364/169/338
f 364/137/338 360/173/341 346/157/327
f 353/355/334 356/356/335 363/284/342
f 356/356/335 352/275/332 360/173/341
f 379/359/357 351/273/329 357/274/331
f 357/308/331 353/355/334 380/300/360
f 386/303/364 392/305/366 361/309/340
f 392/305/366 388/306/369 359/281/339
f 381/193/362 384/302/363 391/255/370
f 384/302/363 380/300/360 388/306/369
f 379/359/357 385/121/359 368/289/347
f 368/289/347 385/121/359 381/193/362
f 372/292/350 378/357/352 389/199/368
f 378/357/352 374/187/355 387/252/367
f 367/290/348 370/291/349 377/297/356
f 370/291/349 366/334/346 374/187/355
f 365/285/343 371/287/345 340/310/319
f 340/266/319 371/287/345 367/290/348
f 372/292/350 345/271/325 347/272/326
f 347/360/326 344/268/322 373/358/353
f 379/359/357 365/285/343 337/263/315
f 346/157/327 360/173/341 352/275/332
f 373/358/353 344/268/322 338/265/318
f 386/303/364 358/279/336 345/271/325
f 359/281/339 388/306/369 380/300/360
f 387/252/367 374/187/355 366/334/346
f 393/361/371 396/353/375 397/312/372
f 394/313/374 398/307/377 397/146/372
f 395/362/376 399/350/373 397/149/372
f 400/316/378 403/354/382 404/317/379
f 401/318/381 405/136/384 404/155/379
f 402/320/383 406/204/380 404/158/379
f 407/363/385 410/133/389 411/90/386
f 408/275/388 412/356/391 411/323/386
f 409/324/390 413/351/387 411/323/386
f 414/364/392 417/352/396 418/327/393
f 415/365/395 419/174/398 418/329/393
f 416/173/397 420/376/394 418/329/393
f 421/366/399 424/179/403 425/332/400
f 422/367/402 426/336/405 425/332/400
f 423/368/404 427/333/401 425/332/400
f 428/369/406 431/370/410 432/338/407
f 429/339/409 433/243/412 432/338/407
f 430/187/411 434/114/408 432/338/407
f 435/371/413 438/344/417 439/342/414
f 436/343/416 440/372/419 439/342/414
f 437/345/418 441/246/415 439/342/414
f 442/373/420 445/253/424 446/374/421
f 443/252/423 447/201/426 446/374/421
f 444/349/425 448/375/422 446/374/421
f 393/361/371 399/144/373 410/133/389
f 399/350/373 395/362/376 408/275/388
f 400/316/378 406/217/380 398/307/377
f 406/204/380 402/320/383 395/362/376
f 414/364/392 420/169/394 405/136/384
f 420/376/394 416/173/397 402/320/383
f 409/324/390 412/356/391 419/174/398
f 412/356/391 408/275/388 416/173/397
f 407/363/385 413/322/387 438/344/417
f 438/344/417 413/351/387 409/324/390
f 442/373/420 448/375/422 417/352/396
f 448/375/422 444/349/425 415/365/395
f 437/345/418 440/372/419 447/201/426
f 440/372/419 436/343/416 444/349/425
f 421/366/399 435/371/413 441/246/415
f 424/179/403 441/246/415 437/345/418
f 442/373/420 428/369/406 434/114/408
f 434/114/408 430/187/411 443/252/423
f 423/368/404 426/336/405 433/243/412
f 426/336/405 422/367/402 430/187/411
f 421/366/399 427/333/401 396/353/375
f 427/333/401 423/368/404 394/313/374
f 428/369/406 401/318/381 403/319/382
f 403/354/382 400/316/378 429/339/409
f 435/371/413 421/366/399 393/361/371
f 402/320/383 416/173/397 408/275/388
f 429/339/409 400/316/378 394/313/374
f 414/364/392 401/318/381 428/369/406
f 415/365/395 444/349/425 436/343/416
f 443/252/423 430/187/411 422/367/402
f 449/377/1 452/71/5 453/2/2
f 450/378/4 454/65/7 453/5/2
f 451/379/6 455/64/3 453/8/2
f 456/380/427 459/72/12 460/11/9
f 457/13/11 461/67/14 460/14/9
f 458/16/13 462/66/10 460/17/9
f 463/381/428 466/63/19 467/20/16
f 464/22/18 468/96/21 467/23/16
f 465/25/20 469/69/429 467/23/16
f 470/382/430 473/70/432 474/28/431
f 471/383/25 475/34/28 474/31/431
f 472/384/27 476/68/24 474/31/431
f 477/385/29 480/39/434 481/386/30
f 478/387/433 482/389/35 481/386/30
f 479/388/34 483/37/31 481/386/30
f 484/42/36 487/392/436 488/43/37
f 485/391/39 489/48/42 488/43/37
f 486/47/437 490/390/435 488/43/37
f 491/49/438 494/53/440 495/393/44
f 492/394/46 496/396/49 495/393/44
f 493/395/441 497/51/439 495/393/44
f 498/397/442 501/399/445 502/57/113
f 499/398/444 503/62/56 502/57/113
f 500/61/55 504/58/443 502/57/113
f 449/377/1 455/3/3 466/63/19
f 455/64/3 451/379/6 464/22/18
f 456/380/427 462/12/10 454/65/7
f 462/66/10 458/16/13 451/379/6
f 470/382/430 476/29/24 461/67/14
f 476/68/24 472/384/27 458/16/13
f 465/25/20 468/96/21 475/34/28
f 468/96/21 464/22/18 472/384/27
f 491/49/438 463/381/428 469/21/429
f 469/69/429 465/25/20 492/394/46
f 470/382/430 498/397/442 504/58/443
f 504/58/443 500/61/55 471/383/25
f 493/395/441 496/396/49 503/62/56
f 496/396/49 492/394/46 500/61/55
f 491/49/438 497/51/439 480/39/434
f 497/51/439 493/395/441 478/387/433
f 484/42/36 490/390/435 501/399/445
f 490/390/435 486/47/437 499/398/444
f 479/388/34 482/389/35 489/48/42
f 482/389/35 478/387/433 486/47/437
f 477/385/29 483/37/31 452/71/5
f 483/37/31 479/388/34 450/378/4
f 457/13/11 459/15/12 487/392/436
f 459/72/12 456/380/427 485/391/39
f 491/49/438 477/385/29 449/377/1
f 458/16/13 472/384/27 464/22/18
f 485/391/39 456/380/427 450/378/4
f 470/382/430 457/13/11 484/42/36
f 471/383/25 500/61/55 492/394/46
f 499/398/444 486/47/437 478/387/433
f 505/73/57 508/140/447 509/74/2
f 506/76/446 510/135/62 509/5/2
f 507/400/448 511/134/58 509/79/2
f 512/401/63 515/141/451 516/82/449
f 513/84/450 517/136/452 516/85/449
f 514/402/67 518/66/10 516/17/449
f 519/89/69 522/133/73 523/90/70
f 520/403/72 524/26/21 523/93/70
f 521/404/74 525/138/71 523/93/70
f 526/405/75 529/139/454 530/98/23
f 527/406/453 531/104/80 530/101/23
f 528/407/455 532/137/76 530/101/23
f 533/105/81 536/109/84 537/106/456
f 534/408/83 538/389/35 537/106/456
f 535/409/458 539/107/457 537/106/456
f 540/112/459 543/411/460 544/113/37
f 541/410/89 545/118/92 544/113/37
f 542/117/91 546/239/127 544/113/37
f 547/119/93 550/123/96 551/120/461
f 548/122/95 552/412/98 551/120/461
f 549/124/97 553/121/94 551/120/461
f 554/126/99 557/130/463 558/413/100
f 555/415/102 559/132/105 558/413/100
f 556/416/464 560/414/462 558/413/100
f 505/73/57 511/75/58 522/133/73
f 511/134/58 507/400/448 520/403/72
f 512/401/63 518/83/10 510/135/62
f 518/66/10 514/402/67 507/400/448
f 526/405/75 532/99/76 517/136/452
f 532/137/76 528/407/455 514/402/67
f 521/404/74 524/26/21 531/104/80
f 524/26/21 520/403/72 528/407/455
f 519/89/69 525/91/71 550/123/96
f 525/138/71 521/404/74 548/122/95
f 554/126/99 560/414/462 529/139/454
f 529/102/454 560/414/462 556/416/464
f 549/124/97 552/412/98 559/132/105
f 552/412/98 548/122/95 556/416/464
f 547/119/93 553/121/94 536/109/84
f 553/121/94 549/124/97 534/408/83
f 540/112/459 546/239/127 557/130/463
f 546/239/127 542/117/91 555/415/102
f 535/409/458 538/389/35 545/118/92
f 538/389/35 534/408/83 542/117/91
f 533/105/81 539/107/457 508/140/447
f 508/77/447 539/107/457 535/409/458
f 513/84/450 515/86/451 543/411/460
f 515/141/451 512/401/63 541/410/89
f 547/119/93 533/105/81 505/73/57
f 514/402/67 528/407/455 520/403/72
f 541/410/89 512/401/63 506/76/446
f 526/405/75 513/84/450 540/112/459
f 527/406/453 556/416/464 548/122/95
f 555/415/102 542/117/91 534/408/83
f 561/417/143 564/208/145 565/143/2
f 562/418/144 566/203/147 565/146/2
f 563/419/146 567/202/58 565/149/2
f 568/420/465 571/209/467 572/152/149
f 569/421/148 573/136/152 572/155/149
f 570/157/468 574/204/466 572/158/149
f 575/422/132 578/133/135 579/90/70
f 576/162/469 580/166/470 579/163/70
f 577/165/136 581/206/133 579/163/70
f 582/423/138 585/207/140 586/168/471
f 583/424/139 587/174/472 586/171/471
f 584/173/141 588/205/76 586/171/471
f 589/425/119 592/179/473 593/176/30
f 590/178/121 594/181/474 593/176/30
f 591/426/123 595/177/120 593/176/30
f 596/182/125 599/429/475 600/427/198
f 597/428/128 601/188/476 600/427/198
f 598/187/130 602/357/127 600/427/198
f 603/430/106 606/192/109 607/190/44
f 604/431/108 608/372/111 607/190/44
f 605/193/110 609/121/94 607/190/44
f 610/432/115 613/434/479 614/196/113
f 611/252/478 615/201/481 614/196/113
f 612/435/480 616/433/477 614/196/113
f 561/417/143 567/144/58 578/133/135
f 567/202/58 563/419/146 576/162/469
f 568/420/465 574/153/466 566/203/147
f 574/204/466 570/157/468 563/419/146
f 582/423/138 588/169/76 573/136/152
f 588/205/76 584/173/141 570/157/468
f 577/165/136 580/166/470 587/174/472
f 580/166/470 576/162/469 584/173/141
f 575/422/132 581/161/133 606/192/109
f 581/206/133 577/165/136 604/431/108
f 610/432/115 616/433/477 585/207/140
f 616/433/477 612/435/480 583/424/139
f 605/193/110 608/372/111 615/201/481
f 608/372/111 604/431/108 612/435/480
f 603/430/106 609/121/94 592/179/473
f 609/121/94 605/193/110 590/178/121
f 596/182/125 602/357/127 613/434/479
f 602/357/127 598/187/130 611/252/478
f 591/426/123 594/181/474 601/188/476
f 594/181/474 590/178/121 598/187/130
f 589/425/119 595/177/120 564/208/145
f 595/177/120 591/426/123 562/418/144
f 569/421/148 571/156/467 599/429/475
f 571/209/467 568/420/465 597/428/128
f 603/430/106 589/425/119 561/417/143
f 570/157/468 584/173/141 576/162/469
f 597/428/128 568/420/465 562/418/144
f 582/423/138 569/421/148 596/182/125
f 583/424/139 612/435/480 604/431/108
f 611/252/478 598/187/130 590/178/121
f 617/210/482 620/261/484 621/211/456
f 618/212/193 622/203/124 621/146/456
f 619/214/195 623/256/483 621/149/456
f 624/215/485 627/262/489 628/216/486
f 625/218/488 629/257/40 628/155/486
f 626/436/490 630/204/487 628/158/486
f 631/222/491 634/133/495 635/90/492
f 632/162/494 636/166/147 635/224/492
f 633/226/183 637/259/493 635/224/492
f 638/437/185 641/260/496 642/228/449
f 639/229/187 643/174/154 642/230/449
f 640/438/497 644/258/186 642/230/449
f 645/439/498 648/179/500 649/233/44
f 646/178/169 650/181/172 649/233/44
f 647/236/171 651/234/499 649/233/44
f 652/237/501 655/241/504 656/440/502
f 653/240/503 657/243/505 656/440/502
f 654/187/177 658/239/52 656/440/502
f 659/441/506 662/248/509 663/442/16
f 660/444/508 664/194/137 663/442/16
f 661/445/159 665/443/507 663/442/16
f 666/249/510 669/448/512 670/446/431
f 667/198/166 671/255/472 670/446/431
f 668/449/161 672/447/511 670/446/431
f 631/222/491 617/210/482 623/75/483
f 623/256/483 619/214/195 632/162/494
f 624/215/485 630/217/487 622/203/124
f 630/204/487 626/436/490 619/214/195
f 638/437/185 644/169/186 629/257/40
f 644/258/186 640/438/497 626/436/490
f 633/226/183 636/166/147 643/174/154
f 636/166/147 632/162/494 640/438/497
f 659/441/506 631/222/491 637/223/493
f 637/259/493 633/226/183 660/444/508
f 666/249/510 672/447/511 641/260/496
f 672/447/511 668/449/161 639/229/187
f 661/445/159 664/194/137 671/255/472
f 664/194/137 660/444/508 668/449/161
f 659/441/506 665/443/507 648/179/500
f 665/443/507 661/445/159 646/178/169
f 652/237/501 658/239/52 669/448/512
f 658/239/52 654/187/177 667/198/166
f 647/236/171 650/181/172 657/243/505
f 650/181/172 646/178/169 654/187/177
f 645/439/498 651/234/499 620/261/484
f 651/234/499 647/236/171 618/212/193
f 652/237/501 625/218/488 627/219/489
f 627/262/489 624/215/485 653/240/503
f 659/441/506 645/439/498 617/210/482
f 626/436/490 640/438/497 632/162/494
f 653/240/503 624/215/485 618/212/193
f 638/437/185 625/218/488 652/237/501
f 639/229/187 668/449/161 660/444/508
f 667/198/166 654/187/177 646/178/169
f 673/263/513 676/310/515 677/264/358
f 674/265/360 678/307/363 677/146/358
f 675/148/516 679/134/514 677/149/358
f 680/268/517 683/360/520 684/269/365
f 681/271/519 685/136/521 684/155/365
f 682/157/367 686/204/518 684/158/365
f 687/273/522 690/133/525 691/90/523
f 688/275/346 692/166/527 691/276/523
f 689/278/526 693/308/524 691/276/523
f 694/279/528 697/309/532 698/280/529
f 695/450/531 699/284/533 698/282/529
f 696/173/355 700/137/530 698/282/529
f 701/285/534 704/289/537 705/286/535
f 702/451/332 706/452/538 705/286/535
f 703/290/334 707/287/536 705/286/535
f 708/453/539 711/454/542 712/293/337
f 709/295/541 713/297/544 712/293/337
f 710/187/543 714/184/540 712/293/337
f 715/359/545 718/301/548 719/299/316
f 716/300/547 720/456/549 719/299/316
f 717/193/320 721/455/546 719/299/316
f 722/303/550 725/199/552 726/457/323
f 723/198/327 727/255/554 726/457/323
f 724/306/553 728/458/551 726/457/323
f 673/263/513 679/75/514 690/133/525
f 679/134/514 675/148/516 688/275/346
f 680/268/517 686/270/518 678/307/363
f 686/204/518 682/157/367 675/148/516
f 681/271/519 694/279/528 700/169/530
f 700/137/530 696/173/355 682/157/367
f 689/278/526 692/166/527 699/284/533
f 692/166/527 688/275/346 696/173/355
f 715/359/545 687/273/522 693/274/524
f 693/308/524 689/278/526 716/300/547
f 722/303/550 728/458/551 697/309/532
f 697/283/532 728/458/551 724/306/553
f 717/193/320 720/456/549 727/255/554
f 720/456/549 716/300/547 724/306/553
f 715/359/545 721/455/546 704/289/537
f 721/455/546 717/193/320 702/451/332
f 708/453/539 714/184/540 725/199/552
f 725/199/552 714/184/540 710/187/543
f 703/290/334 706/452/538 713/297/544
f 706/452/538 702/451/332 710/187/543
f 701/285/534 707/287/536 676/310/515
f 707/287/536 703/290/334 674/265/360
f 681/271/519 683/272/520 711/454/542
f 683/360/520 680/268/517 709/295/541
f 715/359/545 701/285/534 673/263/513
f 682/157/367 696/173/355 688/275/346
f 709/295/541 680/268/517 674/265/360
f 722/303/550 694/279/528 681/271/519
f 695/450/531 724/306/553 716/300/547
f 723/198/327 710/187/543 702/451/332
f 729/311/555 732/353/559 733/312/556
f 730/313/558 734/307/419 733/146/556
f 731/315/560 735/350/557 733/149/556
f 736/316/561 739/354/563 740/317/421
f 737/459/420 741/136/564 740/155/421
f 738/320/423 742/204/562 740/158/421
f 743/321/565 746/133/568 747/90/566
f 744/275/402 748/325/569 747/323/566
f 745/324/404 749/351/567 747/323/566
f 750/364/570 753/352/574 754/327/571
f 751/328/573 755/174/412 754/329/571
f 752/173/411 756/376/572 754/329/571
f 757/331/575 760/179/578 761/332/576
f 758/334/388 762/336/580 761/332/576
f 759/335/579 763/333/577 761/332/576
f 764/337/581 767/340/585 768/338/582
f 765/339/584 769/243/398 768/338/582
f 766/187/397 770/239/583 768/338/582
f 771/341/586 774/344/589 775/342/587
f 772/343/374 776/302/590 775/342/587
f 773/345/376 777/246/588 775/342/587
f 778/346/591 781/130/594 782/347/379
f 779/252/593 783/201/596 782/347/379
f 780/349/595 784/348/592 782/347/379
f 743/321/565 729/311/555 735/144/557
f 735/350/557 731/315/560 744/275/402
f 736/316/561 742/217/562 734/307/419
f 742/204/562 738/320/423 731/315/560
f 737/459/420 750/364/570 756/169/572
f 756/376/572 752/173/411 738/320/423
f 745/324/404 748/325/569 755/174/412
f 748/325/569 744/275/402 752/173/411
f 771/341/586 743/321/565 749/322/567
f 749/351/567 745/324/404 772/343/374
f 778/346/591 784/348/592 753/352/574
f 753/330/574 784/348/592 780/349/595
f 773/345/376 776/302/590 783/201/596
f 776/302/590 772/343/374 780/349/595
f 757/331/575 771/341/586 777/246/588
f 760/179/578 777/246/588 773/345/376
f 764/337/581 770/239/583 781/130/594
f 770/239/583 766/187/397 779/252/593
f 759/335/579 762/336/580 769/243/398
f 762/336/580 758/334/388 766/187/397
f 729/311/555 757/331/575 763/333/577
f 763/333/577 759/335/579 730/313/558
f 737/459/420 739/319/563 767/340/585
f 767/340/585 739/354/563 736/316/561
f 771/341/586 757/331/575 729/311/555
f 738/320/423 752/173/411 744/275/402
f 765/339/584 736/316/561 730/313/558
f 778/346/591 750/364/570 737/459/420
f 751/328/573 780/349/595 772/343/374
f 779/252/593 766/187/397 758/334/388
f 785/263/597 788/310/601 789/264/598
f 786/265/600 790/307/603 789/146/598
f 787/148/602 791/134/599 789/149/598
f 792/268/604 795/360/608 796/269/605
f 793/271/607 797/136/609 796/155/605
f 794/157/255 798/204/606 796/158/605
f 799/460/610 802/133/611 803/90/232
f 800/275/234 804/461/612 803/276/232
f 801/278/236 805/308/233 803/276/232
f 806/279/613 809/309/616 810/280/239
f 807/281/615 811/284/618 810/282/239
f 808/173/617 812/137/614 810/282/239
f 813/285/619 816/289/621 817/286/218
f 814/334/220 818/291/223 817/286/218
f 815/290/622 819/287/620 817/286/218
f 820/292/623 823/296/625 824/293/225
f 821/295/624 825/297/627 824/293/225
f 822/187/626 826/357/226 824/293/225
f 827/298/628 830/301/207 831/299/629
f 828/300/206 832/302/631 831/299/629
f 829/193/208 833/121/630 831/299/629
f 834/303/632 837/199/635 838/304/633
f 835/252/215 839/255/637 838/304/633
f 836/306/636 840/305/634 838/304/633
f 785/263/597 791/75/599 802/133/611
f 802/277/611 791/134/599 787/148/602
f 792/268/604 798/270/606 790/307/603
f 798/204/606 794/157/255 787/148/602
f 793/271/607 806/279/613 812/169/614
f 812/137/614 808/173/617 794/157/255
f 801/278/236 804/461/612 811/284/618
f 804/461/612 800/275/234 808/173/617
f 799/460/610 805/274/233 830/301/207
f 805/308/233 801/278/236 828/300/206
f 806/279/613 834/303/632 840/305/634
f 840/305/634 836/306/636 807/281/615
f 829/193/208 832/302/631 839/255/637
f 832/302/631 828/300/206 836/306/636
f 827/298/628 833/121/630 816/289/621
f 833/121/630 829/193/208 814/334/220
f 834/303/632 820/292/623 826/357/226
f 837/199/635 826/357/226 822/187/626
f 815/290/622 818/291/223 825/297/627
f 818/291/223 814/334/220 822/187/626
f 813/285/619 819/287/620 788/310/601
f 819/287/620 815/290/622 786/265/600
f 793/271/607 795/272/608 823/296/625
f 795/360/608 792/268/604 821/295/624
f 799/460/610 827/298/628 813/285/619
f 794/157/255 808/173/617 800/275/234
f 821/295/624 792/268/604 786/265/600
f 806/279/613 793/271/607 820/292/623
f 807/281/615 836/306/636 828/300/206
f 835/252/215 822/187/626 814/334/220
f 841/361/638 844/353/641 845/312/639
f 842/313/640 846/307/642 845/146/639
f 843/362/306 847/350/303 845/149/639
f 848/316/313 851/354/646 852/317/643
f 849/318/645 853/136/647 852/155/643
f 850/462/311 854/204/644 852/158/643
f 855/321/648 858/133/651 859/90/649
f 856/275/650 860/325/293 859/323/649
f 857/463/652 861/351/289 859/323/649
f 862/464/653 865/352/656 866/327/654
f 863/365/297 867/174/657 866/329/654
f 864/173/299 868/376/655 866/329/654
f 869/331/658 872/179/661 873/332/659
f 870/334/276 874/336/279 873/332/659
f 871/368/662 875/333/660 873/332/659
f 876/369/663 879/370/666 880/338/664
f 877/339/283 881/243/286 880/338/664
f 878/465/667 882/239/665 880/338/664
f 883/371/668 886/344/671 887/342/669
f 884/343/262 888/372/265 887/342/669
f 885/345/264 889/246/670 887/342/669
f 890/373/672 893/253/675 894/374/673
f 891/252/271 895/201/676 894/374/673
f 892/349/266 896/375/674 894/374/673
f 841/361/638 847/144/303 858/133/651
f 847/350/303 843/362/306 856/275/650
f 848/316/313 854/217/644 846/307/642
f 854/204/644 850/462/311 843/362/306
f 849/318/645 862/464/653 868/169/655
f 868/376/655 864/173/299 850/462/311
f 857/463/652 860/325/293 867/174/657
f 860/325/293 856/275/650 864/173/299
f 855/321/648 861/322/289 886/344/671
f 886/344/671 861/351/289 857/463/652
f 862/464/653 890/373/672 896/375/674
f 896/375/674 892/349/266 863/365/297
f 885/345/264 888/372/265 895/201/676
f 888/372/265 884/343/262 892/349/266
f 883/371/668 889/246/670 872/179/661
f 889/246/670 885/345/264 870/334/276
f 890/373/672 876/369/663 882/239/665
f 882/239/665 878/465/667 891/252/271
f 871/368/662 874/336/279 881/243/286
f 874/336/279 870/334/276 878/465/667
f 869/331/658 875/333/660 844/353/641
f 844/314/641 875/333/660 871/368/662
f 876/369/663 849/318/645 851/319/646
f 851/354/646 848/316/313 877/339/283
f 855/321/648 883/371/668 869/331/658
f 850/462/311 864/173/299 856/275/650
f 877/339/283 848/316/313 842/313/640
f 862/464/653 849/318/645 876/369/663
f 863/365/297 892/349/266 884/343/262
f 891/252/271 878/465/667 870/334/276
