# Blender 4.5.0
# www.blender.org
mtllib mesh_019.mtl
o mesh_019
v 0.138702 -0.259382 0.960000
v 0.138702 -0.261239 0.961856
v 0.136846 -0.259382 0.961856
v 0.138702 -0.260695 0.960544
v 0.137630 -0.260454 0.960785
v 0.137390 -0.260695 0.961856
v 0.137390 -0.259382 0.960544
v 0.138702 -0.261239 0.980144
v 0.138702 -0.259382 0.982000
v 0.136846 -0.259382 0.980144
v 0.138702 -0.260695 0.981456
v 0.137630 -0.260454 0.981215
v 0.137390 -0.259382 0.981456
v 0.137390 -0.260695 0.980144
v 0.138702 0.016835 0.960000
v 0.136846 0.016835 0.961856
v 0.138702 0.018691 0.961856
v 0.137390 0.016835 0.960544
v 0.137630 0.017906 0.960785
v 0.137390 0.018147 0.961856
v 0.138702 0.018147 0.960544
v 0.138702 0.016835 0.982000
v 0.138702 0.018691 0.980144
v 0.136846 0.016835 0.980144
v 0.138702 0.018147 0.981456
v 0.137630 0.017906 0.981215
v 0.137390 0.018147 0.980144
v 0.137390 0.016835 0.981456
v 0.150459 -0.259382 0.960000
v 0.152316 -0.259382 0.961856
v 0.150459 -0.261239 0.961856
v 0.151772 -0.259382 0.960544
v 0.151531 -0.260454 0.960785
v 0.151772 -0.260695 0.961856
v 0.150459 -0.260695 0.960544
v 0.150459 -0.259382 0.982000
v 0.150459 -0.261239 0.980144
v 0.152316 -0.259382 0.980144
v 0.150459 -0.260695 0.981456
v 0.151531 -0.260454 0.981215
v 0.151772 -0.260695 0.980144
v 0.151772 -0.259382 0.981456
v 0.150459 0.016835 0.960000
v 0.150459 0.018691 0.961856
v 0.152316 0.016835 0.961856
v 0.150459 0.018147 0.960544
v 0.151531 0.017906 0.960785
v 0.151772 0.018147 0.961856
v 0.151772 0.016835 0.960544
v 0.150459 0.016835 0.982000
v 0.152316 0.016835 0.980144
v 0.150459 0.018691 0.980144
v 0.151772 0.016835 0.981456
v 0.151531 0.017906 0.981215
v 0.151772 0.018147 0.980144
v 0.150459 0.018147 0.981456
v 0.154172 -0.259382 0.960000
v 0.154172 -0.261239 0.961856
v 0.152316 -0.259382 0.961856
v 0.154172 -0.260695 0.960544
v 0.153100 -0.260454 0.960785
v 0.152860 -0.260695 0.961856
v 0.152860 -0.259382 0.960544
v 0.154172 -0.261239 0.980144
v 0.154172 -0.259382 0.982000
v 0.152316 -0.259382 0.980144
v 0.154172 -0.260695 0.981456
v 0.153100 -0.260454 0.981215
v 0.152860 -0.259382 0.981456
v 0.152860 -0.260695 0.980144
v 0.154172 -0.247625 0.960000
v 0.152316 -0.247625 0.961856
v 0.154172 -0.245769 0.961856
v 0.152860 -0.247625 0.960544
v 0.153100 -0.246553 0.960785
v 0.152860 -0.246312 0.961856
v 0.154172 -0.246312 0.960544
v 0.154172 -0.247625 0.982000
v 0.154172 -0.245769 0.980144
v 0.152316 -0.247625 0.980144
v 0.154172 -0.246312 0.981456
v 0.153100 -0.246553 0.981215
v 0.152860 -0.246312 0.980144
v 0.152860 -0.247625 0.981456
v 0.377268 -0.259382 0.960000
v 0.379124 -0.259382 0.961856
v 0.377268 -0.261239 0.961856
v 0.378581 -0.259382 0.960544
v 0.378340 -0.260454 0.960785
v 0.378581 -0.260695 0.961856
v 0.377268 -0.260695 0.960544
v 0.377268 -0.259382 0.982000
v 0.377268 -0.261239 0.980144
v 0.379124 -0.259382 0.980144
v 0.377268 -0.260695 0.981456
v 0.378340 -0.260454 0.981215
v 0.378581 -0.260695 0.980144
v 0.378581 -0.259382 0.981456
v 0.377268 -0.247625 0.960000
v 0.377268 -0.245769 0.961856
v 0.379124 -0.247625 0.961856
v 0.377268 -0.246312 0.960544
v 0.378340 -0.246553 0.960785
v 0.378581 -0.246312 0.961856
v 0.378581 -0.247625 0.960544
v 0.377268 -0.247625 0.982000
v 0.379124 -0.247625 0.980144
v 0.377268 -0.245769 0.980144
v 0.378581 -0.247625 0.981456
v 0.378340 -0.246553 0.981215
v 0.378581 -0.246312 0.980144
v 0.377268 -0.246312 0.981456
v 0.219842 -0.118746 0.965940
v 0.219842 -0.117948 0.966738
v 0.220641 -0.118746 0.966738
v 0.219842 -0.118182 0.966174
v 0.220303 -0.118285 0.966277
v 0.220407 -0.118182 0.966738
v 0.220407 -0.118746 0.966174
v 0.219842 -0.117948 0.981202
v 0.219842 -0.118746 0.982000
v 0.220641 -0.118746 0.981202
v 0.219842 -0.118182 0.981766
v 0.220303 -0.118285 0.981663
v 0.220407 -0.118746 0.981766
v 0.220407 -0.118182 0.981202
v 0.219842 -0.123802 0.965940
v 0.220641 -0.123802 0.966738
v 0.219842 -0.124600 0.966738
v 0.220407 -0.123802 0.966174
v 0.220303 -0.124263 0.966277
v 0.220407 -0.124366 0.966738
v 0.219842 -0.124366 0.966174
v 0.219842 -0.123802 0.982000
v 0.219842 -0.124600 0.981202
v 0.220641 -0.123802 0.981202
v 0.219842 -0.124366 0.981766
v 0.220303 -0.124263 0.981663
v 0.220407 -0.124366 0.981202
v 0.220407 -0.123802 0.981766
v 0.145379 -0.118746 0.965940
v 0.144581 -0.118746 0.966738
v 0.145379 -0.117948 0.966738
v 0.144815 -0.118746 0.966174
v 0.144918 -0.118285 0.966277
v 0.144815 -0.118182 0.966738
v 0.145379 -0.118182 0.966174
v 0.145379 -0.118746 0.982000
v 0.145379 -0.117948 0.981202
v 0.144581 -0.118746 0.981202
v 0.145379 -0.118182 0.981766
v 0.144918 -0.118285 0.981663
v 0.144815 -0.118182 0.981202
v 0.144815 -0.118746 0.981766
v 0.145379 -0.123802 0.965940
v 0.145379 -0.124600 0.966738
v 0.144581 -0.123802 0.966738
v 0.145379 -0.124366 0.966174
v 0.144918 -0.124263 0.966277
v 0.144815 -0.124366 0.966738
v 0.144815 -0.123802 0.966174
v 0.145379 -0.123802 0.982000
v 0.144581 -0.123802 0.981202
v 0.145379 -0.124600 0.981202
v 0.144815 -0.123802 0.981766
v 0.144918 -0.124263 0.981663
v 0.144815 -0.124366 0.981202
v 0.145379 -0.124366 0.981766
v 0.263192 -0.167152 0.965940
v 0.262394 -0.167152 0.966738
v 0.263192 -0.166353 0.966738
v 0.262628 -0.167152 0.966174
v 0.262731 -0.166691 0.966277
v 0.262628 -0.166587 0.966738
v 0.263192 -0.166587 0.966174
v 0.262394 -0.167152 0.981202
v 0.263192 -0.167152 0.982000
v 0.263192 -0.166353 0.981202
v 0.262628 -0.167152 0.981766
v 0.262731 -0.166691 0.981663
v 0.263192 -0.166587 0.981766
v 0.262628 -0.166587 0.981202
v 0.268248 -0.167152 0.965940
v 0.268248 -0.166353 0.966738
v 0.269046 -0.167152 0.966738
v 0.268248 -0.166587 0.966174
v 0.268709 -0.166691 0.966277
v 0.268812 -0.166587 0.966738
v 0.268812 -0.167152 0.966174
v 0.268248 -0.167152 0.982000
v 0.269046 -0.167152 0.981202
v 0.268248 -0.166353 0.981202
v 0.268812 -0.167152 0.981766
v 0.268709 -0.166691 0.981663
v 0.268812 -0.166587 0.981202
v 0.268248 -0.166587 0.981766
v 0.263192 -0.252705 0.965940
v 0.263192 -0.253504 0.966738
v 0.262394 -0.252705 0.966738
v 0.263192 -0.253270 0.966174
v 0.262731 -0.253166 0.966277
v 0.262628 -0.253270 0.966738
v 0.262628 -0.252705 0.966174
v 0.263192 -0.252705 0.982000
v 0.262394 -0.252705 0.981202
v 0.263192 -0.253504 0.981202
v 0.262628 -0.252705 0.981766
v 0.262731 -0.253166 0.981663
v 0.262628 -0.253270 0.981202
v 0.263192 -0.253270 0.981766
v 0.268248 -0.252705 0.965940
v 0.269046 -0.252705 0.966738
v 0.268248 -0.253504 0.966738
v 0.268812 -0.252705 0.966174
v 0.268709 -0.253166 0.966277
v 0.268812 -0.253270 0.966738
v 0.268248 -0.253270 0.966174
v 0.268248 -0.252705 0.982000
v 0.268248 -0.253504 0.981202
v 0.269046 -0.252705 0.981202
v 0.268248 -0.253270 0.981766
v 0.268709 -0.253166 0.981663
v 0.268812 -0.253270 0.981202
v 0.268812 -0.252705 0.981766
v 0.231444 -0.152023 0.965940
v 0.230858 -0.151482 0.966738
v 0.231986 -0.151436 0.966738
v 0.231029 -0.151641 0.966174
v 0.231418 -0.151372 0.966277
v 0.231412 -0.151226 0.966738
v 0.231827 -0.151608 0.966174
v 0.230858 -0.151482 0.981202
v 0.231444 -0.152023 0.982000
v 0.231986 -0.151436 0.981202
v 0.231029 -0.151641 0.981766
v 0.231418 -0.151372 0.981663
v 0.231827 -0.151608 0.981766
v 0.231412 -0.151226 0.981202
v 0.235162 -0.155450 0.965940
v 0.235703 -0.154863 0.966738
v 0.235748 -0.155991 0.966738
v 0.235544 -0.155035 0.966174
v 0.235813 -0.155424 0.966277
v 0.235959 -0.155418 0.966738
v 0.235577 -0.155833 0.966174
v 0.235162 -0.155450 0.982000
v 0.235748 -0.155991 0.981202
v 0.235703 -0.154863 0.981202
v 0.235577 -0.155833 0.981766
v 0.235813 -0.155424 0.981663
v 0.235959 -0.155418 0.981202
v 0.235544 -0.155035 0.981766
v 0.189655 -0.197354 0.965940
v 0.189114 -0.197941 0.966738
v 0.189069 -0.196813 0.966738
v 0.189273 -0.197769 0.966174
v 0.189004 -0.197380 0.966277
v 0.188858 -0.197386 0.966738
v 0.189240 -0.196971 0.966174
v 0.189655 -0.197354 0.982000
v 0.189069 -0.196813 0.981202
v 0.189114 -0.197941 0.981202
v 0.189240 -0.196971 0.981766
v 0.189004 -0.197380 0.981663
v 0.188858 -0.197386 0.981202
v 0.189273 -0.197769 0.981766
v 0.193373 -0.200781 0.965940
v 0.193959 -0.201322 0.966738
v 0.192832 -0.201367 0.966738
v 0.193788 -0.201163 0.966174
v 0.193399 -0.201432 0.966277
v 0.193405 -0.201578 0.966738
v 0.192990 -0.201196 0.966174
v 0.193373 -0.200781 0.982000
v 0.192832 -0.201367 0.981202
v 0.193959 -0.201322 0.981202
v 0.192990 -0.201196 0.981766
v 0.193399 -0.201432 0.981663
v 0.193405 -0.201578 0.981202
v 0.193788 -0.201163 0.981766
v 0.190024 -0.197179 0.965940
v 0.189976 -0.196382 0.966738
v 0.190821 -0.197131 0.966738
v 0.189990 -0.196616 0.966174
v 0.190456 -0.196691 0.966277
v 0.190553 -0.196582 0.966738
v 0.190587 -0.197145 0.966174
v 0.189976 -0.196382 0.981202
v 0.190024 -0.197179 0.982000
v 0.190821 -0.197131 0.981202
v 0.189990 -0.196616 0.981766
v 0.190456 -0.196691 0.981663
v 0.190587 -0.197145 0.981766
v 0.190553 -0.196582 0.981202
v 0.190328 -0.202225 0.965940
v 0.191125 -0.202177 0.966738
v 0.190376 -0.203022 0.966738
v 0.190892 -0.202191 0.966174
v 0.190816 -0.202658 0.966277
v 0.190926 -0.202755 0.966738
v 0.190362 -0.202789 0.966174
v 0.190328 -0.202225 0.982000
v 0.190376 -0.203022 0.981202
v 0.191125 -0.202177 0.981202
v 0.190362 -0.202789 0.981766
v 0.190816 -0.202658 0.981663
v 0.190926 -0.202755 0.981202
v 0.190892 -0.202191 0.981766
v 0.145225 -0.199882 0.965940
v 0.144429 -0.199930 0.966738
v 0.145177 -0.199085 0.966738
v 0.144662 -0.199916 0.966174
v 0.144738 -0.199450 0.966277
v 0.144628 -0.199353 0.966738
v 0.145191 -0.199319 0.966174
v 0.145225 -0.199882 0.982000
v 0.145177 -0.199085 0.981202
v 0.144429 -0.199930 0.981202
v 0.145191 -0.199319 0.981766
v 0.144738 -0.199450 0.981663
v 0.144628 -0.199353 0.981202
v 0.144662 -0.199916 0.981766
v 0.145530 -0.204929 0.965940
v 0.145578 -0.205725 0.966738
v 0.144733 -0.204977 0.966738
v 0.145564 -0.205492 0.966174
v 0.145098 -0.205416 0.966277
v 0.145000 -0.205526 0.966738
v 0.144966 -0.204963 0.966174
v 0.145530 -0.204929 0.982000
v 0.144733 -0.204977 0.981202
v 0.145578 -0.205725 0.981202
v 0.144966 -0.204963 0.981766
v 0.145098 -0.205416 0.981663
v 0.145000 -0.205526 0.981202
v 0.145564 -0.205492 0.981766
v 0.235162 -0.087098 0.965940
v 0.235748 -0.086557 0.966738
v 0.235703 -0.087685 0.966738
v 0.235577 -0.086715 0.966174
v 0.235813 -0.087124 0.966277
v 0.235959 -0.087130 0.966738
v 0.235544 -0.087513 0.966174
v 0.235748 -0.086557 0.981202
v 0.235162 -0.087098 0.982000
v 0.235703 -0.087685 0.981202
v 0.235577 -0.086715 0.981766
v 0.235813 -0.087124 0.981663
v 0.235544 -0.087513 0.981766
v 0.235959 -0.087130 0.981202
v 0.231444 -0.090524 0.965940
v 0.231986 -0.091111 0.966738
v 0.230858 -0.091065 0.966738
v 0.231827 -0.090939 0.966174
v 0.231418 -0.091176 0.966277
v 0.231412 -0.091322 0.966738
v 0.231029 -0.090907 0.966174
v 0.231444 -0.090524 0.982000
v 0.230858 -0.091065 0.981202
v 0.231986 -0.091111 0.981202
v 0.231029 -0.090907 0.981766
v 0.231418 -0.091176 0.981663
v 0.231412 -0.091322 0.981202
v 0.231827 -0.090939 0.981766
v 0.193373 -0.041767 0.965940
v 0.192832 -0.041180 0.966738
v 0.193959 -0.041226 0.966738
v 0.192990 -0.041352 0.966174
v 0.193399 -0.041116 0.966277
v 0.193405 -0.040970 0.966738
v 0.193788 -0.041385 0.966174
v 0.193373 -0.041767 0.982000
v 0.193959 -0.041226 0.981202
v 0.192832 -0.041180 0.981202
v 0.193788 -0.041385 0.981766
v 0.193399 -0.041116 0.981663
v 0.193405 -0.040970 0.981202
v 0.192990 -0.041352 0.981766
v 0.189655 -0.045194 0.965940
v 0.189069 -0.045735 0.966738
v 0.189114 -0.044607 0.966738
v 0.189240 -0.045576 0.966174
v 0.189004 -0.045167 0.966277
v 0.188858 -0.045161 0.966738
v 0.189273 -0.044779 0.966174
v 0.189655 -0.045194 0.982000
v 0.189114 -0.044607 0.981202
v 0.189069 -0.045735 0.981202
v 0.189273 -0.044779 0.981766
v 0.189004 -0.045167 0.981663
v 0.188858 -0.045161 0.981202
v 0.189240 -0.045576 0.981766
v 0.190328 -0.040322 0.965940
v 0.190376 -0.039525 0.966738
v 0.191125 -0.040370 0.966738
v 0.190362 -0.039759 0.966174
v 0.190816 -0.039890 0.966277
v 0.190926 -0.039793 0.966738
v 0.190892 -0.040356 0.966174
v 0.190376 -0.039525 0.981202
v 0.190328 -0.040322 0.982000
v 0.191125 -0.040370 0.981202
v 0.190362 -0.039759 0.981766
v 0.190816 -0.039890 0.981663
v 0.190892 -0.040356 0.981766
v 0.190926 -0.039793 0.981202
v 0.190024 -0.045369 0.965940
v 0.190821 -0.045417 0.966738
v 0.189976 -0.046165 0.966738
v 0.190587 -0.045403 0.966174
v 0.190456 -0.045856 0.966277
v 0.190553 -0.045966 0.966738
v 0.189990 -0.045932 0.966174
v 0.190024 -0.045369 0.982000
v 0.189976 -0.046165 0.981202
v 0.190821 -0.045417 0.981202
v 0.189990 -0.045932 0.981766
v 0.190456 -0.045856 0.981663
v 0.190553 -0.045966 0.981202
v 0.190587 -0.045403 0.981766
v 0.145530 -0.037619 0.965940
v 0.144733 -0.037571 0.966738
v 0.145578 -0.036822 0.966738
v 0.144966 -0.037585 0.966174
v 0.145098 -0.037131 0.966277
v 0.145000 -0.037022 0.966738
v 0.145564 -0.037056 0.966174
v 0.145530 -0.037619 0.982000
v 0.145578 -0.036822 0.981202
v 0.144733 -0.037571 0.981202
v 0.145564 -0.037056 0.981766
v 0.145098 -0.037131 0.981663
v 0.145000 -0.037022 0.981202
v 0.144966 -0.037585 0.981766
v 0.145225 -0.042666 0.965940
v 0.145177 -0.043462 0.966738
v 0.144429 -0.042617 0.966738
v 0.145191 -0.043229 0.966174
v 0.144738 -0.043098 0.966277
v 0.144628 -0.043195 0.966738
v 0.144662 -0.042632 0.966174
v 0.145225 -0.042666 0.982000
v 0.144429 -0.042617 0.981202
v 0.145177 -0.043462 0.981202
v 0.144662 -0.042632 0.981766
v 0.144738 -0.043098 0.981663
v 0.144628 -0.043195 0.981202
v 0.145191 -0.043229 0.981766
v 0.380981 -0.259382 0.960000
v 0.380981 -0.261239 0.961856
v 0.379124 -0.259382 0.961856
v 0.380981 -0.260695 0.960544
v 0.379909 -0.260454 0.960785
v 0.379668 -0.260695 0.961856
v 0.379668 -0.259382 0.960544
v 0.380981 -0.261239 0.980144
v 0.380981 -0.259382 0.982000
v 0.379124 -0.259382 0.980144
v 0.380981 -0.260695 0.981456
v 0.379909 -0.260454 0.981215
v 0.379668 -0.259382 0.981456
v 0.379668 -0.260695 0.980144
v 0.380981 0.016835 0.960000
v 0.379124 0.016835 0.961856
v 0.380981 0.018691 0.961856
v 0.379668 0.016835 0.960544
v 0.379909 0.017906 0.960785
v 0.379668 0.018147 0.961856
v 0.380981 0.018147 0.960544
v 0.380981 0.016835 0.982000
v 0.380981 0.018691 0.980144
v 0.379124 0.016835 0.980144
v 0.380981 0.018147 0.981456
v 0.379909 0.017906 0.981215
v 0.379668 0.018147 0.980144
v 0.379668 0.016835 0.981456
v 0.392738 -0.259382 0.960000
v 0.394594 -0.259382 0.961856
v 0.392738 -0.261239 0.961856
v 0.394050 -0.259382 0.960544
v 0.393810 -0.260454 0.960785
v 0.394050 -0.260695 0.961856
v 0.392738 -0.260695 0.960544
v 0.392738 -0.259382 0.982000
v 0.392738 -0.261239 0.980144
v 0.394594 -0.259382 0.980144
v 0.392738 -0.260695 0.981456
v 0.393810 -0.260454 0.981215
v 0.394050 -0.260695 0.980144
v 0.394050 -0.259382 0.981456
v 0.392738 0.016835 0.960000
v 0.392738 0.018691 0.961856
v 0.394594 0.016835 0.961856
v 0.392738 0.018147 0.960544
v 0.393810 0.017906 0.960785
v 0.394050 0.018147 0.961856
v 0.394050 0.016835 0.960544
v 0.392738 0.016835 0.982000
v 0.394594 0.016835 0.980144
v 0.392738 0.018691 0.980144
v 0.394050 0.016835 0.981456
v 0.393810 0.017906 0.981215
v 0.394050 0.018147 0.980144
v 0.392738 0.018147 0.981456
v 0.154172 0.005077 0.960000
v 0.154172 0.003221 0.961856
v 0.152316 0.005077 0.961856
v 0.154172 0.003765 0.960544
v 0.153100 0.004006 0.960785
v 0.152860 0.003765 0.961856
v 0.152860 0.005077 0.960544
v 0.154172 0.003221 0.980144
v 0.154172 0.005077 0.982000
v 0.152316 0.005077 0.980144
v 0.154172 0.003765 0.981456
v 0.153100 0.004006 0.981215
v 0.152860 0.005077 0.981456
v 0.152860 0.003765 0.980144
v 0.154172 0.016835 0.960000
v 0.152316 0.016835 0.961856
v 0.154172 0.018691 0.961856
v 0.152860 0.016835 0.960544
v 0.153100 0.017906 0.960785
v 0.152860 0.018147 0.961856
v 0.154172 0.018147 0.960544
v 0.154172 0.016835 0.982000
v 0.154172 0.018691 0.980144
v 0.152316 0.016835 0.980144
v 0.154172 0.018147 0.981456
v 0.153100 0.017906 0.981215
v 0.152860 0.018147 0.980144
v 0.152860 0.016835 0.981456
v 0.377268 0.005077 0.960000
v 0.379124 0.005077 0.961856
v 0.377268 0.003221 0.961856
v 0.378581 0.005077 0.960544
v 0.378340 0.004006 0.960785
v 0.378581 0.003765 0.961856
v 0.377268 0.003765 0.960544
v 0.377268 0.005077 0.982000
v 0.377268 0.003221 0.980144
v 0.379124 0.005077 0.980144
v 0.377268 0.003765 0.981456
v 0.378340 0.004006 0.981215
v 0.378581 0.003765 0.980144
v 0.378581 0.005077 0.981456
v 0.377268 0.016835 0.960000
v 0.377268 0.018691 0.961856
v 0.379124 0.016835 0.961856
v 0.377268 0.018147 0.960544
v 0.378340 0.017906 0.960785
v 0.378581 0.018147 0.961856
v 0.378581 0.016835 0.960544
v 0.377268 0.016835 0.982000
v 0.379124 0.016835 0.980144
v 0.377268 0.018691 0.980144
v 0.378581 0.016835 0.981456
v 0.378340 0.017906 0.981215
v 0.378581 0.018147 0.980144
v 0.377268 0.018147 0.981456
v 0.311598 -0.123802 0.965940
v 0.311598 -0.124600 0.966738
v 0.310799 -0.123802 0.966738
v 0.311598 -0.124366 0.966174
v 0.311137 -0.124263 0.966277
v 0.311033 -0.124366 0.966738
v 0.311033 -0.123802 0.966174
v 0.311598 -0.124600 0.981202
v 0.311598 -0.123802 0.982000
v 0.310799 -0.123802 0.981202
v 0.311598 -0.124366 0.981766
v 0.311137 -0.124263 0.981663
v 0.311033 -0.123802 0.981766
v 0.311033 -0.124366 0.981202
v 0.311598 -0.118746 0.965940
v 0.310799 -0.118746 0.966738
v 0.311598 -0.117948 0.966738
v 0.311033 -0.118746 0.966174
v 0.311137 -0.118285 0.966277
v 0.311033 -0.118182 0.966738
v 0.311598 -0.118182 0.966174
v 0.311598 -0.118746 0.982000
v 0.311598 -0.117948 0.981202
v 0.310799 -0.118746 0.981202
v 0.311598 -0.118182 0.981766
v 0.311137 -0.118285 0.981663
v 0.311033 -0.118182 0.981202
v 0.311033 -0.118746 0.981766
v 0.386061 -0.123802 0.965940
v 0.386859 -0.123802 0.966738
v 0.386061 -0.124600 0.966738
v 0.386625 -0.123802 0.966174
v 0.386522 -0.124263 0.966277
v 0.386625 -0.124366 0.966738
v 0.386061 -0.124366 0.966174
v 0.386061 -0.123802 0.982000
v 0.386061 -0.124600 0.981202
v 0.386859 -0.123802 0.981202
v 0.386061 -0.124366 0.981766
v 0.386522 -0.124263 0.981663
v 0.386625 -0.124366 0.981202
v 0.386625 -0.123802 0.981766
v 0.386061 -0.118746 0.965940
v 0.386061 -0.117948 0.966738
v 0.386859 -0.118746 0.966738
v 0.386061 -0.118182 0.966174
v 0.386522 -0.118285 0.966277
v 0.386625 -0.118182 0.966738
v 0.386625 -0.118746 0.966174
v 0.386061 -0.118746 0.982000
v 0.386859 -0.118746 0.981202
v 0.386061 -0.117948 0.981202
v 0.386625 -0.118746 0.981766
v 0.386522 -0.118285 0.981663
v 0.386625 -0.118182 0.981202
v 0.386061 -0.118182 0.981766
v 0.268248 -0.075396 0.965940
v 0.269046 -0.075396 0.966738
v 0.268248 -0.076194 0.966738
v 0.268812 -0.075396 0.966174
v 0.268709 -0.075857 0.966277
v 0.268812 -0.075961 0.966738
v 0.268248 -0.075961 0.966174
v 0.269046 -0.075396 0.981202
v 0.268248 -0.075396 0.982000
v 0.268248 -0.076194 0.981202
v 0.268812 -0.075396 0.981766
v 0.268709 -0.075857 0.981663
v 0.268248 -0.075961 0.981766
v 0.268812 -0.075961 0.981202
v 0.263192 -0.075396 0.965940
v 0.263192 -0.076194 0.966738
v 0.262394 -0.075396 0.966738
v 0.263192 -0.075961 0.966174
v 0.262731 -0.075857 0.966277
v 0.262628 -0.075961 0.966738
v 0.262628 -0.075396 0.966174
v 0.263192 -0.075396 0.982000
v 0.262394 -0.075396 0.981202
v 0.263192 -0.076194 0.981202
v 0.262628 -0.075396 0.981766
v 0.262731 -0.075857 0.981663
v 0.262628 -0.075961 0.981202
v 0.263192 -0.075961 0.981766
v 0.268248 0.010158 0.965940
v 0.268248 0.010956 0.966738
v 0.269046 0.010158 0.966738
v 0.268248 0.010722 0.966174
v 0.268709 0.010619 0.966277
v 0.268812 0.010722 0.966738
v 0.268812 0.010158 0.966174
v 0.268248 0.010158 0.982000
v 0.269046 0.010158 0.981202
v 0.268248 0.010956 0.981202
v 0.268812 0.010158 0.981766
v 0.268709 0.010619 0.981663
v 0.268812 0.010722 0.981202
v 0.268248 0.010722 0.981766
v 0.263192 0.010158 0.965940
v 0.262394 0.010158 0.966738
v 0.263192 0.010956 0.966738
v 0.262628 0.010158 0.966174
v 0.262731 0.010619 0.966277
v 0.262628 0.010722 0.966738
v 0.263192 0.010722 0.966174
v 0.263192 0.010158 0.982000
v 0.263192 0.010956 0.981202
v 0.262394 0.010158 0.981202
v 0.263192 0.010722 0.981766
v 0.262731 0.010619 0.981663
v 0.262628 0.010722 0.981202
v 0.262628 0.010158 0.981766
v 0.296278 -0.155450 0.965940
v 0.295692 -0.155991 0.966738
v 0.295737 -0.154863 0.966738
v 0.295863 -0.155833 0.966174
v 0.295627 -0.155424 0.966277
v 0.295481 -0.155418 0.966738
v 0.295896 -0.155035 0.966174
v 0.295692 -0.155991 0.981202
v 0.296278 -0.155450 0.982000
v 0.295737 -0.154863 0.981202
v 0.295863 -0.155833 0.981766
v 0.295627 -0.155424 0.981663
v 0.295896 -0.155035 0.981766
v 0.295481 -0.155418 0.981202
v 0.299996 -0.152023 0.965940
v 0.299455 -0.151436 0.966738
v 0.300582 -0.151482 0.966738
v 0.299613 -0.151608 0.966174
v 0.300022 -0.151372 0.966277
v 0.300028 -0.151226 0.966738
v 0.300411 -0.151641 0.966174
v 0.299996 -0.152023 0.982000
v 0.300582 -0.151482 0.981202
v 0.299455 -0.151436 0.981202
v 0.300411 -0.151641 0.981766
v 0.300022 -0.151372 0.981663
v 0.300028 -0.151226 0.981202
v 0.299613 -0.151608 0.981766
v 0.338067 -0.200781 0.965940
v 0.338609 -0.201367 0.966738
v 0.337481 -0.201322 0.966738
v 0.338450 -0.201196 0.966174
v 0.338041 -0.201432 0.966277
v 0.338035 -0.201578 0.966738
v 0.337652 -0.201163 0.966174
v 0.338067 -0.200781 0.982000
v 0.337481 -0.201322 0.981202
v 0.338609 -0.201367 0.981202
v 0.337652 -0.201163 0.981766
v 0.338041 -0.201432 0.981663
v 0.338035 -0.201578 0.981202
v 0.338450 -0.201196 0.981766
v 0.341785 -0.197354 0.965940
v 0.342371 -0.196813 0.966738
v 0.342326 -0.197941 0.966738
v 0.342200 -0.196971 0.966174
v 0.342436 -0.197380 0.966277
v 0.342582 -0.197386 0.966738
v 0.342167 -0.197769 0.966174
v 0.341785 -0.197354 0.982000
v 0.342326 -0.197941 0.981202
v 0.342371 -0.196813 0.981202
v 0.342167 -0.197769 0.981766
v 0.342436 -0.197380 0.981663
v 0.342582 -0.197386 0.981202
v 0.342200 -0.196971 0.981766
v 0.341112 -0.202225 0.965940
v 0.341063 -0.203022 0.966738
v 0.340315 -0.202177 0.966738
v 0.341078 -0.202789 0.966174
v 0.340624 -0.202658 0.966277
v 0.340514 -0.202755 0.966738
v 0.340548 -0.202191 0.966174
v 0.341063 -0.203022 0.981202
v 0.341112 -0.202225 0.982000
v 0.340315 -0.202177 0.981202
v 0.341078 -0.202789 0.981766
v 0.340624 -0.202658 0.981663
v 0.340548 -0.202191 0.981766
v 0.340514 -0.202755 0.981202
v 0.341416 -0.197179 0.965940
v 0.340619 -0.197131 0.966738
v 0.341464 -0.196382 0.966738
v 0.340853 -0.197145 0.966174
v 0.340984 -0.196691 0.966277
v 0.340887 -0.196582 0.966738
v 0.341450 -0.196616 0.966174
v 0.341416 -0.197179 0.982000
v 0.341464 -0.196382 0.981202
v 0.340619 -0.197131 0.981202
v 0.341450 -0.196616 0.981766
v 0.340984 -0.196691 0.981663
v 0.340887 -0.196582 0.981202
v 0.340853 -0.197145 0.981766
v 0.385910 -0.204929 0.965940
v 0.386707 -0.204977 0.966738
v 0.385862 -0.205725 0.966738
v 0.386474 -0.204963 0.966174
v 0.386342 -0.205416 0.966277
v 0.386440 -0.205526 0.966738
v 0.385876 -0.205492 0.966174
v 0.385910 -0.204929 0.982000
v 0.385862 -0.205725 0.981202
v 0.386707 -0.204977 0.981202
v 0.385876 -0.205492 0.981766
v 0.386342 -0.205416 0.981663
v 0.386440 -0.205526 0.981202
v 0.386474 -0.204963 0.981766
v 0.386215 -0.199882 0.965940
v 0.386263 -0.199085 0.966738
v 0.387011 -0.199930 0.966738
v 0.386249 -0.199319 0.966174
v 0.386702 -0.199450 0.966277
v 0.386812 -0.199353 0.966738
v 0.386778 -0.199916 0.966174
v 0.386215 -0.199882 0.982000
v 0.387011 -0.199930 0.981202
v 0.386263 -0.199085 0.981202
v 0.386778 -0.199916 0.981766
v 0.386702 -0.199450 0.981663
v 0.386812 -0.199353 0.981202
v 0.386249 -0.199319 0.981766
v 0.299996 -0.090524 0.965940
v 0.300582 -0.091065 0.966738
v 0.299455 -0.091111 0.966738
v 0.300411 -0.090907 0.966174
v 0.300022 -0.091176 0.966277
v 0.300028 -0.091322 0.966738
v 0.299613 -0.090939 0.966174
v 0.300582 -0.091065 0.981202
v 0.299996 -0.090524 0.982000
v 0.299455 -0.091111 0.981202
v 0.300411 -0.090907 0.981766
v 0.300022 -0.091176 0.981663
v 0.299613 -0.090939 0.981766
v 0.300028 -0.091322 0.981202
v 0.296278 -0.087098 0.965940
v 0.295737 -0.087685 0.966738
v 0.295692 -0.086557 0.966738
v 0.295896 -0.087513 0.966174
v 0.295627 -0.087124 0.966277
v 0.295481 -0.087130 0.966738
v 0.295863 -0.086715 0.966174
v 0.296278 -0.087098 0.982000
v 0.295692 -0.086557 0.981202
v 0.295737 -0.087685 0.981202
v 0.295863 -0.086715 0.981766
v 0.295627 -0.087124 0.981663
v 0.295481 -0.087130 0.981202
v 0.295896 -0.087513 0.981766
v 0.341785 -0.045194 0.965940
v 0.342326 -0.044607 0.966738
v 0.342371 -0.045735 0.966738
v 0.342167 -0.044779 0.966174
v 0.342436 -0.045167 0.966277
v 0.342582 -0.045161 0.966738
v 0.342200 -0.045576 0.966174
v 0.341785 -0.045194 0.982000
v 0.342371 -0.045735 0.981202
v 0.342326 -0.044607 0.981202
v 0.342200 -0.045576 0.981766
v 0.342436 -0.045167 0.981663
v 0.342582 -0.045161 0.981202
v 0.342167 -0.044779 0.981766
v 0.338067 -0.041767 0.965940
v 0.337481 -0.041226 0.966738
v 0.338609 -0.041180 0.966738
v 0.337652 -0.041385 0.966174
v 0.338041 -0.041116 0.966277
v 0.338035 -0.040970 0.966738
v 0.338450 -0.041352 0.966174
v 0.338067 -0.041767 0.982000
v 0.338609 -0.041180 0.981202
v 0.337481 -0.041226 0.981202
v 0.338450 -0.041352 0.981766
v 0.338041 -0.041116 0.981663
v 0.338035 -0.040970 0.981202
v 0.337652 -0.041385 0.981766
v 0.341416 -0.045369 0.965940
v 0.341464 -0.046165 0.966738
v 0.340619 -0.045417 0.966738
v 0.341450 -0.045932 0.966174
v 0.340984 -0.045856 0.966277
v 0.340887 -0.045966 0.966738
v 0.340853 -0.045403 0.966174
v 0.341464 -0.046165 0.981202
v 0.341416 -0.045369 0.982000
v 0.340619 -0.045417 0.981202
v 0.341450 -0.045932 0.981766
v 0.340984 -0.045856 0.981663
v 0.340853 -0.045403 0.981766
v 0.340887 -0.045966 0.981202
v 0.341112 -0.040322 0.965940
v 0.340315 -0.040370 0.966738
v 0.341063 -0.039525 0.966738
v 0.340548 -0.040356 0.966174
v 0.340624 -0.039890 0.966277
v 0.340514 -0.039793 0.966738
v 0.341078 -0.039759 0.966174
v 0.341112 -0.040322 0.982000
v 0.341063 -0.039525 0.981202
v 0.340315 -0.040370 0.981202
v 0.341078 -0.039759 0.981766
v 0.340624 -0.039890 0.981663
v 0.340514 -0.039793 0.981202
v 0.340548 -0.040356 0.981766
v 0.386215 -0.042666 0.965940
v 0.387011 -0.042617 0.966738
v 0.386263 -0.043462 0.966738
v 0.386778 -0.042632 0.966174
v 0.386702 -0.043098 0.966277
v 0.386812 -0.043195 0.966738
v 0.386249 -0.043229 0.966174
v 0.386215 -0.042666 0.982000
v 0.386263 -0.043462 0.981202
v 0.387011 -0.042617 0.981202
v 0.386249 -0.043229 0.981766
v 0.386702 -0.043098 0.981663
v 0.386812 -0.043195 0.981202
v 0.386778 -0.042632 0.981766
v 0.385910 -0.037619 0.965940
v 0.385862 -0.036822 0.966738
v 0.386707 -0.037571 0.966738
v 0.385876 -0.037056 0.966174
v 0.386342 -0.037131 0.966277
v 0.386440 -0.037022 0.966738
v 0.386474 -0.037585 0.966174
v 0.385910 -0.037619 0.982000
v 0.386707 -0.037571 0.981202
v 0.385862 -0.036822 0.981202
v 0.386474 -0.037585 0.981766
v 0.386342 -0.037131 0.981663
v 0.386440 -0.037022 0.981202
v 0.385876 -0.037056 0.981766
vn 0.0430 -0.1388 -0.9894
vn -0.5773 -0.5774 -0.5774
vn -0.7081 0.0214 -0.7057
vn -0.1773 -0.9837 0.0299
vn -0.1379 -0.5936 -0.7929
vn -0.9814 0.0565 -0.1836
vn -0.5857 -0.7989 -0.1370
vn 0.0275 -0.9871 0.1580
vn -0.5773 -0.5774 0.5773
vn -0.7082 -0.7060 -0.0032
vn -0.1940 0.0475 0.9799
vn -0.1378 -0.7929 0.5936
vn -0.9876 -0.1477 -0.0535
vn -0.5711 -0.1355 0.8096
vn -0.1940 -0.0475 -0.9799
vn -0.5773 0.5773 -0.5774
vn -0.0068 0.7081 -0.7061
vn -0.9876 0.1477 0.0535
vn -0.5711 0.1355 -0.8096
vn 0.0275 0.9871 -0.1580
vn -0.7989 0.5857 -0.1370
vn 0.0432 0.1388 0.9894
vn -0.5773 0.5774 0.5774
vn -0.7081 -0.0214 0.7057
vn -0.1773 0.9837 -0.0299
vn -0.1378 0.5926 0.7936
vn -0.9814 -0.0565 0.1836
vn -0.5857 0.7989 0.1370
vn 0.1940 0.0475 -0.9799
vn 0.5773 -0.5773 -0.5774
vn 0.0068 -0.7081 -0.7061
vn 0.9876 -0.1477 0.0538
vn 0.5723 -0.1357 -0.8088
vn -0.0275 -0.9871 -0.1580
vn 0.7989 -0.5857 -0.1370
vn -0.0430 -0.1388 0.9894
vn 0.5773 -0.5774 0.5773
vn 0.7082 0.0214 0.7057
vn 0.1773 -0.9837 -0.0299
vn 0.1379 -0.5936 0.7929
vn 0.9814 0.0564 0.1836
vn 0.5857 -0.7989 0.1370
vn -0.0429 0.1388 -0.9894
vn 0.5773 0.5774 -0.5774
vn 0.7082 -0.0236 -0.7057
vn 0.1773 0.9837 0.0299
vn 0.1379 0.5936 -0.7929
vn 0.9814 -0.0561 -0.1836
vn 0.5857 0.7989 -0.1370
vn 0.1940 -0.0474 0.9799
vn 0.5773 0.5774 0.5774
vn 0.0076 0.7081 0.7061
vn 0.9876 0.1477 -0.0535
vn 0.5711 0.1355 0.8096
vn -0.0275 0.9871 0.1580
vn 0.7989 0.5857 0.1370
vn 0.0471 -0.1936 -0.9799
vn -0.5773 -0.5773 -0.5774
vn -0.7081 -0.0068 -0.7061
vn -0.1480 -0.9875 0.0536
vn -0.1357 -0.5725 -0.8086
vn -0.9871 0.0275 -0.1580
vn -0.5857 -0.7989 -0.1371
vn 0.0561 -0.9815 0.1833
vn -0.5774 -0.5773 0.5774
vn -0.1391 0.0432 0.9893
vn -0.1357 -0.8086 0.5726
vn -0.9837 -0.1773 -0.0299
vn -0.5936 -0.1380 0.7928
vn -0.1390 -0.0432 -0.9893
vn 0.0195 0.7082 -0.7058
vn -0.9837 0.1773 0.0299
vn -0.5936 0.1379 -0.7929
vn 0.0561 0.9815 -0.1833
vn 0.0471 0.1936 0.9799
vn -0.5774 0.5773 0.5774
vn -0.7081 0.0068 0.7061
vn -0.1480 0.9875 -0.0536
vn -0.1356 0.5726 0.8086
vn -0.9870 -0.0275 0.1581
vn -0.5856 0.7989 0.1371
vn 0.1391 0.0429 -0.9894
vn -0.0233 -0.7081 -0.7057
vn 0.9837 -0.1773 0.0299
vn 0.5936 -0.1379 -0.7928
vn -0.0558 -0.9815 -0.1833
vn 0.7989 -0.5857 -0.1371
vn -0.0468 -0.1936 0.9800
vn 0.5773 -0.5773 0.5774
vn 0.7081 -0.0069 0.7061
vn 0.1480 -0.9875 -0.0533
vn 0.1354 -0.5695 0.8107
vn 0.9871 0.0275 0.1580
vn 0.5857 -0.7989 0.1371
vn -0.0468 0.1936 -0.9800
vn 0.5773 0.5773 -0.5774
vn 0.7081 0.0068 -0.7061
vn 0.1480 0.9875 0.0533
vn 0.1354 0.5695 -0.8107
vn 0.9871 -0.0275 -0.1580
vn 0.5857 0.7989 -0.1371
vn 0.1391 -0.0429 0.9893
vn -0.0233 0.7081 0.7057
vn 0.9837 0.1773 -0.0299
vn 0.5937 0.1379 0.7928
vn -0.0558 0.9815 0.1833
vn 0.7989 0.5857 0.1371
vn -0.0466 0.1932 -0.9801
vn 0.5774 0.5773 -0.5774
vn 0.1564 0.9857 0.0623
vn 0.1356 0.5718 -0.8091
vn 0.9882 -0.0349 -0.1490
vn 0.5788 0.8040 -0.1363
vn -0.0634 0.9828 0.1737
vn 0.5774 0.5773 0.5773
vn 0.7082 0.7059 -0.0118
vn 0.1396 -0.0424 0.9893
vn 0.1357 0.8091 0.5718
vn 0.9819 0.1852 -0.0383
vn 0.5936 0.1378 0.7929
vn 0.1396 0.0424 -0.9893
vn -0.0206 -0.7082 -0.7057
vn 0.9819 -0.1852 0.0383
vn 0.5936 -0.1378 -0.7928
vn -0.0634 -0.9827 -0.1737
vn 0.8040 -0.5787 -0.1364
vn -0.0466 -0.1932 0.9801
vn 0.5774 -0.5773 0.5774
vn 0.7081 -0.0068 0.7061
vn 0.1564 -0.9857 -0.0623
vn 0.1356 -0.5717 0.8092
vn 0.9882 0.0349 0.1490
vn 0.5787 -0.8040 0.1363
vn -0.1396 -0.0424 -0.9893
vn -0.5774 0.5773 -0.5774
vn 0.0206 0.7082 -0.7057
vn -0.9819 0.1852 0.0383
vn -0.5936 0.1378 -0.7928
vn 0.0634 0.9827 -0.1737
vn -0.8040 0.5787 -0.1363
vn 0.0466 0.1932 0.9801
vn -0.5774 0.5773 0.5773
vn -0.1564 0.9857 -0.0624
vn -0.1357 0.5717 0.8092
vn -0.9882 -0.0349 0.1490
vn -0.5787 0.8040 0.1363
vn 0.0466 -0.1932 -0.9801
vn -0.5774 -0.5773 -0.5774
vn -0.1564 -0.9857 0.0623
vn -0.1356 -0.5718 -0.8091
vn -0.9882 0.0349 -0.1490
vn -0.5788 -0.8040 -0.1363
vn -0.1396 0.0424 0.9893
vn -0.5774 -0.5773 0.5773
vn 0.0205 -0.7081 0.7058
vn -0.9819 -0.1852 -0.0383
vn -0.5936 -0.1379 0.7929
vn 0.0634 -0.9828 0.1737
vn -0.8040 -0.5788 0.1363
vn -0.1935 -0.0469 -0.9800
vn -0.0067 0.7081 -0.7061
vn -0.9858 0.1561 0.0625
vn -0.5716 0.1356 -0.8093
vn 0.0349 0.9882 -0.1490
vn -0.8040 0.5788 -0.1363
vn -0.9827 -0.0637 0.1740
vn -0.7059 0.7082 -0.0119
vn 0.0427 0.1393 0.9893
vn -0.8093 0.1355 0.5716
vn -0.1852 0.9819 -0.0383
vn -0.1379 0.5936 0.7929
vn -0.0427 0.1394 -0.9893
vn 0.7082 -0.0208 -0.7058
vn 0.1852 0.9819 0.0383
vn 0.1378 0.5936 -0.7929
vn 0.9827 -0.0637 -0.1740
vn 0.5787 0.8040 -0.1363
vn 0.1935 -0.0469 0.9800
vn 0.0068 0.7081 0.7061
vn 0.9858 0.1560 -0.0625
vn 0.5716 0.1356 0.8093
vn -0.0349 0.9882 0.1490
vn 0.8040 0.5787 0.1364
vn 0.0427 -0.1394 -0.9893
vn -0.7082 0.0208 -0.7058
vn -0.1852 -0.9819 0.0383
vn -0.1378 -0.5936 -0.7929
vn -0.9827 0.0637 -0.1740
vn -0.5787 -0.8040 -0.1364
vn -0.1935 0.0469 0.9800
vn -0.5773 -0.5773 0.5774
vn -0.0068 -0.7081 0.7061
vn -0.9858 -0.1561 -0.0625
vn -0.5716 -0.1356 0.8093
vn 0.0349 -0.9882 0.1490
vn -0.8040 -0.5787 0.1363
vn 0.1935 0.0469 -0.9800
vn 0.0067 -0.7081 -0.7061
vn 0.9858 -0.1561 0.0625
vn 0.5716 -0.1355 -0.8093
vn -0.0349 -0.9882 -0.1490
vn 0.8040 -0.5788 -0.1363
vn -0.0427 -0.1393 0.9893
vn 0.7081 0.0208 0.7058
vn 0.1853 -0.9819 -0.0383
vn 0.9827 0.0637 0.1740
vn 0.5787 -0.8040 0.1364
vn -0.1730 0.0968 -0.9802
vn -0.0331 0.8158 -0.5774
vn 0.4745 0.5258 -0.7060
vn -0.6184 0.7834 0.0620
vn -0.3288 0.4874 -0.8089
vn 0.6955 0.7029 -0.1490
vn -0.1989 0.9705 -0.1363
vn -0.7651 0.6201 0.1733
vn -0.0331 0.8158 0.5774
vn -0.0390 0.9992 -0.0118
vn 0.1260 0.0745 0.9892
vn -0.5038 0.6487 0.5704
vn 0.5294 0.8475 -0.0383
vn 0.3009 0.5299 0.7928
vn 0.0638 0.1317 -0.9892
vn 0.8158 0.0332 -0.5774
vn 0.5080 -0.4938 -0.7058
vn 0.8017 0.5964 0.0383
vn 0.5030 0.3424 -0.7936
vn 0.6799 -0.7125 -0.1733
vn 0.9705 0.1989 -0.1364
vn 0.1104 -0.1647 0.9801
vn 0.8158 0.0332 0.5773
vn 0.4850 0.5160 0.7061
vn 0.8310 -0.5528 -0.0624
vn 0.5135 -0.2887 0.8080
vn 0.6441 0.7503 0.1490
vn 0.9834 -0.1194 0.1363
vn -0.0640 -0.1316 -0.9892
vn -0.8158 -0.0332 -0.5774
vn -0.5070 0.4948 -0.7058
vn -0.8017 -0.5964 0.0383
vn -0.5030 -0.3424 -0.7936
vn -0.6800 0.7125 -0.1733
vn -0.9705 -0.1989 -0.1363
vn -0.1104 0.1647 0.9801
vn -0.8158 -0.0332 0.5774
vn -0.4841 -0.5168 0.7061
vn -0.8310 0.5528 -0.0624
vn -0.5135 0.2887 0.8080
vn -0.6441 -0.7503 0.1489
vn -0.9834 0.1194 0.1363
vn 0.1727 -0.0970 -0.9802
vn 0.0332 -0.8158 -0.5774
vn -0.4744 -0.5258 -0.7060
vn 0.6185 -0.7834 0.0620
vn 0.3276 -0.4861 -0.8102
vn -0.6955 -0.7029 -0.1490
vn 0.1989 -0.9705 -0.1363
vn -0.1260 -0.0745 0.9892
vn 0.0331 -0.8158 0.5773
vn 0.5357 -0.4636 0.7058
vn -0.5294 -0.8475 -0.0383
vn -0.3013 -0.5304 0.7924
vn 0.7651 -0.6201 0.1733
vn -0.1195 -0.9834 0.1363
vn -0.0567 0.1889 -0.9804
vn 0.5415 0.6111 -0.5774
vn 0.7063 0.0503 -0.7061
vn 0.0982 0.9933 0.0614
vn 0.1009 0.5800 -0.8083
vn 0.9885 0.0247 -0.1490
vn 0.5292 0.8374 -0.1363
vn -0.1210 0.9776 0.1724
vn 0.5415 0.6111 0.5773
vn 0.6644 0.7473 -0.0118
vn 0.1433 -0.0326 0.9891
vn 0.0867 0.8150 0.5729
vn 0.9690 0.2440 -0.0383
vn 0.5842 0.1734 0.7929
vn 0.1384 0.0498 -0.9891
vn 0.6111 -0.5415 -0.5774
vn 0.0235 -0.7081 -0.7057
vn 0.9913 -0.1257 0.0383
vn 0.5999 -0.1018 -0.7936
vn -0.0026 -0.9850 -0.1724
vn 0.8374 -0.5293 -0.1363
vn -0.0336 -0.1943 0.9804
vn 0.6111 -0.5415 0.5774
vn 0.7072 0.0358 0.7061
vn 0.2169 -0.9743 -0.0614
vn 0.1700 -0.5636 0.8083
vn 0.9843 0.0944 0.1490
vn 0.6261 -0.7677 0.1363
vn -0.1385 -0.0496 -0.9891
vn -0.6110 0.5415 -0.5774
vn -0.0235 0.7081 -0.7057
vn -0.9913 0.1257 0.0383
vn -0.6015 0.1019 -0.7923
vn 0.0026 0.9850 -0.1724
vn -0.8374 0.5293 -0.1363
vn 0.0336 0.1943 0.9804
vn -0.6111 0.5415 0.5774
vn -0.7073 -0.0350 0.7061
vn -0.2169 0.9743 -0.0614
vn -0.1700 0.5636 0.8083
vn -0.9843 -0.0943 0.1490
vn -0.6261 0.7677 0.1363
vn 0.0567 -0.1889 -0.9804
vn -0.5415 -0.6111 -0.5774
vn -0.7065 -0.0482 -0.7061
vn -0.0982 -0.9933 0.0614
vn -0.1010 -0.5800 -0.8083
vn -0.9885 -0.0246 -0.1490
vn -0.5292 -0.8375 -0.1363
vn -0.1434 0.0328 0.9891
vn -0.5415 -0.6111 0.5773
vn 0.0618 -0.7057 0.7058
vn -0.9690 -0.2440 -0.0383
vn -0.5833 -0.1732 0.7936
vn 0.1210 -0.9776 0.1724
vn -0.7677 -0.6261 0.1364
vn 0.1106 0.1644 -0.9802
vn 0.8158 -0.0332 -0.5774
vn 0.4849 -0.5160 -0.7061
vn 0.8309 0.5528 0.0624
vn 0.5125 0.2881 -0.8089
vn 0.6441 -0.7503 -0.1490
vn 0.9834 0.1194 -0.1363
vn 0.6800 0.7124 0.1733
vn 0.8158 -0.0332 0.5774
vn 0.9990 -0.0422 -0.0118
vn 0.0639 -0.1316 0.9892
vn 0.6867 0.4485 0.5721
vn 0.8018 -0.5964 -0.0383
vn 0.5030 -0.3423 0.7936
vn 0.1261 -0.0743 -0.9892
vn -0.0332 -0.8158 -0.5774
vn -0.5334 -0.4663 -0.7058
vn 0.5294 -0.8475 0.0383
vn 0.3010 -0.5299 -0.7928
vn -0.7653 -0.6199 -0.1733
vn 0.1195 -0.9834 -0.1363
vn -0.1727 -0.0970 0.9802
vn -0.0332 -0.8158 0.5773
vn 0.4743 -0.5258 0.7061
vn -0.6184 -0.7834 -0.0620
vn -0.3275 -0.4861 0.8102
vn 0.6955 -0.7029 0.1490
vn -0.1989 -0.9705 0.1364
vn -0.1261 0.0743 -0.9892
vn 0.0332 0.8158 -0.5774
vn 0.5344 0.4652 -0.7057
vn -0.5294 0.8475 0.0383
vn -0.3014 0.5304 -0.7924
vn 0.7651 0.6201 -0.1733
vn -0.1195 0.9834 -0.1363
vn 0.1730 0.0968 0.9802
vn 0.0331 0.8158 0.5773
vn -0.4743 0.5258 0.7061
vn 0.6184 0.7834 -0.0620
vn 0.3287 0.4875 0.8089
vn -0.6955 0.7029 0.1490
vn 0.1989 0.9705 0.1364
vn -0.1106 -0.1644 -0.9802
vn -0.8158 0.0332 -0.5774
vn -0.4841 0.5169 -0.7061
vn -0.8310 -0.5528 0.0620
vn -0.5111 -0.2870 -0.8102
vn -0.6441 0.7503 -0.1490
vn -0.9834 -0.1194 -0.1363
vn -0.0637 0.1318 0.9892
vn -0.8158 0.0332 0.5774
vn -0.5081 -0.4937 0.7058
vn -0.8018 0.5964 -0.0383
vn -0.5030 0.3423 0.7936
vn -0.6800 -0.7124 0.1733
vn -0.9705 0.1989 0.1364
vn -0.0335 0.1943 -0.9804
vn 0.6111 0.5415 -0.5774
vn 0.7073 -0.0351 -0.7061
vn 0.2169 0.9743 0.0614
vn 0.1699 0.5637 -0.8083
vn 0.9843 -0.0944 -0.1490
vn 0.6261 0.7677 -0.1364
vn -0.0026 0.9850 0.1724
vn 0.6110 0.5415 0.5774
vn 0.7494 0.6620 -0.0118
vn 0.1384 -0.0498 0.9891
vn 0.1841 0.7987 0.5729
vn 0.9913 0.1258 -0.0383
vn 0.6008 0.1019 0.7929
vn 0.1434 0.0328 -0.9891
vn 0.5415 -0.6111 -0.5774
vn -0.0639 -0.7056 -0.7057
vn 0.9690 -0.2440 0.0383
vn 0.5833 -0.1732 -0.7936
vn -0.1208 -0.9776 -0.1724
vn 0.7677 -0.6262 -0.1363
vn -0.0567 -0.1888 0.9804
vn 0.5415 -0.6111 0.5774
vn 0.7064 -0.0495 0.7061
vn 0.0982 -0.9933 -0.0614
vn 0.1010 -0.5800 0.8083
vn 0.9885 -0.0246 0.1490
vn 0.5292 -0.8374 0.1363
vn -0.1434 -0.0328 -0.9891
vn -0.5415 0.6111 -0.5774
vn 0.0618 0.7058 -0.7058
vn -0.9690 0.2440 0.0383
vn -0.5833 0.1732 -0.7936
vn 0.1210 0.9776 -0.1724
vn -0.7677 0.6261 -0.1364
vn 0.0568 0.1888 0.9804
vn -0.5415 0.6111 0.5774
vn -0.7064 0.0483 0.7061
vn -0.0982 0.9933 -0.0614
vn -0.1010 0.5800 0.8083
vn -0.9885 0.0246 0.1490
vn -0.5292 0.8375 0.1363
vn 0.0335 -0.1943 -0.9804
vn -0.6111 -0.5415 -0.5774
vn -0.7073 0.0351 -0.7061
vn -0.2169 -0.9742 0.0618
vn -0.1701 -0.5648 -0.8075
vn -0.9843 0.0944 -0.1490
vn -0.6261 -0.7677 -0.1363
vn -0.1384 0.0496 0.9891
vn -0.6110 -0.5415 0.5774
vn -0.0235 -0.7080 0.7058
vn -0.9913 -0.1258 -0.0383
vn -0.6014 -0.1019 0.7924
vn 0.0026 -0.9850 0.1724
vn -0.8374 -0.5293 0.1363
vn -0.7082 0.0214 -0.7057
vn 0.0275 -0.9870 0.1581
vn -0.9876 -0.1477 -0.0538
vn -0.5723 -0.1356 0.8087
vn 0.0430 0.1388 0.9894
vn -0.7081 -0.0236 0.7057
vn -0.1378 0.5936 0.7929
vn -0.9814 -0.0561 0.1836
vn 0.5723 -0.1357 -0.8087
vn 0.1940 -0.0475 0.9799
vn -0.1480 -0.9875 0.0533
vn -0.1355 -0.5714 -0.8094
vn -0.9870 0.0275 -0.1581
vn -0.1391 0.0429 0.9893
vn -0.1357 -0.8094 0.5713
vn -0.5936 0.1380 -0.7929
vn -0.5773 0.5773 0.5774
vn -0.1480 0.9875 -0.0533
vn -0.1356 0.5713 0.8094
vn -0.9871 -0.0275 0.1580
vn -0.5857 0.7989 0.1371
vn -0.0210 -0.7082 -0.7057
vn -0.0561 -0.9815 -0.1833
vn -0.0471 -0.1936 0.9799
vn 0.5773 -0.5774 0.5774
vn 0.1356 -0.5713 0.8094
vn 0.7081 0.0069 -0.7061
vn -0.0210 0.7082 0.7057
vn 0.5936 0.1379 0.7928
vn -0.0561 0.9815 0.1833
vn -0.7081 -0.0068 -0.7060
vn -0.1355 -0.5718 -0.8091
vn -0.7082 -0.7059 -0.0118
vn -0.1357 -0.8091 0.5717
vn -0.9820 -0.1852 -0.0384
vn -0.5936 -0.1379 0.7928
vn -0.1397 -0.0424 -0.9893
vn -0.9820 0.1852 0.0383
vn -0.5937 0.1378 -0.7928
vn -0.8041 0.5787 -0.1364
vn -0.1564 0.9857 -0.0623
vn -0.1356 0.5717 0.8092
vn -0.5788 0.8040 0.1363
vn 0.1397 0.0424 -0.9893
vn 0.5937 -0.1379 -0.7928
vn 0.8041 -0.5787 -0.1363
vn 0.5788 -0.8040 0.1363
vn 0.7081 0.0068 -0.7060
vn 0.1355 0.5718 -0.8091
vn 0.5774 0.5773 0.5774
vn -0.0205 0.7081 0.7058
vn 0.9819 0.1852 -0.0384
vn 0.8041 0.5787 0.1363
vn 0.1935 0.0468 -0.9800
vn 0.5773 -0.5774 -0.5774
vn 0.5716 -0.1356 -0.8093
vn 0.7059 -0.7082 -0.0118
vn 0.8093 -0.1356 0.5716
vn 0.1852 -0.9819 -0.0383
vn 0.1378 -0.5936 0.7929
vn -0.7081 0.0209 -0.7058
vn -0.5788 -0.8040 -0.1364
vn -0.5773 -0.5774 0.5774
vn -0.5715 -0.1357 0.8093
vn 0.7081 -0.0209 -0.7058
vn 0.9827 -0.0639 -0.1740
vn 0.5797 0.8033 -0.1365
vn 0.1935 -0.0468 0.9800
vn 0.9858 0.1561 -0.0624
vn 0.5715 0.1356 0.8093
vn 0.8051 0.5773 0.1362
vn -0.1935 -0.0468 -0.9800
vn -0.5773 0.5774 -0.5774
vn -0.5716 0.1355 -0.8093
vn 0.0351 0.9882 -0.1489
vn -0.8033 0.5797 -0.1365
vn 0.0429 0.1393 0.9893
vn -0.5773 0.5774 0.5773
vn -0.7081 -0.0208 0.7058
vn -0.1852 0.9820 -0.0381
vn -0.5772 0.8052 0.1362
vn -0.1104 -0.1647 -0.9801
vn -0.4841 0.5169 -0.7060
vn -0.5126 -0.2881 -0.8089
vn -0.6441 0.7503 -0.1489
vn -0.9990 0.0423 -0.0118
vn -0.0640 0.1316 0.9892
vn -0.6867 -0.4485 0.5721
vn -0.8017 0.5964 -0.0383
vn -0.5030 0.3424 0.7936
vn -0.1259 0.0746 -0.9892
vn 0.0331 0.8158 -0.5774
vn 0.5343 0.4652 -0.7057
vn -0.3015 0.5304 -0.7923
vn 0.7653 0.6199 -0.1733
vn -0.1195 0.9834 -0.1364
vn 0.0331 0.8158 0.5774
vn -0.4744 0.5258 0.7061
vn 0.1259 -0.0746 -0.9892
vn -0.5343 -0.4652 -0.7057
vn 0.3011 -0.5299 -0.7928
vn 0.1194 -0.9834 -0.1364
vn -0.1730 -0.0968 0.9802
vn -0.0331 -0.8158 0.5773
vn -0.3286 -0.4875 0.8089
vn -0.1989 -0.9705 0.1363
vn 0.1104 0.1647 -0.9801
vn 0.4849 -0.5161 -0.7061
vn 0.8310 0.5528 0.0620
vn 0.5126 0.2881 -0.8089
vn 0.0640 -0.1316 0.9892
vn 0.5070 0.4948 0.7058
vn 0.8017 -0.5964 -0.0383
vn 0.5030 -0.3424 0.7936
vn 0.9705 -0.1989 0.1363
vn 0.0332 -0.1943 -0.9804
vn -0.6110 -0.5415 -0.5774
vn -0.7073 0.0350 -0.7061
vn -0.2169 -0.9743 0.0614
vn -0.1697 -0.5619 -0.8096
vn -0.6111 -0.5415 0.5773
vn -0.7495 -0.6619 -0.0118
vn -0.1384 0.0497 0.9891
vn -0.1842 -0.7987 0.5729
vn -0.6015 -0.1020 0.7924
vn -0.1433 -0.0330 -0.9891
vn 0.0604 0.7058 -0.7058
vn 0.1211 0.9776 -0.1724
vn -0.7677 0.6261 -0.1363
vn 0.0567 0.1888 0.9804
vn -0.7065 0.0482 0.7061
vn -0.0982 0.9933 -0.0618
vn -0.1010 0.5812 0.8075
vn -0.5292 0.8374 0.1363
vn 0.1433 0.0329 -0.9891
vn 0.5414 -0.6111 -0.5774
vn -0.0604 -0.7058 -0.7058
vn 0.5842 -0.1733 -0.7929
vn -0.1210 -0.9776 -0.1724
vn 0.7677 -0.6261 -0.1363
vn 0.7065 -0.0482 0.7061
vn 0.5292 -0.8375 0.1363
vn -0.0334 0.1943 -0.9804
vn 0.6110 0.5415 -0.5774
vn 0.7072 -0.0358 -0.7061
vn 0.1697 0.5619 -0.8096
vn 0.9843 -0.0943 -0.1490
vn 0.6261 0.7677 -0.1363
vn 0.1384 -0.0497 0.9891
vn 0.6111 0.5415 0.5773
vn 0.0214 0.7081 0.7057
vn 0.9913 0.1257 -0.0383
vn 0.6015 0.1019 0.7924
vn -0.0023 0.9850 0.1724
vn 0.8375 0.5292 0.1363
vn -0.4744 -0.5258 -0.7061
vn 0.7653 -0.6199 0.1733
vn 0.0390 -0.9992 -0.0118
vn -0.1260 -0.0744 0.9892
vn 0.5027 -0.6480 0.5721
vn -0.3004 -0.5291 0.7936
vn -0.0639 -0.1316 -0.9892
vn -0.8018 -0.5964 0.0383
vn -0.5029 -0.3425 -0.7936
vn -0.1107 0.1643 0.9802
vn -0.4855 -0.5155 0.7061
vn -0.8310 0.5528 -0.0620
vn -0.5111 0.2869 0.8102
vn -0.6442 -0.7502 0.1490
vn 0.5042 0.3435 -0.7924
vn 0.6800 -0.7125 -0.1733
vn 0.9705 0.1989 -0.1363
vn 0.1104 -0.1646 0.9802
vn 0.8158 0.0332 0.5774
vn 0.4849 0.5160 0.7061
vn 0.8310 -0.5528 -0.0620
vn 0.5126 -0.2880 0.8089
vn 0.6442 0.7502 0.1490
vn -0.1731 0.0968 -0.9801
vn -0.0332 0.8158 -0.5774
vn 0.4758 0.5244 -0.7061
vn -0.6185 0.7834 0.0620
vn -0.3288 0.4875 -0.8089
vn 0.6956 0.7028 -0.1490
vn 0.1261 0.0743 0.9892
vn -0.0332 0.8158 0.5773
vn -0.5333 0.4663 0.7058
vn 0.3010 0.5299 0.7929
vn -0.7653 0.6199 0.1733
vn 0.1194 0.9834 0.1363
vn 0.0568 -0.1889 -0.9804
vn -0.7064 -0.0482 -0.7061
vn -0.1009 -0.5800 -0.8083
vn -0.5293 -0.8374 -0.1363
vn -0.5415 -0.6111 0.5774
vn -0.6644 -0.7473 -0.0118
vn -0.1433 0.0331 0.9891
vn -0.0869 -0.8142 0.5741
vn -0.1385 -0.0497 -0.9891
vn -0.0235 0.7081 -0.7058
vn -0.9913 0.1258 0.0383
vn -0.6016 0.1019 -0.7923
vn 0.0335 0.1943 0.9804
vn -0.6111 0.5415 0.5773
vn -0.7072 -0.0350 0.7061
vn -0.2169 0.9742 -0.0618
vn -0.1702 0.5648 0.8075
vn -0.9843 -0.0944 0.1490
vn 0.1385 0.0497 -0.9891
vn 0.6110 -0.5415 -0.5774
vn 0.0235 -0.7081 -0.7058
vn 0.9913 -0.1258 0.0383
vn 0.6009 -0.1019 -0.7928
vn 0.8374 -0.5292 -0.1363
vn -0.0332 -0.1943 0.9804
vn 0.6111 -0.5415 0.5773
vn 0.7072 0.0350 0.7061
vn 0.1697 -0.5619 0.8096
vn 0.9843 0.0943 0.1490
vn -0.0568 0.1889 -0.9804
vn 0.7064 0.0494 -0.7061
vn 0.5293 0.8374 -0.1363
vn 0.1433 -0.0328 0.9891
vn 0.5415 0.6111 0.5774
vn -0.0640 0.7056 0.7057
vn 0.5833 0.1732 0.7936
vn -0.1207 0.9776 0.1724
vn 0.7677 0.6261 0.1363
vt 0.155000 0.748342
vt 0.137679 0.750000
vt 0.125000 0.748342
vt 0.396096 0.970000
vt 0.383916 1.000000
vt 0.375000 0.970000
vt 0.396095 0.001658
vt 0.375000 0.000701
vt 0.396095 0.000000
vt 0.603905 0.970000
vt 0.625000 0.987321
vt 0.603904 1.000000
vt 0.845000 0.748342
vt 0.875000 0.749299
vt 0.845000 0.750000
vt 0.603904 0.001658
vt 0.616084 0.000000
vt 0.625000 0.001658
vt 0.155000 0.501658
vt 0.125000 0.500701
vt 0.155000 0.500000
vt 0.396095 0.248342
vt 0.379458 0.256340
vt 0.375000 0.248342
vt 0.396095 0.280000
vt 0.396095 0.250000
vt 0.845000 0.501658
vt 0.862321 0.500000
vt 0.875000 0.501658
vt 0.603905 0.280000
vt 0.620542 0.249650
vt 0.625000 0.280000
vt 0.603905 0.248342
vt 0.603904 0.250000
vt 0.345000 0.748342
vt 0.377972 0.753993
vt 0.360000 0.765000
vt 0.396095 0.748342
vt 0.375000 0.748342
vt 0.396095 0.780000
vt 0.396095 0.750000
vt 0.655000 0.748342
vt 0.626255 0.749766
vt 0.625000 0.748342
vt 0.603905 0.780000
vt 0.640000 0.765000
vt 0.603905 0.748342
vt 0.603904 0.750000
vt 0.345000 0.501658
vt 0.373745 0.500234
vt 0.375000 0.501658
vt 0.396095 0.470000
vt 0.360000 0.485000
vt 0.396096 0.501658
vt 0.396095 0.500000
vt 0.655000 0.501658
vt 0.622028 0.496007
vt 0.640000 0.485000
vt 0.603904 0.501658
vt 0.625000 0.501658
vt 0.603905 0.470000
vt 0.603904 0.500000
vt 0.125000 0.501658
vt 0.375000 0.001658
vt 0.396095 1.000000
vt 0.603904 0.000000
vt 0.875000 0.748342
vt 0.625000 0.248342
vt 0.375000 0.280000
vt 0.845000 0.500000
vt 0.155000 0.750000
vt 0.625000 0.970000
vt 0.127046 0.720000
vt 0.125865 0.750000
vt 0.125000 0.720000
vt 0.396095 0.997954
vt 0.375000 0.997954
vt 0.396095 0.030000
vt 0.375000 0.012679
vt 0.396095 0.000000
vt 0.603905 0.997954
vt 0.625000 0.999135
vt 0.603904 1.000000
vt 0.872954 0.720000
vt 0.875000 0.737321
vt 0.872954 0.750000
vt 0.603905 0.030000
vt 0.625000 0.030000
vt 0.127046 0.530000
vt 0.125000 0.512679
vt 0.127046 0.500000
vt 0.396095 0.220000
vt 0.379458 0.250432
vt 0.375000 0.220000
vt 0.396095 0.252046
vt 0.872954 0.530000
vt 0.874135 0.500000
vt 0.875000 0.530000
vt 0.603905 0.252046
vt 0.620542 0.243660
vt 0.625000 0.252046
vt 0.603905 0.220000
vt 0.603904 0.250000
vt 0.372954 0.720000
vt 0.377972 0.746062
vt 0.373977 0.751023
vt 0.396095 0.720000
vt 0.375000 0.720000
vt 0.396095 0.752046
vt 0.396095 0.750000
vt 0.627046 0.720000
vt 0.622316 0.745773
vt 0.625000 0.720000
vt 0.603904 0.752046
vt 0.626023 0.751023
vt 0.603905 0.720000
vt 0.603904 0.750000
vt 0.372954 0.530000
vt 0.377684 0.504226
vt 0.375000 0.530000
vt 0.396095 0.497954
vt 0.373977 0.498977
vt 0.396096 0.530000
vt 0.396095 0.500000
vt 0.627046 0.530000
vt 0.622028 0.503938
vt 0.626023 0.498977
vt 0.603905 0.530000
vt 0.625000 0.530000
vt 0.603904 0.497954
vt 0.603904 0.500000
vt 0.125000 0.530000
vt 0.375000 0.030000
vt 0.396095 1.000000
vt 0.875000 0.720000
vt 0.625000 0.220000
vt 0.375000 0.252046
vt 0.872954 0.500000
vt 0.127046 0.750000
vt 0.625000 0.997954
vt 0.127624 0.720000
vt 0.126109 0.750000
vt 0.125000 0.720000
vt 0.387426 0.997376
vt 0.380252 1.000000
vt 0.375000 0.997376
vt 0.387426 0.030000
vt 0.375000 0.012679
vt 0.387426 0.000000
vt 0.612574 0.997376
vt 0.625000 0.998891
vt 0.612574 1.000000
vt 0.872376 0.720000
vt 0.875000 0.737320
vt 0.872376 0.750000
vt 0.612574 0.030000
vt 0.619748 0.000000
vt 0.625000 0.030000
vt 0.127624 0.530000
vt 0.127624 0.500000
vt 0.387426 0.220000
vt 0.377626 0.250554
vt 0.375000 0.220000
vt 0.387426 0.252624
vt 0.387426 0.250000
vt 0.872376 0.530000
vt 0.873891 0.500000
vt 0.875000 0.530000
vt 0.612574 0.252624
vt 0.622374 0.243660
vt 0.625000 0.252624
vt 0.612574 0.220000
vt 0.612574 0.250000
vt 0.372376 0.720000
vt 0.376751 0.746143
vt 0.373688 0.751312
vt 0.387426 0.720000
vt 0.375000 0.720000
vt 0.387426 0.752624
vt 0.387426 0.750000
vt 0.627624 0.720000
vt 0.623619 0.745773
vt 0.625000 0.720000
vt 0.612574 0.752624
vt 0.626312 0.751312
vt 0.612574 0.720000
vt 0.612574 0.750000
vt 0.372376 0.530000
vt 0.376381 0.504226
vt 0.387426 0.497376
vt 0.373688 0.498688
vt 0.387426 0.530000
vt 0.387426 0.500000
vt 0.627624 0.530000
vt 0.623249 0.503857
vt 0.626312 0.498688
vt 0.612574 0.530000
vt 0.625000 0.530000
vt 0.612574 0.497376
vt 0.612574 0.500000
vt 0.375000 0.030000
vt 0.387426 1.000000
vt 0.612574 0.000000
vt 0.625000 0.220000
vt 0.375000 0.252624
vt 0.872376 0.500000
vt 0.127624 0.750000
vt 0.625000 0.997376
vt 0.127290 0.720000
vt 0.125968 0.750000
vt 0.387426 0.997710
vt 0.375000 0.997710
vt 0.387426 0.030000
vt 0.612574 0.997710
vt 0.625000 0.999032
vt 0.612574 1.000000
vt 0.872710 0.720000
vt 0.872710 0.750000
vt 0.612574 0.030000
vt 0.625000 0.030000
vt 0.127290 0.530000
vt 0.127290 0.500000
vt 0.377626 0.250484
vt 0.375000 0.220000
vt 0.387426 0.252290
vt 0.872710 0.530000
vt 0.874032 0.500000
vt 0.612574 0.252290
vt 0.622374 0.243660
vt 0.625000 0.252290
vt 0.372710 0.720000
vt 0.376751 0.746096
vt 0.373855 0.751145
vt 0.387426 0.752290
vt 0.627290 0.720000
vt 0.623572 0.745773
vt 0.612574 0.752290
vt 0.626145 0.751145
vt 0.612574 0.750000
vt 0.372710 0.530000
vt 0.376428 0.504226
vt 0.375000 0.530000
vt 0.387426 0.497710
vt 0.373855 0.498855
vt 0.387426 0.500000
vt 0.627290 0.530000
vt 0.623249 0.503904
vt 0.626145 0.498855
vt 0.625000 0.530000
vt 0.612574 0.497710
vt 0.612574 0.500000
vt 0.375000 0.030000
vt 0.875000 0.720000
vt 0.625000 0.220000
vt 0.375000 0.252290
vt 0.872710 0.500000
vt 0.127290 0.750000
vt 0.625000 0.997710
vt 0.128155 0.720000
vt 0.126334 0.750000
vt 0.387426 0.996845
vt 0.375000 0.996845
vt 0.387426 0.030000
vt 0.387426 0.000000
vt 0.612574 0.996845
vt 0.625000 0.998666
vt 0.612574 1.000000
vt 0.871845 0.720000
vt 0.871845 0.750000
vt 0.612574 0.030000
vt 0.128155 0.530000
vt 0.128155 0.500000
vt 0.387426 0.220000
vt 0.377626 0.250667
vt 0.375000 0.220000
vt 0.387426 0.253155
vt 0.387426 0.250000
vt 0.871845 0.530000
vt 0.873666 0.500000
vt 0.612574 0.253155
vt 0.622374 0.243660
vt 0.625000 0.253155
vt 0.612574 0.250000
vt 0.371845 0.720000
vt 0.376751 0.746218
vt 0.373422 0.751577
vt 0.387426 0.720000
vt 0.375000 0.720000
vt 0.387426 0.753155
vt 0.387426 0.750000
vt 0.628155 0.720000
vt 0.623694 0.745774
vt 0.625000 0.720000
vt 0.612574 0.753155
vt 0.626577 0.751577
vt 0.612574 0.720000
vt 0.612574 0.750000
vt 0.371845 0.530000
vt 0.376306 0.504226
vt 0.387426 0.496845
vt 0.373422 0.498422
vt 0.387426 0.500000
vt 0.628155 0.530000
vt 0.623249 0.503782
vt 0.626577 0.498422
vt 0.625000 0.530000
vt 0.612574 0.496845
vt 0.387426 1.000000
vt 0.375000 0.253155
vt 0.871845 0.500000
vt 0.128155 0.750000
vt 0.129294 0.720000
vt 0.126815 0.750000
vt 0.387426 0.995706
vt 0.375000 0.995706
vt 0.387426 0.030000
vt 0.612574 0.995706
vt 0.625000 0.998185
vt 0.870706 0.720000
vt 0.870706 0.750000
vt 0.129294 0.530000
vt 0.129294 0.500000
vt 0.377626 0.250907
vt 0.387426 0.254294
vt 0.870706 0.530000
vt 0.873185 0.500000
vt 0.612574 0.254294
vt 0.622374 0.243660
vt 0.625000 0.254294
vt 0.370706 0.720000
vt 0.376751 0.746378
vt 0.372853 0.752147
vt 0.387426 0.754294
vt 0.387426 0.750000
vt 0.629294 0.720000
vt 0.623854 0.745773
vt 0.625000 0.720000
vt 0.612574 0.754294
vt 0.627147 0.752147
vt 0.370706 0.530000
vt 0.376146 0.504227
vt 0.387426 0.495706
vt 0.372853 0.497853
vt 0.387426 0.530000
vt 0.629294 0.530000
vt 0.623249 0.503622
vt 0.627147 0.497853
vt 0.612574 0.495706
vt 0.375000 0.030000
vt 0.625000 0.220000
vt 0.375000 0.254294
vt 0.870706 0.500000
vt 0.129294 0.750000
vt 0.625000 0.995706
vt 0.128155 0.720000
vt 0.128155 0.530000
vt 0.387426 0.253155
vt 0.387426 0.720000
vt 0.387426 0.753155
vt 0.387426 0.750000
vt 0.628155 0.720000
vt 0.625000 0.720000
vt 0.626578 0.751578
vt 0.375000 0.530000
vt 0.387426 0.500000
vt 0.628155 0.530000
vt 0.623249 0.503782
vt 0.626577 0.498422
vt 0.612574 0.530000
vt 0.625000 0.996845
vt 0.129294 0.720000
vt 0.387426 0.030000
vt 0.870706 0.720000
vt 0.387426 0.250000
vt 0.370706 0.530000
vt 0.396095 0.970000
vt 0.396096 0.001658
vt 0.603905 0.970000
vt 0.603905 0.001658
vt 0.155000 0.501658
vt 0.396095 0.248342
vt 0.845000 0.501658
vt 0.603905 0.280000
vt 0.603905 0.248342
vt 0.377972 0.753993
vt 0.396095 0.780000
vt 0.396095 0.750000
vt 0.655000 0.748342
vt 0.603905 0.780000
vt 0.640000 0.765000
vt 0.373745 0.500234
vt 0.396095 0.470000
vt 0.396095 0.501658
vt 0.396095 0.500000
vt 0.655000 0.501658
vt 0.603905 0.501658
vt 0.625000 0.501658
vt 0.396096 0.030000
vt 0.603904 0.997954
vt 0.603905 0.030000
vt 0.396095 0.220000
vt 0.396095 0.250000
vt 0.603904 0.252046
vt 0.603905 0.220000
vt 0.396095 0.720000
vt 0.396095 0.752046
vt 0.603905 0.752046
vt 0.626023 0.751023
vt 0.372954 0.530000
vt 0.396095 0.500000
vt 0.622028 0.503938
vt 0.626023 0.498977
vt 0.603905 0.530000
vt 0.603905 0.497954
vt 0.387426 0.997376
vt 0.612574 0.997376
vt 0.387426 0.252624
vt 0.612574 0.252624
vt 0.387426 0.752624
vt 0.627624 0.720000
vt 0.623619 0.745773
vt 0.626312 0.751312
vt 0.372376 0.530000
vt 0.387426 0.497376
vt 0.627624 0.530000
vt 0.626312 0.498688
vt 0.127290 0.530000
vt 0.872710 0.530000
vt 0.612574 0.252290
vt 0.372710 0.720000
vt 0.387426 0.752290
vt 0.128155 0.530000
vt 0.612574 0.253155
vt 0.387426 0.720000
vt 0.625000 0.720000
vt 0.612574 0.753155
vt 0.129294 0.720000
vt 0.387426 0.254294
vt 0.870706 0.530000
vt 0.387426 0.754294
vt 0.629294 0.720000
vt 0.627147 0.752147
vt 0.370706 0.530000
vt 0.629294 0.530000
vt 0.623249 0.503622
vt 0.627147 0.497853
vt 0.612574 0.720000
vt 0.612574 0.030000
vt 0.387426 0.754294
s 1
usemtl grate_front_right_cast_iron
f 1/1/1 5/2/2 7/3/3
f 2/4/4 5/5/2 4/6/5
f 3/7/6 5/8/2 6/9/7
f 8/10/8 12/11/9 14/12/10
f 9/13/11 12/14/9 11/15/12
f 10/16/13 12/17/9 13/18/14
f 15/19/15 19/20/16 21/21/17
f 16/22/18 19/23/16 18/24/19
f 17/25/20 19/23/16 20/26/21
f 22/27/22 26/28/23 28/29/24
f 23/30/25 26/31/23 25/32/26
f 24/33/27 26/31/23 27/34/28
f 29/35/29 33/36/30 35/37/31
f 30/38/32 33/36/30 32/39/33
f 31/40/34 33/36/30 34/41/35
f 36/42/36 40/43/37 42/44/38
f 37/45/39 40/43/37 39/46/40
f 38/47/41 40/43/37 41/48/42
f 43/49/43 47/50/44 49/51/45
f 44/52/46 47/50/44 46/53/47
f 45/54/48 47/50/44 48/55/49
f 50/56/50 54/57/51 56/58/52
f 51/59/53 54/57/51 53/60/54
f 52/61/55 54/57/51 55/62/56
f 1/1/1 18/63/19 15/19/15
f 7/64/3 16/22/18 18/24/19
f 8/10/8 6/65/7 2/4/4
f 14/66/10 3/7/6 6/9/7
f 22/27/22 13/67/14 9/13/11
f 28/68/24 10/16/13 13/18/14
f 17/25/20 27/34/28 23/30/25
f 20/26/21 24/33/27 27/34/28
f 15/19/15 46/53/47 43/49/43
f 21/69/17 44/52/46 46/53/47
f 22/27/22 56/58/52 25/70/26
f 56/58/52 23/30/25 25/32/26
f 45/54/48 55/62/56 51/59/53
f 48/55/49 52/61/55 55/62/56
f 43/49/43 32/39/33 29/35/29
f 32/39/33 45/54/48 30/38/32
f 36/42/36 53/60/54 50/56/50
f 42/44/38 51/59/53 53/60/54
f 31/40/34 41/48/42 37/45/39
f 34/41/35 38/47/41 41/48/42
f 29/35/29 4/71/5 1/1/1
f 35/37/31 2/4/4 4/6/5
f 9/13/11 39/46/40 36/42/36
f 11/72/12 37/45/39 39/46/40
f 43/49/43 1/1/1 15/19/15
f 10/16/13 16/22/18 3/7/6
f 37/45/39 2/4/4 31/40/34
f 22/27/22 36/42/36 50/56/50
f 23/30/25 44/52/46 17/25/20
f 51/59/53 30/38/32 45/54/48
f 57/73/57 61/74/58 63/75/59
f 58/76/60 61/5/58 60/77/61
f 59/78/62 61/79/58 62/80/63
f 64/81/64 68/82/65 70/83/10
f 65/84/66 68/85/65 67/86/67
f 66/87/68 68/17/65 69/88/69
f 71/89/70 75/90/16 77/91/71
f 72/92/72 75/93/16 74/94/73
f 73/95/74 75/93/16 76/26/21
f 78/96/75 82/97/76 84/98/77
f 79/99/78 82/100/76 81/101/79
f 80/102/80 82/100/76 83/103/81
f 85/104/82 89/105/30 91/106/83
f 86/107/84 89/105/30 88/108/85
f 87/109/86 89/105/30 90/110/87
f 92/111/88 96/112/89 98/113/90
f 93/114/91 96/112/89 95/115/92
f 94/116/93 96/112/89 97/117/94
f 99/118/95 103/119/96 105/120/97
f 100/121/98 103/119/96 102/122/99
f 101/123/100 103/119/96 104/124/101
f 106/125/102 110/126/51 112/127/103
f 107/128/104 110/126/51 109/129/105
f 108/130/106 110/126/51 111/131/107
f 57/73/57 74/132/73 71/89/70
f 63/133/59 72/92/72 74/94/73
f 64/81/64 62/134/63 58/76/60
f 70/66/10 59/78/62 62/80/63
f 78/96/75 69/135/69 65/84/66
f 84/136/77 66/87/68 69/88/69
f 73/95/74 83/103/81 79/99/78
f 76/26/21 80/102/80 83/103/81
f 99/118/95 77/91/71 102/122/99
f 77/137/71 100/121/98 102/122/99
f 106/125/102 81/138/79 78/96/75
f 81/101/79 108/130/106 79/99/78
f 101/123/100 111/131/107 107/128/104
f 104/124/101 108/130/106 111/131/107
f 99/118/95 88/108/85 85/104/82
f 105/120/97 86/107/84 88/108/85
f 92/111/88 109/129/105 106/125/102
f 98/113/90 107/128/104 109/129/105
f 87/109/86 97/117/94 93/114/91
f 90/110/87 94/116/93 97/117/94
f 85/104/82 60/139/61 57/73/57
f 60/77/61 87/109/86 58/76/60
f 92/111/88 67/86/67 95/115/92
f 67/140/67 93/114/91 95/115/92
f 99/118/95 57/73/57 71/89/70
f 66/87/68 72/92/72 59/78/62
f 93/114/91 58/76/60 87/109/86
f 78/96/75 92/111/88 106/125/102
f 79/99/78 100/121/98 73/95/74
f 107/128/104 86/107/84 101/123/100
f 113/141/108 117/142/109 119/143/97
f 114/144/110 117/145/109 116/146/111
f 115/147/112 117/148/109 118/149/113
f 120/150/114 124/151/115 126/152/116
f 121/153/117 124/154/115 123/155/118
f 122/156/119 124/157/115 125/158/120
f 127/159/121 131/90/30 133/160/122
f 128/161/123 131/162/30 130/163/124
f 129/164/125 131/162/30 132/165/126
f 134/166/127 138/167/128 140/168/129
f 135/169/130 138/170/128 137/171/131
f 136/172/132 138/170/128 139/173/133
f 141/174/134 145/175/135 147/176/136
f 142/177/137 145/175/135 144/178/138
f 143/179/139 145/175/135 146/180/140
f 148/181/141 152/182/142 154/183/77
f 149/184/143 152/182/142 151/185/144
f 150/186/145 152/182/142 153/187/146
f 155/188/147 159/189/148 161/120/59
f 156/190/149 159/189/148 158/191/150
f 157/192/151 159/189/148 160/193/152
f 162/194/153 166/195/154 168/196/155
f 163/197/156 166/195/154 165/198/157
f 164/199/158 166/195/154 167/200/159
f 113/141/108 130/132/124 127/159/121
f 119/201/97 128/161/123 130/163/124
f 120/150/114 118/202/113 114/144/110
f 126/203/116 115/147/112 118/149/113
f 134/166/127 125/135/120 121/153/117
f 140/204/129 122/156/119 125/158/120
f 129/164/125 139/173/133 135/169/130
f 132/165/126 136/172/132 139/173/133
f 127/159/121 158/191/150 155/188/147
f 133/205/122 156/190/149 158/191/150
f 162/194/153 137/206/131 134/166/127
f 168/196/155 135/169/130 137/171/131
f 157/192/151 167/200/159 163/197/156
f 160/193/152 164/199/158 167/200/159
f 155/188/147 144/178/138 141/174/134
f 161/120/59 142/177/137 144/178/138
f 148/181/141 165/198/157 162/194/153
f 154/183/77 163/197/156 165/198/157
f 143/179/139 153/187/146 149/184/143
f 146/180/140 150/186/145 153/187/146
f 141/174/134 116/207/111 113/141/108
f 147/176/136 114/144/110 116/146/111
f 121/153/117 151/185/144 148/181/141
f 123/208/118 149/184/143 151/185/144
f 155/188/147 113/141/108 127/159/121
f 122/156/119 128/161/123 115/147/112
f 149/184/143 114/144/110 143/179/139
f 134/166/127 148/181/141 162/194/153
f 135/169/130 156/190/149 129/164/125
f 163/197/156 142/177/137 157/192/151
f 169/209/160 173/210/16 175/75/161
f 170/211/162 173/145/16 172/212/163
f 171/213/164 173/148/16 174/149/165
f 176/214/166 180/215/23 182/216/167
f 177/217/168 180/154/23 179/218/169
f 178/219/170 180/157/23 181/220/171
f 183/221/172 187/90/44 189/222/173
f 184/161/174 187/223/44 186/224/175
f 185/225/176 187/223/44 188/165/177
f 190/226/178 194/227/51 196/168/179
f 191/228/180 194/229/51 193/230/181
f 192/172/182 194/229/51 195/173/183
f 197/231/184 201/232/58 203/233/185
f 198/177/186 201/232/58 200/178/187
f 199/234/188 201/232/58 202/180/189
f 204/235/190 208/236/191 210/183/192
f 205/237/193 208/236/191 207/238/194
f 206/186/195 208/236/191 209/239/196
f 211/240/197 215/241/30 217/242/198
f 212/243/199 215/241/30 214/244/200
f 213/192/201 215/241/30 216/245/202
f 218/246/203 222/247/128 224/248/204
f 219/197/205 222/247/128 221/249/40
f 220/250/206 222/247/128 223/251/207
f 169/209/160 186/132/175 183/221/172
f 175/252/161 184/161/174 186/224/175
f 176/214/166 174/202/165 170/211/162
f 182/203/167 171/213/164 174/149/165
f 190/226/178 181/253/171 177/217/168
f 196/254/179 178/219/170 181/220/171
f 185/225/176 195/173/183 191/228/180
f 188/165/177 192/172/182 195/173/183
f 183/221/172 214/244/200 211/240/197
f 189/255/173 212/243/199 214/244/200
f 218/246/203 193/256/181 190/226/178
f 224/248/204 191/228/180 193/230/181
f 213/192/201 223/251/207 219/197/205
f 216/245/202 220/250/206 223/251/207
f 211/240/197 200/178/187 197/231/184
f 217/242/198 198/177/186 200/178/187
f 204/235/190 221/249/40 218/246/203
f 210/183/192 219/197/205 221/249/40
f 199/234/188 209/239/196 205/237/193
f 202/180/189 206/186/195 209/239/196
f 197/231/184 172/257/163 169/209/160
f 203/233/185 170/211/162 172/212/163
f 177/217/168 207/238/194 204/235/190
f 179/258/169 205/237/193 207/238/194
f 211/240/197 169/209/160 183/221/172
f 178/219/170 184/161/174 171/213/164
f 205/237/193 170/211/162 199/234/188
f 190/226/178 204/235/190 218/246/203
f 191/228/180 212/243/199 185/225/176
f 219/197/205 198/177/186 213/192/201
f 225/259/208 229/260/209 231/75/210
f 226/261/211 229/145/209 228/262/212
f 227/263/213 229/148/209 230/264/214
f 232/265/215 236/266/216 238/267/217
f 233/268/218 236/154/216 235/269/219
f 234/270/220 236/157/216 237/220/221
f 239/271/222 243/90/223 245/272/224
f 240/273/225 243/274/223 242/275/226
f 241/276/227 243/274/223 244/277/228
f 246/278/229 250/279/230 252/168/231
f 247/280/232 250/281/230 249/282/233
f 248/172/234 250/281/230 251/283/235
f 253/284/236 257/285/237 259/286/238
f 254/287/239 257/285/237 256/288/240
f 255/289/241 257/285/237 258/290/242
f 260/291/243 264/292/244 266/293/245
f 261/294/246 264/292/244 263/295/247
f 262/296/248 264/292/244 265/297/249
f 267/298/250 271/299/251 273/120/252
f 268/300/253 271/299/251 270/301/254
f 269/192/255 271/299/251 272/302/256
f 274/303/257 278/304/258 280/305/259
f 275/197/260 278/304/258 277/306/261
f 276/307/262 278/304/258 279/251/263
f 239/271/222 231/75/210 242/132/226
f 231/133/210 240/273/225 242/275/226
f 232/265/215 230/308/214 226/261/211
f 238/203/217 227/263/213 230/264/214
f 246/278/229 237/135/221 233/268/218
f 252/136/231 234/270/220 237/220/221
f 241/276/227 251/283/235 247/280/232
f 244/277/228 248/172/234 251/283/235
f 267/298/250 245/272/224 270/301/254
f 245/309/224 268/300/253 270/301/254
f 274/303/257 249/310/233 246/278/229
f 249/282/233 276/307/262 247/280/232
f 269/192/255 279/251/263 275/197/260
f 272/302/256 276/307/262 279/251/263
f 253/284/236 273/120/252 256/288/240
f 273/120/252 254/287/239 256/288/240
f 260/291/243 277/306/261 274/303/257
f 277/306/261 262/296/248 275/197/260
f 255/289/241 265/297/249 261/294/246
f 258/290/242 262/296/248 265/297/249
f 253/284/236 228/311/212 225/259/208
f 259/286/238 226/261/211 228/262/212
f 233/268/218 263/295/247 260/291/243
f 263/295/247 232/265/215 261/294/246
f 239/271/222 253/284/236 225/259/208
f 234/270/220 240/273/225 227/263/213
f 261/294/246 226/261/211 255/289/241
f 274/303/257 233/268/218 260/291/243
f 247/280/232 268/300/253 241/276/227
f 275/197/260 254/287/239 269/192/255
f 281/312/264 285/313/265 287/143/266
f 282/314/267 285/145/265 284/315/268
f 283/316/269 285/148/265 286/264/270
f 288/317/271 292/318/272 294/216/273
f 289/319/274 292/154/272 291/320/275
f 290/156/276 292/157/272 293/158/277
f 295/321/278 299/90/279 301/322/280
f 296/273/281 299/323/279 298/163/282
f 297/324/283 299/323/279 300/165/284
f 302/325/285 306/326/286 308/168/287
f 303/327/288 306/328/286 305/329/289
f 304/172/290 306/328/286 307/173/291
f 309/330/292 313/331/293 315/332/294
f 310/287/295 313/331/293 312/178/296
f 311/333/297 313/331/293 314/334/298
f 316/335/299 320/336/300 322/337/301
f 317/338/302 320/336/300 319/339/303
f 318/296/304 320/336/300 321/239/305
f 323/340/306 327/341/307 329/242/308
f 324/342/309 327/341/307 326/343/310
f 325/344/311 327/341/307 328/193/312
f 330/345/313 334/346/314 336/347/315
f 331/197/316 334/346/314 333/249/317
f 332/348/318 334/346/314 335/200/319
f 295/321/278 287/143/266 298/132/282
f 287/349/266 296/273/281 298/163/282
f 288/317/271 286/308/270 282/314/267
f 294/203/273 283/316/269 286/264/270
f 302/325/285 293/135/277 289/319/274
f 308/350/287 290/156/276 293/158/277
f 297/324/283 307/173/291 303/327/288
f 300/165/284 304/172/290 307/173/291
f 295/321/278 326/343/310 323/340/306
f 301/351/280 324/342/309 326/343/310
f 330/345/313 305/352/289 302/325/285
f 336/347/315 303/327/288 305/329/289
f 325/344/311 335/200/319 331/197/316
f 328/193/312 332/348/318 335/200/319
f 323/340/306 312/178/296 309/330/292
f 312/178/296 325/344/311 310/287/295
f 330/345/313 322/337/301 333/249/317
f 322/337/301 331/197/316 333/249/317
f 311/333/297 321/239/305 317/338/302
f 314/334/298 318/296/304 321/239/305
f 309/330/292 284/353/268 281/312/264
f 315/332/294 282/314/267 284/315/268
f 289/319/274 319/339/303 316/335/299
f 291/354/275 317/338/302 319/339/303
f 323/340/306 281/312/264 295/321/278
f 290/156/276 296/273/281 283/316/269
f 317/338/302 282/314/267 311/333/297
f 302/325/285 316/335/299 330/345/313
f 303/327/288 324/342/309 297/324/283
f 331/197/316 310/287/295 325/344/311
f 337/355/320 341/260/321 343/75/322
f 338/261/323 341/145/321 340/262/324
f 339/263/325 341/148/321 342/264/326
f 344/265/327 348/266/328 350/267/329
f 345/268/330 348/154/328 347/269/331
f 346/270/332 348/157/328 349/220/333
f 351/356/334 355/90/335 357/272/336
f 352/273/337 355/274/335 354/275/338
f 353/357/339 355/274/335 356/165/340
f 358/278/341 362/279/342 364/168/343
f 359/280/344 362/281/342 361/282/345
f 360/172/346 362/281/342 363/283/347
f 365/284/348 369/285/349 371/286/350
f 366/358/351 369/285/349 368/288/352
f 367/359/353 369/285/349 370/360/354
f 372/361/355 376/292/356 378/362/357
f 373/294/358 376/292/356 375/363/359
f 374/296/360 376/292/356 377/297/361
f 379/298/362 383/299/363 385/364/364
f 380/300/365 383/299/363 382/301/366
f 381/192/367 383/299/363 384/365/368
f 386/366/369 390/367/370 392/368/371
f 387/369/372 390/367/370 389/306/373
f 388/307/374 390/367/370 391/251/375
f 337/355/320 354/132/338 351/356/334
f 343/133/322 352/273/337 354/275/338
f 344/265/327 342/308/326 338/261/323
f 350/203/329 339/263/325 342/264/326
f 345/268/330 364/168/343 349/135/333
f 364/136/343 346/270/332 349/220/333
f 353/357/339 363/283/347 359/280/344
f 356/165/340 360/172/346 363/283/347
f 379/298/362 357/272/336 382/301/366
f 357/309/336 380/300/365 382/301/366
f 358/278/341 392/368/371 361/310/345
f 392/368/371 359/280/344 361/282/345
f 381/192/367 391/251/375 387/369/372
f 384/365/368 388/307/374 391/251/375
f 379/298/362 368/288/352 365/284/348
f 368/288/352 381/192/367 366/358/351
f 386/366/369 378/362/357 389/306/373
f 378/362/357 387/369/372 389/306/373
f 367/359/353 377/297/361 373/294/358
f 370/360/354 374/296/360 377/297/361
f 337/355/320 371/286/350 340/311/324
f 340/262/324 367/359/353 338/261/323
f 345/268/330 375/363/359 372/361/355
f 347/370/331 373/294/358 375/363/359
f 379/298/362 337/355/320 351/356/334
f 346/270/332 352/273/337 339/263/325
f 373/294/358 338/261/323 367/359/353
f 358/278/341 372/361/355 386/366/369
f 359/280/344 380/300/365 353/357/339
f 387/369/372 366/358/351 381/192/367
f 393/371/376 397/313/377 399/143/378
f 394/314/379 397/145/377 396/315/380
f 395/372/381 397/148/377 398/264/382
f 400/317/383 404/318/384 406/216/385
f 401/373/386 404/154/384 403/320/387
f 402/156/388 404/157/384 405/158/389
f 407/321/390 411/90/391 413/322/392
f 408/273/393 411/323/391 410/163/394
f 409/324/395 411/323/391 412/374/396
f 414/325/397 418/326/398 420/168/399
f 415/327/400 418/328/398 417/329/401
f 416/172/402 418/328/398 419/173/403
f 421/330/404 425/331/405 427/332/406
f 422/287/407 425/331/405 424/178/408
f 423/333/409 425/331/405 426/334/410
f 428/335/411 432/336/412 434/113/413
f 429/338/414 432/336/412 431/339/415
f 430/296/416 432/336/412 433/239/417
f 435/375/418 439/341/419 441/242/420
f 436/342/421 439/341/419 438/343/422
f 437/344/423 439/341/419 440/193/424
f 442/345/425 446/346/426 448/347/427
f 443/197/428 446/346/426 445/249/429
f 444/348/430 446/346/426 447/200/431
f 407/321/390 399/143/378 410/132/394
f 399/349/378 408/273/393 410/163/394
f 400/317/383 398/308/382 394/314/379
f 406/203/385 395/372/381 398/264/382
f 401/373/386 420/168/399 405/135/389
f 405/158/389 416/172/402 402/156/388
f 409/324/395 419/173/403 415/327/400
f 412/374/396 416/172/402 419/173/403
f 407/321/390 438/343/422 435/375/418
f 438/343/422 409/324/395 436/342/421
f 442/345/425 417/352/401 414/325/397
f 448/347/427 415/327/400 417/329/401
f 437/344/423 447/200/431 443/197/428
f 440/193/424 444/348/430 447/200/431
f 421/330/404 441/242/420 424/178/408
f 441/242/420 422/287/407 424/178/408
f 428/335/411 445/249/429 442/345/425
f 445/249/429 430/296/416 443/197/428
f 423/333/409 433/239/417 429/338/414
f 426/334/410 430/296/416 433/239/417
f 421/330/404 396/353/380 393/371/376
f 427/332/406 394/314/379 396/315/380
f 401/373/386 431/339/415 428/335/411
f 403/354/387 429/338/414 431/339/415
f 435/375/418 393/371/376 407/321/390
f 402/156/388 408/273/393 395/372/381
f 429/338/414 394/314/379 423/333/409
f 414/325/397 428/335/411 442/345/425
f 415/327/400 436/342/421 409/324/395
f 443/197/428 422/287/407 437/344/423
f 449/1/1 453/2/2 455/3/432
f 450/376/4 453/5/2 452/6/5
f 451/377/6 453/8/2 454/9/7
f 456/378/433 460/11/9 462/12/10
f 457/13/11 460/14/9 459/15/12
f 458/379/434 460/17/9 461/18/435
f 463/380/15 467/20/16 469/21/17
f 464/381/18 467/23/16 466/24/19
f 465/25/20 467/23/16 468/26/21
f 470/382/436 474/28/23 476/29/437
f 471/383/25 474/31/23 473/32/438
f 472/384/439 474/31/23 475/34/28
f 477/35/29 481/385/30 483/37/31
f 478/38/32 481/385/30 480/39/440
f 479/386/34 481/385/30 482/387/35
f 484/388/36 488/43/37 490/44/38
f 485/389/39 488/43/37 487/390/40
f 486/47/41 488/43/37 489/48/42
f 491/49/43 495/391/96 497/51/45
f 492/392/46 495/391/96 494/53/47
f 493/393/48 495/391/96 496/394/49
f 498/395/441 502/57/51 504/58/179
f 499/396/53 502/57/51 501/397/54
f 500/61/55 502/57/51 503/62/56
f 449/1/1 466/63/19 463/380/15
f 455/64/432 464/381/18 466/24/19
f 456/378/433 454/65/7 450/376/4
f 462/66/10 451/377/6 454/9/7
f 470/382/436 461/67/435 457/13/11
f 461/18/435 472/384/439 458/379/434
f 465/25/20 475/34/28 471/383/25
f 468/26/21 472/384/439 475/34/28
f 463/380/15 494/53/47 491/49/43
f 469/69/17 492/392/46 494/53/47
f 498/395/441 473/70/438 470/382/436
f 504/58/179 471/383/25 473/32/438
f 493/393/48 503/62/56 499/396/53
f 496/394/49 500/61/55 503/62/56
f 491/49/43 480/39/440 477/35/29
f 480/39/440 493/393/48 478/38/32
f 484/388/36 501/397/54 498/395/441
f 490/44/38 499/396/53 501/397/54
f 479/386/34 489/48/42 485/389/39
f 482/387/35 486/47/41 489/48/42
f 477/35/29 452/71/5 449/1/1
f 483/37/31 450/376/4 452/6/5
f 457/13/11 487/390/40 484/388/36
f 459/72/12 485/389/39 487/390/40
f 491/49/43 449/1/1 463/380/15
f 458/379/434 464/381/18 451/377/6
f 485/389/39 450/376/4 479/386/34
f 470/382/436 484/388/36 498/395/441
f 471/383/25 492/392/46 465/25/20
f 499/396/53 478/38/32 493/393/48
f 505/73/57 509/74/58 511/75/59
f 506/76/442 509/5/58 508/77/443
f 507/398/444 509/79/58 510/80/63
f 512/399/64 516/82/191 518/83/10
f 513/84/445 516/85/191 515/86/446
f 514/400/68 516/17/191 517/88/157
f 519/89/70 523/90/16 525/91/71
f 520/401/72 523/93/16 522/94/447
f 521/95/74 523/93/16 524/402/21
f 526/96/75 530/97/448 532/98/77
f 527/403/449 530/100/448 529/101/450
f 528/404/451 530/100/448 531/103/452
f 533/104/82 537/105/30 539/106/453
f 534/405/84 537/105/30 536/108/85
f 535/406/454 537/105/30 538/387/87
f 540/111/455 544/112/456 546/337/129
f 541/407/91 544/112/456 543/408/457
f 542/116/93 544/112/456 545/117/94
f 547/409/95 551/119/96 553/120/458
f 548/121/98 551/119/96 550/122/99
f 549/123/100 551/119/96 552/410/101
f 554/125/102 558/411/51 560/412/459
f 555/413/104 558/411/51 557/129/460
f 556/414/461 558/411/51 559/131/107
f 505/73/57 522/132/447 519/89/70
f 511/133/59 520/401/72 522/94/447
f 512/399/64 510/134/63 506/76/442
f 518/66/10 507/398/444 510/80/63
f 526/96/75 517/135/157 513/84/445
f 532/136/77 514/400/68 517/88/157
f 521/95/74 531/103/452 527/403/449
f 524/402/21 528/404/451 531/103/452
f 547/409/95 525/91/71 550/122/99
f 525/137/71 548/121/98 550/122/99
f 554/125/102 529/138/450 526/96/75
f 560/412/459 527/403/449 529/101/450
f 549/123/100 559/131/107 555/413/104
f 552/410/101 556/414/461 559/131/107
f 547/409/95 536/108/85 533/104/82
f 553/120/458 534/405/84 536/108/85
f 540/111/455 557/129/460 554/125/102
f 546/337/129 555/413/104 557/129/460
f 535/406/454 545/117/94 541/407/91
f 538/387/87 542/116/93 545/117/94
f 533/104/82 508/139/443 505/73/57
f 539/106/453 506/76/442 508/77/443
f 513/84/445 543/408/457 540/111/455
f 515/140/446 541/407/91 543/408/457
f 547/409/95 505/73/57 519/89/70
f 514/400/68 520/401/72 507/398/444
f 541/407/91 506/76/442 535/406/454
f 526/96/75 540/111/455 554/125/102
f 527/403/449 548/121/98 521/95/74
f 555/413/104 534/405/84 549/123/100
f 561/141/147 565/142/58 567/143/462
f 562/415/149 565/145/58 564/146/463
f 563/263/151 565/148/58 566/149/152
f 568/416/158 572/151/65 574/152/464
f 569/153/153 572/154/65 571/155/465
f 570/270/466 572/157/65 573/158/467
f 575/159/468 579/90/16 581/160/136
f 576/161/469 579/162/16 578/163/470
f 577/417/139 579/162/16 580/165/471
f 582/166/141 586/167/76 588/168/77
f 583/418/472 586/170/76 585/171/473
f 584/172/145 586/170/76 587/173/474
f 589/174/475 593/175/30 595/176/122
f 590/177/123 593/175/30 592/178/476
f 591/419/125 593/175/30 594/180/477
f 596/420/127 600/421/128 602/362/129
f 597/184/130 600/421/128 599/422/131
f 598/296/132 600/421/128 601/187/478
f 603/423/108 607/189/96 609/120/479
f 604/424/110 607/189/96 606/191/480
f 605/192/112 607/189/96 608/245/113
f 610/425/117 614/195/481 616/426/482
f 611/369/483 614/195/481 613/306/460
f 612/199/114 614/195/481 615/200/484
f 561/141/147 578/132/470 575/159/468
f 567/201/462 576/161/469 578/163/470
f 568/416/158 566/202/152 562/415/149
f 574/203/464 563/263/151 566/149/152
f 582/166/141 573/135/467 569/153/153
f 588/204/77 570/270/466 573/158/467
f 577/417/139 587/173/474 583/418/472
f 580/165/471 584/172/145 587/173/474
f 575/159/468 606/191/480 603/423/108
f 581/205/136 604/424/110 606/191/480
f 610/425/117 585/206/473 582/166/141
f 616/426/482 583/418/472 585/171/473
f 605/192/112 615/200/484 611/369/483
f 608/245/113 612/199/114 615/200/484
f 603/423/108 592/178/476 589/174/475
f 609/120/479 590/177/123 592/178/476
f 596/420/127 613/306/460 610/425/117
f 602/362/129 611/369/483 613/306/460
f 591/419/125 601/187/478 597/184/130
f 594/180/477 598/296/132 601/187/478
f 589/174/475 564/207/463 561/141/147
f 595/176/122 562/415/149 564/146/463
f 569/153/153 599/422/131 596/420/127
f 571/208/465 597/184/130 599/422/131
f 603/423/108 561/141/147 575/159/468
f 570/270/466 576/161/469 563/263/151
f 597/184/130 562/415/149 591/419/125
f 582/166/141 596/420/127 610/425/117
f 583/418/472 604/424/110 577/417/139
f 611/369/483 590/177/123 605/192/112
f 617/209/485 621/210/486 623/75/198
f 618/211/199 621/145/486 620/212/487
f 619/213/201 621/148/486 622/149/126
f 624/214/206 628/215/456 630/216/488
f 625/217/203 628/154/456 627/218/489
f 626/219/490 628/157/456 629/220/491
f 631/427/184 635/90/58 637/222/492
f 632/161/186 635/223/58 634/224/187
f 633/225/188 635/223/58 636/165/493
f 638/428/190 642/227/494 644/168/192
f 639/429/193 642/229/494 641/230/495
f 640/172/195 642/229/494 643/173/159
f 645/430/172 649/232/96 651/233/496
f 646/177/174 649/232/96 648/178/175
f 647/431/497 649/232/96 650/180/498
f 652/235/499 656/236/481 658/183/52
f 653/237/500 656/236/481 655/238/501
f 654/186/182 656/236/481 657/239/502
f 659/240/503 663/241/504 665/242/161
f 660/243/162 663/241/504 662/244/505
f 661/192/506 663/241/504 664/245/507
f 666/246/508 670/247/509 672/248/510
f 667/197/511 670/247/509 669/249/26
f 668/250/166 670/247/509 671/251/512
f 617/209/485 634/132/187 631/427/184
f 623/252/198 632/161/186 634/224/187
f 624/214/206 622/202/126 618/211/199
f 630/203/488 619/213/201 622/149/126
f 638/428/190 629/253/491 625/217/203
f 644/254/192 626/219/490 629/220/491
f 633/225/188 643/173/159 639/429/193
f 636/165/493 640/172/195 643/173/159
f 631/427/184 662/244/505 659/240/503
f 637/255/492 660/243/162 662/244/505
f 666/246/508 641/256/495 638/428/190
f 672/248/510 639/429/193 641/230/495
f 667/197/511 664/245/507 671/251/512
f 664/245/507 668/250/166 671/251/512
f 659/240/503 648/178/175 645/430/172
f 665/242/161 646/177/174 648/178/175
f 666/246/508 658/183/52 669/249/26
f 658/183/52 667/197/511 669/249/26
f 653/237/500 650/180/498 657/239/502
f 650/180/498 654/186/182 657/239/502
f 645/430/172 620/257/487 617/209/485
f 651/233/496 618/211/199 620/212/487
f 625/217/203 655/238/501 652/235/499
f 627/258/489 653/237/500 655/238/501
f 659/240/503 617/209/485 631/427/184
f 626/219/490 632/161/186 619/213/201
f 653/237/500 618/211/199 647/431/497
f 638/428/190 652/235/499 666/246/508
f 639/429/193 660/243/162 633/225/188
f 667/197/511 646/177/174 661/192/506
f 673/259/513 677/260/363 679/75/514
f 674/261/365 677/145/363 676/262/515
f 675/263/516 677/148/363 678/264/368
f 680/265/374 684/266/370 686/267/517
f 681/268/518 684/154/370 683/269/519
f 682/270/520 684/157/370 685/220/521
f 687/432/522 691/90/523 693/272/524
f 688/273/351 691/274/523 690/275/525
f 689/357/526 691/274/523 692/277/527
f 694/278/355 698/279/528 700/168/529
f 695/433/358 698/281/528 697/282/359
f 696/172/360 698/281/528 699/283/361
f 701/284/530 705/285/335 707/286/531
f 702/434/337 705/285/335 704/288/532
f 703/289/339 705/285/335 706/290/533
f 708/291/534 712/292/535 714/435/343
f 709/436/344 712/292/535 711/295/536
f 710/296/346 712/292/535 713/297/537
f 715/298/538 719/299/321 721/120/539
f 716/300/540 719/299/321 718/301/541
f 717/192/325 719/299/321 720/302/326
f 722/303/542 726/304/328 728/305/543
f 723/197/544 726/304/328 725/306/545
f 724/307/327 726/304/328 727/251/546
f 673/259/513 690/132/525 687/432/522
f 690/275/525 675/263/516 688/273/351
f 680/265/374 678/308/368 674/261/365
f 686/203/517 675/263/516 678/264/368
f 681/268/518 700/168/529 685/135/521
f 700/136/529 682/270/520 685/220/521
f 689/357/526 699/283/361 695/433/358
f 692/277/527 696/172/360 699/283/361
f 687/432/522 718/301/541 715/298/538
f 693/309/524 716/300/540 718/301/541
f 722/303/542 697/310/359 694/278/355
f 728/305/543 695/433/358 697/282/359
f 717/192/325 727/251/546 723/197/544
f 720/302/326 724/307/327 727/251/546
f 715/298/538 704/288/532 701/284/530
f 721/120/539 702/434/337 704/288/532
f 722/303/542 714/435/343 725/306/545
f 714/435/343 723/197/544 725/306/545
f 703/289/339 713/297/537 709/436/344
f 706/290/533 710/296/346 713/297/537
f 701/284/530 676/311/515 673/259/513
f 707/286/531 674/261/365 676/262/515
f 681/268/518 711/295/536 708/291/534
f 683/370/519 709/436/344 711/295/536
f 687/432/522 701/284/530 673/259/513
f 682/270/520 688/273/351 675/263/516
f 709/436/344 674/261/365 703/289/339
f 722/303/542 681/268/518 708/291/534
f 695/433/358 716/300/540 689/357/526
f 723/197/544 702/434/337 717/192/325
f 729/437/547 733/313/548 735/143/549
f 730/314/550 733/145/548 732/315/551
f 731/316/423 733/148/548 734/264/424
f 736/317/430 740/318/552 742/216/553
f 737/373/554 740/154/552 739/320/555
f 738/156/428 740/157/552 741/158/556
f 743/321/557 747/90/405 749/322/558
f 744/273/407 747/323/405 746/163/408
f 745/438/559 747/323/405 748/374/560
f 750/439/561 754/326/412 756/168/562
f 751/327/563 754/328/412 753/329/564
f 752/172/416 754/328/412 755/173/565
f 757/330/566 761/331/567 763/332/568
f 758/287/393 761/331/567 760/178/569
f 759/440/570 761/331/567 762/334/571
f 764/441/397 768/336/398 770/337/572
f 765/338/400 768/336/398 767/442/401
f 766/296/402 768/336/398 769/239/573
f 771/443/574 775/341/575 777/242/576
f 772/342/379 775/341/575 774/343/577
f 773/344/578 775/341/575 776/302/579
f 778/444/580 782/445/581 784/446/582
f 779/197/583 782/445/581 781/129/584
f 780/348/585 782/445/581 783/200/586
f 743/321/557 735/143/549 746/132/408
f 735/349/549 744/273/407 746/163/408
f 736/317/430 734/308/424 730/314/550
f 742/203/553 731/316/423 734/264/424
f 750/439/561 741/135/556 737/373/554
f 741/158/556 752/172/416 738/156/428
f 745/438/559 755/173/565 751/327/563
f 748/374/560 752/172/416 755/173/565
f 771/443/574 749/322/558 774/343/577
f 749/351/558 772/342/379 774/343/577
f 778/444/580 753/352/564 750/439/561
f 753/329/564 780/348/585 751/327/563
f 773/344/578 783/200/586 779/197/583
f 776/302/579 780/348/585 783/200/586
f 771/443/574 760/178/569 757/330/566
f 777/242/576 758/287/393 760/178/569
f 764/441/397 781/129/584 778/444/580
f 781/129/584 766/296/402 779/197/583
f 759/440/570 769/239/573 765/338/400
f 762/334/571 766/296/402 769/239/573
f 729/437/547 763/332/568 732/353/551
f 763/332/568 730/314/550 732/315/551
f 737/373/554 767/442/401 764/441/397
f 739/354/555 765/338/400 767/442/401
f 771/443/574 729/437/547 743/321/557
f 738/156/428 744/273/407 731/316/423
f 765/338/400 730/314/550 759/440/570
f 778/444/580 737/373/554 764/441/397
f 751/327/563 772/342/379 745/438/559
f 779/197/583 758/287/393 773/344/578
f 785/355/250 789/260/251 791/75/587
f 786/261/253 789/145/251 788/262/254
f 787/263/255 789/148/251 790/264/256
f 792/265/588 796/266/258 798/267/589
f 793/268/590 796/154/258 795/269/591
f 794/270/260 796/157/258 797/220/592
f 799/356/593 803/90/237 805/272/238
f 800/273/594 803/274/237 802/275/595
f 801/357/241 803/274/237 804/165/242
f 806/278/596 810/279/244 812/168/597
f 807/280/598 810/281/244 809/282/599
f 808/172/600 810/281/244 811/283/249
f 813/284/222 817/285/223 819/286/224
f 814/358/225 817/285/223 816/288/601
f 815/359/602 817/285/223 818/360/603
f 820/361/604 824/292/605 826/337/606
f 821/294/607 824/292/605 823/363/608
f 822/447/609 824/292/605 825/297/235
f 827/298/610 831/299/611 833/364/612
f 828/300/613 831/299/611 830/301/614
f 829/192/615 831/299/611 832/365/214
f 834/366/616 838/367/617 840/368/618
f 835/369/220 838/367/617 837/306/619
f 836/307/620 838/367/617 839/251/621
f 799/356/593 791/75/587 802/132/595
f 791/133/587 800/273/594 802/275/595
f 792/265/588 790/308/256 786/261/253
f 798/203/589 787/263/255 790/264/256
f 793/268/590 812/168/597 797/135/592
f 812/136/597 794/270/260 797/220/592
f 801/357/241 811/283/249 807/280/598
f 804/165/242 808/172/600 811/283/249
f 799/356/593 830/301/614 827/298/610
f 805/309/238 828/300/613 830/301/614
f 806/278/596 840/368/618 809/310/599
f 840/368/618 807/280/598 809/282/599
f 829/192/615 839/251/621 835/369/220
f 832/365/214 836/307/620 839/251/621
f 827/298/610 816/288/601 813/284/222
f 816/288/601 829/192/615 814/358/225
f 820/361/604 837/306/619 834/366/616
f 826/337/606 835/369/220 837/306/619
f 815/359/602 825/297/235 821/294/607
f 818/360/603 822/447/609 825/297/235
f 785/355/250 819/286/224 788/311/254
f 819/286/224 786/261/253 788/262/254
f 793/268/590 823/363/608 820/361/604
f 795/370/591 821/294/607 823/363/608
f 827/298/610 785/355/250 799/356/593
f 794/270/260 800/273/594 787/263/255
f 821/294/607 786/261/253 815/359/602
f 806/278/596 820/361/604 834/366/616
f 807/280/598 828/300/613 801/357/241
f 835/369/220 814/358/225 829/192/615
f 841/312/622 845/313/307 847/143/623
f 842/314/309 845/145/307 844/315/624
f 843/372/311 845/148/307 846/264/625
f 848/317/318 852/318/626 854/216/627
f 849/373/628 852/154/626 851/320/629
f 850/448/316 852/157/626 853/158/317
f 855/321/630 859/90/293 861/322/631
f 856/273/632 859/323/293 858/163/633
f 857/324/297 859/323/293 860/374/298
f 862/325/634 866/326/635 868/168/636
f 863/327/637 866/328/635 865/329/638
f 864/172/639 866/328/635 867/173/305
f 869/330/640 873/331/641 875/332/642
f 870/287/643 873/331/641 872/178/644
f 871/449/283 873/331/641 874/334/645
f 876/335/646 880/336/647 882/337/648
f 877/338/288 880/336/647 879/339/649
f 878/296/650 880/336/647 881/239/291
f 883/340/651 887/341/265 889/242/652
f 884/342/267 887/341/265 886/343/268
f 885/344/269 887/341/265 888/193/653
f 890/345/654 894/346/655 896/347/656
f 891/197/276 894/346/655 893/249/657
f 892/348/658 894/346/655 895/200/659
f 841/312/622 858/132/633 855/321/630
f 858/163/633 843/372/311 856/273/632
f 848/317/318 846/308/625 842/314/309
f 854/203/627 843/372/311 846/264/625
f 849/373/628 868/168/636 853/135/317
f 868/350/636 850/448/316 853/158/317
f 857/324/297 867/173/305 863/327/637
f 860/374/298 864/172/639 867/173/305
f 855/321/630 886/343/268 883/340/651
f 861/351/631 884/342/267 886/343/268
f 890/345/654 865/352/638 862/325/634
f 865/329/638 892/348/658 863/327/637
f 885/344/269 895/200/659 891/197/276
f 888/193/653 892/348/658 895/200/659
f 883/340/651 872/178/644 869/330/640
f 889/242/652 870/287/643 872/178/644
f 890/345/654 882/337/648 893/249/657
f 882/337/648 891/197/276 893/249/657
f 871/449/283 881/239/291 877/338/288
f 874/334/645 878/296/650 881/239/291
f 869/330/640 844/353/624 841/312/622
f 875/332/642 842/314/309 844/315/624
f 876/335/646 851/320/629 879/339/649
f 851/354/629 877/338/288 879/339/649
f 855/321/630 869/330/640 841/312/622
f 850/448/316 856/273/632 843/372/311
f 877/338/288 842/314/309 871/449/283
f 862/325/634 876/335/646 890/345/654
f 863/327/637 884/342/267 857/324/297
f 891/197/276 870/287/643 885/344/269
f 1/1/1 4/71/5 5/2/2
f 2/4/4 6/65/7 5/5/2
f 3/7/6 7/64/3 5/8/2
f 8/10/8 11/72/12 12/11/9
f 9/13/11 13/67/14 12/14/9
f 10/16/13 14/66/10 12/17/9
f 15/19/15 18/63/19 19/20/16
f 16/22/18 20/26/21 19/23/16
f 17/25/20 21/69/17 19/23/16
f 22/27/22 25/70/26 26/28/23
f 23/30/25 27/34/28 26/31/23
f 24/33/27 28/68/24 26/31/23
f 29/35/29 32/39/33 33/36/30
f 30/38/32 34/41/35 33/36/30
f 31/40/34 35/37/31 33/36/30
f 36/42/36 39/46/40 40/43/37
f 37/45/39 41/48/42 40/43/37
f 38/47/41 42/44/38 40/43/37
f 43/49/43 46/53/47 47/50/44
f 44/52/46 48/55/49 47/50/44
f 45/54/48 49/51/45 47/50/44
f 50/56/50 53/60/54 54/57/51
f 51/59/53 55/62/56 54/57/51
f 52/61/55 56/58/52 54/57/51
f 1/1/1 7/3/3 18/63/19
f 7/64/3 3/7/6 16/22/18
f 8/10/8 14/12/10 6/65/7
f 14/66/10 10/16/13 3/7/6
f 22/27/22 28/29/24 13/67/14
f 28/68/24 24/33/27 10/16/13
f 17/25/20 20/26/21 27/34/28
f 20/26/21 16/22/18 24/33/27
f 15/19/15 21/21/17 46/53/47
f 21/69/17 17/25/20 44/52/46
f 22/27/22 50/56/50 56/58/52
f 56/58/52 52/61/55 23/30/25
f 45/54/48 48/55/49 55/62/56
f 48/55/49 44/52/46 52/61/55
f 43/49/43 49/51/45 32/39/33
f 32/39/33 49/51/45 45/54/48
f 36/42/36 42/44/38 53/60/54
f 42/44/38 38/47/41 51/59/53
f 31/40/34 34/41/35 41/48/42
f 34/41/35 30/38/32 38/47/41
f 29/35/29 35/37/31 4/71/5
f 35/37/31 31/40/34 2/4/4
f 9/13/11 11/15/12 39/46/40
f 11/72/12 8/10/8 37/45/39
f 43/49/43 29/35/29 1/1/1
f 10/16/13 24/33/27 16/22/18
f 37/45/39 8/10/8 2/4/4
f 22/27/22 9/13/11 36/42/36
f 23/30/25 52/61/55 44/52/46
f 51/59/53 38/47/41 30/38/32
f 57/73/57 60/139/61 61/74/58
f 58/76/60 62/134/63 61/5/58
f 59/78/62 63/133/59 61/79/58
f 64/81/64 67/140/67 68/82/65
f 65/84/66 69/135/69 68/85/65
f 66/87/68 70/66/10 68/17/65
f 71/89/70 74/132/73 75/90/16
f 72/92/72 76/26/21 75/93/16
f 73/95/74 77/137/71 75/93/16
f 78/96/75 81/138/79 82/97/76
f 79/99/78 83/103/81 82/100/76
f 80/102/80 84/136/77 82/100/76
f 85/104/82 88/108/85 89/105/30
f 86/107/84 90/110/87 89/105/30
f 87/109/86 91/106/83 89/105/30
f 92/111/88 95/115/92 96/112/89
f 93/114/91 97/117/94 96/112/89
f 94/116/93 98/113/90 96/112/89
f 99/118/95 102/122/99 103/119/96
f 100/121/98 104/124/101 103/119/96
f 101/123/100 105/120/97 103/119/96
f 106/125/102 109/129/105 110/126/51
f 107/128/104 111/131/107 110/126/51
f 108/130/106 112/127/103 110/126/51
f 57/73/57 63/75/59 74/132/73
f 63/133/59 59/78/62 72/92/72
f 64/81/64 70/83/10 62/134/63
f 70/66/10 66/87/68 59/78/62
f 78/96/75 84/98/77 69/135/69
f 84/136/77 80/102/80 66/87/68
f 73/95/74 76/26/21 83/103/81
f 76/26/21 72/92/72 80/102/80
f 99/118/95 71/89/70 77/91/71
f 77/137/71 73/95/74 100/121/98
f 106/125/102 112/127/103 81/138/79
f 81/101/79 112/127/103 108/130/106
f 101/123/100 104/124/101 111/131/107
f 104/124/101 100/121/98 108/130/106
f 99/118/95 105/120/97 88/108/85
f 105/120/97 101/123/100 86/107/84
f 92/111/88 98/113/90 109/129/105
f 98/113/90 94/116/93 107/128/104
f 87/109/86 90/110/87 97/117/94
f 90/110/87 86/107/84 94/116/93
f 85/104/82 91/106/83 60/139/61
f 60/77/61 91/106/83 87/109/86
f 92/111/88 65/84/66 67/86/67
f 67/140/67 64/81/64 93/114/91
f 99/118/95 85/104/82 57/73/57
f 66/87/68 80/102/80 72/92/72
f 93/114/91 64/81/64 58/76/60
f 78/96/75 65/84/66 92/111/88
f 79/99/78 108/130/106 100/121/98
f 107/128/104 94/116/93 86/107/84
f 113/141/108 116/207/111 117/142/109
f 114/144/110 118/202/113 117/145/109
f 115/147/112 119/201/97 117/148/109
f 120/150/114 123/208/118 124/151/115
f 121/153/117 125/135/120 124/154/115
f 122/156/119 126/203/116 124/157/115
f 127/159/121 130/132/124 131/90/30
f 128/161/123 132/165/126 131/162/30
f 129/164/125 133/205/122 131/162/30
f 134/166/127 137/206/131 138/167/128
f 135/169/130 139/173/133 138/170/128
f 136/172/132 140/204/129 138/170/128
f 141/174/134 144/178/138 145/175/135
f 142/177/137 146/180/140 145/175/135
f 143/179/139 147/176/136 145/175/135
f 148/181/141 151/185/144 152/182/142
f 149/184/143 153/187/146 152/182/142
f 150/186/145 154/183/77 152/182/142
f 155/188/147 158/191/150 159/189/148
f 156/190/149 160/193/152 159/189/148
f 157/192/151 161/120/59 159/189/148
f 162/194/153 165/198/157 166/195/154
f 163/197/156 167/200/159 166/195/154
f 164/199/158 168/196/155 166/195/154
f 113/141/108 119/143/97 130/132/124
f 119/201/97 115/147/112 128/161/123
f 120/150/114 126/152/116 118/202/113
f 126/203/116 122/156/119 115/147/112
f 134/166/127 140/168/129 125/135/120
f 140/204/129 136/172/132 122/156/119
f 129/164/125 132/165/126 139/173/133
f 132/165/126 128/161/123 136/172/132
f 127/159/121 133/160/122 158/191/150
f 133/205/122 129/164/125 156/190/149
f 162/194/153 168/196/155 137/206/131
f 168/196/155 164/199/158 135/169/130
f 157/192/151 160/193/152 167/200/159
f 160/193/152 156/190/149 164/199/158
f 155/188/147 161/120/59 144/178/138
f 161/120/59 157/192/151 142/177/137
f 148/181/141 154/183/77 165/198/157
f 154/183/77 150/186/145 163/197/156
f 143/179/139 146/180/140 153/187/146
f 146/180/140 142/177/137 150/186/145
f 141/174/134 147/176/136 116/207/111
f 147/176/136 143/179/139 114/144/110
f 121/153/117 123/155/118 151/185/144
f 123/208/118 120/150/114 149/184/143
f 155/188/147 141/174/134 113/141/108
f 122/156/119 136/172/132 128/161/123
f 149/184/143 120/150/114 114/144/110
f 134/166/127 121/153/117 148/181/141
f 135/169/130 164/199/158 156/190/149
f 163/197/156 150/186/145 142/177/137
f 169/209/160 172/257/163 173/210/16
f 170/211/162 174/202/165 173/145/16
f 171/213/164 175/252/161 173/148/16
f 176/214/166 179/258/169 180/215/23
f 177/217/168 181/253/171 180/154/23
f 178/219/170 182/203/167 180/157/23
f 183/221/172 186/132/175 187/90/44
f 184/161/174 188/165/177 187/223/44
f 185/225/176 189/255/173 187/223/44
f 190/226/178 193/256/181 194/227/51
f 191/228/180 195/173/183 194/229/51
f 192/172/182 196/254/179 194/229/51
f 197/231/184 200/178/187 201/232/58
f 198/177/186 202/180/189 201/232/58
f 199/234/188 203/233/185 201/232/58
f 204/235/190 207/238/194 208/236/191
f 205/237/193 209/239/196 208/236/191
f 206/186/195 210/183/192 208/236/191
f 211/240/197 214/244/200 215/241/30
f 212/243/199 216/245/202 215/241/30
f 213/192/201 217/242/198 215/241/30
f 218/246/203 221/249/40 222/247/128
f 219/197/205 223/251/207 222/247/128
f 220/250/206 224/248/204 222/247/128
f 169/209/160 175/75/161 186/132/175
f 175/252/161 171/213/164 184/161/174
f 176/214/166 182/216/167 174/202/165
f 182/203/167 178/219/170 171/213/164
f 190/226/178 196/168/179 181/253/171
f 196/254/179 192/172/182 178/219/170
f 185/225/176 188/165/177 195/173/183
f 188/165/177 184/161/174 192/172/182
f 183/221/172 189/222/173 214/244/200
f 189/255/173 185/225/176 212/243/199
f 218/246/203 224/248/204 193/256/181
f 224/248/204 220/250/206 191/228/180
f 213/192/201 216/245/202 223/251/207
f 216/245/202 212/243/199 220/250/206
f 211/240/197 217/242/198 200/178/187
f 217/242/198 213/192/201 198/177/186
f 204/235/190 210/183/192 221/249/40
f 210/183/192 206/186/195 219/197/205
f 199/234/188 202/180/189 209/239/196
f 202/180/189 198/177/186 206/186/195
f 197/231/184 203/233/185 172/257/163
f 203/233/185 199/234/188 170/211/162
f 177/217/168 179/218/169 207/238/194
f 179/258/169 176/214/166 205/237/193
f 211/240/197 197/231/184 169/209/160
f 178/219/170 192/172/182 184/161/174
f 205/237/193 176/214/166 170/211/162
f 190/226/178 177/217/168 204/235/190
f 191/228/180 220/250/206 212/243/199
f 219/197/205 206/186/195 198/177/186
f 225/259/208 228/311/212 229/260/209
f 226/261/211 230/308/214 229/145/209
f 227/263/213 231/133/210 229/148/209
f 232/265/215 235/370/219 236/266/216
f 233/268/218 237/135/221 236/154/216
f 234/270/220 238/203/217 236/157/216
f 239/271/222 242/132/226 243/90/223
f 240/273/225 244/277/228 243/274/223
f 241/276/227 245/309/224 243/274/223
f 246/278/229 249/310/233 250/279/230
f 247/280/232 251/283/235 250/281/230
f 248/172/234 252/136/231 250/281/230
f 253/284/236 256/288/240 257/285/237
f 254/287/239 258/290/242 257/285/237
f 255/289/241 259/286/238 257/285/237
f 260/291/243 263/295/247 264/292/244
f 261/294/246 265/297/249 264/292/244
f 262/296/248 266/293/245 264/292/244
f 267/298/250 270/301/254 271/299/251
f 268/300/253 272/302/256 271/299/251
f 269/192/255 273/120/252 271/299/251
f 274/303/257 277/306/261 278/304/258
f 275/197/260 279/251/263 278/304/258
f 276/307/262 280/305/259 278/304/258
f 239/271/222 225/259/208 231/75/210
f 231/133/210 227/263/213 240/273/225
f 232/265/215 238/267/217 230/308/214
f 238/203/217 234/270/220 227/263/213
f 246/278/229 252/168/231 237/135/221
f 252/136/231 248/172/234 234/270/220
f 241/276/227 244/277/228 251/283/235
f 244/277/228 240/273/225 248/172/234
f 267/298/250 239/271/222 245/272/224
f 245/309/224 241/276/227 268/300/253
f 274/303/257 280/305/259 249/310/233
f 249/282/233 280/305/259 276/307/262
f 269/192/255 272/302/256 279/251/263
f 272/302/256 268/300/253 276/307/262
f 253/284/236 267/298/250 273/120/252
f 273/120/252 269/192/255 254/287/239
f 260/291/243 266/293/245 277/306/261
f 277/306/261 266/293/245 262/296/248
f 255/289/241 258/290/242 265/297/249
f 258/290/242 254/287/239 262/296/248
f 253/284/236 259/286/238 228/311/212
f 259/286/238 255/289/241 226/261/211
f 233/268/218 235/269/219 263/295/247
f 263/295/247 235/370/219 232/265/215
f 239/271/222 267/298/250 253/284/236
f 234/270/220 248/172/234 240/273/225
f 261/294/246 232/265/215 226/261/211
f 274/303/257 246/278/229 233/268/218
f 247/280/232 276/307/262 268/300/253
f 275/197/260 262/296/248 254/287/239
f 281/312/264 284/353/268 285/313/265
f 282/314/267 286/308/270 285/145/265
f 283/316/269 287/349/266 285/148/265
f 288/317/271 291/354/275 292/318/272
f 289/319/274 293/135/277 292/154/272
f 290/156/276 294/203/273 292/157/272
f 295/321/278 298/132/282 299/90/279
f 296/273/281 300/165/284 299/323/279
f 297/324/283 301/351/280 299/323/279
f 302/325/285 305/352/289 306/326/286
f 303/327/288 307/173/291 306/328/286
f 304/172/290 308/350/287 306/328/286
f 309/330/292 312/178/296 313/331/293
f 310/287/295 314/334/298 313/331/293
f 311/333/297 315/332/294 313/331/293
f 316/335/299 319/339/303 320/336/300
f 317/338/302 321/239/305 320/336/300
f 318/296/304 322/337/301 320/336/300
f 323/340/306 326/343/310 327/341/307
f 324/342/309 328/193/312 327/341/307
f 325/344/311 329/242/308 327/341/307
f 330/345/313 333/249/317 334/346/314
f 331/197/316 335/200/319 334/346/314
f 332/348/318 336/347/315 334/346/314
f 295/321/278 281/312/264 287/143/266
f 287/349/266 283/316/269 296/273/281
f 288/317/271 294/216/273 286/308/270
f 294/203/273 290/156/276 283/316/269
f 302/325/285 308/168/287 293/135/277
f 308/350/287 304/172/290 290/156/276
f 297/324/283 300/165/284 307/173/291
f 300/165/284 296/273/281 304/172/290
f 295/321/278 301/322/280 326/343/310
f 301/351/280 297/324/283 324/342/309
f 330/345/313 336/347/315 305/352/289
f 336/347/315 332/348/318 303/327/288
f 325/344/311 328/193/312 335/200/319
f 328/193/312 324/342/309 332/348/318
f 323/340/306 329/242/308 312/178/296
f 312/178/296 329/242/308 325/344/311
f 330/345/313 316/335/299 322/337/301
f 322/337/301 318/296/304 331/197/316
f 311/333/297 314/334/298 321/239/305
f 314/334/298 310/287/295 318/296/304
f 309/330/292 315/332/294 284/353/268
f 315/332/294 311/333/297 282/314/267
f 289/319/274 291/320/275 319/339/303
f 291/354/275 288/317/271 317/338/302
f 323/340/306 309/330/292 281/312/264
f 290/156/276 304/172/290 296/273/281
f 317/338/302 288/317/271 282/314/267
f 302/325/285 289/319/274 316/335/299
f 303/327/288 332/348/318 324/342/309
f 331/197/316 318/296/304 310/287/295
f 337/355/320 340/311/324 341/260/321
f 338/261/323 342/308/326 341/145/321
f 339/263/325 343/133/322 341/148/321
f 344/265/327 347/370/331 348/266/328
f 345/268/330 349/135/333 348/154/328
f 346/270/332 350/203/329 348/157/328
f 351/356/334 354/132/338 355/90/335
f 352/273/337 356/165/340 355/274/335
f 353/357/339 357/309/336 355/274/335
f 358/278/341 361/310/345 362/279/342
f 359/280/344 363/283/347 362/281/342
f 360/172/346 364/136/343 362/281/342
f 365/284/348 368/288/352 369/285/349
f 366/358/351 370/360/354 369/285/349
f 367/359/353 371/286/350 369/285/349
f 372/361/355 375/363/359 376/292/356
f 373/294/358 377/297/361 376/292/356
f 374/296/360 378/362/357 376/292/356
f 379/298/362 382/301/366 383/299/363
f 380/300/365 384/365/368 383/299/363
f 381/192/367 385/364/364 383/299/363
f 386/366/369 389/306/373 390/367/370
f 387/369/372 391/251/375 390/367/370
f 388/307/374 392/368/371 390/367/370
f 337/355/320 343/75/322 354/132/338
f 343/133/322 339/263/325 352/273/337
f 344/265/327 350/267/329 342/308/326
f 350/203/329 346/270/332 339/263/325
f 345/268/330 358/278/341 364/168/343
f 364/136/343 360/172/346 346/270/332
f 353/357/339 356/165/340 363/283/347
f 356/165/340 352/273/337 360/172/346
f 379/298/362 351/356/334 357/272/336
f 357/309/336 353/357/339 380/300/365
f 358/278/341 386/366/369 392/368/371
f 392/368/371 388/307/374 359/280/344
f 381/192/367 384/365/368 391/251/375
f 384/365/368 380/300/365 388/307/374
f 379/298/362 385/364/364 368/288/352
f 368/288/352 385/364/364 381/192/367
f 386/366/369 372/361/355 378/362/357
f 378/362/357 374/296/360 387/369/372
f 367/359/353 370/360/354 377/297/361
f 370/360/354 366/358/351 374/296/360
f 337/355/320 365/284/348 371/286/350
f 340/262/324 371/286/350 367/359/353
f 345/268/330 347/269/331 375/363/359
f 347/370/331 344/265/327 373/294/358
f 379/298/362 365/284/348 337/355/320
f 346/270/332 360/172/346 352/273/337
f 373/294/358 344/265/327 338/261/323
f 358/278/341 345/268/330 372/361/355
f 359/280/344 388/307/374 380/300/365
f 387/369/372 374/296/360 366/358/351
f 393/371/376 396/353/380 397/313/377
f 394/314/379 398/308/382 397/145/377
f 395/372/381 399/349/378 397/148/377
f 400/317/383 403/354/387 404/318/384
f 401/373/386 405/135/389 404/154/384
f 402/156/388 406/203/385 404/157/384
f 407/321/390 410/132/394 411/90/391
f 408/273/393 412/374/396 411/323/391
f 409/324/395 413/351/392 411/323/391
f 414/325/397 417/352/401 418/326/398
f 415/327/400 419/173/403 418/328/398
f 416/172/402 420/350/399 418/328/398
f 421/330/404 424/178/408 425/331/405
f 422/287/407 426/334/410 425/331/405
f 423/333/409 427/332/406 425/331/405
f 428/335/411 431/339/415 432/336/412
f 429/338/414 433/239/417 432/336/412
f 430/296/416 434/113/413 432/336/412
f 435/375/418 438/343/422 439/341/419
f 436/342/421 440/193/424 439/341/419
f 437/344/423 441/242/420 439/341/419
f 442/345/425 445/249/429 446/346/426
f 443/197/428 447/200/431 446/346/426
f 444/348/430 448/347/427 446/346/426
f 407/321/390 393/371/376 399/143/378
f 399/349/378 395/372/381 408/273/393
f 400/317/383 406/216/385 398/308/382
f 406/203/385 402/156/388 395/372/381
f 401/373/386 414/325/397 420/168/399
f 405/158/389 420/350/399 416/172/402
f 409/324/395 412/374/396 419/173/403
f 412/374/396 408/273/393 416/172/402
f 407/321/390 413/322/392 438/343/422
f 438/343/422 413/351/392 409/324/395
f 442/345/425 448/347/427 417/352/401
f 448/347/427 444/348/430 415/327/400
f 437/344/423 440/193/424 447/200/431
f 440/193/424 436/342/421 444/348/430
f 421/330/404 435/375/418 441/242/420
f 441/242/420 437/344/423 422/287/407
f 428/335/411 434/113/413 445/249/429
f 445/249/429 434/113/413 430/296/416
f 423/333/409 426/334/410 433/239/417
f 426/334/410 422/287/407 430/296/416
f 421/330/404 427/332/406 396/353/380
f 427/332/406 423/333/409 394/314/379
f 401/373/386 403/320/387 431/339/415
f 403/354/387 400/317/383 429/338/414
f 435/375/418 421/330/404 393/371/376
f 402/156/388 416/172/402 408/273/393
f 429/338/414 400/317/383 394/314/379
f 414/325/397 401/373/386 428/335/411
f 415/327/400 444/348/430 436/342/421
f 443/197/428 430/296/416 422/287/407
f 449/1/1 452/71/5 453/2/2
f 450/376/4 454/65/7 453/5/2
f 451/377/6 455/64/432 453/8/2
f 456/378/433 459/72/12 460/11/9
f 457/13/11 461/67/435 460/14/9
f 458/379/434 462/66/10 460/17/9
f 463/380/15 466/63/19 467/20/16
f 464/381/18 468/26/21 467/23/16
f 465/25/20 469/69/17 467/23/16
f 470/382/436 473/70/438 474/28/23
f 471/383/25 475/34/28 474/31/23
f 472/384/439 476/68/437 474/31/23
f 477/35/29 480/39/440 481/385/30
f 478/38/32 482/387/35 481/385/30
f 479/386/34 483/37/31 481/385/30
f 484/388/36 487/390/40 488/43/37
f 485/389/39 489/48/42 488/43/37
f 486/47/41 490/44/38 488/43/37
f 491/49/43 494/53/47 495/391/96
f 492/392/46 496/394/49 495/391/96
f 493/393/48 497/51/45 495/391/96
f 498/395/441 501/397/54 502/57/51
f 499/396/53 503/62/56 502/57/51
f 500/61/55 504/58/179 502/57/51
f 449/1/1 455/3/432 466/63/19
f 455/64/432 451/377/6 464/381/18
f 456/378/433 462/12/10 454/65/7
f 462/66/10 458/379/434 451/377/6
f 470/382/436 476/29/437 461/67/435
f 461/18/435 476/68/437 472/384/439
f 465/25/20 468/26/21 475/34/28
f 468/26/21 464/381/18 472/384/439
f 463/380/15 469/21/17 494/53/47
f 469/69/17 465/25/20 492/392/46
f 498/395/441 504/58/179 473/70/438
f 504/58/179 500/61/55 471/383/25
f 493/393/48 496/394/49 503/62/56
f 496/394/49 492/392/46 500/61/55
f 491/49/43 497/51/45 480/39/440
f 480/39/440 497/51/45 493/393/48
f 484/388/36 490/44/38 501/397/54
f 490/44/38 486/47/41 499/396/53
f 479/386/34 482/387/35 489/48/42
f 482/387/35 478/38/32 486/47/41
f 477/35/29 483/37/31 452/71/5
f 483/37/31 479/386/34 450/376/4
f 457/13/11 459/15/12 487/390/40
f 459/72/12 456/378/433 485/389/39
f 491/49/43 477/35/29 449/1/1
f 458/379/434 472/384/439 464/381/18
f 485/389/39 456/378/433 450/376/4
f 470/382/436 457/13/11 484/388/36
f 471/383/25 500/61/55 492/392/46
f 499/396/53 486/47/41 478/38/32
f 505/73/57 508/139/443 509/74/58
f 506/76/442 510/134/63 509/5/58
f 507/398/444 511/133/59 509/79/58
f 512/399/64 515/140/446 516/82/191
f 513/84/445 517/135/157 516/85/191
f 514/400/68 518/66/10 516/17/191
f 519/89/70 522/132/447 523/90/16
f 520/401/72 524/402/21 523/93/16
f 521/95/74 525/137/71 523/93/16
f 526/96/75 529/138/450 530/97/448
f 527/403/449 531/103/452 530/100/448
f 528/404/451 532/136/77 530/100/448
f 533/104/82 536/108/85 537/105/30
f 534/405/84 538/387/87 537/105/30
f 535/406/454 539/106/453 537/105/30
f 540/111/455 543/408/457 544/112/456
f 541/407/91 545/117/94 544/112/456
f 542/116/93 546/337/129 544/112/456
f 547/409/95 550/122/99 551/119/96
f 548/121/98 552/410/101 551/119/96
f 549/123/100 553/120/458 551/119/96
f 554/125/102 557/129/460 558/411/51
f 555/413/104 559/131/107 558/411/51
f 556/414/461 560/412/459 558/411/51
f 505/73/57 511/75/59 522/132/447
f 511/133/59 507/398/444 520/401/72
f 512/399/64 518/83/10 510/134/63
f 518/66/10 514/400/68 507/398/444
f 526/96/75 532/98/77 517/135/157
f 532/136/77 528/404/451 514/400/68
f 521/95/74 524/402/21 531/103/452
f 524/402/21 520/401/72 528/404/451
f 547/409/95 519/89/70 525/91/71
f 525/137/71 521/95/74 548/121/98
f 554/125/102 560/412/459 529/138/450
f 560/412/459 556/414/461 527/403/449
f 549/123/100 552/410/101 559/131/107
f 552/410/101 548/121/98 556/414/461
f 547/409/95 553/120/458 536/108/85
f 553/120/458 549/123/100 534/405/84
f 540/111/455 546/337/129 557/129/460
f 546/337/129 542/116/93 555/413/104
f 535/406/454 538/387/87 545/117/94
f 538/387/87 534/405/84 542/116/93
f 533/104/82 539/106/453 508/139/443
f 539/106/453 535/406/454 506/76/442
f 513/84/445 515/86/446 543/408/457
f 515/140/446 512/399/64 541/407/91
f 547/409/95 533/104/82 505/73/57
f 514/400/68 528/404/451 520/401/72
f 541/407/91 512/399/64 506/76/442
f 526/96/75 513/84/445 540/111/455
f 527/403/449 556/414/461 548/121/98
f 555/413/104 542/116/93 534/405/84
f 561/141/147 564/207/463 565/142/58
f 562/415/149 566/202/152 565/145/58
f 563/263/151 567/201/462 565/148/58
f 568/416/158 571/208/465 572/151/65
f 569/153/153 573/135/467 572/154/65
f 570/270/466 574/203/464 572/157/65
f 575/159/468 578/132/470 579/90/16
f 576/161/469 580/165/471 579/162/16
f 577/417/139 581/205/136 579/162/16
f 582/166/141 585/206/473 586/167/76
f 583/418/472 587/173/474 586/170/76
f 584/172/145 588/204/77 586/170/76
f 589/174/475 592/178/476 593/175/30
f 590/177/123 594/180/477 593/175/30
f 591/419/125 595/176/122 593/175/30
f 596/420/127 599/422/131 600/421/128
f 597/184/130 601/187/478 600/421/128
f 598/296/132 602/362/129 600/421/128
f 603/423/108 606/191/480 607/189/96
f 604/424/110 608/245/113 607/189/96
f 605/192/112 609/120/479 607/189/96
f 610/425/117 613/306/460 614/195/481
f 611/369/483 615/200/484 614/195/481
f 612/199/114 616/426/482 614/195/481
f 561/141/147 567/143/462 578/132/470
f 567/201/462 563/263/151 576/161/469
f 568/416/158 574/152/464 566/202/152
f 574/203/464 570/270/466 563/263/151
f 582/166/141 588/168/77 573/135/467
f 588/204/77 584/172/145 570/270/466
f 577/417/139 580/165/471 587/173/474
f 580/165/471 576/161/469 584/172/145
f 575/159/468 581/160/136 606/191/480
f 581/205/136 577/417/139 604/424/110
f 610/425/117 616/426/482 585/206/473
f 616/426/482 612/199/114 583/418/472
f 605/192/112 608/245/113 615/200/484
f 608/245/113 604/424/110 612/199/114
f 603/423/108 609/120/479 592/178/476
f 609/120/479 605/192/112 590/177/123
f 596/420/127 602/362/129 613/306/460
f 602/362/129 598/296/132 611/369/483
f 591/419/125 594/180/477 601/187/478
f 594/180/477 590/177/123 598/296/132
f 589/174/475 595/176/122 564/207/463
f 595/176/122 591/419/125 562/415/149
f 569/153/153 571/155/465 599/422/131
f 571/208/465 568/416/158 597/184/130
f 603/423/108 589/174/475 561/141/147
f 570/270/466 584/172/145 576/161/469
f 597/184/130 568/416/158 562/415/149
f 582/166/141 569/153/153 596/420/127
f 583/418/472 612/199/114 604/424/110
f 611/369/483 598/296/132 590/177/123
f 617/209/485 620/257/487 621/210/486
f 618/211/199 622/202/126 621/145/486
f 619/213/201 623/252/198 621/148/486
f 624/214/206 627/258/489 628/215/456
f 625/217/203 629/253/491 628/154/456
f 626/219/490 630/203/488 628/157/456
f 631/427/184 634/132/187 635/90/58
f 632/161/186 636/165/493 635/223/58
f 633/225/188 637/255/492 635/223/58
f 638/428/190 641/256/495 642/227/494
f 639/429/193 643/173/159 642/229/494
f 640/172/195 644/254/192 642/229/494
f 645/430/172 648/178/175 649/232/96
f 646/177/174 650/180/498 649/232/96
f 647/431/497 651/233/496 649/232/96
f 652/235/499 655/238/501 656/236/481
f 653/237/500 657/239/502 656/236/481
f 654/186/182 658/183/52 656/236/481
f 659/240/503 662/244/505 663/241/504
f 660/243/162 664/245/507 663/241/504
f 661/192/506 665/242/161 663/241/504
f 666/246/508 669/249/26 670/247/509
f 667/197/511 671/251/512 670/247/509
f 668/250/166 672/248/510 670/247/509
f 617/209/485 623/75/198 634/132/187
f 623/252/198 619/213/201 632/161/186
f 624/214/206 630/216/488 622/202/126
f 630/203/488 626/219/490 619/213/201
f 638/428/190 644/168/192 629/253/491
f 644/254/192 640/172/195 626/219/490
f 633/225/188 636/165/493 643/173/159
f 636/165/493 632/161/186 640/172/195
f 631/427/184 637/222/492 662/244/505
f 637/255/492 633/225/188 660/243/162
f 666/246/508 672/248/510 641/256/495
f 672/248/510 668/250/166 639/429/193
f 667/197/511 661/192/506 664/245/507
f 664/245/507 660/243/162 668/250/166
f 659/240/503 665/242/161 648/178/175
f 665/242/161 661/192/506 646/177/174
f 666/246/508 652/235/499 658/183/52
f 658/183/52 654/186/182 667/197/511
f 653/237/500 647/431/497 650/180/498
f 650/180/498 646/177/174 654/186/182
f 645/430/172 651/233/496 620/257/487
f 651/233/496 647/431/497 618/211/199
f 625/217/203 627/218/489 655/238/501
f 627/258/489 624/214/206 653/237/500
f 659/240/503 645/430/172 617/209/485
f 626/219/490 640/172/195 632/161/186
f 653/237/500 624/214/206 618/211/199
f 638/428/190 625/217/203 652/235/499
f 639/429/193 668/250/166 660/243/162
f 667/197/511 654/186/182 646/177/174
f 673/259/513 676/311/515 677/260/363
f 674/261/365 678/308/368 677/145/363
f 675/263/516 679/133/514 677/148/363
f 680/265/374 683/370/519 684/266/370
f 681/268/518 685/135/521 684/154/370
f 682/270/520 686/203/517 684/157/370
f 687/432/522 690/132/525 691/90/523
f 688/273/351 692/277/527 691/274/523
f 689/357/526 693/309/524 691/274/523
f 694/278/355 697/310/359 698/279/528
f 695/433/358 699/283/361 698/281/528
f 696/172/360 700/136/529 698/281/528
f 701/284/530 704/288/532 705/285/335
f 702/434/337 706/290/533 705/285/335
f 703/289/339 707/286/531 705/285/335
f 708/291/534 711/295/536 712/292/535
f 709/436/344 713/297/537 712/292/535
f 710/296/346 714/435/343 712/292/535
f 715/298/538 718/301/541 719/299/321
f 716/300/540 720/302/326 719/299/321
f 717/192/325 721/120/539 719/299/321
f 722/303/542 725/306/545 726/304/328
f 723/197/544 727/251/546 726/304/328
f 724/307/327 728/305/543 726/304/328
f 673/259/513 679/75/514 690/132/525
f 690/275/525 679/133/514 675/263/516
f 680/265/374 686/267/517 678/308/368
f 686/203/517 682/270/520 675/263/516
f 681/268/518 694/278/355 700/168/529
f 700/136/529 696/172/360 682/270/520
f 689/357/526 692/277/527 699/283/361
f 692/277/527 688/273/351 696/172/360
f 687/432/522 693/272/524 718/301/541
f 693/309/524 689/357/526 716/300/540
f 722/303/542 728/305/543 697/310/359
f 728/305/543 724/307/327 695/433/358
f 717/192/325 720/302/326 727/251/546
f 720/302/326 716/300/540 724/307/327
f 715/298/538 721/120/539 704/288/532
f 721/120/539 717/192/325 702/434/337
f 722/303/542 708/291/534 714/435/343
f 714/435/343 710/296/346 723/197/544
f 703/289/339 706/290/533 713/297/537
f 706/290/533 702/434/337 710/296/346
f 701/284/530 707/286/531 676/311/515
f 707/286/531 703/289/339 674/261/365
f 681/268/518 683/269/519 711/295/536
f 683/370/519 680/265/374 709/436/344
f 687/432/522 715/298/538 701/284/530
f 682/270/520 696/172/360 688/273/351
f 709/436/344 680/265/374 674/261/365
f 722/303/542 694/278/355 681/268/518
f 695/433/358 724/307/327 716/300/540
f 723/197/544 710/296/346 702/434/337
f 729/437/547 732/353/551 733/313/548
f 730/314/550 734/308/424 733/145/548
f 731/316/423 735/349/549 733/148/548
f 736/317/430 739/354/555 740/318/552
f 737/373/554 741/135/556 740/154/552
f 738/156/428 742/203/553 740/157/552
f 743/321/557 746/132/408 747/90/405
f 744/273/407 748/374/560 747/323/405
f 745/438/559 749/351/558 747/323/405
f 750/439/561 753/352/564 754/326/412
f 751/327/563 755/173/565 754/328/412
f 752/172/416 756/350/562 754/328/412
f 757/330/566 760/178/569 761/331/567
f 758/287/393 762/334/571 761/331/567
f 759/440/570 763/332/568 761/331/567
f 764/441/397 767/442/401 768/336/398
f 765/338/400 769/239/573 768/336/398
f 766/296/402 770/337/572 768/336/398
f 771/443/574 774/343/577 775/341/575
f 772/342/379 776/302/579 775/341/575
f 773/344/578 777/242/576 775/341/575
f 778/444/580 781/129/584 782/445/581
f 779/197/583 783/200/586 782/445/581
f 780/348/585 784/446/582 782/445/581
f 743/321/557 729/437/547 735/143/549
f 735/349/549 731/316/423 744/273/407
f 736/317/430 742/216/553 734/308/424
f 742/203/553 738/156/428 731/316/423
f 750/439/561 756/168/562 741/135/556
f 741/158/556 756/350/562 752/172/416
f 745/438/559 748/374/560 755/173/565
f 748/374/560 744/273/407 752/172/416
f 771/443/574 743/321/557 749/322/558
f 749/351/558 745/438/559 772/342/379
f 778/444/580 784/446/582 753/352/564
f 753/329/564 784/446/582 780/348/585
f 773/344/578 776/302/579 783/200/586
f 776/302/579 772/342/379 780/348/585
f 771/443/574 777/242/576 760/178/569
f 777/242/576 773/344/578 758/287/393
f 764/441/397 770/337/572 781/129/584
f 781/129/584 770/337/572 766/296/402
f 759/440/570 762/334/571 769/239/573
f 762/334/571 758/287/393 766/296/402
f 729/437/547 757/330/566 763/332/568
f 763/332/568 759/440/570 730/314/550
f 737/373/554 739/320/555 767/442/401
f 739/354/555 736/317/430 765/338/400
f 771/443/574 757/330/566 729/437/547
f 738/156/428 752/172/416 744/273/407
f 765/338/400 736/317/430 730/314/550
f 778/444/580 750/439/561 737/373/554
f 751/327/563 780/348/585 772/342/379
f 779/197/583 766/296/402 758/287/393
f 785/355/250 788/311/254 789/260/251
f 786/261/253 790/308/256 789/145/251
f 787/263/255 791/133/587 789/148/251
f 792/265/588 795/370/591 796/266/258
f 793/268/590 797/135/592 796/154/258
f 794/270/260 798/203/589 796/157/258
f 799/356/593 802/132/595 803/90/237
f 800/273/594 804/165/242 803/274/237
f 801/357/241 805/309/238 803/274/237
f 806/278/596 809/310/599 810/279/244
f 807/280/598 811/283/249 810/281/244
f 808/172/600 812/136/597 810/281/244
f 813/284/222 816/288/601 817/285/223
f 814/358/225 818/360/603 817/285/223
f 815/359/602 819/286/224 817/285/223
f 820/361/604 823/363/608 824/292/605
f 821/294/607 825/297/235 824/292/605
f 822/447/609 826/337/606 824/292/605
f 827/298/610 830/301/614 831/299/611
f 828/300/613 832/365/214 831/299/611
f 829/192/615 833/364/612 831/299/611
f 834/366/616 837/306/619 838/367/617
f 835/369/220 839/251/621 838/367/617
f 836/307/620 840/368/618 838/367/617
f 799/356/593 785/355/250 791/75/587
f 791/133/587 787/263/255 800/273/594
f 792/265/588 798/267/589 790/308/256
f 798/203/589 794/270/260 787/263/255
f 793/268/590 806/278/596 812/168/597
f 812/136/597 808/172/600 794/270/260
f 801/357/241 804/165/242 811/283/249
f 804/165/242 800/273/594 808/172/600
f 799/356/593 805/272/238 830/301/614
f 805/309/238 801/357/241 828/300/613
f 806/278/596 834/366/616 840/368/618
f 840/368/618 836/307/620 807/280/598
f 829/192/615 832/365/214 839/251/621
f 832/365/214 828/300/613 836/307/620
f 827/298/610 833/364/612 816/288/601
f 816/288/601 833/364/612 829/192/615
f 820/361/604 826/337/606 837/306/619
f 826/337/606 822/447/609 835/369/220
f 815/359/602 818/360/603 825/297/235
f 818/360/603 814/358/225 822/447/609
f 785/355/250 813/284/222 819/286/224
f 819/286/224 815/359/602 786/261/253
f 793/268/590 795/269/591 823/363/608
f 795/370/591 792/265/588 821/294/607
f 827/298/610 813/284/222 785/355/250
f 794/270/260 808/172/600 800/273/594
f 821/294/607 792/265/588 786/261/253
f 806/278/596 793/268/590 820/361/604
f 807/280/598 836/307/620 828/300/613
f 835/369/220 822/447/609 814/358/225
f 841/312/622 844/353/624 845/313/307
f 842/314/309 846/308/625 845/145/307
f 843/372/311 847/349/623 845/148/307
f 848/317/318 851/354/629 852/318/626
f 849/373/628 853/135/317 852/154/626
f 850/448/316 854/203/627 852/157/626
f 855/321/630 858/132/633 859/90/293
f 856/273/632 860/374/298 859/323/293
f 857/324/297 861/351/631 859/323/293
f 862/325/634 865/352/638 866/326/635
f 863/327/637 867/173/305 866/328/635
f 864/172/639 868/350/636 866/328/635
f 869/330/640 872/178/644 873/331/641
f 870/287/643 874/334/645 873/331/641
f 871/449/283 875/332/642 873/331/641
f 876/335/646 879/339/649 880/336/647
f 877/338/288 881/239/291 880/336/647
f 878/296/650 882/337/648 880/336/647
f 883/340/651 886/343/268 887/341/265
f 884/342/267 888/193/653 887/341/265
f 885/344/269 889/242/652 887/341/265
f 890/345/654 893/249/657 894/346/655
f 891/197/276 895/200/659 894/346/655
f 892/348/658 896/347/656 894/346/655
f 841/312/622 847/143/623 858/132/633
f 858/163/633 847/349/623 843/372/311
f 848/317/318 854/216/627 846/308/625
f 854/203/627 850/448/316 843/372/311
f 849/373/628 862/325/634 868/168/636
f 868/350/636 864/172/639 850/448/316
f 857/324/297 860/374/298 867/173/305
f 860/374/298 856/273/632 864/172/639
f 855/321/630 861/322/631 886/343/268
f 861/351/631 857/324/297 884/342/267
f 890/345/654 896/347/656 865/352/638
f 865/329/638 896/347/656 892/348/658
f 885/344/269 888/193/653 895/200/659
f 888/193/653 884/342/267 892/348/658
f 883/340/651 889/242/652 872/178/644
f 889/242/652 885/344/269 870/287/643
f 890/345/654 876/335/646 882/337/648
f 882/337/648 878/296/650 891/197/276
f 871/449/283 874/334/645 881/239/291
f 874/334/645 870/287/643 878/296/650
f 869/330/640 875/332/642 844/353/624
f 875/332/642 871/449/283 842/314/309
f 876/335/646 849/373/628 851/320/629
f 851/354/629 848/317/318 877/338/288
f 855/321/630 883/340/651 869/330/640
f 850/448/316 864/172/639 856/273/632
f 877/338/288 848/317/318 842/314/309
f 862/325/634 849/373/628 876/335/646
f 863/327/637 892/348/658 884/342/267
f 891/197/276 878/296/650 870/287/643
