# Blender 4.5.0
# www.blender.org
mtllib mesh_021.mtl
o mesh_021
v -0.127018 0.038415 0.960000
v -0.127018 0.036559 0.961856
v -0.128874 0.038415 0.961856
v -0.127018 0.037103 0.960544
v -0.128090 0.037343 0.960785
v -0.128330 0.037103 0.961856
v -0.128330 0.038415 0.960544
v -0.127018 0.036559 0.980144
v -0.127018 0.038415 0.982000
v -0.128874 0.038415 0.980144
v -0.127018 0.037103 0.981456
v -0.128090 0.037343 0.981215
v -0.128330 0.038415 0.981456
v -0.128330 0.037103 0.980144
v -0.127018 0.314632 0.960000
v -0.128874 0.314632 0.961856
v -0.127018 0.316488 0.961856
v -0.128330 0.314632 0.960544
v -0.128090 0.315704 0.960785
v -0.128330 0.315945 0.961856
v -0.127018 0.315945 0.960544
v -0.127018 0.314632 0.982000
v -0.127018 0.316488 0.980144
v -0.128874 0.314632 0.980144
v -0.127018 0.315945 0.981456
v -0.128090 0.315704 0.981215
v -0.128330 0.315945 0.980144
v -0.128330 0.314632 0.981456
v -0.115261 0.038415 0.960000
v -0.113404 0.038415 0.961856
v -0.115261 0.036559 0.961856
v -0.113948 0.038415 0.960544
v -0.114189 0.037343 0.960785
v -0.113948 0.037103 0.961856
v -0.115261 0.037103 0.960544
v -0.115261 0.038415 0.982000
v -0.115261 0.036559 0.980144
v -0.113404 0.038415 0.980144
v -0.115261 0.037103 0.981456
v -0.114189 0.037343 0.981215
v -0.113948 0.037103 0.980144
v -0.113948 0.038415 0.981456
v -0.115261 0.314632 0.960000
v -0.115261 0.316488 0.961856
v -0.113404 0.314632 0.961856
v -0.115261 0.315945 0.960544
v -0.114189 0.315704 0.960785
v -0.113948 0.315945 0.961856
v -0.113948 0.314632 0.960544
v -0.115261 0.314632 0.982000
v -0.113404 0.314632 0.980144
v -0.115261 0.316488 0.980144
v -0.113948 0.314632 0.981456
v -0.114189 0.315704 0.981215
v -0.113948 0.315945 0.980144
v -0.115261 0.315945 0.981456
v -0.111548 0.038415 0.960000
v -0.111548 0.036559 0.961856
v -0.113404 0.038415 0.961856
v -0.111548 0.037103 0.960544
v -0.112620 0.037343 0.960785
v -0.112860 0.037103 0.961856
v -0.112860 0.038415 0.960544
v -0.111548 0.036559 0.980144
v -0.111548 0.038415 0.982000
v -0.113404 0.038415 0.980144
v -0.111548 0.037103 0.981456
v -0.112620 0.037343 0.981215
v -0.112860 0.038415 0.981456
v -0.112860 0.037103 0.980144
v -0.111548 0.050172 0.960000
v -0.113404 0.050172 0.961856
v -0.111548 0.052029 0.961856
v -0.112860 0.050172 0.960544
v -0.112620 0.051244 0.960785
v -0.112860 0.051485 0.961856
v -0.111548 0.051485 0.960544
v -0.111548 0.050172 0.982000
v -0.111548 0.052029 0.980144
v -0.113404 0.050172 0.980144
v -0.111548 0.051485 0.981456
v -0.112620 0.051244 0.981215
v -0.112860 0.051485 0.980144
v -0.112860 0.050172 0.981456
v 0.111548 0.038415 0.960000
v 0.113404 0.038415 0.961856
v 0.111548 0.036559 0.961856
v 0.112860 0.038415 0.960544
v 0.112620 0.037343 0.960785
v 0.112860 0.037103 0.961856
v 0.111548 0.037103 0.960544
v 0.111548 0.038415 0.982000
v 0.111548 0.036559 0.980144
v 0.113404 0.038415 0.980144
v 0.111548 0.037103 0.981456
v 0.112620 0.037343 0.981215
v 0.112860 0.037103 0.980144
v 0.112860 0.038415 0.981456
v 0.111548 0.050172 0.960000
v 0.111548 0.052029 0.961856
v 0.113404 0.050172 0.961856
v 0.111548 0.051485 0.960544
v 0.112620 0.051244 0.960785
v 0.112860 0.051485 0.961856
v 0.112860 0.050172 0.960544
v 0.111548 0.050172 0.982000
v 0.113404 0.050172 0.980144
v 0.111548 0.052029 0.980144
v 0.112860 0.050172 0.981456
v 0.112620 0.051244 0.981215
v 0.112860 0.051485 0.980144
v 0.111548 0.051485 0.981456
v -0.045878 0.179051 0.965940
v -0.045878 0.179850 0.966738
v -0.045079 0.179051 0.966738
v -0.045878 0.179616 0.966174
v -0.045417 0.179512 0.966277
v -0.045313 0.179616 0.966738
v -0.045313 0.179051 0.966174
v -0.045878 0.179850 0.981202
v -0.045878 0.179051 0.982000
v -0.045079 0.179051 0.981202
v -0.045878 0.179616 0.981766
v -0.045417 0.179512 0.981663
v -0.045313 0.179051 0.981766
v -0.045313 0.179616 0.981202
v -0.045878 0.173996 0.965940
v -0.045079 0.173996 0.966738
v -0.045878 0.173198 0.966738
v -0.045313 0.173996 0.966174
v -0.045417 0.173535 0.966277
v -0.045313 0.173431 0.966738
v -0.045878 0.173431 0.966174
v -0.045878 0.173996 0.982000
v -0.045878 0.173198 0.981202
v -0.045079 0.173996 0.981202
v -0.045878 0.173431 0.981766
v -0.045417 0.173535 0.981663
v -0.045313 0.173431 0.981202
v -0.045313 0.173996 0.981766
v -0.120341 0.179051 0.965940
v -0.121139 0.179051 0.966738
v -0.120341 0.179850 0.966738
v -0.120905 0.179051 0.966174
v -0.120802 0.179512 0.966277
v -0.120905 0.179616 0.966738
v -0.120341 0.179616 0.966174
v -0.120341 0.179051 0.982000
v -0.120341 0.179850 0.981202
v -0.121139 0.179051 0.981202
v -0.120341 0.179616 0.981766
v -0.120802 0.179512 0.981663
v -0.120905 0.179616 0.981202
v -0.120905 0.179051 0.981766
v -0.120341 0.173996 0.965940
v -0.120341 0.173198 0.966738
v -0.121139 0.173996 0.966738
v -0.120341 0.173431 0.966174
v -0.120802 0.173535 0.966277
v -0.120905 0.173431 0.966738
v -0.120905 0.173996 0.966174
v -0.120341 0.173996 0.982000
v -0.121139 0.173996 0.981202
v -0.120341 0.173198 0.981202
v -0.120905 0.173996 0.981766
v -0.120802 0.173535 0.981663
v -0.120905 0.173431 0.981202
v -0.120341 0.173431 0.981766
v -0.002528 0.130646 0.965940
v -0.003326 0.130646 0.966738
v -0.002528 0.131444 0.966738
v -0.003092 0.130646 0.966174
v -0.002989 0.131107 0.966277
v -0.003092 0.131210 0.966738
v -0.002528 0.131210 0.966174
v -0.003326 0.130646 0.981202
v -0.002528 0.130646 0.982000
v -0.002528 0.131444 0.981202
v -0.003092 0.130646 0.981766
v -0.002989 0.131107 0.981663
v -0.002528 0.131210 0.981766
v -0.003092 0.131210 0.981202
v 0.002528 0.130646 0.965940
v 0.002528 0.131444 0.966738
v 0.003326 0.130646 0.966738
v 0.002528 0.131210 0.966174
v 0.002989 0.131107 0.966277
v 0.003092 0.131210 0.966738
v 0.003092 0.130646 0.966174
v 0.002528 0.130646 0.982000
v 0.003326 0.130646 0.981202
v 0.002528 0.131444 0.981202
v 0.003092 0.130646 0.981766
v 0.002989 0.131107 0.981663
v 0.003092 0.131210 0.981202
v 0.002528 0.131210 0.981766
v -0.002528 0.045092 0.965940
v -0.002528 0.044294 0.966738
v -0.003326 0.045092 0.966738
v -0.002528 0.044528 0.966174
v -0.002989 0.044631 0.966277
v -0.003092 0.044528 0.966738
v -0.003092 0.045092 0.966174
v -0.002528 0.045092 0.982000
v -0.003326 0.045092 0.981202
v -0.002528 0.044294 0.981202
v -0.003092 0.045092 0.981766
v -0.002989 0.044631 0.981663
v -0.003092 0.044528 0.981202
v -0.002528 0.044528 0.981766
v 0.002528 0.045092 0.965940
v 0.003326 0.045092 0.966738
v 0.002528 0.044294 0.966738
v 0.003092 0.045092 0.966174
v 0.002989 0.044631 0.966277
v 0.003092 0.044528 0.966738
v 0.002528 0.044528 0.966174
v 0.002528 0.045092 0.982000
v 0.002528 0.044294 0.981202
v 0.003326 0.045092 0.981202
v 0.002528 0.044528 0.981766
v 0.002989 0.044631 0.981663
v 0.003092 0.044528 0.981202
v 0.003092 0.045092 0.981766
v -0.034276 0.145774 0.965940
v -0.034862 0.146315 0.966738
v -0.033735 0.146361 0.966738
v -0.034691 0.146157 0.966174
v -0.034302 0.146425 0.966277
v -0.034308 0.146572 0.966738
v -0.033893 0.146189 0.966174
v -0.034862 0.146315 0.981202
v -0.034276 0.145774 0.982000
v -0.033735 0.146361 0.981202
v -0.034691 0.146157 0.981766
v -0.034302 0.146425 0.981663
v -0.033893 0.146189 0.981766
v -0.034308 0.146572 0.981202
v -0.030558 0.142347 0.965940
v -0.030017 0.142934 0.966738
v -0.029972 0.141806 0.966738
v -0.030176 0.142762 0.966174
v -0.029907 0.142374 0.966277
v -0.029761 0.142380 0.966738
v -0.030143 0.141965 0.966174
v -0.030558 0.142347 0.982000
v -0.029972 0.141806 0.981202
v -0.030017 0.142934 0.981202
v -0.030143 0.141965 0.981766
v -0.029907 0.142374 0.981663
v -0.029761 0.142380 0.981202
v -0.030176 0.142762 0.981766
v -0.076065 0.100444 0.965940
v -0.076606 0.099857 0.966738
v -0.076651 0.100985 0.966738
v -0.076447 0.100029 0.966174
v -0.076716 0.100417 0.966277
v -0.076862 0.100411 0.966738
v -0.076480 0.100826 0.966174
v -0.076065 0.100444 0.982000
v -0.076651 0.100985 0.981202
v -0.076606 0.099857 0.981202
v -0.076480 0.100826 0.981766
v -0.076716 0.100417 0.981663
v -0.076862 0.100411 0.981202
v -0.076447 0.100029 0.981766
v -0.072347 0.097017 0.965940
v -0.071761 0.096476 0.966738
v -0.072888 0.096430 0.966738
v -0.071932 0.096634 0.966174
v -0.072321 0.096366 0.966277
v -0.072315 0.096219 0.966738
v -0.072730 0.096602 0.966174
v -0.072347 0.097017 0.982000
v -0.072888 0.096430 0.981202
v -0.071761 0.096476 0.981202
v -0.072730 0.096602 0.981766
v -0.072321 0.096366 0.981663
v -0.072315 0.096219 0.981202
v -0.071932 0.096634 0.981766
v -0.075696 0.100618 0.965940
v -0.075744 0.101415 0.966738
v -0.074899 0.100667 0.966738
v -0.075730 0.101182 0.966174
v -0.075264 0.101106 0.966277
v -0.075167 0.101216 0.966738
v -0.075133 0.100652 0.966174
v -0.075744 0.101415 0.981202
v -0.075696 0.100618 0.982000
v -0.074899 0.100667 0.981202
v -0.075730 0.101182 0.981766
v -0.075264 0.101106 0.981663
v -0.075133 0.100652 0.981766
v -0.075167 0.101216 0.981202
v -0.075392 0.095572 0.965940
v -0.074595 0.095620 0.966738
v -0.075344 0.094775 0.966738
v -0.074828 0.095606 0.966174
v -0.074904 0.095140 0.966277
v -0.074794 0.095043 0.966738
v -0.075358 0.095009 0.966174
v -0.075392 0.095572 0.982000
v -0.075344 0.094775 0.981202
v -0.074595 0.095620 0.981202
v -0.075358 0.095009 0.981766
v -0.074904 0.095140 0.981663
v -0.074794 0.095043 0.981202
v -0.074828 0.095606 0.981766
v -0.120495 0.097915 0.965940
v -0.121291 0.097867 0.966738
v -0.120543 0.098712 0.966738
v -0.121058 0.097881 0.966174
v -0.120982 0.098348 0.966277
v -0.121092 0.098445 0.966738
v -0.120529 0.098479 0.966174
v -0.120495 0.097915 0.982000
v -0.120543 0.098712 0.981202
v -0.121291 0.097867 0.981202
v -0.120529 0.098479 0.981766
v -0.120982 0.098348 0.981663
v -0.121092 0.098445 0.981202
v -0.121058 0.097881 0.981766
v -0.120190 0.092869 0.965940
v -0.120142 0.092072 0.966738
v -0.120987 0.092821 0.966738
v -0.120156 0.092305 0.966174
v -0.120622 0.092381 0.966277
v -0.120720 0.092271 0.966738
v -0.120754 0.092835 0.966174
v -0.120190 0.092869 0.982000
v -0.120987 0.092821 0.981202
v -0.120142 0.092072 0.981202
v -0.120754 0.092835 0.981766
v -0.120622 0.092381 0.981663
v -0.120720 0.092271 0.981202
v -0.120156 0.092305 0.981766
v -0.030558 0.210700 0.965940
v -0.029972 0.211241 0.966738
v -0.030017 0.210113 0.966738
v -0.030143 0.211082 0.966174
v -0.029907 0.210673 0.966277
v -0.029761 0.210667 0.966738
v -0.030176 0.210285 0.966174
v -0.029972 0.211241 0.981202
v -0.030558 0.210700 0.982000
v -0.030017 0.210113 0.981202
v -0.030143 0.211082 0.981766
v -0.029907 0.210673 0.981663
v -0.030176 0.210285 0.981766
v -0.029761 0.210667 0.981202
v -0.034276 0.207273 0.965940
v -0.033735 0.206686 0.966738
v -0.034862 0.206732 0.966738
v -0.033893 0.206858 0.966174
v -0.034302 0.206622 0.966277
v -0.034308 0.206476 0.966738
v -0.034691 0.206891 0.966174
v -0.034276 0.207273 0.982000
v -0.034862 0.206732 0.981202
v -0.033735 0.206686 0.981202
v -0.034691 0.206891 0.981766
v -0.034302 0.206622 0.981663
v -0.034308 0.206476 0.981202
v -0.033893 0.206858 0.981766
v -0.072347 0.256030 0.965940
v -0.072888 0.256617 0.966738
v -0.071761 0.256571 0.966738
v -0.072730 0.256445 0.966174
v -0.072321 0.256682 0.966277
v -0.072315 0.256828 0.966738
v -0.071932 0.256413 0.966174
v -0.072347 0.256030 0.982000
v -0.071761 0.256571 0.981202
v -0.072888 0.256617 0.981202
v -0.071932 0.256413 0.981766
v -0.072321 0.256682 0.981663
v -0.072315 0.256828 0.981202
v -0.072730 0.256445 0.981766
v -0.076065 0.252604 0.965940
v -0.076651 0.252063 0.966738
v -0.076606 0.253191 0.966738
v -0.076480 0.252221 0.966174
v -0.076716 0.252630 0.966277
v -0.076862 0.252636 0.966738
v -0.076447 0.253019 0.966174
v -0.076065 0.252604 0.982000
v -0.076606 0.253191 0.981202
v -0.076651 0.252063 0.981202
v -0.076447 0.253019 0.981766
v -0.076716 0.252630 0.981663
v -0.076862 0.252636 0.981202
v -0.076480 0.252221 0.981766
v -0.075392 0.257475 0.965940
v -0.075344 0.258272 0.966738
v -0.074595 0.257427 0.966738
v -0.075358 0.258039 0.966174
v -0.074904 0.257908 0.966277
v -0.074794 0.258005 0.966738
v -0.074828 0.257441 0.966174
v -0.075344 0.258272 0.981202
v -0.075392 0.257475 0.982000
v -0.074595 0.257427 0.981202
v -0.075358 0.258039 0.981766
v -0.074904 0.257908 0.981663
v -0.074828 0.257441 0.981766
v -0.074794 0.258005 0.981202
v -0.075696 0.252429 0.965940
v -0.074899 0.252381 0.966738
v -0.075744 0.251632 0.966738
v -0.075133 0.252395 0.966174
v -0.075264 0.251941 0.966277
v -0.075167 0.251831 0.966738
v -0.075730 0.251865 0.966174
v -0.075696 0.252429 0.982000
v -0.075744 0.251632 0.981202
v -0.074899 0.252381 0.981202
v -0.075730 0.251865 0.981766
v -0.075264 0.251941 0.981663
v -0.075167 0.251831 0.981202
v -0.075133 0.252395 0.981766
v -0.120190 0.260178 0.965940
v -0.120987 0.260226 0.966738
v -0.120142 0.260975 0.966738
v -0.120754 0.260212 0.966174
v -0.120622 0.260666 0.966277
v -0.120720 0.260776 0.966738
v -0.120156 0.260742 0.966174
v -0.120190 0.260178 0.982000
v -0.120142 0.260975 0.981202
v -0.120987 0.260226 0.981202
v -0.120156 0.260742 0.981766
v -0.120622 0.260666 0.981663
v -0.120720 0.260776 0.981202
v -0.120754 0.260212 0.981766
v -0.120495 0.255132 0.965940
v -0.120543 0.254335 0.966738
v -0.121291 0.255180 0.966738
v -0.120529 0.254569 0.966174
v -0.120982 0.254700 0.966277
v -0.121092 0.254603 0.966738
v -0.121058 0.255166 0.966174
v -0.120495 0.255132 0.982000
v -0.121291 0.255180 0.981202
v -0.120543 0.254335 0.981202
v -0.121058 0.255166 0.981766
v -0.120982 0.254700 0.981663
v -0.121092 0.254603 0.981202
v -0.120529 0.254569 0.981766
v 0.115261 0.038415 0.960000
v 0.115261 0.036559 0.961856
v 0.113404 0.038415 0.961856
v 0.115261 0.037103 0.960544
v 0.114189 0.037343 0.960785
v 0.113948 0.037103 0.961856
v 0.113948 0.038415 0.960544
v 0.115261 0.036559 0.980144
v 0.115261 0.038415 0.982000
v 0.113404 0.038415 0.980144
v 0.115261 0.037103 0.981456
v 0.114189 0.037343 0.981215
v 0.113948 0.038415 0.981456
v 0.113948 0.037103 0.980144
v 0.115261 0.314632 0.960000
v 0.113404 0.314632 0.961856
v 0.115261 0.316488 0.961856
v 0.113948 0.314632 0.960544
v 0.114189 0.315704 0.960785
v 0.113948 0.315945 0.961856
v 0.115261 0.315945 0.960544
v 0.115261 0.314632 0.982000
v 0.115261 0.316488 0.980144
v 0.113404 0.314632 0.980144
v 0.115261 0.315945 0.981456
v 0.114189 0.315704 0.981215
v 0.113948 0.315945 0.980144
v 0.113948 0.314632 0.981456
v 0.127018 0.038415 0.960000
v 0.128874 0.038415 0.961856
v 0.127018 0.036559 0.961856
v 0.128330 0.038415 0.960544
v 0.128090 0.037343 0.960785
v 0.128330 0.037103 0.961856
v 0.127018 0.037103 0.960544
v 0.127018 0.038415 0.982000
v 0.127018 0.036559 0.980144
v 0.128874 0.038415 0.980144
v 0.127018 0.037103 0.981456
v 0.128090 0.037343 0.981215
v 0.128330 0.037103 0.980144
v 0.128330 0.038415 0.981456
v 0.127018 0.314632 0.960000
v 0.127018 0.316488 0.961856
v 0.128874 0.314632 0.961856
v 0.127018 0.315945 0.960544
v 0.128090 0.315704 0.960785
v 0.128330 0.315945 0.961856
v 0.128330 0.314632 0.960544
v 0.127018 0.314632 0.982000
v 0.128874 0.314632 0.980144
v 0.127018 0.316488 0.980144
v 0.128330 0.314632 0.981456
v 0.128090 0.315704 0.981215
v 0.128330 0.315945 0.980144
v 0.127018 0.315945 0.981456
v -0.111548 0.302875 0.960000
v -0.111548 0.301018 0.961856
v -0.113404 0.302875 0.961856
v -0.111548 0.301562 0.960544
v -0.112620 0.301803 0.960785
v -0.112860 0.301562 0.961856
v -0.112860 0.302875 0.960544
v -0.111548 0.301018 0.980144
v -0.111548 0.302875 0.982000
v -0.113404 0.302875 0.980144
v -0.111548 0.301562 0.981456
v -0.112620 0.301803 0.981215
v -0.112860 0.302875 0.981456
v -0.112860 0.301562 0.980144
v -0.111548 0.314632 0.960000
v -0.113404 0.314632 0.961856
v -0.111548 0.316488 0.961856
v -0.112860 0.314632 0.960544
v -0.112620 0.315704 0.960785
v -0.112860 0.315945 0.961856
v -0.111548 0.315945 0.960544
v -0.111548 0.314632 0.982000
v -0.111548 0.316488 0.980144
v -0.113404 0.314632 0.980144
v -0.111548 0.315945 0.981456
v -0.112620 0.315704 0.981215
v -0.112860 0.315945 0.980144
v -0.112860 0.314632 0.981456
v 0.111548 0.302875 0.960000
v 0.113404 0.302875 0.961856
v 0.111548 0.301018 0.961856
v 0.112860 0.302875 0.960544
v 0.112620 0.301803 0.960785
v 0.112860 0.301562 0.961856
v 0.111548 0.301562 0.960544
v 0.111548 0.302875 0.982000
v 0.111548 0.301018 0.980144
v 0.113404 0.302875 0.980144
v 0.111548 0.301562 0.981456
v 0.112620 0.301803 0.981215
v 0.112860 0.301562 0.980144
v 0.112860 0.302875 0.981456
v 0.111548 0.314632 0.960000
v 0.111548 0.316488 0.961856
v 0.113404 0.314632 0.961856
v 0.111548 0.315945 0.960544
v 0.112620 0.315704 0.960785
v 0.112860 0.315945 0.961856
v 0.112860 0.314632 0.960544
v 0.111548 0.314632 0.982000
v 0.113404 0.314632 0.980144
v 0.111548 0.316488 0.980144
v 0.112860 0.314632 0.981456
v 0.112620 0.315704 0.981215
v 0.112860 0.315945 0.980144
v 0.111548 0.315945 0.981456
v 0.045878 0.173996 0.965940
v 0.045878 0.173198 0.966738
v 0.045079 0.173996 0.966738
v 0.045878 0.173431 0.966174
v 0.045417 0.173535 0.966277
v 0.045313 0.173431 0.966738
v 0.045313 0.173996 0.966174
v 0.045878 0.173198 0.981202
v 0.045878 0.173996 0.982000
v 0.045079 0.173996 0.981202
v 0.045878 0.173431 0.981766
v 0.045417 0.173535 0.981663
v 0.045313 0.173996 0.981766
v 0.045313 0.173431 0.981202
v 0.045878 0.179051 0.965940
v 0.045079 0.179051 0.966738
v 0.045878 0.179850 0.966738
v 0.045313 0.179051 0.966174
v 0.045417 0.179512 0.966277
v 0.045313 0.179616 0.966738
v 0.045878 0.179616 0.966174
v 0.045878 0.179051 0.982000
v 0.045878 0.179850 0.981202
v 0.045079 0.179051 0.981202
v 0.045878 0.179616 0.981766
v 0.045417 0.179512 0.981663
v 0.045313 0.179616 0.981202
v 0.045313 0.179051 0.981766
v 0.120341 0.173996 0.965940
v 0.121139 0.173996 0.966738
v 0.120341 0.173198 0.966738
v 0.120905 0.173996 0.966174
v 0.120802 0.173535 0.966277
v 0.120905 0.173431 0.966738
v 0.120341 0.173431 0.966174
v 0.120341 0.173996 0.982000
v 0.120341 0.173198 0.981202
v 0.121139 0.173996 0.981202
v 0.120341 0.173431 0.981766
v 0.120802 0.173535 0.981663
v 0.120905 0.173431 0.981202
v 0.120905 0.173996 0.981766
v 0.120341 0.179051 0.965940
v 0.120341 0.179850 0.966738
v 0.121139 0.179051 0.966738
v 0.120341 0.179616 0.966174
v 0.120802 0.179512 0.966277
v 0.120905 0.179616 0.966738
v 0.120905 0.179051 0.966174
v 0.120341 0.179051 0.982000
v 0.121139 0.179051 0.981202
v 0.120341 0.179850 0.981202
v 0.120905 0.179051 0.981766
v 0.120802 0.179512 0.981663
v 0.120905 0.179616 0.981202
v 0.120341 0.179616 0.981766
v 0.002528 0.222401 0.965940
v 0.003326 0.222401 0.966738
v 0.002528 0.221603 0.966738
v 0.003092 0.222401 0.966174
v 0.002989 0.221940 0.966277
v 0.003092 0.221837 0.966738
v 0.002528 0.221837 0.966174
v 0.003326 0.222401 0.981202
v 0.002528 0.222401 0.982000
v 0.002528 0.221603 0.981202
v 0.003092 0.222401 0.981766
v 0.002989 0.221940 0.981663
v 0.002528 0.221837 0.981766
v 0.003092 0.221837 0.981202
v -0.002528 0.222401 0.965940
v -0.002528 0.221603 0.966738
v -0.003326 0.222401 0.966738
v -0.002528 0.221837 0.966174
v -0.002989 0.221940 0.966277
v -0.003092 0.221837 0.966738
v -0.003092 0.222401 0.966174
v -0.002528 0.222401 0.982000
v -0.003326 0.222401 0.981202
v -0.002528 0.221603 0.981202
v -0.003092 0.222401 0.981766
v -0.002989 0.221940 0.981663
v -0.003092 0.221837 0.981202
v -0.002528 0.221837 0.981766
v 0.002528 0.307955 0.965940
v 0.002528 0.308753 0.966738
v 0.003326 0.307955 0.966738
v 0.002528 0.308520 0.966174
v 0.002989 0.308416 0.966277
v 0.003092 0.308520 0.966738
v 0.003092 0.307955 0.966174
v 0.002528 0.307955 0.982000
v 0.003326 0.307955 0.981202
v 0.002528 0.308753 0.981202
v 0.003092 0.307955 0.981766
v 0.002989 0.308416 0.981663
v 0.003092 0.308520 0.981202
v 0.002528 0.308520 0.981766
v -0.002528 0.307955 0.965940
v -0.003326 0.307955 0.966738
v -0.002528 0.308753 0.966738
v -0.003092 0.307955 0.966174
v -0.002989 0.308416 0.966277
v -0.003092 0.308520 0.966738
v -0.002528 0.308520 0.966174
v -0.002528 0.307955 0.982000
v -0.002528 0.308753 0.981202
v -0.003326 0.307955 0.981202
v -0.002528 0.308520 0.981766
v -0.002989 0.308416 0.981663
v -0.003092 0.308520 0.981202
v -0.003092 0.307955 0.981766
v 0.030558 0.142347 0.965940
v 0.029972 0.141806 0.966738
v 0.030017 0.142934 0.966738
v 0.030143 0.141965 0.966174
v 0.029907 0.142374 0.966277
v 0.029761 0.142380 0.966738
v 0.030176 0.142762 0.966174
v 0.029972 0.141806 0.981202
v 0.030558 0.142347 0.982000
v 0.030017 0.142934 0.981202
v 0.030143 0.141965 0.981766
v 0.029907 0.142374 0.981663
v 0.030176 0.142762 0.981766
v 0.029761 0.142380 0.981202
v 0.034276 0.145774 0.965940
v 0.033735 0.146361 0.966738
v 0.034862 0.146315 0.966738
v 0.033893 0.146189 0.966174
v 0.034302 0.146425 0.966277
v 0.034308 0.146572 0.966738
v 0.034691 0.146157 0.966174
v 0.034276 0.145774 0.982000
v 0.034862 0.146315 0.981202
v 0.033735 0.146361 0.981202
v 0.034691 0.146157 0.981766
v 0.034302 0.146425 0.981663
v 0.034308 0.146572 0.981202
v 0.033893 0.146189 0.981766
v 0.072347 0.097017 0.965940
v 0.072888 0.096430 0.966738
v 0.071761 0.096476 0.966738
v 0.072730 0.096602 0.966174
v 0.072321 0.096366 0.966277
v 0.072315 0.096219 0.966738
v 0.071932 0.096634 0.966174
v 0.072347 0.097017 0.982000
v 0.071761 0.096476 0.981202
v 0.072888 0.096430 0.981202
v 0.071932 0.096634 0.981766
v 0.072321 0.096366 0.981663
v 0.072315 0.096219 0.981202
v 0.072730 0.096602 0.981766
v 0.076065 0.100444 0.965940
v 0.076651 0.100985 0.966738
v 0.076606 0.099857 0.966738
v 0.076480 0.100826 0.966174
v 0.076716 0.100417 0.966277
v 0.076862 0.100411 0.966738
v 0.076447 0.100029 0.966174
v 0.076065 0.100444 0.982000
v 0.076606 0.099857 0.981202
v 0.076651 0.100985 0.981202
v 0.076447 0.100029 0.981766
v 0.076716 0.100417 0.981663
v 0.076862 0.100411 0.981202
v 0.076480 0.100826 0.981766
v 0.075392 0.095572 0.965940
v 0.075344 0.094775 0.966738
v 0.074595 0.095620 0.966738
v 0.075358 0.095009 0.966174
v 0.074904 0.095140 0.966277
v 0.074794 0.095043 0.966738
v 0.074828 0.095606 0.966174
v 0.075344 0.094775 0.981202
v 0.075392 0.095572 0.982000
v 0.074595 0.095620 0.981202
v 0.075358 0.095009 0.981766
v 0.074904 0.095140 0.981663
v 0.074828 0.095606 0.981766
v 0.074794 0.095043 0.981202
v 0.075696 0.100618 0.965940
v 0.074899 0.100667 0.966738
v 0.075744 0.101415 0.966738
v 0.075133 0.100652 0.966174
v 0.075264 0.101106 0.966277
v 0.075167 0.101216 0.966738
v 0.075730 0.101182 0.966174
v 0.075696 0.100618 0.982000
v 0.075744 0.101415 0.981202
v 0.074899 0.100667 0.981202
v 0.075730 0.101182 0.981766
v 0.075264 0.101106 0.981663
v 0.075167 0.101216 0.981202
v 0.075133 0.100652 0.981766
v 0.120190 0.092869 0.965940
v 0.120987 0.092821 0.966738
v 0.120142 0.092072 0.966738
v 0.120754 0.092835 0.966174
v 0.120622 0.092381 0.966277
v 0.120720 0.092272 0.966738
v 0.120156 0.092305 0.966174
v 0.120190 0.092869 0.982000
v 0.120142 0.092072 0.981202
v 0.120987 0.092821 0.981202
v 0.120156 0.092305 0.981766
v 0.120622 0.092381 0.981663
v 0.120720 0.092272 0.981202
v 0.120754 0.092835 0.981766
v 0.120495 0.097915 0.965940
v 0.120543 0.098712 0.966738
v 0.121291 0.097867 0.966738
v 0.120529 0.098479 0.966174
v 0.120982 0.098348 0.966277
v 0.121092 0.098445 0.966738
v 0.121058 0.097881 0.966174
v 0.120495 0.097915 0.982000
v 0.121291 0.097867 0.981202
v 0.120543 0.098712 0.981202
v 0.121058 0.097881 0.981766
v 0.120982 0.098348 0.981663
v 0.121092 0.098445 0.981202
v 0.120529 0.098479 0.981766
v 0.034276 0.207273 0.965940
v 0.034862 0.206732 0.966738
v 0.033735 0.206686 0.966738
v 0.034691 0.206891 0.966174
v 0.034302 0.206622 0.966277
v 0.034308 0.206476 0.966738
v 0.033893 0.206858 0.966174
v 0.034862 0.206732 0.981202
v 0.034276 0.207273 0.982000
v 0.033735 0.206686 0.981202
v 0.034691 0.206891 0.981766
v 0.034302 0.206622 0.981663
v 0.033893 0.206858 0.981766
v 0.034308 0.206476 0.981202
v 0.030558 0.210700 0.965940
v 0.030017 0.210113 0.966738
v 0.029972 0.211241 0.966738
v 0.030176 0.210285 0.966174
v 0.029907 0.210673 0.966277
v 0.029761 0.210667 0.966738
v 0.030143 0.211082 0.966174
v 0.030558 0.210700 0.982000
v 0.029972 0.211241 0.981202
v 0.030017 0.210113 0.981202
v 0.030143 0.211082 0.981766
v 0.029907 0.210673 0.981663
v 0.029761 0.210667 0.981202
v 0.030176 0.210285 0.981766
v 0.076065 0.252604 0.965940
v 0.076606 0.253191 0.966738
v 0.076651 0.252063 0.966738
v 0.076447 0.253019 0.966174
v 0.076716 0.252630 0.966277
v 0.076862 0.252636 0.966738
v 0.076480 0.252221 0.966174
v 0.076065 0.252604 0.982000
v 0.076651 0.252063 0.981202
v 0.076606 0.253191 0.981202
v 0.076480 0.252221 0.981766
v 0.076716 0.252630 0.981663
v 0.076862 0.252636 0.981202
v 0.076447 0.253019 0.981766
v 0.072347 0.256030 0.965940
v 0.071761 0.256571 0.966738
v 0.072888 0.256617 0.966738
v 0.071932 0.256413 0.966174
v 0.072321 0.256682 0.966277
v 0.072315 0.256828 0.966738
v 0.072730 0.256445 0.966174
v 0.072347 0.256030 0.982000
v 0.072888 0.256617 0.981202
v 0.071761 0.256571 0.981202
v 0.072730 0.256445 0.981766
v 0.072321 0.256682 0.981663
v 0.072315 0.256828 0.981202
v 0.071932 0.256413 0.981766
v 0.075696 0.252429 0.965940
v 0.075744 0.251632 0.966738
v 0.074899 0.252381 0.966738
v 0.075730 0.251865 0.966174
v 0.075264 0.251941 0.966277
v 0.075167 0.251831 0.966738
v 0.075133 0.252395 0.966174
v 0.075744 0.251632 0.981202
v 0.075696 0.252429 0.982000
v 0.074899 0.252381 0.981202
v 0.075730 0.251865 0.981766
v 0.075264 0.251941 0.981663
v 0.075133 0.252395 0.981766
v 0.075167 0.251831 0.981202
v 0.075392 0.257475 0.965940
v 0.074595 0.257427 0.966738
v 0.075344 0.258272 0.966738
v 0.074828 0.257441 0.966174
v 0.074904 0.257908 0.966277
v 0.074794 0.258005 0.966738
v 0.075358 0.258039 0.966174
v 0.075392 0.257475 0.982000
v 0.075344 0.258272 0.981202
v 0.074595 0.257427 0.981202
v 0.075358 0.258039 0.981766
v 0.074904 0.257908 0.981663
v 0.074794 0.258005 0.981202
v 0.074828 0.257441 0.981766
v 0.120495 0.255132 0.965940
v 0.121291 0.255180 0.966738
v 0.120543 0.254335 0.966738
v 0.121058 0.255166 0.966174
v 0.120982 0.254700 0.966277
v 0.121092 0.254603 0.966738
v 0.120529 0.254569 0.966174
v 0.120495 0.255132 0.982000
v 0.120543 0.254335 0.981202
v 0.121291 0.255180 0.981202
v 0.120529 0.254569 0.981766
v 0.120982 0.254700 0.981663
v 0.121092 0.254603 0.981202
v 0.121058 0.255166 0.981766
v 0.120190 0.260178 0.965940
v 0.120142 0.260975 0.966738
v 0.120987 0.260226 0.966738
v 0.120156 0.260742 0.966174
v 0.120622 0.260666 0.966277
v 0.120720 0.260776 0.966738
v 0.120754 0.260212 0.966174
v 0.120190 0.260178 0.982000
v 0.120987 0.260226 0.981202
v 0.120142 0.260975 0.981202
v 0.120754 0.260212 0.981766
v 0.120622 0.260666 0.981663
v 0.120720 0.260776 0.981202
v 0.120156 0.260742 0.981766
vn 0.0429 -0.1388 -0.9894
vn -0.5773 -0.5773 -0.5774
vn -0.7082 0.0214 -0.7057
vn -0.1773 -0.9837 0.0299
vn -0.1379 -0.5936 -0.7929
vn -0.9814 0.0565 -0.1836
vn -0.5857 -0.7989 -0.1370
vn 0.0275 -0.9871 0.1580
vn -0.5773 -0.5774 0.5774
vn -0.7082 -0.7060 -0.0032
vn -0.1939 0.0475 0.9799
vn -0.1378 -0.7929 0.5936
vn -0.9876 -0.1477 -0.0535
vn -0.5711 -0.1355 0.8096
vn -0.1940 -0.0474 -0.9799
vn -0.5773 0.5773 -0.5774
vn -0.0076 0.7081 -0.7061
vn -0.9876 0.1477 0.0535
vn -0.5711 0.1355 -0.8096
vn 0.0275 0.9871 -0.1580
vn -0.7989 0.5857 -0.1370
vn 0.0431 0.1388 0.9894
vn -0.5773 0.5773 0.5774
vn -0.7082 -0.0214 0.7057
vn -0.1773 0.9837 -0.0299
vn -0.1378 0.5927 0.7936
vn -0.9814 -0.0565 0.1836
vn -0.5857 0.7989 0.1370
vn 0.1940 0.0475 -0.9799
vn 0.5773 -0.5773 -0.5774
vn 0.0068 -0.7081 -0.7061
vn 0.9876 -0.1477 0.0538
vn 0.5723 -0.1357 -0.8088
vn -0.0275 -0.9871 -0.1580
vn 0.7989 -0.5857 -0.1370
vn -0.0430 -0.1388 0.9894
vn 0.5773 -0.5774 0.5774
vn 0.7081 0.0236 0.7057
vn 0.1773 -0.9837 -0.0299
vn 0.1379 -0.5936 0.7929
vn 0.9814 0.0561 0.1836
vn 0.5857 -0.7989 0.1370
vn -0.0431 0.1388 -0.9894
vn 0.5773 0.5773 -0.5774
vn 0.7081 -0.0236 -0.7057
vn 0.1773 0.9837 0.0299
vn 0.1378 0.5926 -0.7936
vn 0.9814 -0.0561 -0.1836
vn 0.5857 0.7989 -0.1370
vn 0.1940 -0.0474 0.9799
vn 0.5774 0.5773 0.5773
vn 0.0076 0.7081 0.7061
vn 0.9876 0.1477 -0.0538
vn 0.5723 0.1356 0.8087
vn -0.0275 0.9871 0.1580
vn 0.7989 0.5857 0.1371
vn 0.0471 -0.1936 -0.9799
vn -0.5773 -0.5774 -0.5774
vn -0.7081 -0.0068 -0.7061
vn -0.1480 -0.9875 0.0533
vn -0.1356 -0.5713 -0.8094
vn -0.9871 0.0275 -0.1580
vn -0.5857 -0.7989 -0.1371
vn 0.0561 -0.9815 0.1833
vn -0.1391 0.0429 0.9893
vn -0.1355 -0.8094 0.5713
vn -0.9837 -0.1773 -0.0299
vn -0.5936 -0.1380 0.7929
vn -0.1391 -0.0429 -0.9894
vn -0.5773 0.5774 -0.5774
vn 0.0210 0.7082 -0.7057
vn -0.9837 0.1773 0.0299
vn -0.5936 0.1379 -0.7929
vn 0.0561 0.9815 -0.1833
vn 0.0471 0.1936 0.9799
vn -0.5773 0.5774 0.5774
vn -0.7081 0.0068 0.7061
vn -0.1480 0.9875 -0.0533
vn -0.1355 0.5714 0.8094
vn -0.9870 -0.0275 0.1581
vn 0.1391 0.0429 -0.9894
vn -0.0210 -0.7082 -0.7057
vn 0.9837 -0.1773 0.0299
vn 0.5936 -0.1379 -0.7929
vn -0.0561 -0.9815 -0.1833
vn -0.0471 -0.1936 0.9799
vn 0.7081 -0.0068 0.7061
vn 0.1480 -0.9875 -0.0533
vn 0.1356 -0.5713 0.8094
vn 0.9870 0.0275 0.1581
vn -0.0471 0.1936 -0.9799
vn 0.7081 0.0068 -0.7061
vn 0.1480 0.9875 0.0533
vn 0.1356 0.5713 -0.8094
vn 0.9870 -0.0275 -0.1581
vn 0.1391 -0.0429 0.9893
vn 0.5773 0.5774 0.5774
vn -0.0210 0.7082 0.7057
vn 0.9837 0.1773 -0.0299
vn 0.5936 0.1379 0.7929
vn -0.0561 0.9815 0.1833
vn 0.7989 0.5857 0.1370
vn -0.0466 0.1932 -0.9801
vn 0.1564 0.9857 0.0623
vn 0.1355 0.5718 -0.8091
vn 0.9882 -0.0349 -0.1490
vn 0.5788 0.8040 -0.1363
vn -0.0634 0.9828 0.1737
vn 0.7082 0.7059 -0.0118
vn 0.1396 -0.0424 0.9893
vn 0.1356 0.8091 0.5718
vn 0.9819 0.1852 -0.0384
vn 0.1397 0.0424 -0.9893
vn 0.5773 -0.5774 -0.5774
vn -0.0206 -0.7082 -0.7057
vn 0.9819 -0.1852 0.0383
vn 0.5937 -0.1378 -0.7928
vn -0.0634 -0.9827 -0.1737
vn 0.8040 -0.5787 -0.1363
vn -0.0466 -0.1932 0.9801
vn 0.1564 -0.9857 -0.0624
vn 0.1357 -0.5717 0.8092
vn 0.9882 0.0349 0.1490
vn 0.5787 -0.8040 0.1363
vn -0.1397 -0.0424 -0.9893
vn 0.0206 0.7082 -0.7057
vn -0.9819 0.1852 0.0383
vn -0.5937 0.1378 -0.7928
vn 0.0634 0.9827 -0.1737
vn -0.8040 0.5787 -0.1363
vn 0.0466 0.1932 0.9801
vn -0.1564 0.9857 -0.0624
vn -0.1356 0.5717 0.8092
vn -0.9882 -0.0349 0.1490
vn -0.5787 0.8040 0.1363
vn 0.0466 -0.1932 -0.9801
vn -0.1564 -0.9857 0.0623
vn -0.1356 -0.5717 -0.8091
vn -0.9882 0.0349 -0.1490
vn -0.5788 -0.8040 -0.1363
vn -0.1396 0.0424 0.9893
vn -0.5774 -0.5773 0.5773
vn 0.0205 -0.7081 0.7058
vn -0.9819 -0.1852 -0.0384
vn -0.5936 -0.1379 0.7929
vn 0.0634 -0.9828 0.1737
vn -0.8040 -0.5787 0.1363
vn -0.1935 -0.0469 -0.9800
vn -0.0068 0.7081 -0.7061
vn -0.9858 0.1561 0.0625
vn -0.5716 0.1356 -0.8093
vn 0.0349 0.9882 -0.1490
vn -0.8040 0.5787 -0.1364
vn -0.9827 -0.0637 0.1740
vn -0.5774 0.5774 0.5773
vn -0.7059 0.7082 -0.0119
vn 0.0427 0.1394 0.9893
vn -0.8093 0.1356 0.5716
vn -0.1852 0.9819 -0.0383
vn -0.1379 0.5936 0.7929
vn -0.0430 0.1393 -0.9893
vn 0.7082 -0.0194 -0.7057
vn 0.1852 0.9819 0.0383
vn 0.1378 0.5936 -0.7929
vn 0.9827 -0.0637 -0.1740
vn 0.1935 -0.0469 0.9800
vn 0.5774 0.5774 0.5773
vn 0.0068 0.7081 0.7061
vn 0.9858 0.1561 -0.0625
vn 0.5715 0.1356 0.8093
vn -0.0349 0.9882 0.1490
vn 0.8040 0.5787 0.1364
vn 0.0427 -0.1394 -0.9893
vn -0.5774 -0.5773 -0.5774
vn -0.7082 0.0208 -0.7057
vn -0.1852 -0.9819 0.0383
vn -0.1378 -0.5936 -0.7929
vn -0.9827 0.0637 -0.1740
vn -0.5788 -0.8040 -0.1364
vn -0.1935 0.0467 0.9800
vn -0.5774 -0.5773 0.5774
vn -0.0076 -0.7081 0.7061
vn -0.9858 -0.1561 -0.0625
vn -0.5716 -0.1356 0.8093
vn 0.0349 -0.9882 0.1490
vn 0.1934 0.0466 -0.9800
vn 0.0067 -0.7081 -0.7061
vn 0.9858 -0.1561 0.0624
vn 0.5697 -0.1353 -0.8106
vn -0.0349 -0.9882 -0.1490
vn 0.8051 -0.5772 -0.1362
vn -0.0429 -0.1393 0.9893
vn 0.5774 -0.5773 0.5773
vn 0.7081 0.0208 0.7058
vn 0.1852 -0.9819 -0.0383
vn 0.1378 -0.5926 0.7936
vn 0.9827 0.0639 0.1739
vn 0.5797 -0.8033 0.1365
vn -0.1730 0.0968 -0.9802
vn -0.0331 0.8158 -0.5774
vn 0.4745 0.5257 -0.7060
vn -0.6184 0.7833 0.0624
vn -0.3295 0.4884 -0.8080
vn 0.6955 0.7029 -0.1490
vn -0.1989 0.9705 -0.1364
vn -0.7653 0.6199 0.1733
vn -0.0331 0.8158 0.5774
vn -0.0390 0.9992 -0.0118
vn 0.1260 0.0745 0.9892
vn -0.5028 0.6480 0.5721
vn 0.5294 0.8475 -0.0383
vn 0.3014 0.5304 0.7924
vn 0.0637 0.1318 -0.9892
vn 0.8158 0.0332 -0.5774
vn 0.5080 -0.4938 -0.7058
vn 0.8017 0.5964 0.0383
vn 0.5030 0.3424 -0.7936
vn 0.6800 -0.7125 -0.1733
vn 0.9705 0.1989 -0.1363
vn 0.1104 -0.1647 0.9801
vn 0.8158 0.0332 0.5774
vn 0.4841 0.5168 0.7061
vn 0.8310 -0.5528 -0.0624
vn 0.5135 -0.2888 0.8080
vn 0.6441 0.7503 0.1489
vn 0.9834 -0.1194 0.1363
vn -0.0641 -0.1315 -0.9892
vn -0.8158 -0.0332 -0.5774
vn -0.5055 0.4964 -0.7057
vn -0.8018 -0.5964 0.0383
vn -0.5037 -0.3430 -0.7928
vn -0.6802 0.7123 -0.1733
vn -0.9705 -0.1989 -0.1364
vn -0.1105 0.1646 0.9802
vn -0.8158 -0.0332 0.5774
vn -0.4855 -0.5154 0.7061
vn -0.8310 0.5528 -0.0620
vn -0.5126 0.2880 0.8089
vn -0.6442 -0.7502 0.1490
vn -0.9834 0.1194 0.1363
vn 0.1729 -0.0970 -0.9802
vn 0.0332 -0.8158 -0.5774
vn -0.4749 -0.5252 -0.7061
vn 0.6185 -0.7834 0.0620
vn 0.3275 -0.4861 -0.8102
vn -0.6955 -0.7029 -0.1490
vn 0.1989 -0.9705 -0.1364
vn -0.1260 -0.0744 0.9892
vn 0.0332 -0.8158 0.5774
vn 0.5357 -0.4636 0.7058
vn -0.5294 -0.8475 -0.0383
vn -0.3003 -0.5292 0.7936
vn 0.7651 -0.6201 0.1733
vn -0.1195 -0.9834 0.1363
vn -0.0566 0.1889 -0.9804
vn 0.5415 0.6111 -0.5774
vn 0.7063 0.0502 -0.7061
vn 0.0982 0.9933 0.0614
vn 0.1009 0.5800 -0.8083
vn 0.9885 0.0247 -0.1490
vn 0.5292 0.8375 -0.1363
vn -0.1208 0.9776 0.1724
vn 0.5415 0.6111 0.5774
vn 0.6644 0.7473 -0.0118
vn 0.1434 -0.0326 0.9891
vn 0.0865 0.8163 0.5711
vn 0.9690 0.2440 -0.0383
vn 0.5842 0.1734 0.7929
vn 0.1384 0.0498 -0.9891
vn 0.6111 -0.5415 -0.5774
vn 0.0213 -0.7082 -0.7057
vn 0.9913 -0.1257 0.0383
vn 0.5999 -0.1019 -0.7936
vn -0.0023 -0.9850 -0.1724
vn 0.8374 -0.5292 -0.1363
vn -0.0336 -0.1943 0.9804
vn 0.6110 -0.5415 0.5774
vn 0.7072 0.0358 0.7061
vn 0.2169 -0.9743 -0.0614
vn 0.1700 -0.5636 0.8083
vn 0.9843 0.0943 0.1490
vn 0.6261 -0.7677 0.1364
vn -0.1384 -0.0497 -0.9891
vn -0.6111 0.5415 -0.5774
vn -0.0235 0.7081 -0.7058
vn -0.9913 0.1257 0.0383
vn -0.6015 0.1019 -0.7924
vn 0.0026 0.9850 -0.1724
vn -0.8374 0.5292 -0.1363
vn 0.0336 0.1943 0.9804
vn -0.6110 0.5415 0.5774
vn -0.7072 -0.0358 0.7061
vn -0.2169 0.9742 -0.0618
vn -0.1701 0.5648 0.8075
vn -0.9843 -0.0943 0.1490
vn -0.6261 0.7677 0.1363
vn 0.0567 -0.1889 -0.9804
vn -0.5415 -0.6111 -0.5774
vn -0.7065 -0.0482 -0.7061
vn -0.0981 -0.9933 0.0618
vn -0.1010 -0.5812 -0.8075
vn -0.9885 -0.0246 -0.1490
vn -0.5292 -0.8375 -0.1363
vn -0.1434 0.0326 0.9891
vn -0.5415 -0.6111 0.5774
vn 0.0618 -0.7057 0.7058
vn -0.9690 -0.2440 -0.0383
vn -0.5842 -0.1734 0.7929
vn 0.1210 -0.9776 0.1724
vn -0.7677 -0.6261 0.1364
vn 0.1105 0.1646 -0.9801
vn 0.8158 -0.0332 -0.5774
vn 0.4856 -0.5155 -0.7060
vn 0.8310 0.5528 0.0624
vn 0.5135 0.2888 -0.8080
vn 0.6441 -0.7503 -0.1490
vn 0.9834 0.1194 -0.1363
vn 0.6800 0.7124 0.1733
vn 0.8158 -0.0332 0.5774
vn 0.9990 -0.0422 -0.0118
vn 0.0639 -0.1317 0.9892
vn 0.6861 0.4478 0.5733
vn 0.8017 -0.5964 -0.0383
vn 0.5042 -0.3434 0.7924
vn 0.1261 -0.0743 -0.9892
vn -0.0331 -0.8158 -0.5774
vn -0.5333 -0.4663 -0.7058
vn 0.5294 -0.8475 0.0383
vn 0.3005 -0.5291 -0.7936
vn -0.7653 -0.6199 -0.1733
vn 0.1195 -0.9834 -0.1363
vn -0.1731 -0.0967 0.9802
vn -0.0331 -0.8158 0.5773
vn 0.4758 -0.5244 0.7061
vn -0.6185 -0.7833 -0.0624
vn -0.3295 -0.4884 0.8080
vn 0.6956 -0.7029 0.1489
vn -0.1989 -0.9705 0.1364
vn -0.1260 0.0745 -0.9892
vn 0.0332 0.8158 -0.5774
vn 0.5358 0.4636 -0.7057
vn -0.5294 0.8475 0.0383
vn -0.3005 0.5291 -0.7936
vn 0.7651 0.6201 -0.1733
vn -0.1194 0.9834 -0.1363
vn 0.1729 0.0969 0.9802
vn 0.0332 0.8158 0.5773
vn -0.4749 0.5252 0.7061
vn 0.6184 0.7834 -0.0620
vn 0.3275 0.4861 0.8102
vn -0.6955 0.7029 0.1490
vn 0.1989 0.9705 0.1364
vn -0.1107 -0.1643 -0.9802
vn -0.8158 0.0332 -0.5774
vn -0.4856 0.5155 -0.7061
vn -0.8310 -0.5528 0.0620
vn -0.5111 -0.2869 -0.8102
vn -0.6442 0.7502 -0.1490
vn -0.9834 -0.1194 -0.1363
vn -0.0641 0.1315 0.9892
vn -0.8158 0.0332 0.5774
vn -0.5055 -0.4964 0.7057
vn -0.8018 0.5964 -0.0383
vn -0.5037 0.3430 0.7929
vn -0.6802 -0.7122 0.1733
vn -0.9705 0.1989 0.1364
vn -0.0335 0.1943 -0.9804
vn 0.6111 0.5415 -0.5774
vn 0.7073 -0.0359 -0.7060
vn 0.2169 0.9743 0.0614
vn 0.1699 0.5637 -0.8083
vn 0.9843 -0.0945 -0.1489
vn 0.6261 0.7677 -0.1363
vn -0.0023 0.9850 0.1724
vn 0.6111 0.5415 0.5773
vn 0.7495 0.6619 -0.0119
vn 0.1385 -0.0496 0.9891
vn 0.1840 0.7999 0.5712
vn 0.9913 0.1258 -0.0383
vn 0.6009 0.1019 0.7928
vn 0.1434 0.0327 -0.9891
vn 0.5414 -0.6111 -0.5774
vn -0.0640 -0.7056 -0.7057
vn 0.9690 -0.2441 0.0383
vn 0.5842 -0.1734 -0.7929
vn -0.1208 -0.9776 -0.1725
vn 0.7677 -0.6262 -0.1363
vn -0.0567 -0.1888 0.9804
vn 0.5415 -0.6111 0.5773
vn 0.7064 -0.0495 0.7061
vn 0.0982 -0.9933 -0.0618
vn 0.1011 -0.5812 0.8075
vn 0.9885 -0.0247 0.1490
vn 0.5293 -0.8374 0.1363
vn -0.1434 -0.0328 -0.9891
vn -0.5414 0.6111 -0.5774
vn 0.0619 0.7058 -0.7058
vn -0.9690 0.2441 0.0383
vn -0.5842 0.1734 -0.7929
vn 0.1210 0.9776 -0.1724
vn -0.7677 0.6261 -0.1364
vn 0.0567 0.1888 0.9804
vn -0.5416 0.6111 0.5773
vn -0.7064 0.0495 0.7061
vn -0.0982 0.9933 -0.0618
vn -0.1011 0.5812 0.8075
vn -0.9885 0.0247 0.1490
vn -0.5293 0.8374 0.1363
vn 0.0335 -0.1943 -0.9804
vn -0.6110 -0.5415 -0.5774
vn -0.7073 0.0358 -0.7060
vn -0.2169 -0.9742 0.0618
vn -0.1701 -0.5648 -0.8075
vn -0.9843 0.0945 -0.1490
vn -0.6261 -0.7677 -0.1363
vn -0.1385 0.0496 0.9891
vn -0.6111 -0.5415 0.5773
vn -0.0214 -0.7081 0.7058
vn -0.9913 -0.1258 -0.0383
vn -0.6009 -0.1019 0.7928
vn 0.0023 -0.9850 0.1725
vn -0.8374 -0.5292 0.1363
vn 0.0431 -0.1388 -0.9894
vn -0.1378 -0.5927 -0.7936
vn 0.0275 -0.9870 0.1581
vn -0.5711 -0.1356 0.8096
vn -0.1940 -0.0475 -0.9799
vn -0.5711 0.1356 -0.8096
vn 0.1940 0.0474 -0.9799
vn 0.0076 -0.7081 -0.7061
vn 0.1378 -0.5936 0.7929
vn 0.5857 -0.7989 0.1371
vn -0.0429 0.1388 -0.9894
vn 0.1379 0.5936 -0.7929
vn 0.5723 0.1357 0.8087
vn -0.1356 -0.5714 -0.8094
vn -0.9870 0.0275 -0.1581
vn 0.0558 -0.9815 0.1833
vn -0.5773 -0.5774 0.5773
vn -0.1354 -0.8107 0.5695
vn -0.5936 -0.1379 0.7928
vn 0.0233 0.7081 -0.7057
vn 0.0558 0.9815 -0.1833
vn -0.5773 0.5774 0.5773
vn -0.1356 0.5714 0.8094
vn -0.9871 -0.0275 0.1580
vn 0.5773 -0.5774 0.5773
vn 0.1480 -0.9875 -0.0536
vn 0.1357 -0.5726 0.8086
vn 0.9871 0.0275 0.1580
vn 0.1480 0.9875 0.0536
vn 0.1356 0.5726 -0.8086
vn 0.5936 0.1379 0.7928
vn -0.1356 -0.5718 -0.8091
vn -0.5787 -0.8040 -0.1364
vn -0.7082 -0.7059 -0.0118
vn -0.1357 -0.8091 0.5717
vn -0.9819 -0.1852 -0.0383
vn -0.5936 -0.1378 0.7929
vn -0.5774 0.5773 0.5773
vn -0.1357 0.5717 0.8091
vn -0.9882 -0.0349 0.1489
vn -0.5787 0.8041 0.1363
vn 0.5787 -0.8041 0.1363
vn 0.7081 0.0069 -0.7061
vn 0.1564 0.9857 0.0624
vn 0.1356 0.5718 -0.8091
vn 0.5787 0.8040 -0.1364
vn -0.0205 0.7081 0.7058
vn 0.9819 0.1852 -0.0383
vn 0.8040 0.5788 0.1364
vn 0.9858 -0.1561 0.0625
vn 0.5697 -0.1355 -0.8106
vn 0.9827 0.0637 0.1740
vn 0.5773 -0.5773 0.5774
vn 0.7059 -0.7082 -0.0118
vn -0.0427 -0.1394 0.9893
vn 0.8093 -0.1356 0.5716
vn 0.0430 -0.1393 -0.9893
vn -0.7082 0.0194 -0.7057
vn -0.1934 0.0466 0.9800
vn -0.5773 -0.5773 0.5774
vn -0.0068 -0.7081 0.7061
vn -0.5697 -0.1355 0.8106
vn -0.8040 -0.5788 0.1363
vn 0.7082 -0.0193 -0.7057
vn 0.5773 0.5773 0.5774
vn 0.5716 0.1356 0.8093
vn -0.1934 -0.0466 -0.9800
vn -0.0067 0.7081 -0.7061
vn -0.5697 0.1354 -0.8106
vn 0.0430 0.1392 0.9893
vn -0.7082 -0.0193 0.7057
vn -0.1378 0.5936 0.7929
vn -0.5788 0.8040 0.1363
vn -0.1105 -0.1646 -0.9802
vn -0.4850 0.5160 -0.7061
vn -0.5126 -0.2881 -0.8089
vn -0.6442 0.7503 -0.1489
vn -0.6800 -0.7124 0.1733
vn -0.9990 0.0423 -0.0118
vn -0.0638 0.1317 0.9892
vn -0.6862 -0.4478 0.5733
vn -0.8017 0.5964 -0.0383
vn -0.5030 0.3424 0.7936
vn -0.1260 0.0746 -0.9892
vn 0.0331 0.8158 -0.5774
vn 0.5343 0.4652 -0.7057
vn -0.3011 0.5299 -0.7928
vn 0.7653 0.6199 -0.1733
vn -0.1195 0.9834 -0.1364
vn 0.1730 0.0968 0.9802
vn 0.0331 0.8158 0.5774
vn -0.4744 0.5258 0.7061
vn 0.3287 0.4875 0.8089
vn 0.1260 -0.0744 -0.9892
vn -0.0332 -0.8158 -0.5774
vn -0.5343 -0.4652 -0.7058
vn 0.3004 -0.5291 -0.7936
vn -0.1728 -0.0969 0.9802
vn -0.0331 -0.8158 0.5774
vn 0.4749 -0.5253 0.7061
vn -0.6184 -0.7834 -0.0620
vn -0.3274 -0.4861 0.8102
vn 0.6955 -0.7029 0.1490
vn -0.1989 -0.9705 0.1363
vn 0.1106 0.1645 -0.9802
vn 0.4856 -0.5154 -0.7061
vn 0.8310 0.5528 0.0620
vn 0.5125 0.2881 -0.8089
vn 0.6442 -0.7502 -0.1490
vn 0.9834 0.1195 -0.1363
vn 0.0640 -0.1315 0.9892
vn 0.5071 0.4947 0.7058
vn 0.8018 -0.5964 -0.0383
vn 0.5038 -0.3429 0.7929
vn 0.9705 -0.1989 0.1363
vn 0.0336 -0.1943 -0.9804
vn -0.7073 0.0359 -0.7060
vn -0.9843 0.0944 -0.1490
vn 0.0026 -0.9850 0.1724
vn -0.7494 -0.6620 -0.0118
vn -0.1384 0.0498 0.9891
vn -0.1842 -0.7987 0.5729
vn -0.5999 -0.1018 0.7936
vn -0.1434 -0.0327 -0.9891
vn -0.5415 0.6111 -0.5774
vn 0.0618 0.7058 -0.7058
vn -0.9690 0.2440 0.0383
vn -0.5843 0.1734 -0.7928
vn -0.7677 0.6261 -0.1363
vn -0.5415 0.6111 0.5774
vn -0.7063 0.0503 0.7061
vn -0.1010 0.5812 0.8075
vn -0.5293 0.8374 0.1364
vn 0.5415 -0.6111 -0.5774
vn -0.0639 -0.7056 -0.7057
vn 0.9690 -0.2440 0.0383
vn -0.1208 -0.9776 -0.1724
vn 0.7677 -0.6261 -0.1363
vn -0.0568 -0.1888 0.9804
vn 0.5415 -0.6111 0.5774
vn 0.0982 -0.9933 -0.0614
vn 0.1010 -0.5800 0.8083
vn -0.0336 0.1943 -0.9804
vn 0.6110 0.5415 -0.5774
vn 0.9843 -0.0944 -0.1490
vn 0.1384 -0.0496 0.9891
vn 0.0214 0.7081 0.7057
vn 0.9913 0.1257 -0.0383
vn 0.8374 0.5293 0.1363
vn 0.1731 -0.0967 -0.9801
vn 0.0331 -0.8158 -0.5774
vn -0.4759 -0.5244 -0.7060
vn 0.6184 -0.7834 0.0620
vn 0.3288 -0.4875 -0.8089
vn -0.6956 -0.7028 -0.1489
vn 0.1989 -0.9705 -0.1363
vn 0.7653 -0.6199 0.1733
vn 0.0331 -0.8158 0.5773
vn 0.0390 -0.9992 -0.0119
vn -0.1262 -0.0742 0.9892
vn 0.5021 -0.6475 0.5733
vn -0.3004 -0.5291 0.7936
vn -0.5070 0.4948 -0.7058
vn -0.8017 -0.5964 0.0383
vn -0.5042 -0.3435 -0.7924
vn -0.6800 0.7125 -0.1733
vn -0.9705 -0.1989 -0.1363
vn -0.1108 0.1643 0.9802
vn -0.4856 -0.5154 0.7061
vn -0.8310 0.5528 -0.0624
vn -0.6442 -0.7503 0.1489
vn -0.9834 0.1195 0.1363
vn 0.0641 0.1315 -0.9892
vn 0.5070 -0.4948 -0.7058
vn 0.5043 0.3435 -0.7923
vn 0.1107 -0.1643 0.9802
vn 0.4856 0.5154 0.7061
vn 0.8310 -0.5528 -0.0620
vn 0.5111 -0.2869 0.8102
vn 0.6442 0.7502 0.1490
vn 0.9834 -0.1195 0.1363
vn -0.1731 0.0967 -0.9801
vn -0.0332 0.8158 -0.5774
vn 0.4759 0.5244 -0.7061
vn -0.6184 0.7834 0.0620
vn -0.3288 0.4875 -0.8089
vn 0.6956 0.7029 -0.1490
vn -0.1989 0.9705 -0.1363
vn 0.1262 0.0742 0.9892
vn -0.0332 0.8158 0.5774
vn -0.5343 0.4652 0.7058
vn 0.3003 0.5291 0.7936
vn -0.7651 0.6202 0.1733
vn 0.1194 0.9834 0.1363
vn 0.0568 -0.1889 -0.9804
vn -0.5414 -0.6111 -0.5774
vn -0.7064 -0.0495 -0.7061
vn -0.1009 -0.5812 -0.8075
vn -0.9885 -0.0247 -0.1490
vn -0.5292 -0.8374 -0.1364
vn -0.5415 -0.6111 0.5773
vn -0.6644 -0.7473 -0.0118
vn -0.1434 0.0328 0.9891
vn -0.0868 -0.8150 0.5729
vn -0.5842 -0.1735 0.7928
vn -0.1385 -0.0496 -0.9891
vn -0.0213 0.7082 -0.7057
vn -0.6009 0.1018 -0.7928
vn 0.0023 0.9850 -0.1725
vn -0.8374 0.5293 -0.1363
vn 0.0335 0.1943 0.9804
vn -0.6111 0.5415 0.5773
vn -0.2169 0.9743 -0.0614
vn -0.1699 0.5636 0.8084
vn -0.9843 -0.0945 0.1490
vn 0.1385 0.0496 -0.9891
vn 0.6009 -0.1018 -0.7928
vn -0.0023 -0.9850 -0.1725
vn 0.8374 -0.5293 -0.1363
vn -0.0335 -0.1943 0.9804
vn 0.6111 -0.5415 0.5773
vn 0.7073 0.0358 0.7061
vn 0.1700 -0.5636 0.8084
vn 0.9843 0.0945 0.1489
vn 0.6261 -0.7677 0.1363
vn -0.0568 0.1889 -0.9804
vn 0.5414 0.6111 -0.5774
vn 0.7064 0.0494 -0.7061
vn 0.0981 0.9933 0.0618
vn 0.1009 0.5812 -0.8075
vn 0.5292 0.8374 -0.1364
vn 0.1434 -0.0328 0.9891
vn 0.5415 0.6111 0.5773
vn -0.0618 0.7057 0.7058
vn 0.5842 0.1734 0.7928
vn -0.1210 0.9776 0.1724
vn 0.7677 0.6261 0.1363
vt 0.155000 0.748342
vt 0.137679 0.750000
vt 0.125000 0.748342
vt 0.396096 0.970000
vt 0.383916 1.000000
vt 0.375000 0.970000
vt 0.396095 0.001658
vt 0.375000 0.000701
vt 0.396095 0.000000
vt 0.603905 0.970000
vt 0.625000 0.987321
vt 0.603904 1.000000
vt 0.845000 0.748342
vt 0.875000 0.749299
vt 0.845000 0.750000
vt 0.603904 0.001658
vt 0.616084 0.000000
vt 0.625000 0.001658
vt 0.155000 0.501658
vt 0.125000 0.500701
vt 0.155000 0.500000
vt 0.396095 0.248342
vt 0.379458 0.256340
vt 0.375000 0.248342
vt 0.396095 0.280000
vt 0.396095 0.250000
vt 0.845000 0.501658
vt 0.862321 0.500000
vt 0.875000 0.501658
vt 0.603905 0.280000
vt 0.620542 0.249650
vt 0.625000 0.280000
vt 0.603905 0.248342
vt 0.603904 0.250000
vt 0.345000 0.748342
vt 0.377972 0.753993
vt 0.360000 0.765000
vt 0.396095 0.748342
vt 0.375000 0.748342
vt 0.396095 0.780000
vt 0.396095 0.750000
vt 0.655000 0.748342
vt 0.626255 0.749766
vt 0.625000 0.748342
vt 0.603905 0.780000
vt 0.640000 0.765000
vt 0.603905 0.748342
vt 0.603904 0.750000
vt 0.345000 0.501658
vt 0.373745 0.500234
vt 0.375000 0.501658
vt 0.396095 0.470000
vt 0.360000 0.485000
vt 0.396096 0.501658
vt 0.396095 0.500000
vt 0.655000 0.501658
vt 0.622028 0.496007
vt 0.640000 0.485000
vt 0.603904 0.501658
vt 0.625000 0.501658
vt 0.603905 0.470000
vt 0.603904 0.500000
vt 0.125000 0.501658
vt 0.375000 0.001658
vt 0.396095 1.000000
vt 0.603904 0.000000
vt 0.875000 0.748342
vt 0.625000 0.248342
vt 0.375000 0.280000
vt 0.845000 0.500000
vt 0.155000 0.750000
vt 0.625000 0.970000
vt 0.127046 0.720000
vt 0.125865 0.750000
vt 0.125000 0.720000
vt 0.396095 0.997954
vt 0.375000 0.997954
vt 0.396096 0.030000
vt 0.375000 0.012679
vt 0.396095 0.000000
vt 0.603904 0.997954
vt 0.625000 0.999135
vt 0.603904 1.000000
vt 0.872954 0.720000
vt 0.875000 0.737321
vt 0.872954 0.750000
vt 0.603905 0.030000
vt 0.625000 0.030000
vt 0.127046 0.530000
vt 0.125000 0.512679
vt 0.127046 0.500000
vt 0.396095 0.220000
vt 0.379458 0.250432
vt 0.375000 0.220000
vt 0.396095 0.252046
vt 0.396095 0.250000
vt 0.872954 0.530000
vt 0.874135 0.500000
vt 0.875000 0.530000
vt 0.603905 0.252046
vt 0.620542 0.243660
vt 0.625000 0.252046
vt 0.603905 0.220000
vt 0.603904 0.250000
vt 0.372954 0.720000
vt 0.377972 0.746062
vt 0.373977 0.751023
vt 0.396095 0.720000
vt 0.375000 0.720000
vt 0.396095 0.752046
vt 0.396095 0.750000
vt 0.627046 0.720000
vt 0.622316 0.745773
vt 0.625000 0.720000
vt 0.603905 0.752046
vt 0.626023 0.751023
vt 0.603905 0.720000
vt 0.603904 0.750000
vt 0.372954 0.530000
vt 0.377684 0.504226
vt 0.375000 0.530000
vt 0.396095 0.497954
vt 0.373977 0.498977
vt 0.396096 0.530000
vt 0.396095 0.500000
vt 0.627046 0.530000
vt 0.622028 0.503938
vt 0.626023 0.498977
vt 0.603905 0.530000
vt 0.625000 0.530000
vt 0.603905 0.497954
vt 0.603904 0.500000
vt 0.125000 0.530000
vt 0.375000 0.030000
vt 0.396095 1.000000
vt 0.875000 0.720000
vt 0.625000 0.220000
vt 0.375000 0.252046
vt 0.872954 0.500000
vt 0.127046 0.750000
vt 0.625000 0.997954
vt 0.127624 0.720000
vt 0.126109 0.750000
vt 0.125000 0.720000
vt 0.387426 0.997376
vt 0.380252 1.000000
vt 0.375000 0.997376
vt 0.387426 0.030000
vt 0.375000 0.012679
vt 0.387426 0.000000
vt 0.612574 0.997376
vt 0.625000 0.998891
vt 0.612574 1.000000
vt 0.872376 0.720000
vt 0.875000 0.737320
vt 0.872376 0.750000
vt 0.612574 0.030000
vt 0.619748 0.000000
vt 0.625000 0.030000
vt 0.127624 0.530000
vt 0.127624 0.500000
vt 0.387426 0.220000
vt 0.377626 0.250554
vt 0.375000 0.220000
vt 0.387426 0.252624
vt 0.387426 0.250000
vt 0.872376 0.530000
vt 0.873891 0.500000
vt 0.875000 0.530000
vt 0.612574 0.252624
vt 0.622374 0.243660
vt 0.625000 0.252624
vt 0.612574 0.220000
vt 0.612574 0.250000
vt 0.372376 0.720000
vt 0.376751 0.746143
vt 0.373688 0.751312
vt 0.387426 0.720000
vt 0.375000 0.720000
vt 0.387426 0.752624
vt 0.387426 0.750000
vt 0.627624 0.720000
vt 0.623619 0.745773
vt 0.625000 0.720000
vt 0.612574 0.752624
vt 0.626312 0.751312
vt 0.612574 0.720000
vt 0.612574 0.750000
vt 0.372376 0.530000
vt 0.376381 0.504226
vt 0.387426 0.497376
vt 0.373688 0.498688
vt 0.387426 0.530000
vt 0.387426 0.500000
vt 0.627624 0.530000
vt 0.623249 0.503857
vt 0.626312 0.498688
vt 0.612574 0.530000
vt 0.625000 0.530000
vt 0.612574 0.497376
vt 0.612574 0.500000
vt 0.375000 0.030000
vt 0.387426 1.000000
vt 0.612574 0.000000
vt 0.625000 0.220000
vt 0.375000 0.252624
vt 0.872376 0.500000
vt 0.127624 0.750000
vt 0.625000 0.997376
vt 0.127290 0.720000
vt 0.125968 0.750000
vt 0.387426 0.997710
vt 0.375000 0.997710
vt 0.387426 0.030000
vt 0.612574 0.997710
vt 0.625000 0.999032
vt 0.612574 1.000000
vt 0.872710 0.720000
vt 0.872710 0.750000
vt 0.612574 0.030000
vt 0.625000 0.030000
vt 0.127290 0.530000
vt 0.127290 0.500000
vt 0.377626 0.250484
vt 0.375000 0.220000
vt 0.387426 0.252290
vt 0.872710 0.530000
vt 0.874032 0.500000
vt 0.612574 0.252290
vt 0.622374 0.243660
vt 0.625000 0.252290
vt 0.372710 0.720000
vt 0.376751 0.746096
vt 0.373855 0.751145
vt 0.387426 0.720000
vt 0.387426 0.752290
vt 0.627290 0.720000
vt 0.623572 0.745773
vt 0.625000 0.720000
vt 0.612574 0.752290
vt 0.626145 0.751145
vt 0.612574 0.720000
vt 0.612574 0.750000
vt 0.372710 0.530000
vt 0.376428 0.504226
vt 0.375000 0.530000
vt 0.387426 0.497710
vt 0.373855 0.498855
vt 0.387426 0.500000
vt 0.627290 0.530000
vt 0.623249 0.503904
vt 0.626145 0.498855
vt 0.625000 0.530000
vt 0.612574 0.497710
vt 0.612574 0.500000
vt 0.375000 0.030000
vt 0.875000 0.720000
vt 0.625000 0.220000
vt 0.375000 0.252290
vt 0.872710 0.500000
vt 0.127290 0.750000
vt 0.625000 0.997710
vt 0.128155 0.720000
vt 0.126334 0.750000
vt 0.387426 0.996845
vt 0.375000 0.996845
vt 0.387426 0.030000
vt 0.387426 0.000000
vt 0.612574 0.996845
vt 0.625000 0.998666
vt 0.612574 1.000000
vt 0.871845 0.720000
vt 0.871845 0.750000
vt 0.128155 0.530000
vt 0.128155 0.500000
vt 0.387426 0.220000
vt 0.377626 0.250667
vt 0.375000 0.220000
vt 0.387426 0.253155
vt 0.871845 0.530000
vt 0.873666 0.500000
vt 0.612574 0.253155
vt 0.622374 0.243660
vt 0.625000 0.253155
vt 0.612574 0.250000
vt 0.371845 0.720000
vt 0.376751 0.746218
vt 0.373422 0.751577
vt 0.387426 0.720000
vt 0.375000 0.720000
vt 0.387426 0.753155
vt 0.387426 0.750000
vt 0.628155 0.720000
vt 0.623694 0.745774
vt 0.625000 0.720000
vt 0.612574 0.753155
vt 0.626578 0.751578
vt 0.612574 0.720000
vt 0.612574 0.750000
vt 0.371845 0.530000
vt 0.376306 0.504226
vt 0.375000 0.530000
vt 0.387426 0.496845
vt 0.373422 0.498422
vt 0.387426 0.500000
vt 0.628155 0.530000
vt 0.623249 0.503782
vt 0.626578 0.498422
vt 0.612574 0.530000
vt 0.625000 0.530000
vt 0.612574 0.496845
vt 0.387426 1.000000
vt 0.375000 0.253155
vt 0.871845 0.500000
vt 0.128155 0.750000
vt 0.625000 0.996845
vt 0.129294 0.720000
vt 0.126815 0.750000
vt 0.387426 0.995706
vt 0.375000 0.995706
vt 0.387426 0.030000
vt 0.612574 0.995706
vt 0.625000 0.998185
vt 0.870706 0.720000
vt 0.870706 0.750000
vt 0.612574 0.030000
vt 0.129294 0.530000
vt 0.129294 0.500000
vt 0.377626 0.250907
vt 0.387426 0.254294
vt 0.387426 0.250000
vt 0.870706 0.530000
vt 0.873185 0.500000
vt 0.612574 0.254294
vt 0.622374 0.243660
vt 0.625000 0.254294
vt 0.370706 0.720000
vt 0.376751 0.746378
vt 0.372853 0.752147
vt 0.387426 0.720000
vt 0.387426 0.754294
vt 0.387426 0.750000
vt 0.629294 0.720000
vt 0.623854 0.745773
vt 0.625000 0.720000
vt 0.612574 0.754294
vt 0.627147 0.752147
vt 0.370706 0.530000
vt 0.376146 0.504227
vt 0.387426 0.495706
vt 0.372853 0.497853
vt 0.387426 0.530000
vt 0.629294 0.530000
vt 0.623249 0.503622
vt 0.627147 0.497853
vt 0.612574 0.495706
vt 0.375000 0.030000
vt 0.625000 0.220000
vt 0.870706 0.500000
vt 0.129294 0.750000
vt 0.128155 0.720000
vt 0.871845 0.720000
vt 0.128155 0.530000
vt 0.387426 0.253155
vt 0.387426 0.250000
vt 0.371845 0.720000
vt 0.387426 0.720000
vt 0.387426 0.753155
vt 0.387426 0.750000
vt 0.612574 0.753155
vt 0.626577 0.751577
vt 0.371845 0.530000
vt 0.387426 0.500000
vt 0.628155 0.530000
vt 0.623249 0.503782
vt 0.626577 0.498422
vt 0.387426 0.030000
vt 0.870706 0.720000
vt 0.129294 0.530000
vt 0.387426 0.254294
vt 0.870706 0.530000
vt 0.387426 0.754294
vt 0.370706 0.530000
vt 0.629294 0.530000
vt 0.396095 0.248342
vt 0.396095 0.280000
vt 0.396095 0.250000
vt 0.603905 0.280000
vt 0.603905 0.248342
vt 0.396095 0.780000
vt 0.603905 0.780000
vt 0.640000 0.485000
vt 0.127046 0.720000
vt 0.396096 0.030000
vt 0.603905 0.997954
vt 0.872954 0.720000
vt 0.603905 0.030000
vt 0.872954 0.530000
vt 0.603904 0.252046
vt 0.603905 0.220000
vt 0.372954 0.720000
vt 0.396095 0.720000
vt 0.396095 0.750000
vt 0.625000 0.720000
vt 0.603904 0.752046
vt 0.626023 0.751023
vt 0.372954 0.530000
vt 0.396095 0.500000
vt 0.622028 0.503938
vt 0.626023 0.498977
vt 0.603905 0.530000
vt 0.127624 0.720000
vt 0.387426 0.997376
vt 0.612574 0.997376
vt 0.127624 0.530000
vt 0.872376 0.530000
vt 0.372376 0.720000
vt 0.387426 0.752624
vt 0.623619 0.745773
vt 0.612574 0.752624
vt 0.626312 0.751312
vt 0.387426 0.497376
vt 0.627624 0.530000
vt 0.626312 0.498688
vt 0.612574 0.030000
vt 0.127290 0.530000
vt 0.387426 0.250000
vt 0.872710 0.530000
vt 0.372710 0.720000
vt 0.387426 0.752290
vt 0.623572 0.745774
vt 0.612574 0.752290
vt 0.376428 0.504227
vt 0.375000 0.530000
vt 0.387426 0.497710
vt 0.387426 0.530000
vt 0.623249 0.503904
vt 0.626145 0.498855
vt 0.625000 0.530000
vt 0.870706 0.530000
vt 0.370706 0.720000
vt 0.612574 0.720000
vt 0.375000 0.254294
vt 0.625000 0.995706
vt 0.871845 0.530000
vt 0.628155 0.720000
vt 0.625000 0.720000
vt 0.129294 0.720000
vt 0.387426 0.250000
vt 0.870706 0.530000
vt 0.387426 0.754294
vt 0.629294 0.720000
vt 0.627147 0.752147
vt 0.370706 0.530000
vt 0.629294 0.530000
vt 0.623249 0.503622
s 1
usemtl grate_rear_center_cast_iron
f 1/1/1 5/2/2 7/3/3
f 2/4/4 5/5/2 4/6/5
f 3/7/6 5/8/2 6/9/7
f 8/10/8 12/11/9 14/12/10
f 9/13/11 12/14/9 11/15/12
f 10/16/13 12/17/9 13/18/14
f 15/19/15 19/20/16 21/21/17
f 16/22/18 19/23/16 18/24/19
f 17/25/20 19/23/16 20/26/21
f 22/27/22 26/28/23 28/29/24
f 23/30/25 26/31/23 25/32/26
f 24/33/27 26/31/23 27/34/28
f 29/35/29 33/36/30 35/37/31
f 30/38/32 33/36/30 32/39/33
f 31/40/34 33/36/30 34/41/35
f 36/42/36 40/43/37 42/44/38
f 37/45/39 40/43/37 39/46/40
f 38/47/41 40/43/37 41/48/42
f 43/49/43 47/50/44 49/51/45
f 44/52/46 47/50/44 46/53/47
f 45/54/48 47/50/44 48/55/49
f 50/56/50 54/57/51 56/58/52
f 51/59/53 54/57/51 53/60/54
f 52/61/55 54/57/51 55/62/56
f 1/1/1 18/63/19 15/19/15
f 7/64/3 16/22/18 18/24/19
f 8/10/8 6/65/7 2/4/4
f 14/66/10 3/7/6 6/9/7
f 22/27/22 13/67/14 9/13/11
f 28/68/24 10/16/13 13/18/14
f 17/25/20 27/34/28 23/30/25
f 20/26/21 24/33/27 27/34/28
f 43/49/43 21/21/17 46/53/47
f 21/69/17 44/52/46 46/53/47
f 22/27/22 56/58/52 25/70/26
f 56/58/52 23/30/25 25/32/26
f 45/54/48 55/62/56 51/59/53
f 48/55/49 52/61/55 55/62/56
f 43/49/43 32/39/33 29/35/29
f 32/39/33 45/54/48 30/38/32
f 36/42/36 53/60/54 50/56/50
f 53/60/54 38/47/41 51/59/53
f 31/40/34 41/48/42 37/45/39
f 34/41/35 38/47/41 41/48/42
f 29/35/29 4/71/5 1/1/1
f 35/37/31 2/4/4 4/6/5
f 9/13/11 39/46/40 36/42/36
f 11/72/12 37/45/39 39/46/40
f 43/49/43 1/1/1 15/19/15
f 10/16/13 16/22/18 3/7/6
f 37/45/39 2/4/4 31/40/34
f 22/27/22 36/42/36 50/56/50
f 23/30/25 44/52/46 17/25/20
f 51/59/53 30/38/32 45/54/48
f 57/73/57 61/74/58 63/75/59
f 58/76/60 61/5/58 60/77/61
f 59/78/62 61/79/58 62/80/63
f 64/81/64 68/82/9 70/83/10
f 65/84/65 68/85/9 67/86/66
f 66/87/67 68/17/9 69/88/68
f 71/89/69 75/90/70 77/91/71
f 72/92/72 75/93/70 74/94/73
f 73/95/74 75/93/70 76/96/21
f 78/97/75 82/98/76 84/99/77
f 79/100/78 82/101/76 81/102/79
f 80/103/80 82/101/76 83/104/28
f 85/105/81 89/106/30 91/107/82
f 86/108/83 89/106/30 88/109/84
f 87/110/85 89/106/30 90/111/35
f 92/112/86 96/113/37 98/114/87
f 93/115/88 96/113/37 95/116/89
f 94/117/90 96/113/37 97/118/42
f 99/119/91 103/120/44 105/121/92
f 100/122/93 103/120/44 102/123/94
f 101/124/95 103/120/44 104/125/49
f 106/126/96 110/127/97 112/128/98
f 107/129/99 110/127/97 109/130/100
f 108/131/101 110/127/97 111/132/102
f 57/73/57 74/133/73 71/89/69
f 63/134/59 72/92/72 74/94/73
f 64/81/64 62/135/63 58/76/60
f 70/66/10 59/78/62 62/80/63
f 78/97/75 69/136/68 65/84/65
f 84/137/77 66/87/67 69/88/68
f 73/95/74 83/104/28 79/100/78
f 76/96/21 80/103/80 83/104/28
f 71/89/69 102/123/94 99/119/91
f 77/138/71 100/122/93 102/123/94
f 106/126/96 81/139/79 78/97/75
f 112/128/98 79/100/78 81/102/79
f 101/124/95 111/132/102 107/129/99
f 104/125/49 108/131/101 111/132/102
f 99/119/91 88/109/84 85/105/81
f 105/121/92 86/108/83 88/109/84
f 92/112/86 109/130/100 106/126/96
f 98/114/87 107/129/99 109/130/100
f 87/110/85 97/118/42 93/115/88
f 90/111/35 94/117/90 97/118/42
f 85/105/81 60/140/61 57/73/57
f 91/107/82 58/76/60 60/77/61
f 65/84/65 95/116/89 92/112/86
f 67/141/66 93/115/88 95/116/89
f 99/119/91 57/73/57 71/89/69
f 66/87/67 72/92/72 59/78/62
f 93/115/88 58/76/60 87/110/85
f 78/97/75 92/112/86 106/126/96
f 79/100/78 100/122/93 73/95/74
f 107/129/99 86/108/83 101/124/95
f 113/142/103 117/143/44 119/144/92
f 114/145/104 117/146/44 116/147/105
f 115/148/106 117/149/44 118/150/107
f 120/151/108 124/152/51 126/153/109
f 121/154/110 124/155/51 123/156/111
f 122/157/112 124/158/51 125/159/100
f 127/160/113 131/90/114 133/161/115
f 128/162/116 131/163/114 130/164/117
f 129/165/118 131/163/114 132/166/119
f 134/167/120 138/168/37 140/169/87
f 135/170/121 138/171/37 137/172/122
f 136/173/123 138/171/37 139/174/124
f 141/175/125 145/176/70 147/177/126
f 142/178/127 145/176/70 144/179/128
f 143/180/129 145/176/70 146/181/130
f 148/182/131 152/183/76 154/184/77
f 149/185/132 152/183/76 151/186/133
f 150/187/134 152/183/76 153/188/135
f 155/189/136 159/190/2 161/121/59
f 156/191/137 159/190/2 158/192/138
f 157/193/139 159/190/2 160/194/140
f 162/195/141 166/196/142 168/197/143
f 163/198/144 166/196/142 165/199/145
f 164/200/146 166/196/142 167/201/147
f 113/142/103 130/133/117 127/160/113
f 119/202/92 128/162/116 130/164/117
f 120/151/108 118/203/107 114/145/104
f 126/204/109 115/148/106 118/150/107
f 134/167/120 125/136/100 121/154/110
f 140/205/87 122/157/112 125/159/100
f 129/165/118 139/174/124 135/170/121
f 132/166/119 136/173/123 139/174/124
f 127/160/113 158/192/138 155/189/136
f 133/206/115 156/191/137 158/192/138
f 162/195/141 137/207/122 134/167/120
f 168/197/143 135/170/121 137/172/122
f 157/193/139 167/201/147 163/198/144
f 160/194/140 164/200/146 167/201/147
f 155/189/136 144/179/128 141/175/125
f 161/121/59 142/178/127 144/179/128
f 148/182/131 165/199/145 162/195/141
f 154/184/77 163/198/144 165/199/145
f 143/180/129 153/188/135 149/185/132
f 146/181/130 150/187/134 153/188/135
f 141/175/125 116/208/105 113/142/103
f 147/177/126 114/145/104 116/147/105
f 121/154/110 151/186/133 148/182/131
f 123/209/111 149/185/132 151/186/133
f 155/189/136 113/142/103 127/160/113
f 122/157/112 128/162/116 115/148/106
f 149/185/132 114/145/104 143/180/129
f 134/167/120 148/182/131 162/195/141
f 135/170/121 156/191/137 129/165/118
f 163/198/144 142/178/127 157/193/139
f 169/210/148 173/211/16 175/75/149
f 170/212/150 173/146/16 172/213/151
f 171/214/152 173/149/16 174/150/153
f 176/215/154 180/216/155 182/217/156
f 177/218/157 180/155/155 179/219/158
f 178/220/159 180/158/155 181/221/160
f 183/222/161 187/90/44 189/223/162
f 184/162/163 187/224/44 186/225/164
f 185/226/165 187/224/44 188/166/107
f 190/227/166 194/228/167 196/169/168
f 191/229/169 194/230/167 193/231/170
f 192/173/171 194/230/167 195/174/172
f 197/232/173 201/233/174 203/234/175
f 198/235/176 201/233/174 200/179/177
f 199/236/178 201/233/174 202/181/179
f 204/237/180 208/238/181 210/239/182
f 205/240/183 208/238/181 207/241/184
f 206/242/185 208/238/181 209/243/147
f 211/244/186 215/245/30 217/246/187
f 212/247/188 215/245/30 214/248/189
f 213/193/190 215/245/30 216/249/191
f 218/250/192 222/251/193 224/252/194
f 219/198/195 222/251/193 221/253/196
f 220/254/197 222/251/193 223/255/198
f 169/210/148 186/133/164 183/222/161
f 175/256/149 184/162/163 186/225/164
f 176/215/154 174/203/153 170/212/150
f 182/204/156 171/214/152 174/150/153
f 190/227/166 181/257/160 177/218/157
f 196/258/168 178/220/159 181/221/160
f 185/226/165 195/174/172 191/229/169
f 188/166/107 192/173/171 195/174/172
f 211/244/186 189/223/162 214/248/189
f 189/259/162 212/247/188 214/248/189
f 218/250/192 193/260/170 190/227/166
f 224/252/194 191/229/169 193/231/170
f 213/193/190 223/255/198 219/198/195
f 223/255/198 212/247/188 220/254/197
f 211/244/186 200/179/177 197/232/173
f 217/246/187 198/235/176 200/179/177
f 218/250/192 210/239/182 221/253/196
f 210/239/182 219/198/195 221/253/196
f 199/236/178 209/243/147 205/240/183
f 202/181/179 206/242/185 209/243/147
f 197/232/173 172/261/151 169/210/148
f 203/234/175 170/212/150 172/213/151
f 177/218/157 207/241/184 204/237/180
f 179/262/158 205/240/183 207/241/184
f 211/244/186 169/210/148 183/222/161
f 178/220/159 184/162/163 171/214/152
f 205/240/183 170/212/150 199/236/178
f 190/227/166 204/237/180 218/250/192
f 191/229/169 212/247/188 185/226/165
f 219/198/195 198/235/176 213/193/190
f 225/263/199 229/264/200 231/75/201
f 226/265/202 229/146/200 228/266/203
f 227/267/204 229/149/200 230/268/205
f 232/269/206 236/270/207 238/271/208
f 233/272/209 236/155/207 235/273/210
f 234/157/211 236/158/207 237/221/212
f 239/274/213 243/90/214 245/275/215
f 240/276/216 243/277/214 242/278/217
f 241/279/218 243/277/214 244/166/219
f 246/280/220 250/281/221 252/169/222
f 247/282/223 250/283/221 249/284/224
f 248/173/225 250/283/221 251/285/226
f 253/286/227 257/287/228 259/288/229
f 254/289/230 257/287/228 256/290/231
f 255/291/232 257/287/228 258/292/233
f 260/293/234 264/294/235 266/295/236
f 261/296/237 264/294/235 263/297/238
f 262/298/239 264/294/235 265/299/240
f 267/300/241 271/301/242 273/302/243
f 268/303/244 271/301/242 270/304/245
f 269/193/246 271/301/242 272/305/247
f 274/306/248 278/307/249 280/308/250
f 275/309/251 278/307/249 277/310/252
f 276/311/253 278/307/249 279/255/254
f 239/274/213 231/75/201 242/133/217
f 231/134/201 240/276/216 242/278/217
f 232/269/206 230/312/205 226/265/202
f 238/204/208 227/267/204 230/268/205
f 246/280/220 237/136/212 233/272/209
f 237/221/212 248/173/225 234/157/211
f 241/279/218 251/285/226 247/282/223
f 244/166/219 248/173/225 251/285/226
f 267/300/241 245/275/215 270/304/245
f 245/313/215 268/303/244 270/304/245
f 274/306/248 249/314/224 246/280/220
f 249/284/224 276/311/253 247/282/223
f 269/193/246 279/255/254 275/309/251
f 272/305/247 276/311/253 279/255/254
f 267/300/241 256/290/231 253/286/227
f 273/302/243 254/289/230 256/290/231
f 274/306/248 266/295/236 277/310/252
f 266/295/236 275/309/251 277/310/252
f 255/291/232 265/299/240 261/296/237
f 258/292/233 262/298/239 265/299/240
f 253/286/227 228/315/203 225/263/199
f 228/266/203 255/291/232 226/265/202
f 233/272/209 263/297/238 260/293/234
f 235/316/210 261/296/237 263/297/238
f 267/300/241 225/263/199 239/274/213
f 234/157/211 240/276/216 227/267/204
f 261/296/237 226/265/202 255/291/232
f 274/306/248 233/272/209 260/293/234
f 247/282/223 268/303/244 241/279/218
f 275/309/251 254/289/230 269/193/246
f 281/317/255 285/318/256 287/144/257
f 282/319/258 285/146/256 284/320/259
f 283/321/260 285/149/256 286/268/261
f 288/322/262 292/323/263 294/217/264
f 289/324/265 292/155/263 291/325/266
f 290/326/267 292/158/263 293/159/268
f 295/327/269 299/90/270 301/328/271
f 296/276/272 299/329/270 298/164/273
f 297/330/274 299/329/270 300/331/275
f 302/332/276 306/333/277 308/169/278
f 303/334/279 306/335/277 305/336/280
f 304/173/281 306/335/277 307/174/282
f 309/337/283 313/338/284 315/339/285
f 310/340/286 313/338/284 312/179/287
f 311/341/288 313/338/284 314/342/289
f 316/343/290 320/344/291 322/345/292
f 317/346/293 320/344/291 319/347/294
f 318/187/295 320/344/291 321/243/296
f 323/348/297 327/349/298 329/246/299
f 324/350/300 327/349/298 326/351/301
f 325/352/302 327/349/298 328/194/303
f 330/353/304 334/354/305 336/355/306
f 331/198/307 334/354/305 333/253/308
f 332/356/309 334/354/305 335/201/310
f 295/327/269 287/144/257 298/133/273
f 287/357/257 296/276/272 298/164/273
f 288/322/262 286/312/261 282/319/258
f 294/204/264 283/321/260 286/268/261
f 302/332/276 293/136/268 289/324/265
f 308/358/278 290/326/267 293/159/268
f 297/330/274 307/174/282 303/334/279
f 300/331/275 304/173/281 307/174/282
f 295/327/269 326/351/301 323/348/297
f 326/351/301 297/330/274 324/350/300
f 330/353/304 305/359/280 302/332/276
f 336/355/306 303/334/279 305/336/280
f 325/352/302 335/201/310 331/198/307
f 328/194/303 332/356/309 335/201/310
f 323/348/297 312/179/287 309/337/283
f 312/179/287 325/352/302 310/340/286
f 316/343/290 333/253/308 330/353/304
f 322/345/292 331/198/307 333/253/308
f 311/341/288 321/243/296 317/346/293
f 314/342/289 318/187/295 321/243/296
f 309/337/283 284/360/259 281/317/255
f 315/339/285 282/319/258 284/320/259
f 289/324/265 319/347/294 316/343/290
f 319/347/294 288/322/262 317/346/293
f 295/327/269 309/337/283 281/317/255
f 290/326/267 296/276/272 283/321/260
f 317/346/293 282/319/258 311/341/288
f 302/332/276 316/343/290 330/353/304
f 303/334/279 324/350/300 297/330/274
f 331/198/307 310/340/286 325/352/302
f 337/361/311 341/264/312 343/75/313
f 338/265/314 341/146/312 340/266/315
f 339/267/316 341/149/312 342/268/317
f 344/269/318 348/270/319 350/271/320
f 345/362/321 348/155/319 347/273/322
f 346/157/323 348/158/319 349/221/324
f 351/363/325 355/90/326 357/275/327
f 352/276/328 355/277/326 354/278/329
f 353/364/330 355/277/326 356/365/331
f 358/280/332 362/281/333 364/169/334
f 359/282/335 362/283/333 361/284/336
f 360/173/337 362/283/333 363/285/338
f 365/366/339 369/287/340 371/288/341
f 366/367/342 369/287/340 368/290/343
f 367/368/344 369/287/340 370/369/345
f 372/293/346 376/294/347 378/184/348
f 373/370/349 376/294/347 375/371/350
f 374/187/351 376/294/347 377/299/352
f 379/372/353 383/301/354 385/121/355
f 380/303/356 383/301/354 382/304/357
f 381/193/358 383/301/354 384/373/359
f 386/374/360 390/375/361 392/376/362
f 387/198/363 390/375/361 389/310/364
f 388/311/365 390/375/361 391/255/366
f 351/363/325 343/75/313 354/133/329
f 343/134/313 352/276/328 354/278/329
f 344/269/318 342/312/317 338/265/314
f 350/204/320 339/267/316 342/268/317
f 358/280/332 349/136/324 345/362/321
f 349/221/324 360/173/337 346/157/323
f 353/364/330 363/285/338 359/282/335
f 356/365/331 360/173/337 363/285/338
f 379/372/353 357/275/327 382/304/357
f 357/313/327 380/303/356 382/304/357
f 386/374/360 361/314/336 358/280/332
f 361/284/336 388/311/365 359/282/335
f 381/193/358 391/255/366 387/198/363
f 384/373/359 388/311/365 391/255/366
f 365/366/339 385/121/355 368/290/343
f 385/121/355 366/367/342 368/290/343
f 372/293/346 389/310/364 386/374/360
f 378/184/348 387/198/363 389/310/364
f 367/368/344 377/299/352 373/370/349
f 370/369/345 374/187/351 377/299/352
f 365/366/339 340/315/315 337/361/311
f 340/266/315 367/368/344 338/265/314
f 372/293/346 347/273/322 375/371/350
f 347/316/322 373/370/349 375/371/350
f 351/363/325 365/366/339 337/361/311
f 346/157/323 352/276/328 339/267/316
f 373/370/349 338/265/314 367/368/344
f 386/374/360 345/362/321 372/293/346
f 359/282/335 380/303/356 353/364/330
f 387/198/363 366/367/342 381/193/358
f 393/317/367 397/318/368 399/144/369
f 394/319/370 397/146/368 396/320/371
f 395/377/372 397/149/368 398/268/373
f 400/322/374 404/323/375 406/217/376
f 401/378/377 404/155/375 403/325/378
f 402/326/379 404/158/375 405/159/380
f 407/379/381 411/90/382 413/328/383
f 408/276/384 411/329/382 410/164/385
f 409/380/386 411/329/382 412/331/387
f 414/381/388 418/333/389 420/169/390
f 415/334/391 418/335/389 417/336/392
f 416/173/393 418/335/389 419/174/394
f 421/337/395 425/338/396 427/339/397
f 422/340/398 425/338/396 424/179/399
f 423/382/400 425/338/396 426/342/401
f 428/343/402 432/344/403 434/114/404
f 429/346/405 432/344/403 431/347/406
f 430/187/407 432/344/403 433/243/408
f 435/383/409 439/349/410 441/246/411
f 436/350/412 439/349/410 438/351/413
f 437/352/414 439/349/410 440/194/415
f 442/384/416 446/354/417 448/355/418
f 443/198/419 446/354/417 445/253/420
f 444/356/421 446/354/417 447/201/422
f 407/379/381 399/144/369 410/133/385
f 410/164/385 395/377/372 408/276/384
f 400/322/374 398/312/373 394/319/370
f 406/204/376 395/377/372 398/268/373
f 414/381/388 405/136/380 401/378/377
f 420/358/390 402/326/379 405/159/380
f 409/380/386 419/174/394 415/334/391
f 412/331/387 416/173/393 419/174/394
f 407/379/381 438/351/413 435/383/409
f 438/351/413 409/380/386 436/350/412
f 442/384/416 417/359/392 414/381/388
f 417/336/392 444/356/421 415/334/391
f 437/352/414 447/201/422 443/198/419
f 440/194/415 444/356/421 447/201/422
f 421/337/395 441/246/411 424/179/399
f 424/179/399 437/352/414 422/340/398
f 428/343/402 445/253/420 442/384/416
f 434/114/404 443/198/419 445/253/420
f 423/382/400 433/243/408 429/346/405
f 426/342/401 430/187/407 433/243/408
f 421/337/395 396/360/371 393/317/367
f 427/339/397 394/319/370 396/320/371
f 401/378/377 431/347/406 428/343/402
f 431/347/406 400/322/374 429/346/405
f 435/383/409 393/317/367 407/379/381
f 402/326/379 408/276/384 395/377/372
f 429/346/405 394/319/370 423/382/400
f 414/381/388 428/343/402 442/384/416
f 415/334/391 436/350/412 409/380/386
f 443/198/419 422/340/398 437/352/414
f 449/1/423 453/2/2 455/3/3
f 450/4/4 453/5/2 452/6/424
f 451/7/6 453/8/2 454/9/7
f 456/10/425 460/11/9 462/12/10
f 457/13/11 460/14/9 459/15/12
f 458/16/13 460/17/9 461/18/426
f 463/19/427 467/20/16 469/21/149
f 464/385/18 467/23/16 466/24/428
f 465/386/20 467/23/16 468/387/21
f 470/27/22 474/28/23 476/29/24
f 471/388/25 474/31/23 473/32/26
f 472/389/27 474/31/23 475/34/28
f 477/35/429 481/36/30 483/37/430
f 478/38/32 481/36/30 480/39/33
f 479/390/34 481/36/30 482/41/35
f 484/42/36 488/43/37 490/44/38
f 485/391/39 488/43/37 487/46/431
f 486/47/41 488/43/37 489/48/432
f 491/49/433 495/50/44 497/51/45
f 492/52/46 495/50/44 494/53/434
f 493/54/48 495/50/44 496/55/49
f 498/56/50 502/57/51 504/392/52
f 499/59/53 502/57/51 501/60/435
f 500/61/55 502/57/51 503/62/102
f 449/1/423 466/63/428 463/19/427
f 455/64/3 464/385/18 466/24/428
f 456/10/425 454/65/7 450/4/4
f 462/66/10 451/7/6 454/9/7
f 470/27/22 461/67/426 457/13/11
f 476/68/24 458/16/13 461/18/426
f 465/386/20 475/34/28 471/388/25
f 468/387/21 472/389/27 475/34/28
f 463/19/427 494/53/434 491/49/433
f 469/69/149 492/52/46 494/53/434
f 470/27/22 504/392/52 473/70/26
f 504/392/52 471/388/25 473/32/26
f 493/54/48 503/62/102 499/59/53
f 496/55/49 500/61/55 503/62/102
f 491/49/433 480/39/33 477/35/429
f 480/39/33 493/54/48 478/38/32
f 484/42/36 501/60/435 498/56/50
f 501/60/435 486/47/41 499/59/53
f 479/390/34 489/48/432 485/391/39
f 482/41/35 486/47/41 489/48/432
f 449/1/423 483/37/430 452/71/424
f 483/37/430 450/4/4 452/6/424
f 457/13/11 487/46/431 484/42/36
f 459/72/12 485/391/39 487/46/431
f 491/49/433 449/1/423 463/19/427
f 458/16/13 464/385/18 451/7/6
f 485/391/39 450/4/4 479/390/34
f 470/27/22 484/42/36 498/56/50
f 471/388/25 492/52/46 465/386/20
f 499/59/53 478/38/32 493/54/48
f 505/393/57 509/74/58 511/75/59
f 506/76/60 509/5/58 508/77/436
f 507/394/437 509/79/58 510/80/63
f 512/395/438 516/82/439 518/83/10
f 513/396/65 516/85/439 515/86/440
f 514/397/67 516/17/439 517/88/441
f 519/89/69 523/90/70 525/91/442
f 520/92/72 523/93/70 522/94/73
f 521/95/443 523/93/70 524/26/21
f 526/398/75 530/98/444 532/99/77
f 527/399/78 530/101/444 529/102/445
f 528/400/446 530/101/444 531/104/28
f 533/401/81 537/106/30 539/107/82
f 534/402/83 537/106/30 536/109/84
f 535/110/85 537/106/30 538/403/35
f 540/112/86 544/113/447 546/404/87
f 541/405/448 544/113/447 543/406/449
f 542/117/450 544/113/447 545/118/42
f 547/407/91 551/120/44 553/121/92
f 548/122/451 551/120/44 550/123/452
f 549/124/95 551/120/44 552/408/49
f 554/126/96 558/409/97 560/410/98
f 555/411/99 558/409/97 557/130/453
f 556/131/101 558/409/97 559/132/102
f 505/393/57 522/133/73 519/89/69
f 511/134/59 520/92/72 522/94/73
f 512/395/438 510/135/63 506/76/60
f 518/66/10 507/394/437 510/80/63
f 526/398/75 517/136/441 513/396/65
f 532/137/77 514/397/67 517/88/441
f 521/95/443 531/104/28 527/399/78
f 524/26/21 528/400/446 531/104/28
f 519/89/69 550/123/452 547/407/91
f 550/123/452 521/95/443 548/122/451
f 554/126/96 529/139/445 526/398/75
f 560/410/98 527/399/78 529/102/445
f 549/124/95 559/132/102 555/411/99
f 552/408/49 556/131/101 559/132/102
f 547/407/91 536/109/84 533/401/81
f 553/121/92 534/402/83 536/109/84
f 540/112/86 557/130/453 554/126/96
f 546/404/87 555/411/99 557/130/453
f 535/110/85 545/118/42 541/405/448
f 538/403/35 542/117/450 545/118/42
f 533/401/81 508/140/436 505/393/57
f 539/107/82 506/76/60 508/77/436
f 513/396/65 543/406/449 540/112/86
f 543/406/449 512/395/438 541/405/448
f 547/407/91 505/393/57 519/89/69
f 514/397/67 520/92/72 507/394/437
f 541/405/448 506/76/60 535/110/85
f 526/398/75 540/112/86 554/126/96
f 527/399/78 548/122/451 521/95/443
f 555/411/99 534/402/83 549/124/95
f 561/412/136 565/143/2 567/144/59
f 562/413/137 565/146/2 564/147/454
f 563/267/139 565/149/2 566/150/455
f 568/414/146 572/152/142 574/153/456
f 569/154/141 572/155/142 571/156/457
f 570/157/458 572/158/142 573/159/459
f 575/415/125 579/90/16 581/161/126
f 576/162/127 579/163/16 578/164/128
f 577/165/129 579/163/16 580/166/130
f 582/416/131 586/168/460 588/169/77
f 583/170/132 586/171/460 585/172/461
f 584/173/462 586/171/460 587/174/463
f 589/417/113 593/176/30 595/177/115
f 590/235/116 593/176/30 592/179/117
f 591/418/118 593/176/30 594/181/119
f 596/182/120 600/419/193 602/295/87
f 597/420/121 600/419/193 599/421/122
f 598/187/123 600/419/193 601/188/464
f 603/189/103 607/190/44 609/121/465
f 604/422/466 607/190/44 606/192/467
f 605/193/106 607/190/44 608/249/468
f 610/423/110 614/196/51 616/424/469
f 611/309/470 614/196/51 613/310/100
f 612/200/108 614/196/51 615/201/471
f 561/412/136 578/133/128 575/415/125
f 567/202/59 576/162/127 578/164/128
f 568/414/146 566/203/455 562/413/137
f 574/204/456 563/267/139 566/150/455
f 582/416/131 573/136/459 569/154/141
f 588/205/77 570/157/458 573/159/459
f 577/165/129 587/174/463 583/170/132
f 580/166/130 584/173/462 587/174/463
f 575/415/125 606/192/467 603/189/103
f 581/206/126 604/422/466 606/192/467
f 610/423/110 585/207/461 582/416/131
f 616/424/469 583/170/132 585/172/461
f 605/193/106 615/201/471 611/309/470
f 608/249/468 612/200/108 615/201/471
f 603/189/103 592/179/117 589/417/113
f 609/121/465 590/235/116 592/179/117
f 596/182/120 613/310/100 610/423/110
f 602/295/87 611/309/470 613/310/100
f 591/418/118 601/188/464 597/420/121
f 594/181/119 598/187/123 601/188/464
f 589/417/113 564/208/454 561/412/136
f 595/177/115 562/413/137 564/147/454
f 569/154/141 599/421/122 596/182/120
f 571/209/457 597/420/121 599/421/122
f 603/189/103 561/412/136 575/415/125
f 570/157/458 576/162/127 563/267/139
f 597/420/121 562/413/137 591/418/118
f 582/416/131 596/182/120 610/423/110
f 583/170/132 604/422/466 577/165/129
f 611/309/470 590/235/116 605/193/106
f 617/210/186 621/211/30 623/75/187
f 618/212/472 621/146/30 620/213/473
f 619/214/190 621/149/30 622/150/119
f 624/215/474 628/216/475 630/217/476
f 625/218/477 628/155/475 627/219/478
f 626/425/195 628/158/475 629/221/40
f 631/426/479 635/90/2 637/223/480
f 632/162/176 635/224/2 634/225/177
f 633/226/178 635/224/2 636/427/140
f 638/428/481 642/228/482 644/169/483
f 639/229/183 642/230/482 641/231/484
f 640/173/185 642/230/482 643/174/485
f 645/429/161 649/233/44 651/234/486
f 646/235/163 649/233/44 648/179/164
f 647/430/165 649/233/44 650/181/468
f 652/237/166 656/431/487 658/114/168
f 653/432/169 656/431/487 655/241/488
f 654/187/171 656/431/487 657/243/172
f 659/244/489 663/433/70 665/434/490
f 660/435/150 663/433/70 662/248/491
f 661/436/152 663/433/70 664/249/130
f 666/250/492 670/437/76 672/438/493
f 667/309/159 670/437/76 669/439/494
f 668/254/154 670/437/76 671/255/495
f 617/210/186 634/133/177 631/426/479
f 623/256/187 632/162/176 634/225/177
f 624/215/474 622/203/119 618/212/472
f 630/204/476 619/214/190 622/150/119
f 638/428/481 629/257/40 625/218/477
f 644/258/483 626/425/195 629/221/40
f 633/226/178 643/174/485 639/229/183
f 636/427/140 640/173/185 643/174/485
f 659/244/489 637/223/480 662/248/491
f 637/259/480 660/435/150 662/248/491
f 638/428/481 672/438/493 641/260/484
f 672/438/493 639/229/183 641/231/484
f 661/436/152 671/255/495 667/309/159
f 664/249/130 668/254/154 671/255/495
f 659/244/489 648/179/164 645/429/161
f 665/434/490 646/235/163 648/179/164
f 652/237/166 669/439/494 666/250/492
f 658/114/168 667/309/159 669/439/494
f 647/430/165 657/243/172 653/432/169
f 650/181/468 654/187/171 657/243/172
f 617/210/186 651/234/486 620/261/473
f 651/234/486 618/212/472 620/213/473
f 625/218/477 655/241/488 652/237/166
f 627/262/478 653/432/169 655/241/488
f 659/244/489 617/210/186 631/426/479
f 626/425/195 632/162/176 619/214/190
f 653/432/169 618/212/472 647/430/165
f 638/428/481 652/237/166 666/250/492
f 639/229/183 660/435/150 633/226/178
f 667/309/159 646/235/163 661/436/152
f 673/263/496 677/264/354 679/75/497
f 674/265/356 677/146/354 676/266/498
f 675/267/499 677/149/354 678/268/359
f 680/269/500 684/270/361 686/271/501
f 681/272/502 684/155/361 683/273/503
f 682/157/504 684/158/361 685/221/505
f 687/363/506 691/90/507 693/275/508
f 688/276/342 691/277/507 690/278/509
f 689/279/510 691/277/507 692/166/511
f 694/280/512 698/281/513 700/169/514
f 695/282/349 698/283/513 697/284/515
f 696/173/351 698/283/513 699/285/352
f 701/286/516 705/287/517 707/288/518
f 702/289/328 705/287/517 704/290/519
f 703/368/330 705/287/517 706/292/331
f 708/293/520 712/294/521 714/295/522
f 709/296/523 712/294/521 711/297/524
f 710/298/525 712/294/521 713/299/526
f 715/300/527 719/301/312 721/302/528
f 716/303/529 719/301/312 718/304/530
f 717/193/531 719/301/312 720/305/532
f 722/306/533 726/307/319 728/308/534
f 723/309/535 726/307/319 725/310/536
f 724/311/318 726/307/319 727/255/537
f 673/263/496 690/133/509 687/363/506
f 679/134/497 688/276/342 690/278/509
f 680/269/500 678/312/359 674/265/356
f 686/204/501 675/267/499 678/268/359
f 681/272/502 700/169/514 685/136/505
f 700/137/514 682/157/504 685/221/505
f 689/279/510 699/285/352 695/282/349
f 692/166/511 696/173/351 699/285/352
f 687/363/506 718/304/530 715/300/527
f 693/313/508 716/303/529 718/304/530
f 722/306/533 697/314/515 694/280/512
f 728/308/534 695/282/349 697/284/515
f 717/193/531 727/255/537 723/309/535
f 720/305/532 724/311/318 727/255/537
f 701/286/516 721/302/528 704/290/519
f 721/302/528 702/289/328 704/290/519
f 708/293/520 725/310/536 722/306/533
f 714/295/522 723/309/535 725/310/536
f 703/368/330 713/299/526 709/296/523
f 706/292/331 710/298/525 713/299/526
f 701/286/516 676/315/498 673/263/496
f 707/288/518 674/265/356 676/266/498
f 708/293/520 683/273/503 711/297/524
f 683/316/503 709/296/523 711/297/524
f 715/300/527 673/263/496 687/363/506
f 682/157/504 688/276/342 675/267/499
f 709/296/523 674/265/356 703/368/330
f 722/306/533 681/272/502 708/293/520
f 695/282/349 716/303/529 689/279/510
f 723/309/535 702/289/328 717/193/531
f 729/317/538 733/318/410 735/144/539
f 730/319/412 733/146/410 732/320/413
f 731/377/540 733/149/410 734/268/415
f 736/322/541 740/323/417 742/217/542
f 737/378/543 740/155/417 739/325/544
f 738/326/419 740/158/417 741/159/545
f 743/379/546 747/90/547 749/328/548
f 744/276/549 747/329/547 746/164/550
f 745/380/400 747/329/547 748/166/551
f 750/440/402 754/333/552 756/169/553
f 751/334/405 754/335/552 753/336/554
f 752/173/407 754/335/552 755/174/555
f 757/441/381 761/338/556 763/339/557
f 758/289/558 761/338/556 760/179/385
f 759/382/559 761/338/556 762/342/560
f 764/343/561 768/344/562 770/114/390
f 765/346/563 768/344/562 767/347/564
f 766/442/393 768/344/562 769/243/394
f 771/383/565 775/349/566 777/246/369
f 772/350/370 775/349/566 774/351/371
f 773/352/567 775/349/566 776/194/373
f 778/384/568 782/354/375 784/355/569
f 779/198/570 782/354/375 781/253/380
f 780/356/374 782/354/375 783/201/571
f 729/317/538 746/133/550 743/379/546
f 735/357/539 744/276/549 746/164/550
f 736/322/541 734/312/415 730/319/412
f 742/204/542 731/377/540 734/268/415
f 737/378/543 756/169/553 741/136/545
f 756/358/553 738/326/419 741/159/545
f 745/380/400 755/174/555 751/334/405
f 748/166/551 752/173/407 755/174/555
f 743/379/546 774/351/371 771/383/565
f 749/443/548 772/350/370 774/351/371
f 778/384/568 753/359/554 750/440/402
f 753/336/554 780/356/374 751/334/405
f 773/352/567 783/201/571 779/198/570
f 776/194/373 780/356/374 783/201/571
f 771/383/565 760/179/385 757/441/381
f 777/246/369 758/289/558 760/179/385
f 764/343/561 781/253/380 778/384/568
f 770/114/390 779/198/570 781/253/380
f 759/382/559 769/243/394 765/346/563
f 762/342/560 766/442/393 769/243/394
f 757/441/381 732/360/413 729/317/538
f 732/320/413 759/382/559 730/319/412
f 737/378/543 767/347/564 764/343/561
f 739/444/544 765/346/563 767/347/564
f 743/379/546 757/441/381 729/317/538
f 738/326/419 744/276/549 731/377/540
f 765/346/563 730/319/412 759/382/559
f 750/440/402 764/343/561 778/384/568
f 751/334/405 772/350/370 745/380/400
f 779/198/570 758/289/558 773/352/567
f 785/263/572 789/264/573 791/75/574
f 786/265/575 789/146/573 788/266/576
f 787/267/577 789/149/573 790/268/578
f 792/269/579 796/270/580 798/271/581
f 793/272/582 796/155/580 795/273/583
f 794/157/251 796/158/580 797/221/584
f 799/363/227 803/90/228 805/275/585
f 800/276/586 803/277/228 802/278/587
f 801/279/588 803/277/228 804/331/589
f 806/445/590 810/281/235 812/169/591
f 807/282/592 810/283/235 809/284/238
f 808/173/593 810/283/235 811/285/594
f 813/286/595 817/287/214 819/288/596
f 814/289/216 817/287/214 816/290/597
f 815/368/218 817/287/214 818/369/219
f 820/446/598 824/294/221 826/447/599
f 821/296/600 824/294/221 823/371/601
f 822/187/602 824/294/221 825/299/603
f 827/300/604 831/301/605 833/121/606
f 828/303/607 831/301/605 830/304/608
f 829/193/609 831/301/605 832/373/610
f 834/374/611 838/375/612 840/376/613
f 835/198/211 838/375/612 837/310/614
f 836/311/615 838/375/612 839/255/616
f 785/263/572 802/133/587 799/363/227
f 802/278/587 787/267/577 800/276/586
f 792/269/579 790/312/578 786/265/575
f 798/204/581 787/267/577 790/268/578
f 793/272/582 812/169/591 797/136/584
f 812/137/591 794/157/251 797/221/584
f 801/279/588 811/285/594 807/282/592
f 804/331/589 808/173/593 811/285/594
f 799/363/227 830/304/608 827/300/604
f 805/313/585 828/303/607 830/304/608
f 806/445/590 840/376/613 809/314/238
f 809/284/238 836/311/615 807/282/592
f 829/193/609 839/255/616 835/198/211
f 832/373/610 836/311/615 839/255/616
f 827/300/604 816/290/597 813/286/595
f 816/290/597 829/193/609 814/289/216
f 834/374/611 826/447/599 837/310/614
f 826/447/599 835/198/211 837/310/614
f 815/368/218 825/299/603 821/296/600
f 818/369/219 822/187/602 825/299/603
f 813/286/595 788/315/576 785/263/572
f 819/288/596 786/265/575 788/266/576
f 820/446/598 795/273/583 823/371/601
f 795/316/583 821/296/600 823/371/601
f 799/363/227 813/286/595 785/263/572
f 794/157/251 800/276/586 787/267/577
f 821/296/600 786/265/575 815/368/218
f 806/445/590 820/446/598 834/374/611
f 807/282/592 828/303/607 801/279/588
f 835/198/211 814/289/216 829/193/609
f 841/448/617 845/318/618 847/144/619
f 842/319/300 845/146/618 844/320/620
f 843/321/621 845/149/618 846/268/622
f 848/322/309 852/323/623 854/217/624
f 849/378/625 852/155/623 851/325/626
f 850/326/307 852/158/623 853/159/627
f 855/379/628 859/90/284 861/328/629
f 856/276/286 859/329/284 858/164/630
f 857/380/631 859/329/284 860/449/632
f 862/450/633 866/333/634 868/169/292
f 863/334/635 866/335/634 865/336/636
f 864/173/637 866/335/634 867/174/296
f 869/441/638 873/338/270 875/339/271
f 870/289/272 873/338/270 872/179/639
f 871/451/640 873/338/270 874/342/641
f 876/452/642 880/344/643 882/114/644
f 877/346/279 880/344/643 879/453/645
f 878/187/646 880/344/643 881/243/647
f 883/454/648 887/349/649 889/246/650
f 884/350/651 887/349/649 886/351/652
f 885/352/260 887/349/649 888/373/653
f 890/455/654 894/456/655 896/355/656
f 891/198/267 894/456/655 893/130/657
f 892/356/658 894/456/655 895/201/659
f 841/448/617 858/133/630 855/379/628
f 847/357/619 856/276/286 858/164/630
f 848/322/309 846/312/622 842/319/300
f 854/204/624 843/321/621 846/268/622
f 849/378/625 868/169/292 853/136/627
f 853/159/627 864/173/637 850/326/307
f 857/380/631 867/174/296 863/334/635
f 860/449/632 864/173/637 867/174/296
f 855/379/628 886/351/652 883/454/648
f 886/351/652 857/380/631 884/350/651
f 890/455/654 865/359/636 862/450/633
f 896/355/656 863/334/635 865/336/636
f 885/352/260 895/201/659 891/198/267
f 888/373/653 892/356/658 895/201/659
f 883/454/648 872/179/639 869/441/638
f 889/246/650 870/289/272 872/179/639
f 890/455/654 882/114/644 893/130/657
f 893/130/657 878/187/646 891/198/267
f 871/451/640 881/243/647 877/346/279
f 874/342/641 878/187/646 881/243/647
f 869/441/638 844/360/620 841/448/617
f 844/320/620 871/451/640 842/319/300
f 849/378/625 879/453/645 876/452/642
f 851/444/626 877/346/279 879/453/645
f 883/454/648 841/448/617 855/379/628
f 850/326/307 856/276/286 843/321/621
f 877/346/279 842/319/300 871/451/640
f 862/450/633 876/452/642 890/455/654
f 863/334/635 884/350/651 857/380/631
f 891/198/267 870/289/272 885/352/260
f 1/1/1 4/71/5 5/2/2
f 2/4/4 6/65/7 5/5/2
f 3/7/6 7/64/3 5/8/2
f 8/10/8 11/72/12 12/11/9
f 9/13/11 13/67/14 12/14/9
f 10/16/13 14/66/10 12/17/9
f 15/19/15 18/63/19 19/20/16
f 16/22/18 20/26/21 19/23/16
f 17/25/20 21/69/17 19/23/16
f 22/27/22 25/70/26 26/28/23
f 23/30/25 27/34/28 26/31/23
f 24/33/27 28/68/24 26/31/23
f 29/35/29 32/39/33 33/36/30
f 30/38/32 34/41/35 33/36/30
f 31/40/34 35/37/31 33/36/30
f 36/42/36 39/46/40 40/43/37
f 37/45/39 41/48/42 40/43/37
f 38/47/41 42/44/38 40/43/37
f 43/49/43 46/53/47 47/50/44
f 44/52/46 48/55/49 47/50/44
f 45/54/48 49/51/45 47/50/44
f 50/56/50 53/60/54 54/57/51
f 51/59/53 55/62/56 54/57/51
f 52/61/55 56/58/52 54/57/51
f 1/1/1 7/3/3 18/63/19
f 7/64/3 3/7/6 16/22/18
f 8/10/8 14/12/10 6/65/7
f 14/66/10 10/16/13 3/7/6
f 22/27/22 28/29/24 13/67/14
f 28/68/24 24/33/27 10/16/13
f 17/25/20 20/26/21 27/34/28
f 20/26/21 16/22/18 24/33/27
f 43/49/43 15/19/15 21/21/17
f 21/69/17 17/25/20 44/52/46
f 22/27/22 50/56/50 56/58/52
f 56/58/52 52/61/55 23/30/25
f 45/54/48 48/55/49 55/62/56
f 48/55/49 44/52/46 52/61/55
f 43/49/43 49/51/45 32/39/33
f 32/39/33 49/51/45 45/54/48
f 36/42/36 42/44/38 53/60/54
f 53/60/54 42/44/38 38/47/41
f 31/40/34 34/41/35 41/48/42
f 34/41/35 30/38/32 38/47/41
f 29/35/29 35/37/31 4/71/5
f 35/37/31 31/40/34 2/4/4
f 9/13/11 11/15/12 39/46/40
f 11/72/12 8/10/8 37/45/39
f 43/49/43 29/35/29 1/1/1
f 10/16/13 24/33/27 16/22/18
f 37/45/39 8/10/8 2/4/4
f 22/27/22 9/13/11 36/42/36
f 23/30/25 52/61/55 44/52/46
f 51/59/53 38/47/41 30/38/32
f 57/73/57 60/140/61 61/74/58
f 58/76/60 62/135/63 61/5/58
f 59/78/62 63/134/59 61/79/58
f 64/81/64 67/141/66 68/82/9
f 65/84/65 69/136/68 68/85/9
f 66/87/67 70/66/10 68/17/9
f 71/89/69 74/133/73 75/90/70
f 72/92/72 76/96/21 75/93/70
f 73/95/74 77/138/71 75/93/70
f 78/97/75 81/139/79 82/98/76
f 79/100/78 83/104/28 82/101/76
f 80/103/80 84/137/77 82/101/76
f 85/105/81 88/109/84 89/106/30
f 86/108/83 90/111/35 89/106/30
f 87/110/85 91/107/82 89/106/30
f 92/112/86 95/116/89 96/113/37
f 93/115/88 97/118/42 96/113/37
f 94/117/90 98/114/87 96/113/37
f 99/119/91 102/123/94 103/120/44
f 100/122/93 104/125/49 103/120/44
f 101/124/95 105/121/92 103/120/44
f 106/126/96 109/130/100 110/127/97
f 107/129/99 111/132/102 110/127/97
f 108/131/101 112/128/98 110/127/97
f 57/73/57 63/75/59 74/133/73
f 63/134/59 59/78/62 72/92/72
f 64/81/64 70/83/10 62/135/63
f 70/66/10 66/87/67 59/78/62
f 78/97/75 84/99/77 69/136/68
f 84/137/77 80/103/80 66/87/67
f 73/95/74 76/96/21 83/104/28
f 76/96/21 72/92/72 80/103/80
f 71/89/69 77/91/71 102/123/94
f 77/138/71 73/95/74 100/122/93
f 106/126/96 112/128/98 81/139/79
f 112/128/98 108/131/101 79/100/78
f 101/124/95 104/125/49 111/132/102
f 104/125/49 100/122/93 108/131/101
f 99/119/91 105/121/92 88/109/84
f 105/121/92 101/124/95 86/108/83
f 92/112/86 98/114/87 109/130/100
f 98/114/87 94/117/90 107/129/99
f 87/110/85 90/111/35 97/118/42
f 90/111/35 86/108/83 94/117/90
f 85/105/81 91/107/82 60/140/61
f 91/107/82 87/110/85 58/76/60
f 65/84/65 67/86/66 95/116/89
f 67/141/66 64/81/64 93/115/88
f 99/119/91 85/105/81 57/73/57
f 66/87/67 80/103/80 72/92/72
f 93/115/88 64/81/64 58/76/60
f 78/97/75 65/84/65 92/112/86
f 79/100/78 108/131/101 100/122/93
f 107/129/99 94/117/90 86/108/83
f 113/142/103 116/208/105 117/143/44
f 114/145/104 118/203/107 117/146/44
f 115/148/106 119/202/92 117/149/44
f 120/151/108 123/209/111 124/152/51
f 121/154/110 125/136/100 124/155/51
f 122/157/112 126/204/109 124/158/51
f 127/160/113 130/133/117 131/90/114
f 128/162/116 132/166/119 131/163/114
f 129/165/118 133/206/115 131/163/114
f 134/167/120 137/207/122 138/168/37
f 135/170/121 139/174/124 138/171/37
f 136/173/123 140/205/87 138/171/37
f 141/175/125 144/179/128 145/176/70
f 142/178/127 146/181/130 145/176/70
f 143/180/129 147/177/126 145/176/70
f 148/182/131 151/186/133 152/183/76
f 149/185/132 153/188/135 152/183/76
f 150/187/134 154/184/77 152/183/76
f 155/189/136 158/192/138 159/190/2
f 156/191/137 160/194/140 159/190/2
f 157/193/139 161/121/59 159/190/2
f 162/195/141 165/199/145 166/196/142
f 163/198/144 167/201/147 166/196/142
f 164/200/146 168/197/143 166/196/142
f 113/142/103 119/144/92 130/133/117
f 119/202/92 115/148/106 128/162/116
f 120/151/108 126/153/109 118/203/107
f 126/204/109 122/157/112 115/148/106
f 134/167/120 140/169/87 125/136/100
f 140/205/87 136/173/123 122/157/112
f 129/165/118 132/166/119 139/174/124
f 132/166/119 128/162/116 136/173/123
f 127/160/113 133/161/115 158/192/138
f 133/206/115 129/165/118 156/191/137
f 162/195/141 168/197/143 137/207/122
f 168/197/143 164/200/146 135/170/121
f 157/193/139 160/194/140 167/201/147
f 160/194/140 156/191/137 164/200/146
f 155/189/136 161/121/59 144/179/128
f 161/121/59 157/193/139 142/178/127
f 148/182/131 154/184/77 165/199/145
f 154/184/77 150/187/134 163/198/144
f 143/180/129 146/181/130 153/188/135
f 146/181/130 142/178/127 150/187/134
f 141/175/125 147/177/126 116/208/105
f 147/177/126 143/180/129 114/145/104
f 121/154/110 123/156/111 151/186/133
f 123/209/111 120/151/108 149/185/132
f 155/189/136 141/175/125 113/142/103
f 122/157/112 136/173/123 128/162/116
f 149/185/132 120/151/108 114/145/104
f 134/167/120 121/154/110 148/182/131
f 135/170/121 164/200/146 156/191/137
f 163/198/144 150/187/134 142/178/127
f 169/210/148 172/261/151 173/211/16
f 170/212/150 174/203/153 173/146/16
f 171/214/152 175/256/149 173/149/16
f 176/215/154 179/262/158 180/216/155
f 177/218/157 181/257/160 180/155/155
f 178/220/159 182/204/156 180/158/155
f 183/222/161 186/133/164 187/90/44
f 184/162/163 188/166/107 187/224/44
f 185/226/165 189/259/162 187/224/44
f 190/227/166 193/260/170 194/228/167
f 191/229/169 195/174/172 194/230/167
f 192/173/171 196/258/168 194/230/167
f 197/232/173 200/179/177 201/233/174
f 198/235/176 202/181/179 201/233/174
f 199/236/178 203/234/175 201/233/174
f 204/237/180 207/241/184 208/238/181
f 205/240/183 209/243/147 208/238/181
f 206/242/185 210/239/182 208/238/181
f 211/244/186 214/248/189 215/245/30
f 212/247/188 216/249/191 215/245/30
f 213/193/190 217/246/187 215/245/30
f 218/250/192 221/253/196 222/251/193
f 219/198/195 223/255/198 222/251/193
f 220/254/197 224/252/194 222/251/193
f 169/210/148 175/75/149 186/133/164
f 175/256/149 171/214/152 184/162/163
f 176/215/154 182/217/156 174/203/153
f 182/204/156 178/220/159 171/214/152
f 190/227/166 196/169/168 181/257/160
f 196/258/168 192/173/171 178/220/159
f 185/226/165 188/166/107 195/174/172
f 188/166/107 184/162/163 192/173/171
f 211/244/186 183/222/161 189/223/162
f 189/259/162 185/226/165 212/247/188
f 218/250/192 224/252/194 193/260/170
f 224/252/194 220/254/197 191/229/169
f 213/193/190 216/249/191 223/255/198
f 223/255/198 216/249/191 212/247/188
f 211/244/186 217/246/187 200/179/177
f 217/246/187 213/193/190 198/235/176
f 218/250/192 204/237/180 210/239/182
f 210/239/182 206/242/185 219/198/195
f 199/236/178 202/181/179 209/243/147
f 202/181/179 198/235/176 206/242/185
f 197/232/173 203/234/175 172/261/151
f 203/234/175 199/236/178 170/212/150
f 177/218/157 179/219/158 207/241/184
f 179/262/158 176/215/154 205/240/183
f 211/244/186 197/232/173 169/210/148
f 178/220/159 192/173/171 184/162/163
f 205/240/183 176/215/154 170/212/150
f 190/227/166 177/218/157 204/237/180
f 191/229/169 220/254/197 212/247/188
f 219/198/195 206/242/185 198/235/176
f 225/263/199 228/315/203 229/264/200
f 226/265/202 230/312/205 229/146/200
f 227/267/204 231/134/201 229/149/200
f 232/269/206 235/316/210 236/270/207
f 233/272/209 237/136/212 236/155/207
f 234/157/211 238/204/208 236/158/207
f 239/274/213 242/133/217 243/90/214
f 240/276/216 244/166/219 243/277/214
f 241/279/218 245/313/215 243/277/214
f 246/280/220 249/314/224 250/281/221
f 247/282/223 251/285/226 250/283/221
f 248/173/225 252/137/222 250/283/221
f 253/286/227 256/290/231 257/287/228
f 254/289/230 258/292/233 257/287/228
f 255/291/232 259/288/229 257/287/228
f 260/293/234 263/297/238 264/294/235
f 261/296/237 265/299/240 264/294/235
f 262/298/239 266/295/236 264/294/235
f 267/300/241 270/304/245 271/301/242
f 268/303/244 272/305/247 271/301/242
f 269/193/246 273/302/243 271/301/242
f 274/306/248 277/310/252 278/307/249
f 275/309/251 279/255/254 278/307/249
f 276/311/253 280/308/250 278/307/249
f 239/274/213 225/263/199 231/75/201
f 231/134/201 227/267/204 240/276/216
f 232/269/206 238/271/208 230/312/205
f 238/204/208 234/157/211 227/267/204
f 246/280/220 252/169/222 237/136/212
f 237/221/212 252/137/222 248/173/225
f 241/279/218 244/166/219 251/285/226
f 244/166/219 240/276/216 248/173/225
f 267/300/241 239/274/213 245/275/215
f 245/313/215 241/279/218 268/303/244
f 274/306/248 280/308/250 249/314/224
f 249/284/224 280/308/250 276/311/253
f 269/193/246 272/305/247 279/255/254
f 272/305/247 268/303/244 276/311/253
f 267/300/241 273/302/243 256/290/231
f 273/302/243 269/193/246 254/289/230
f 274/306/248 260/293/234 266/295/236
f 266/295/236 262/298/239 275/309/251
f 255/291/232 258/292/233 265/299/240
f 258/292/233 254/289/230 262/298/239
f 253/286/227 259/288/229 228/315/203
f 228/266/203 259/288/229 255/291/232
f 233/272/209 235/273/210 263/297/238
f 235/316/210 232/269/206 261/296/237
f 267/300/241 253/286/227 225/263/199
f 234/157/211 248/173/225 240/276/216
f 261/296/237 232/269/206 226/265/202
f 274/306/248 246/280/220 233/272/209
f 247/282/223 276/311/253 268/303/244
f 275/309/251 262/298/239 254/289/230
f 281/317/255 284/360/259 285/318/256
f 282/319/258 286/312/261 285/146/256
f 283/321/260 287/357/257 285/149/256
f 288/322/262 291/444/266 292/323/263
f 289/324/265 293/136/268 292/155/263
f 290/326/267 294/204/264 292/158/263
f 295/327/269 298/133/273 299/90/270
f 296/276/272 300/331/275 299/329/270
f 297/330/274 301/443/271 299/329/270
f 302/332/276 305/359/280 306/333/277
f 303/334/279 307/174/282 306/335/277
f 304/173/281 308/358/278 306/335/277
f 309/337/283 312/179/287 313/338/284
f 310/340/286 314/342/289 313/338/284
f 311/341/288 315/339/285 313/338/284
f 316/343/290 319/347/294 320/344/291
f 317/346/293 321/243/296 320/344/291
f 318/187/295 322/345/292 320/344/291
f 323/348/297 326/351/301 327/349/298
f 324/350/300 328/194/303 327/349/298
f 325/352/302 329/246/299 327/349/298
f 330/353/304 333/253/308 334/354/305
f 331/198/307 335/201/310 334/354/305
f 332/356/309 336/355/306 334/354/305
f 295/327/269 281/317/255 287/144/257
f 287/357/257 283/321/260 296/276/272
f 288/322/262 294/217/264 286/312/261
f 294/204/264 290/326/267 283/321/260
f 302/332/276 308/169/278 293/136/268
f 308/358/278 304/173/281 290/326/267
f 297/330/274 300/331/275 307/174/282
f 300/331/275 296/276/272 304/173/281
f 295/327/269 301/328/271 326/351/301
f 326/351/301 301/443/271 297/330/274
f 330/353/304 336/355/306 305/359/280
f 336/355/306 332/356/309 303/334/279
f 325/352/302 328/194/303 335/201/310
f 328/194/303 324/350/300 332/356/309
f 323/348/297 329/246/299 312/179/287
f 312/179/287 329/246/299 325/352/302
f 316/343/290 322/345/292 333/253/308
f 322/345/292 318/187/295 331/198/307
f 311/341/288 314/342/289 321/243/296
f 314/342/289 310/340/286 318/187/295
f 309/337/283 315/339/285 284/360/259
f 315/339/285 311/341/288 282/319/258
f 289/324/265 291/325/266 319/347/294
f 319/347/294 291/444/266 288/322/262
f 295/327/269 323/348/297 309/337/283
f 290/326/267 304/173/281 296/276/272
f 317/346/293 288/322/262 282/319/258
f 302/332/276 289/324/265 316/343/290
f 303/334/279 332/356/309 324/350/300
f 331/198/307 318/187/295 310/340/286
f 337/361/311 340/315/315 341/264/312
f 338/265/314 342/312/317 341/146/312
f 339/267/316 343/134/313 341/149/312
f 344/269/318 347/316/322 348/270/319
f 345/362/321 349/136/324 348/155/319
f 346/157/323 350/204/320 348/158/319
f 351/363/325 354/133/329 355/90/326
f 352/276/328 356/365/331 355/277/326
f 353/364/330 357/313/327 355/277/326
f 358/280/332 361/314/336 362/281/333
f 359/282/335 363/285/338 362/283/333
f 360/173/337 364/137/334 362/283/333
f 365/366/339 368/290/343 369/287/340
f 366/367/342 370/369/345 369/287/340
f 367/368/344 371/288/341 369/287/340
f 372/293/346 375/371/350 376/294/347
f 373/370/349 377/299/352 376/294/347
f 374/187/351 378/184/348 376/294/347
f 379/372/353 382/304/357 383/301/354
f 380/303/356 384/373/359 383/301/354
f 381/193/358 385/121/355 383/301/354
f 386/374/360 389/310/364 390/375/361
f 387/198/363 391/255/366 390/375/361
f 388/311/365 392/376/362 390/375/361
f 351/363/325 337/361/311 343/75/313
f 343/134/313 339/267/316 352/276/328
f 344/269/318 350/271/320 342/312/317
f 350/204/320 346/157/323 339/267/316
f 358/280/332 364/169/334 349/136/324
f 349/221/324 364/137/334 360/173/337
f 353/364/330 356/365/331 363/285/338
f 356/365/331 352/276/328 360/173/337
f 379/372/353 351/363/325 357/275/327
f 357/313/327 353/364/330 380/303/356
f 386/374/360 392/376/362 361/314/336
f 361/284/336 392/376/362 388/311/365
f 381/193/358 384/373/359 391/255/366
f 384/373/359 380/303/356 388/311/365
f 365/366/339 379/372/353 385/121/355
f 385/121/355 381/193/358 366/367/342
f 372/293/346 378/184/348 389/310/364
f 378/184/348 374/187/351 387/198/363
f 367/368/344 370/369/345 377/299/352
f 370/369/345 366/367/342 374/187/351
f 365/366/339 371/288/341 340/315/315
f 340/266/315 371/288/341 367/368/344
f 372/293/346 345/362/321 347/273/322
f 347/316/322 344/269/318 373/370/349
f 351/363/325 379/372/353 365/366/339
f 346/157/323 360/173/337 352/276/328
f 373/370/349 344/269/318 338/265/314
f 386/374/360 358/280/332 345/362/321
f 359/282/335 388/311/365 380/303/356
f 387/198/363 374/187/351 366/367/342
f 393/317/367 396/360/371 397/318/368
f 394/319/370 398/312/373 397/146/368
f 395/377/372 399/357/369 397/149/368
f 400/322/374 403/444/378 404/323/375
f 401/378/377 405/136/380 404/155/375
f 402/326/379 406/204/376 404/158/375
f 407/379/381 410/133/385 411/90/382
f 408/276/384 412/331/387 411/329/382
f 409/380/386 413/443/383 411/329/382
f 414/381/388 417/359/392 418/333/389
f 415/334/391 419/174/394 418/335/389
f 416/173/393 420/358/390 418/335/389
f 421/337/395 424/179/399 425/338/396
f 422/340/398 426/342/401 425/338/396
f 423/382/400 427/339/397 425/338/396
f 428/343/402 431/347/406 432/344/403
f 429/346/405 433/243/408 432/344/403
f 430/187/407 434/114/404 432/344/403
f 435/383/409 438/351/413 439/349/410
f 436/350/412 440/194/415 439/349/410
f 437/352/414 441/246/411 439/349/410
f 442/384/416 445/253/420 446/354/417
f 443/198/419 447/201/422 446/354/417
f 444/356/421 448/355/418 446/354/417
f 407/379/381 393/317/367 399/144/369
f 410/164/385 399/357/369 395/377/372
f 400/322/374 406/217/376 398/312/373
f 406/204/376 402/326/379 395/377/372
f 414/381/388 420/169/390 405/136/380
f 420/358/390 416/173/393 402/326/379
f 409/380/386 412/331/387 419/174/394
f 412/331/387 408/276/384 416/173/393
f 407/379/381 413/328/383 438/351/413
f 438/351/413 413/443/383 409/380/386
f 442/384/416 448/355/418 417/359/392
f 417/336/392 448/355/418 444/356/421
f 437/352/414 440/194/415 447/201/422
f 440/194/415 436/350/412 444/356/421
f 421/337/395 435/383/409 441/246/411
f 424/179/399 441/246/411 437/352/414
f 428/343/402 434/114/404 445/253/420
f 434/114/404 430/187/407 443/198/419
f 423/382/400 426/342/401 433/243/408
f 426/342/401 422/340/398 430/187/407
f 421/337/395 427/339/397 396/360/371
f 427/339/397 423/382/400 394/319/370
f 401/378/377 403/325/378 431/347/406
f 431/347/406 403/444/378 400/322/374
f 435/383/409 421/337/395 393/317/367
f 402/326/379 416/173/393 408/276/384
f 429/346/405 400/322/374 394/319/370
f 414/381/388 401/378/377 428/343/402
f 415/334/391 444/356/421 436/350/412
f 443/198/419 430/187/407 422/340/398
f 449/1/423 452/71/424 453/2/2
f 450/4/4 454/65/7 453/5/2
f 451/7/6 455/64/3 453/8/2
f 456/10/425 459/72/12 460/11/9
f 457/13/11 461/67/426 460/14/9
f 458/16/13 462/66/10 460/17/9
f 463/19/427 466/63/428 467/20/16
f 464/385/18 468/387/21 467/23/16
f 465/386/20 469/69/149 467/23/16
f 470/27/22 473/70/26 474/28/23
f 471/388/25 475/34/28 474/31/23
f 472/389/27 476/68/24 474/31/23
f 477/35/429 480/39/33 481/36/30
f 478/38/32 482/41/35 481/36/30
f 479/390/34 483/37/430 481/36/30
f 484/42/36 487/46/431 488/43/37
f 485/391/39 489/48/432 488/43/37
f 486/47/41 490/44/38 488/43/37
f 491/49/433 494/53/434 495/50/44
f 492/52/46 496/55/49 495/50/44
f 493/54/48 497/51/45 495/50/44
f 498/56/50 501/60/435 502/57/51
f 499/59/53 503/62/102 502/57/51
f 500/61/55 504/392/52 502/57/51
f 449/1/423 455/3/3 466/63/428
f 455/64/3 451/7/6 464/385/18
f 456/10/425 462/12/10 454/65/7
f 462/66/10 458/16/13 451/7/6
f 470/27/22 476/29/24 461/67/426
f 476/68/24 472/389/27 458/16/13
f 465/386/20 468/387/21 475/34/28
f 468/387/21 464/385/18 472/389/27
f 463/19/427 469/21/149 494/53/434
f 469/69/149 465/386/20 492/52/46
f 470/27/22 498/56/50 504/392/52
f 504/392/52 500/61/55 471/388/25
f 493/54/48 496/55/49 503/62/102
f 496/55/49 492/52/46 500/61/55
f 491/49/433 497/51/45 480/39/33
f 480/39/33 497/51/45 493/54/48
f 484/42/36 490/44/38 501/60/435
f 501/60/435 490/44/38 486/47/41
f 479/390/34 482/41/35 489/48/432
f 482/41/35 478/38/32 486/47/41
f 449/1/423 477/35/429 483/37/430
f 483/37/430 479/390/34 450/4/4
f 457/13/11 459/15/12 487/46/431
f 459/72/12 456/10/425 485/391/39
f 491/49/433 477/35/429 449/1/423
f 458/16/13 472/389/27 464/385/18
f 485/391/39 456/10/425 450/4/4
f 470/27/22 457/13/11 484/42/36
f 471/388/25 500/61/55 492/52/46
f 499/59/53 486/47/41 478/38/32
f 505/393/57 508/140/436 509/74/58
f 506/76/60 510/135/63 509/5/58
f 507/394/437 511/134/59 509/79/58
f 512/395/438 515/141/440 516/82/439
f 513/396/65 517/136/441 516/85/439
f 514/397/67 518/66/10 516/17/439
f 519/89/69 522/133/73 523/90/70
f 520/92/72 524/26/21 523/93/70
f 521/95/443 525/138/442 523/93/70
f 526/398/75 529/139/445 530/98/444
f 527/399/78 531/104/28 530/101/444
f 528/400/446 532/137/77 530/101/444
f 533/401/81 536/109/84 537/106/30
f 534/402/83 538/403/35 537/106/30
f 535/110/85 539/107/82 537/106/30
f 540/112/86 543/406/449 544/113/447
f 541/405/448 545/118/42 544/113/447
f 542/117/450 546/404/87 544/113/447
f 547/407/91 550/123/452 551/120/44
f 548/122/451 552/408/49 551/120/44
f 549/124/95 553/121/92 551/120/44
f 554/126/96 557/130/453 558/409/97
f 555/411/99 559/132/102 558/409/97
f 556/131/101 560/410/98 558/409/97
f 505/393/57 511/75/59 522/133/73
f 511/134/59 507/394/437 520/92/72
f 512/395/438 518/83/10 510/135/63
f 518/66/10 514/397/67 507/394/437
f 526/398/75 532/99/77 517/136/441
f 532/137/77 528/400/446 514/397/67
f 521/95/443 524/26/21 531/104/28
f 524/26/21 520/92/72 528/400/446
f 519/89/69 525/91/442 550/123/452
f 550/123/452 525/138/442 521/95/443
f 554/126/96 560/410/98 529/139/445
f 560/410/98 556/131/101 527/399/78
f 549/124/95 552/408/49 559/132/102
f 552/408/49 548/122/451 556/131/101
f 547/407/91 553/121/92 536/109/84
f 553/121/92 549/124/95 534/402/83
f 540/112/86 546/404/87 557/130/453
f 546/404/87 542/117/450 555/411/99
f 535/110/85 538/403/35 545/118/42
f 538/403/35 534/402/83 542/117/450
f 533/401/81 539/107/82 508/140/436
f 539/107/82 535/110/85 506/76/60
f 513/396/65 515/86/440 543/406/449
f 543/406/449 515/141/440 512/395/438
f 547/407/91 533/401/81 505/393/57
f 514/397/67 528/400/446 520/92/72
f 541/405/448 512/395/438 506/76/60
f 526/398/75 513/396/65 540/112/86
f 527/399/78 556/131/101 548/122/451
f 555/411/99 542/117/450 534/402/83
f 561/412/136 564/208/454 565/143/2
f 562/413/137 566/203/455 565/146/2
f 563/267/139 567/202/59 565/149/2
f 568/414/146 571/209/457 572/152/142
f 569/154/141 573/136/459 572/155/142
f 570/157/458 574/204/456 572/158/142
f 575/415/125 578/133/128 579/90/16
f 576/162/127 580/166/130 579/163/16
f 577/165/129 581/206/126 579/163/16
f 582/416/131 585/207/461 586/168/460
f 583/170/132 587/174/463 586/171/460
f 584/173/462 588/205/77 586/171/460
f 589/417/113 592/179/117 593/176/30
f 590/235/116 594/181/119 593/176/30
f 591/418/118 595/177/115 593/176/30
f 596/182/120 599/421/122 600/419/193
f 597/420/121 601/188/464 600/419/193
f 598/187/123 602/295/87 600/419/193
f 603/189/103 606/192/467 607/190/44
f 604/422/466 608/249/468 607/190/44
f 605/193/106 609/121/465 607/190/44
f 610/423/110 613/310/100 614/196/51
f 611/309/470 615/201/471 614/196/51
f 612/200/108 616/424/469 614/196/51
f 561/412/136 567/144/59 578/133/128
f 567/202/59 563/267/139 576/162/127
f 568/414/146 574/153/456 566/203/455
f 574/204/456 570/157/458 563/267/139
f 582/416/131 588/169/77 573/136/459
f 588/205/77 584/173/462 570/157/458
f 577/165/129 580/166/130 587/174/463
f 580/166/130 576/162/127 584/173/462
f 575/415/125 581/161/126 606/192/467
f 581/206/126 577/165/129 604/422/466
f 610/423/110 616/424/469 585/207/461
f 616/424/469 612/200/108 583/170/132
f 605/193/106 608/249/468 615/201/471
f 608/249/468 604/422/466 612/200/108
f 603/189/103 609/121/465 592/179/117
f 609/121/465 605/193/106 590/235/116
f 596/182/120 602/295/87 613/310/100
f 602/295/87 598/187/123 611/309/470
f 591/418/118 594/181/119 601/188/464
f 594/181/119 590/235/116 598/187/123
f 589/417/113 595/177/115 564/208/454
f 595/177/115 591/418/118 562/413/137
f 569/154/141 571/156/457 599/421/122
f 571/209/457 568/414/146 597/420/121
f 603/189/103 589/417/113 561/412/136
f 570/157/458 584/173/462 576/162/127
f 597/420/121 568/414/146 562/413/137
f 582/416/131 569/154/141 596/182/120
f 583/170/132 612/200/108 604/422/466
f 611/309/470 598/187/123 590/235/116
f 617/210/186 620/261/473 621/211/30
f 618/212/472 622/203/119 621/146/30
f 619/214/190 623/256/187 621/149/30
f 624/215/474 627/262/478 628/216/475
f 625/218/477 629/257/40 628/155/475
f 626/425/195 630/204/476 628/158/475
f 631/426/479 634/133/177 635/90/2
f 632/162/176 636/427/140 635/224/2
f 633/226/178 637/259/480 635/224/2
f 638/428/481 641/260/484 642/228/482
f 639/229/183 643/174/485 642/230/482
f 640/173/185 644/258/483 642/230/482
f 645/429/161 648/179/164 649/233/44
f 646/235/163 650/181/468 649/233/44
f 647/430/165 651/234/486 649/233/44
f 652/237/166 655/241/488 656/431/487
f 653/432/169 657/243/172 656/431/487
f 654/187/171 658/114/168 656/431/487
f 659/244/489 662/248/491 663/433/70
f 660/435/150 664/249/130 663/433/70
f 661/436/152 665/434/490 663/433/70
f 666/250/492 669/439/494 670/437/76
f 667/309/159 671/255/495 670/437/76
f 668/254/154 672/438/493 670/437/76
f 617/210/186 623/75/187 634/133/177
f 623/256/187 619/214/190 632/162/176
f 624/215/474 630/217/476 622/203/119
f 630/204/476 626/425/195 619/214/190
f 638/428/481 644/169/483 629/257/40
f 644/258/483 640/173/185 626/425/195
f 633/226/178 636/427/140 643/174/485
f 636/427/140 632/162/176 640/173/185
f 659/244/489 631/426/479 637/223/480
f 637/259/480 633/226/178 660/435/150
f 638/428/481 666/250/492 672/438/493
f 672/438/493 668/254/154 639/229/183
f 661/436/152 664/249/130 671/255/495
f 664/249/130 660/435/150 668/254/154
f 659/244/489 665/434/490 648/179/164
f 665/434/490 661/436/152 646/235/163
f 652/237/166 658/114/168 669/439/494
f 658/114/168 654/187/171 667/309/159
f 647/430/165 650/181/468 657/243/172
f 650/181/468 646/235/163 654/187/171
f 617/210/186 645/429/161 651/234/486
f 651/234/486 647/430/165 618/212/472
f 625/218/477 627/219/478 655/241/488
f 627/262/478 624/215/474 653/432/169
f 659/244/489 645/429/161 617/210/186
f 626/425/195 640/173/185 632/162/176
f 653/432/169 624/215/474 618/212/472
f 638/428/481 625/218/477 652/237/166
f 639/229/183 668/254/154 660/435/150
f 667/309/159 654/187/171 646/235/163
f 673/263/496 676/315/498 677/264/354
f 674/265/356 678/312/359 677/146/354
f 675/267/499 679/134/497 677/149/354
f 680/269/500 683/316/503 684/270/361
f 681/272/502 685/136/505 684/155/361
f 682/157/504 686/204/501 684/158/361
f 687/363/506 690/133/509 691/90/507
f 688/276/342 692/166/511 691/277/507
f 689/279/510 693/313/508 691/277/507
f 694/280/512 697/314/515 698/281/513
f 695/282/349 699/285/352 698/283/513
f 696/173/351 700/137/514 698/283/513
f 701/286/516 704/290/519 705/287/517
f 702/289/328 706/292/331 705/287/517
f 703/368/330 707/288/518 705/287/517
f 708/293/520 711/297/524 712/294/521
f 709/296/523 713/299/526 712/294/521
f 710/298/525 714/295/522 712/294/521
f 715/300/527 718/304/530 719/301/312
f 716/303/529 720/305/532 719/301/312
f 717/193/531 721/302/528 719/301/312
f 722/306/533 725/310/536 726/307/319
f 723/309/535 727/255/537 726/307/319
f 724/311/318 728/308/534 726/307/319
f 673/263/496 679/75/497 690/133/509
f 679/134/497 675/267/499 688/276/342
f 680/269/500 686/271/501 678/312/359
f 686/204/501 682/157/504 675/267/499
f 681/272/502 694/280/512 700/169/514
f 700/137/514 696/173/351 682/157/504
f 689/279/510 692/166/511 699/285/352
f 692/166/511 688/276/342 696/173/351
f 687/363/506 693/275/508 718/304/530
f 693/313/508 689/279/510 716/303/529
f 722/306/533 728/308/534 697/314/515
f 728/308/534 724/311/318 695/282/349
f 717/193/531 720/305/532 727/255/537
f 720/305/532 716/303/529 724/311/318
f 701/286/516 715/300/527 721/302/528
f 721/302/528 717/193/531 702/289/328
f 708/293/520 714/295/522 725/310/536
f 714/295/522 710/298/525 723/309/535
f 703/368/330 706/292/331 713/299/526
f 706/292/331 702/289/328 710/298/525
f 701/286/516 707/288/518 676/315/498
f 707/288/518 703/368/330 674/265/356
f 708/293/520 681/272/502 683/273/503
f 683/316/503 680/269/500 709/296/523
f 715/300/527 701/286/516 673/263/496
f 682/157/504 696/173/351 688/276/342
f 709/296/523 680/269/500 674/265/356
f 722/306/533 694/280/512 681/272/502
f 695/282/349 724/311/318 716/303/529
f 723/309/535 710/298/525 702/289/328
f 729/317/538 732/360/413 733/318/410
f 730/319/412 734/312/415 733/146/410
f 731/377/540 735/357/539 733/149/410
f 736/322/541 739/444/544 740/323/417
f 737/378/543 741/136/545 740/155/417
f 738/326/419 742/204/542 740/158/417
f 743/379/546 746/133/550 747/90/547
f 744/276/549 748/166/551 747/329/547
f 745/380/400 749/443/548 747/329/547
f 750/440/402 753/359/554 754/333/552
f 751/334/405 755/174/555 754/335/552
f 752/173/407 756/358/553 754/335/552
f 757/441/381 760/179/385 761/338/556
f 758/289/558 762/342/560 761/338/556
f 759/382/559 763/339/557 761/338/556
f 764/343/561 767/347/564 768/344/562
f 765/346/563 769/243/394 768/344/562
f 766/442/393 770/114/390 768/344/562
f 771/383/565 774/351/371 775/349/566
f 772/350/370 776/194/373 775/349/566
f 773/352/567 777/246/369 775/349/566
f 778/384/568 781/253/380 782/354/375
f 779/198/570 783/201/571 782/354/375
f 780/356/374 784/355/569 782/354/375
f 729/317/538 735/144/539 746/133/550
f 735/357/539 731/377/540 744/276/549
f 736/322/541 742/217/542 734/312/415
f 742/204/542 738/326/419 731/377/540
f 737/378/543 750/440/402 756/169/553
f 756/358/553 752/173/407 738/326/419
f 745/380/400 748/166/551 755/174/555
f 748/166/551 744/276/549 752/173/407
f 743/379/546 749/328/548 774/351/371
f 749/443/548 745/380/400 772/350/370
f 778/384/568 784/355/569 753/359/554
f 753/336/554 784/355/569 780/356/374
f 773/352/567 776/194/373 783/201/571
f 776/194/373 772/350/370 780/356/374
f 771/383/565 777/246/369 760/179/385
f 777/246/369 773/352/567 758/289/558
f 764/343/561 770/114/390 781/253/380
f 770/114/390 766/442/393 779/198/570
f 759/382/559 762/342/560 769/243/394
f 762/342/560 758/289/558 766/442/393
f 757/441/381 763/339/557 732/360/413
f 732/320/413 763/339/557 759/382/559
f 737/378/543 739/325/544 767/347/564
f 739/444/544 736/322/541 765/346/563
f 743/379/546 771/383/565 757/441/381
f 738/326/419 752/173/407 744/276/549
f 765/346/563 736/322/541 730/319/412
f 750/440/402 737/378/543 764/343/561
f 751/334/405 780/356/374 772/350/370
f 779/198/570 766/442/393 758/289/558
f 785/263/572 788/315/576 789/264/573
f 786/265/575 790/312/578 789/146/573
f 787/267/577 791/134/574 789/149/573
f 792/269/579 795/316/583 796/270/580
f 793/272/582 797/136/584 796/155/580
f 794/157/251 798/204/581 796/158/580
f 799/363/227 802/133/587 803/90/228
f 800/276/586 804/331/589 803/277/228
f 801/279/588 805/313/585 803/277/228
f 806/445/590 809/314/238 810/281/235
f 807/282/592 811/285/594 810/283/235
f 808/173/593 812/137/591 810/283/235
f 813/286/595 816/290/597 817/287/214
f 814/289/216 818/369/219 817/287/214
f 815/368/218 819/288/596 817/287/214
f 820/446/598 823/371/601 824/294/221
f 821/296/600 825/299/603 824/294/221
f 822/187/602 826/447/599 824/294/221
f 827/300/604 830/304/608 831/301/605
f 828/303/607 832/373/610 831/301/605
f 829/193/609 833/121/606 831/301/605
f 834/374/611 837/310/614 838/375/612
f 835/198/211 839/255/616 838/375/612
f 836/311/615 840/376/613 838/375/612
f 785/263/572 791/75/574 802/133/587
f 802/278/587 791/134/574 787/267/577
f 792/269/579 798/271/581 790/312/578
f 798/204/581 794/157/251 787/267/577
f 793/272/582 806/445/590 812/169/591
f 812/137/591 808/173/593 794/157/251
f 801/279/588 804/331/589 811/285/594
f 804/331/589 800/276/586 808/173/593
f 799/363/227 805/275/585 830/304/608
f 805/313/585 801/279/588 828/303/607
f 806/445/590 834/374/611 840/376/613
f 809/284/238 840/376/613 836/311/615
f 829/193/609 832/373/610 839/255/616
f 832/373/610 828/303/607 836/311/615
f 827/300/604 833/121/606 816/290/597
f 816/290/597 833/121/606 829/193/609
f 834/374/611 820/446/598 826/447/599
f 826/447/599 822/187/602 835/198/211
f 815/368/218 818/369/219 825/299/603
f 818/369/219 814/289/216 822/187/602
f 813/286/595 819/288/596 788/315/576
f 819/288/596 815/368/218 786/265/575
f 820/446/598 793/272/582 795/273/583
f 795/316/583 792/269/579 821/296/600
f 799/363/227 827/300/604 813/286/595
f 794/157/251 808/173/593 800/276/586
f 821/296/600 792/269/579 786/265/575
f 806/445/590 793/272/582 820/446/598
f 807/282/592 836/311/615 828/303/607
f 835/198/211 822/187/602 814/289/216
f 841/448/617 844/360/620 845/318/618
f 842/319/300 846/312/622 845/146/618
f 843/321/621 847/357/619 845/149/618
f 848/322/309 851/444/626 852/323/623
f 849/378/625 853/136/627 852/155/623
f 850/326/307 854/204/624 852/158/623
f 855/379/628 858/133/630 859/90/284
f 856/276/286 860/449/632 859/329/284
f 857/380/631 861/443/629 859/329/284
f 862/450/633 865/359/636 866/333/634
f 863/334/635 867/174/296 866/335/634
f 864/173/637 868/358/292 866/335/634
f 869/441/638 872/179/639 873/338/270
f 870/289/272 874/342/641 873/338/270
f 871/451/640 875/339/271 873/338/270
f 876/452/642 879/453/645 880/344/643
f 877/346/279 881/243/647 880/344/643
f 878/187/646 882/114/644 880/344/643
f 883/454/648 886/351/652 887/349/649
f 884/350/651 888/373/653 887/349/649
f 885/352/260 889/246/650 887/349/649
f 890/455/654 893/130/657 894/456/655
f 891/198/267 895/201/659 894/456/655
f 892/356/658 896/355/656 894/456/655
f 841/448/617 847/144/619 858/133/630
f 847/357/619 843/321/621 856/276/286
f 848/322/309 854/217/624 846/312/622
f 854/204/624 850/326/307 843/321/621
f 849/378/625 862/450/633 868/169/292
f 853/159/627 868/358/292 864/173/637
f 857/380/631 860/449/632 867/174/296
f 860/449/632 856/276/286 864/173/637
f 855/379/628 861/328/629 886/351/652
f 886/351/652 861/443/629 857/380/631
f 890/455/654 896/355/656 865/359/636
f 896/355/656 892/356/658 863/334/635
f 885/352/260 888/373/653 895/201/659
f 888/373/653 884/350/651 892/356/658
f 883/454/648 889/246/650 872/179/639
f 889/246/650 885/352/260 870/289/272
f 890/455/654 876/452/642 882/114/644
f 893/130/657 882/114/644 878/187/646
f 871/451/640 874/342/641 881/243/647
f 874/342/641 870/289/272 878/187/646
f 869/441/638 875/339/271 844/360/620
f 844/320/620 875/339/271 871/451/640
f 849/378/625 851/325/626 879/453/645
f 851/444/626 848/322/309 877/346/279
f 883/454/648 869/441/638 841/448/617
f 850/326/307 864/173/637 856/276/286
f 877/346/279 848/322/309 842/319/300
f 862/450/633 849/378/625 876/452/642
f 863/334/635 892/356/658 884/350/651
f 891/198/267 878/187/646 870/289/272
