# Blender 4.5.0
# www.blender.org
mtllib mesh_023.mtl
o mesh_023
v -0.453908 -0.012012 0.000000
v -0.453908 -0.013104 0.001092
v -0.455000 -0.012012 0.001092
v -0.453908 -0.012784 0.000320
v -0.454538 -0.012642 0.000461
v -0.454680 -0.012784 0.001092
v -0.454680 -0.012012 0.000320
v -0.453908 -0.013104 0.551908
v -0.453908 -0.012012 0.553000
v -0.455000 -0.012012 0.551908
v -0.453908 -0.012784 0.552680
v -0.454538 -0.012642 0.552539
v -0.454680 -0.012012 0.552680
v -0.454680 -0.012784 0.551908
v -0.453908 -0.001092 0.000000
v -0.455000 -0.001092 0.001092
v -0.453908 -0.000000 0.001092
v -0.454680 -0.001092 0.000320
v -0.454538 -0.000462 0.000461
v -0.454680 -0.000320 0.001092
v -0.453908 -0.000320 0.000320
v -0.453908 -0.001092 0.553000
v -0.453908 -0.000000 0.551908
v -0.455000 -0.001092 0.551908
v -0.453908 -0.000320 0.552680
v -0.454538 -0.000462 0.552539
v -0.454680 -0.000320 0.551908
v -0.454680 -0.001092 0.552680
v 0.453908 -0.012012 0.000000
v 0.455000 -0.012012 0.001092
v 0.453908 -0.013104 0.001092
v 0.454680 -0.012012 0.000320
v 0.454538 -0.012642 0.000461
v 0.454680 -0.012784 0.001092
v 0.453908 -0.012784 0.000320
v 0.453908 -0.012012 0.553000
v 0.453908 -0.013104 0.551908
v 0.455000 -0.012012 0.551908
v 0.453908 -0.012784 0.552680
v 0.454538 -0.012642 0.552539
v 0.454680 -0.012784 0.551908
v 0.454680 -0.012012 0.552680
v 0.453908 -0.001092 0.000000
v 0.453908 -0.000000 0.001092
v 0.455000 -0.001092 0.001092
v 0.453908 -0.000320 0.000320
v 0.454538 -0.000462 0.000461
v 0.454680 -0.000320 0.001092
v 0.454680 -0.001092 0.000320
v 0.453908 -0.001092 0.553000
v 0.455000 -0.001092 0.551908
v 0.453908 -0.000000 0.551908
v 0.454680 -0.001092 0.552680
v 0.454538 -0.000462 0.552539
v 0.454680 -0.000320 0.551908
v 0.453908 -0.000320 0.552680
v -0.284102 -0.019747 0.109000
v -0.284102 -0.020475 0.109728
v -0.284830 -0.019747 0.109728
v -0.284102 -0.020262 0.109213
v -0.284522 -0.020167 0.109308
v -0.284617 -0.020262 0.109728
v -0.284617 -0.019747 0.109213
v -0.284102 -0.020475 0.422272
v -0.284102 -0.019747 0.423000
v -0.284830 -0.019747 0.422272
v -0.284102 -0.020262 0.422787
v -0.284522 -0.020167 0.422692
v -0.284617 -0.019747 0.422787
v -0.284617 -0.020262 0.422272
v -0.284102 -0.013832 0.109000
v -0.284830 -0.013832 0.109728
v -0.284102 -0.013104 0.109728
v -0.284617 -0.013832 0.109213
v -0.284522 -0.013412 0.109308
v -0.284617 -0.013317 0.109728
v -0.284102 -0.013317 0.109213
v -0.284102 -0.013832 0.423000
v -0.284102 -0.013104 0.422272
v -0.284830 -0.013832 0.422272
v -0.284102 -0.013317 0.422787
v -0.284522 -0.013412 0.422692
v -0.284617 -0.013317 0.422272
v -0.284617 -0.013832 0.422787
v 0.284102 -0.019747 0.109000
v 0.284830 -0.019747 0.109728
v 0.284102 -0.020475 0.109728
v 0.284617 -0.019747 0.109213
v 0.284522 -0.020167 0.109308
v 0.284617 -0.020262 0.109728
v 0.284102 -0.020262 0.109213
v 0.284102 -0.019747 0.423000
v 0.284102 -0.020475 0.422272
v 0.284830 -0.019747 0.422272
v 0.284102 -0.020262 0.422787
v 0.284522 -0.020167 0.422692
v 0.284617 -0.020262 0.422272
v 0.284617 -0.019747 0.422787
v 0.284102 -0.013832 0.109000
v 0.284102 -0.013104 0.109728
v 0.284830 -0.013832 0.109728
v 0.284102 -0.013317 0.109213
v 0.284522 -0.013412 0.109308
v 0.284617 -0.013317 0.109728
v 0.284617 -0.013832 0.109213
v 0.284102 -0.013832 0.423000
v 0.284830 -0.013832 0.422272
v 0.284102 -0.013104 0.422272
v 0.284617 -0.013832 0.422787
v 0.284522 -0.013412 0.422692
v 0.284617 -0.013317 0.422272
v 0.284102 -0.013317 0.422787
v -0.455000 -0.040950 0.000000
v 0.455000 -0.040950 0.000000
v 0.284830 -0.020475 0.109000
v -0.284830 -0.020475 0.109000
v -0.455000 -0.013104 0.000000
v 0.455000 -0.013104 0.000000
v 0.284830 -0.013104 0.109000
v -0.284830 -0.013104 0.109000
v 0.455000 -0.040950 0.000000
v 0.455000 -0.040950 0.553000
v 0.284830 -0.020475 0.423000
v 0.284830 -0.020475 0.109000
v 0.455000 -0.013104 0.000000
v 0.455000 -0.013104 0.553000
v 0.284830 -0.013104 0.423000
v 0.284830 -0.013104 0.109000
v 0.455000 -0.040950 0.553000
v -0.455000 -0.040950 0.553000
v -0.284830 -0.020475 0.423000
v 0.284830 -0.020475 0.423000
v 0.455000 -0.013104 0.553000
v -0.455000 -0.013104 0.553000
v -0.284830 -0.013104 0.423000
v 0.284830 -0.013104 0.423000
v -0.455000 -0.040950 0.553000
v -0.455000 -0.040950 0.000000
v -0.284830 -0.020475 0.109000
v -0.284830 -0.020475 0.423000
v -0.455000 -0.013104 0.553000
v -0.455000 -0.013104 0.000000
v -0.284830 -0.013104 0.109000
v -0.284830 -0.013104 0.423000
v -0.398580 -0.040950 0.523923
v -0.398580 -0.073710 0.523923
v -0.395864 -0.040950 0.523655
v -0.395864 -0.073710 0.523655
v -0.393252 -0.040950 0.522863
v -0.393252 -0.073710 0.522863
v -0.390845 -0.040950 0.521577
v -0.390845 -0.073710 0.521577
v -0.388735 -0.040950 0.519845
v -0.388735 -0.073710 0.519845
v -0.387003 -0.040950 0.517735
v -0.387003 -0.073710 0.517735
v -0.385717 -0.040950 0.515328
v -0.385717 -0.073710 0.515328
v -0.384925 -0.040950 0.512716
v -0.384925 -0.073710 0.512716
v -0.384657 -0.040950 0.510000
v -0.384657 -0.073710 0.510000
v -0.384925 -0.040950 0.507284
v -0.384925 -0.073710 0.507284
v -0.385717 -0.040950 0.504672
v -0.385717 -0.073710 0.504672
v -0.387003 -0.040950 0.502265
v -0.387003 -0.073710 0.502265
v -0.388735 -0.040950 0.500155
v -0.388735 -0.073710 0.500155
v -0.390845 -0.040950 0.498423
v -0.390845 -0.073710 0.498423
v -0.393252 -0.040950 0.497137
v -0.393252 -0.073710 0.497137
v -0.395864 -0.040950 0.496345
v -0.395864 -0.073710 0.496345
v -0.398580 -0.040950 0.496077
v -0.398580 -0.073710 0.496077
v -0.401296 -0.040950 0.496345
v -0.401296 -0.073710 0.496345
v -0.403908 -0.040950 0.497137
v -0.403908 -0.073710 0.497137
v -0.406315 -0.040950 0.498423
v -0.406315 -0.073710 0.498423
v -0.408425 -0.040950 0.500155
v -0.408425 -0.073710 0.500155
v -0.410157 -0.040950 0.502265
v -0.410157 -0.073710 0.502265
v -0.411443 -0.040950 0.504672
v -0.411443 -0.073710 0.504672
v -0.412235 -0.040950 0.507284
v -0.412235 -0.073710 0.507284
v -0.412503 -0.040950 0.510000
v -0.412503 -0.073710 0.510000
v -0.412235 -0.040950 0.512716
v -0.412235 -0.073710 0.512716
v -0.411443 -0.040950 0.515328
v -0.411443 -0.073710 0.515328
v -0.410157 -0.040950 0.517735
v -0.410157 -0.073710 0.517735
v -0.408425 -0.040950 0.519845
v -0.408425 -0.073710 0.519845
v -0.406315 -0.040950 0.521577
v -0.406315 -0.073710 0.521577
v -0.403908 -0.040950 0.522863
v -0.403908 -0.073710 0.522863
v -0.401296 -0.040950 0.523655
v -0.401296 -0.073710 0.523655
v 0.398580 -0.040950 0.523923
v 0.398580 -0.073710 0.523923
v 0.401296 -0.040950 0.523655
v 0.401296 -0.073710 0.523655
v 0.403908 -0.040950 0.522863
v 0.403908 -0.073710 0.522863
v 0.406315 -0.040950 0.521577
v 0.406315 -0.073710 0.521577
v 0.408425 -0.040950 0.519845
v 0.408425 -0.073710 0.519845
v 0.410157 -0.040950 0.517735
v 0.410157 -0.073710 0.517735
v 0.411443 -0.040950 0.515328
v 0.411443 -0.073710 0.515328
v 0.412235 -0.040950 0.512716
v 0.412235 -0.073710 0.512716
v 0.412503 -0.040950 0.510000
v 0.412503 -0.073710 0.510000
v 0.412235 -0.040950 0.507284
v 0.412235 -0.073710 0.507284
v 0.411443 -0.040950 0.504672
v 0.411443 -0.073710 0.504672
v 0.410157 -0.040950 0.502265
v 0.410157 -0.073710 0.502265
v 0.408425 -0.040950 0.500155
v 0.408425 -0.073710 0.500155
v 0.406315 -0.040950 0.498423
v 0.406315 -0.073710 0.498423
v 0.403908 -0.040950 0.497137
v 0.403908 -0.073710 0.497137
v 0.401296 -0.040950 0.496345
v 0.401296 -0.073710 0.496345
v 0.398580 -0.040950 0.496077
v 0.398580 -0.073710 0.496077
v 0.395864 -0.040950 0.496345
v 0.395864 -0.073710 0.496345
v 0.393252 -0.040950 0.497137
v 0.393252 -0.073710 0.497137
v 0.390845 -0.040950 0.498423
v 0.390845 -0.073710 0.498423
v 0.388735 -0.040950 0.500155
v 0.388735 -0.073710 0.500155
v 0.387003 -0.040950 0.502265
v 0.387003 -0.073710 0.502265
v 0.385717 -0.040950 0.504672
v 0.385717 -0.073710 0.504672
v 0.384925 -0.040950 0.507284
v 0.384925 -0.073710 0.507284
v 0.384657 -0.040950 0.510000
v 0.384657 -0.073710 0.510000
v 0.384925 -0.040950 0.512716
v 0.384925 -0.073710 0.512716
v 0.385717 -0.040950 0.515328
v 0.385717 -0.073710 0.515328
v 0.387003 -0.040950 0.517735
v 0.387003 -0.073710 0.517735
v 0.388735 -0.040950 0.519845
v 0.388735 -0.073710 0.519845
v 0.390845 -0.040950 0.521577
v 0.390845 -0.073710 0.521577
v 0.393252 -0.040950 0.522863
v 0.393252 -0.073710 0.522863
v 0.395864 -0.040950 0.523655
v 0.395864 -0.073710 0.523655
v -0.398580 -0.073710 0.526380
v 0.398580 -0.073710 0.526380
v -0.398580 -0.071148 0.526178
v 0.398580 -0.071148 0.526178
v -0.398580 -0.068648 0.525578
v 0.398580 -0.068648 0.525578
v -0.398580 -0.066274 0.524595
v 0.398580 -0.066274 0.524595
v -0.398580 -0.064082 0.523252
v 0.398580 -0.064082 0.523252
v -0.398580 -0.062128 0.521582
v 0.398580 -0.062128 0.521582
v -0.398580 -0.060458 0.519628
v 0.398580 -0.060458 0.519628
v -0.398580 -0.059115 0.517436
v 0.398580 -0.059115 0.517436
v -0.398580 -0.058132 0.515062
v 0.398580 -0.058132 0.515062
v -0.398580 -0.057532 0.512562
v 0.398580 -0.057532 0.512562
v -0.398580 -0.057330 0.510000
v 0.398580 -0.057330 0.510000
v -0.398580 -0.057532 0.507438
v 0.398580 -0.057532 0.507438
v -0.398580 -0.058132 0.504938
v 0.398580 -0.058132 0.504938
v -0.398580 -0.059115 0.502564
v 0.398580 -0.059115 0.502564
v -0.398580 -0.060458 0.500372
v 0.398580 -0.060458 0.500372
v -0.398580 -0.062128 0.498418
v 0.398580 -0.062128 0.498418
v -0.398580 -0.064082 0.496748
v 0.398580 -0.064082 0.496748
v -0.398580 -0.066274 0.495405
v 0.398580 -0.066274 0.495405
v -0.398580 -0.068648 0.494422
v 0.398580 -0.068648 0.494422
v -0.398580 -0.071148 0.493822
v 0.398580 -0.071148 0.493822
v -0.398580 -0.073710 0.493620
v 0.398580 -0.073710 0.493620
v -0.398580 -0.076272 0.493822
v 0.398580 -0.076272 0.493822
v -0.398580 -0.078772 0.494422
v 0.398580 -0.078772 0.494422
v -0.398580 -0.081146 0.495405
v 0.398580 -0.081146 0.495405
v -0.398580 -0.083338 0.496748
v 0.398580 -0.083338 0.496748
v -0.398580 -0.085292 0.498418
v 0.398580 -0.085292 0.498418
v -0.398580 -0.086962 0.500372
v 0.398580 -0.086962 0.500372
v -0.398580 -0.088305 0.502564
v 0.398580 -0.088305 0.502564
v -0.398580 -0.089288 0.504938
v 0.398580 -0.089288 0.504938
v -0.398580 -0.089888 0.507438
v 0.398580 -0.089888 0.507438
v -0.398580 -0.090090 0.510000
v 0.398580 -0.090090 0.510000
v -0.398580 -0.089888 0.512562
v 0.398580 -0.089888 0.512562
v -0.398580 -0.089288 0.515062
v 0.398580 -0.089288 0.515062
v -0.398580 -0.088305 0.517436
v 0.398580 -0.088305 0.517436
v -0.398580 -0.086962 0.519628
v 0.398580 -0.086962 0.519628
v -0.398580 -0.085292 0.521582
v 0.398580 -0.085292 0.521582
v -0.398580 -0.083338 0.523252
v 0.398580 -0.083338 0.523252
v -0.398580 -0.081146 0.524595
v 0.398580 -0.081146 0.524595
v -0.398580 -0.078772 0.525578
v 0.398580 -0.078772 0.525578
v -0.398580 -0.076272 0.526178
v 0.398580 -0.076272 0.526178
v -0.398580 -0.062128 0.521582
v -0.398580 -0.060091 0.519100
v -0.398580 -0.057645 0.513196
v -0.398580 -0.058577 0.503732
v -0.398580 -0.062128 0.498418
v -0.397957 -0.070576 0.526065
v -0.397357 -0.067562 0.525133
v -0.396805 -0.064785 0.523619
v -0.396320 -0.062350 0.521582
v -0.395923 -0.060352 0.519100
v -0.395628 -0.058868 0.516268
v -0.395446 -0.057953 0.513196
v -0.395384 -0.057645 0.510000
v -0.395446 -0.057953 0.506804
v -0.395628 -0.058868 0.503732
v -0.395923 -0.060352 0.500900
v -0.396320 -0.062350 0.498418
v -0.396805 -0.064785 0.496381
v -0.397357 -0.067562 0.494867
v -0.397957 -0.070576 0.493935
v -0.397357 -0.070758 0.526065
v -0.396181 -0.067919 0.525133
v -0.395097 -0.065302 0.523619
v -0.394148 -0.063009 0.521582
v -0.393368 -0.061127 0.519100
v -0.392789 -0.059729 0.516268
v -0.392432 -0.058868 0.513196
v -0.392312 -0.058577 0.510000
v -0.392432 -0.058868 0.506804
v -0.392789 -0.059729 0.503732
v -0.393368 -0.061127 0.500900
v -0.394148 -0.063009 0.498418
v -0.395097 -0.065302 0.496381
v -0.396181 -0.067919 0.494867
v -0.397357 -0.070758 0.493935
v -0.396805 -0.071053 0.526065
v -0.395097 -0.068498 0.525133
v -0.393524 -0.066143 0.523619
v -0.392145 -0.064080 0.521582
v -0.391013 -0.062386 0.519100
v -0.390172 -0.061127 0.516268
v -0.389655 -0.060352 0.513196
v -0.389480 -0.060091 0.510000
v -0.389655 -0.060352 0.506804
v -0.390172 -0.061127 0.503732
v -0.391013 -0.062386 0.500900
v -0.392145 -0.064080 0.498418
v -0.393524 -0.066143 0.496381
v -0.395097 -0.068498 0.494867
v -0.396805 -0.071053 0.493935
v -0.396320 -0.071450 0.526065
v -0.394148 -0.069278 0.525133
v -0.392145 -0.067275 0.523619
v -0.390390 -0.065520 0.521582
v -0.388950 -0.064080 0.519100
v -0.387879 -0.063009 0.516268
v -0.387220 -0.062350 0.513196
v -0.386998 -0.062128 0.510000
v -0.387220 -0.062350 0.506804
v -0.387879 -0.063009 0.503732
v -0.388950 -0.064080 0.500900
v -0.390390 -0.065520 0.498418
v -0.392145 -0.067275 0.496381
v -0.394148 -0.069278 0.494867
v -0.396320 -0.071450 0.493935
v -0.395923 -0.071935 0.526065
v -0.393368 -0.070227 0.525133
v -0.391013 -0.068654 0.523619
v -0.388950 -0.067275 0.521582
v -0.387256 -0.066143 0.519100
v -0.385997 -0.065302 0.516268
v -0.385222 -0.064785 0.513196
v -0.384961 -0.064610 0.510000
v -0.385222 -0.064785 0.506804
v -0.385997 -0.065302 0.503732
v -0.387256 -0.066143 0.500900
v -0.388950 -0.067275 0.498418
v -0.391013 -0.068654 0.496381
v -0.393368 -0.070227 0.494867
v -0.395923 -0.071935 0.493935
v -0.395628 -0.072487 0.526065
v -0.392789 -0.071311 0.525133
v -0.390172 -0.070227 0.523619
v -0.387879 -0.069278 0.521582
v -0.385997 -0.068498 0.519100
v -0.384599 -0.067919 0.516268
v -0.383738 -0.067562 0.513196
v -0.383447 -0.067442 0.510000
v -0.383738 -0.067562 0.506804
v -0.384599 -0.067919 0.503732
v -0.385997 -0.068498 0.500900
v -0.387879 -0.069278 0.498418
v -0.390172 -0.070227 0.496381
v -0.392789 -0.071311 0.494867
v -0.395628 -0.072487 0.493935
v -0.395446 -0.073087 0.526065
v -0.392432 -0.072487 0.525133
v -0.389655 -0.071935 0.523619
v -0.387220 -0.071450 0.521582
v -0.385222 -0.071053 0.519100
v -0.383738 -0.070758 0.516268
v -0.382823 -0.070576 0.513196
v -0.382515 -0.070514 0.510000
v -0.382823 -0.070576 0.506804
v -0.383738 -0.070758 0.503732
v -0.385222 -0.071053 0.500900
v -0.387220 -0.071450 0.498418
v -0.389655 -0.071935 0.496381
v -0.392432 -0.072487 0.494867
v -0.395446 -0.073087 0.493935
v -0.395384 -0.073710 0.526065
v -0.392312 -0.073710 0.525133
v -0.389480 -0.073710 0.523619
v -0.386998 -0.073710 0.521582
v -0.384961 -0.073710 0.519100
v -0.383447 -0.073710 0.516268
v -0.382515 -0.073710 0.513196
v -0.382200 -0.073710 0.510000
v -0.382515 -0.073710 0.506804
v -0.383447 -0.073710 0.503732
v -0.384961 -0.073710 0.500900
v -0.386998 -0.073710 0.498418
v -0.389480 -0.073710 0.496381
v -0.392312 -0.073710 0.494867
v -0.395384 -0.073710 0.493935
v -0.395446 -0.074333 0.526065
v -0.392432 -0.074933 0.525133
v -0.389655 -0.075485 0.523619
v -0.387220 -0.075970 0.521582
v -0.385222 -0.076367 0.519100
v -0.383738 -0.076662 0.516268
v -0.382823 -0.076844 0.513196
v -0.382515 -0.076906 0.510000
v -0.382823 -0.076844 0.506804
v -0.383738 -0.076662 0.503732
v -0.385222 -0.076367 0.500900
v -0.387220 -0.075970 0.498418
v -0.389655 -0.075485 0.496381
v -0.392432 -0.074933 0.494867
v -0.395446 -0.074333 0.493935
v -0.395628 -0.074933 0.526065
v -0.392789 -0.076109 0.525133
v -0.390172 -0.077193 0.523619
v -0.387879 -0.078142 0.521582
v -0.385997 -0.078922 0.519100
v -0.384599 -0.079501 0.516268
v -0.383738 -0.079858 0.513196
v -0.383447 -0.079978 0.510000
v -0.383738 -0.079858 0.506804
v -0.384599 -0.079501 0.503732
v -0.385997 -0.078922 0.500900
v -0.387879 -0.078142 0.498418
v -0.390172 -0.077193 0.496381
v -0.392789 -0.076109 0.494867
v -0.395628 -0.074933 0.493935
v -0.395923 -0.075485 0.526065
v -0.393368 -0.077193 0.525133
v -0.391013 -0.078766 0.523619
v -0.388950 -0.080145 0.521582
v -0.387256 -0.081277 0.519100
v -0.385997 -0.082118 0.516268
v -0.385222 -0.082635 0.513196
v -0.384961 -0.082810 0.510000
v -0.385222 -0.082635 0.506804
v -0.385997 -0.082118 0.503732
v -0.387256 -0.081277 0.500900
v -0.388950 -0.080145 0.498418
v -0.391013 -0.078766 0.496381
v -0.393368 -0.077193 0.494867
v -0.395923 -0.075485 0.493935
v -0.396320 -0.075970 0.526065
v -0.394148 -0.078142 0.525133
v -0.392145 -0.080145 0.523619
v -0.390390 -0.081900 0.521582
v -0.388950 -0.083340 0.519100
v -0.387879 -0.084411 0.516268
v -0.387220 -0.085070 0.513196
v -0.386998 -0.085292 0.510000
v -0.387220 -0.085070 0.506804
v -0.387879 -0.084411 0.503732
v -0.388950 -0.083340 0.500900
v -0.390390 -0.081900 0.498418
v -0.392145 -0.080145 0.496381
v -0.394148 -0.078142 0.494867
v -0.396320 -0.075970 0.493935
v -0.396805 -0.076367 0.526065
v -0.395097 -0.078922 0.525133
v -0.393524 -0.081277 0.523619
v -0.392145 -0.083340 0.521582
v -0.391013 -0.085034 0.519100
v -0.390172 -0.086293 0.516268
v -0.389655 -0.087068 0.513196
v -0.389480 -0.087329 0.510000
v -0.389655 -0.087068 0.506804
v -0.390172 -0.086293 0.503732
v -0.391013 -0.085034 0.500900
v -0.392145 -0.083340 0.498418
v -0.393524 -0.081277 0.496381
v -0.395097 -0.078922 0.494867
v -0.396805 -0.076367 0.493935
v -0.397357 -0.076662 0.526065
v -0.396181 -0.079501 0.525133
v -0.395097 -0.082118 0.523619
v -0.394148 -0.084411 0.521582
v -0.393368 -0.086293 0.519100
v -0.392789 -0.087691 0.516268
v -0.392432 -0.088552 0.513196
v -0.392312 -0.088843 0.510000
v -0.392432 -0.088552 0.506804
v -0.392789 -0.087691 0.503732
v -0.393368 -0.086293 0.500900
v -0.394148 -0.084411 0.498418
v -0.395097 -0.082118 0.496381
v -0.396181 -0.079501 0.494867
v -0.397357 -0.076662 0.493935
v -0.397957 -0.076844 0.526065
v -0.397357 -0.079858 0.525133
v -0.396805 -0.082635 0.523619
v -0.396320 -0.085070 0.521582
v -0.395923 -0.087068 0.519100
v -0.395628 -0.088552 0.516268
v -0.395446 -0.089467 0.513196
v -0.395384 -0.089775 0.510000
v -0.395446 -0.089467 0.506804
v -0.395628 -0.088552 0.503732
v -0.395923 -0.087068 0.500900
v -0.396320 -0.085070 0.498418
v -0.396805 -0.082635 0.496381
v -0.397357 -0.079858 0.494867
v -0.397957 -0.076844 0.493935
v -0.398580 -0.076906 0.526065
v -0.398580 -0.079978 0.525133
v -0.398580 -0.082810 0.523619
v -0.398580 -0.085292 0.521582
v -0.398580 -0.087329 0.519100
v -0.398580 -0.088843 0.516268
v -0.398580 -0.089775 0.513196
v -0.398580 -0.090090 0.510000
v -0.398580 -0.089775 0.506804
v -0.398580 -0.088843 0.503732
v -0.398580 -0.087329 0.500900
v -0.398580 -0.085292 0.498418
v -0.398580 -0.082810 0.496381
v -0.398580 -0.079978 0.494867
v -0.398580 -0.076906 0.493935
v -0.398580 -0.073710 0.493620
v -0.399203 -0.076844 0.526065
v -0.399803 -0.079858 0.525133
v -0.400355 -0.082635 0.523619
v -0.400840 -0.085070 0.521582
v -0.401237 -0.087068 0.519100
v -0.401532 -0.088552 0.516268
v -0.401714 -0.089467 0.513196
v -0.401776 -0.089775 0.510000
v -0.401714 -0.089467 0.506804
v -0.401532 -0.088552 0.503732
v -0.401237 -0.087068 0.500900
v -0.400840 -0.085070 0.498418
v -0.400355 -0.082635 0.496381
v -0.399803 -0.079858 0.494867
v -0.399203 -0.076844 0.493935
v -0.399803 -0.076662 0.526065
v -0.400979 -0.079501 0.525133
v -0.402063 -0.082118 0.523619
v -0.403012 -0.084411 0.521582
v -0.403792 -0.086293 0.519100
v -0.404371 -0.087691 0.516268
v -0.404728 -0.088552 0.513196
v -0.404848 -0.088843 0.510000
v -0.404728 -0.088552 0.506804
v -0.404371 -0.087691 0.503732
v -0.403792 -0.086293 0.500900
v -0.403012 -0.084411 0.498418
v -0.402063 -0.082118 0.496381
v -0.400979 -0.079501 0.494867
v -0.399803 -0.076662 0.493935
v -0.400355 -0.076367 0.526065
v -0.402063 -0.078922 0.525133
v -0.403636 -0.081277 0.523619
v -0.405015 -0.083340 0.521582
v -0.406147 -0.085034 0.519100
v -0.406988 -0.086293 0.516268
v -0.407505 -0.087068 0.513196
v -0.407680 -0.087329 0.510000
v -0.407505 -0.087068 0.506804
v -0.406988 -0.086293 0.503732
v -0.406147 -0.085034 0.500900
v -0.405015 -0.083340 0.498418
v -0.403636 -0.081277 0.496381
v -0.402063 -0.078922 0.494867
v -0.400355 -0.076367 0.493935
v -0.400840 -0.075970 0.526065
v -0.403012 -0.078142 0.525133
v -0.405015 -0.080145 0.523619
v -0.406770 -0.081900 0.521582
v -0.408210 -0.083340 0.519100
v -0.409281 -0.084411 0.516268
v -0.409940 -0.085070 0.513196
v -0.410162 -0.085292 0.510000
v -0.409940 -0.085070 0.506804
v -0.409281 -0.084411 0.503732
v -0.408210 -0.083340 0.500900
v -0.406770 -0.081900 0.498418
v -0.405015 -0.080145 0.496381
v -0.403012 -0.078142 0.494867
v -0.400840 -0.075970 0.493935
v -0.398580 -0.073710 0.526380
v -0.401237 -0.075485 0.526065
v -0.403792 -0.077193 0.525133
v -0.406147 -0.078766 0.523619
v -0.408210 -0.080145 0.521582
v -0.409904 -0.081277 0.519100
v -0.411163 -0.082118 0.516268
v -0.411938 -0.082635 0.513196
v -0.412199 -0.082810 0.510000
v -0.411938 -0.082635 0.506804
v -0.411163 -0.082118 0.503732
v -0.409904 -0.081277 0.500900
v -0.408210 -0.080145 0.498418
v -0.406147 -0.078766 0.496381
v -0.403792 -0.077193 0.494867
v -0.401237 -0.075485 0.493935
v -0.401532 -0.074933 0.526065
v -0.404371 -0.076109 0.525133
v -0.406988 -0.077193 0.523619
v -0.409281 -0.078142 0.521582
v -0.411163 -0.078922 0.519100
v -0.412561 -0.079501 0.516268
v -0.413422 -0.079858 0.513196
v -0.413713 -0.079978 0.510000
v -0.413422 -0.079858 0.506804
v -0.412561 -0.079501 0.503732
v -0.411163 -0.078922 0.500900
v -0.409281 -0.078142 0.498418
v -0.406988 -0.077193 0.496381
v -0.404371 -0.076109 0.494867
v -0.401532 -0.074933 0.493935
v -0.401714 -0.074333 0.526065
v -0.404728 -0.074933 0.525133
v -0.407505 -0.075485 0.523619
v -0.409940 -0.075970 0.521582
v -0.411938 -0.076367 0.519100
v -0.413422 -0.076662 0.516268
v -0.414337 -0.076844 0.513196
v -0.414645 -0.076906 0.510000
v -0.414337 -0.076844 0.506804
v -0.413422 -0.076662 0.503732
v -0.411938 -0.076367 0.500900
v -0.409940 -0.075970 0.498418
v -0.407505 -0.075485 0.496381
v -0.404728 -0.074933 0.494867
v -0.401714 -0.074333 0.493935
v -0.401776 -0.073710 0.526065
v -0.404848 -0.073710 0.525133
v -0.407680 -0.073710 0.523619
v -0.410162 -0.073710 0.521582
v -0.412199 -0.073710 0.519100
v -0.413713 -0.073710 0.516268
v -0.414645 -0.073710 0.513196
v -0.414960 -0.073710 0.510000
v -0.414645 -0.073710 0.506804
v -0.413713 -0.073710 0.503732
v -0.412199 -0.073710 0.500900
v -0.410162 -0.073710 0.498418
v -0.407680 -0.073710 0.496381
v -0.404848 -0.073710 0.494867
v -0.401776 -0.073710 0.493935
v -0.401714 -0.073087 0.526065
v -0.404728 -0.072487 0.525133
v -0.407505 -0.071935 0.523619
v -0.409940 -0.071450 0.521582
v -0.411938 -0.071053 0.519100
v -0.413422 -0.070758 0.516268
v -0.414337 -0.070576 0.513196
v -0.414645 -0.070514 0.510000
v -0.414337 -0.070576 0.506804
v -0.413422 -0.070758 0.503732
v -0.411938 -0.071053 0.500900
v -0.409940 -0.071450 0.498418
v -0.407505 -0.071935 0.496381
v -0.404728 -0.072487 0.494867
v -0.401714 -0.073087 0.493935
v -0.401532 -0.072487 0.526065
v -0.404371 -0.071311 0.525133
v -0.406988 -0.070227 0.523619
v -0.409281 -0.069278 0.521582
v -0.411163 -0.068498 0.519100
v -0.412561 -0.067919 0.516268
v -0.413422 -0.067562 0.513196
v -0.413713 -0.067442 0.510000
v -0.413422 -0.067562 0.506804
v -0.412561 -0.067919 0.503732
v -0.411163 -0.068498 0.500900
v -0.409281 -0.069278 0.498418
v -0.406988 -0.070227 0.496381
v -0.404371 -0.071311 0.494867
v -0.401532 -0.072487 0.493935
v -0.401237 -0.071935 0.526065
v -0.403792 -0.070227 0.525133
v -0.406147 -0.068654 0.523619
v -0.408210 -0.067275 0.521582
v -0.409904 -0.066143 0.519100
v -0.411163 -0.065302 0.516268
v -0.411938 -0.064785 0.513196
v -0.412199 -0.064610 0.510000
v -0.411938 -0.064785 0.506804
v -0.411163 -0.065302 0.503732
v -0.409904 -0.066143 0.500900
v -0.408210 -0.067275 0.498418
v -0.406147 -0.068654 0.496381
v -0.403792 -0.070227 0.494867
v -0.401237 -0.071935 0.493935
v -0.400840 -0.071450 0.526065
v -0.403012 -0.069278 0.525133
v -0.405015 -0.067275 0.523619
v -0.406770 -0.065520 0.521582
v -0.408210 -0.064080 0.519100
v -0.409281 -0.063009 0.516268
v -0.409940 -0.062350 0.513196
v -0.410162 -0.062128 0.510000
v -0.409940 -0.062350 0.506804
v -0.409281 -0.063009 0.503732
v -0.408210 -0.064080 0.500900
v -0.406770 -0.065520 0.498418
v -0.405015 -0.067275 0.496381
v -0.403012 -0.069278 0.494867
v -0.400840 -0.071450 0.493935
v -0.400355 -0.071053 0.526065
v -0.402063 -0.068498 0.525133
v -0.403636 -0.066143 0.523619
v -0.405015 -0.064080 0.521582
v -0.406147 -0.062386 0.519100
v -0.406988 -0.061127 0.516268
v -0.407505 -0.060352 0.513196
v -0.407680 -0.060091 0.510000
v -0.407505 -0.060352 0.506804
v -0.406988 -0.061127 0.503732
v -0.406147 -0.062386 0.500900
v -0.405015 -0.064080 0.498418
v -0.403636 -0.066143 0.496381
v -0.402063 -0.068498 0.494867
v -0.400355 -0.071053 0.493935
v -0.399803 -0.070758 0.526065
v -0.400979 -0.067919 0.525133
v -0.402063 -0.065302 0.523619
v -0.403012 -0.063009 0.521582
v -0.403792 -0.061127 0.519100
v -0.404371 -0.059729 0.516268
v -0.404728 -0.058868 0.513196
v -0.404848 -0.058577 0.510000
v -0.404728 -0.058868 0.506804
v -0.404371 -0.059729 0.503732
v -0.403792 -0.061127 0.500900
v -0.403012 -0.063009 0.498418
v -0.402063 -0.065302 0.496381
v -0.400979 -0.067919 0.494867
v -0.399803 -0.070758 0.493935
v -0.399203 -0.070576 0.526065
v -0.399803 -0.067562 0.525133
v -0.400355 -0.064785 0.523619
v -0.400840 -0.062350 0.521582
v -0.401237 -0.060352 0.519100
v -0.401532 -0.058868 0.516268
v -0.401714 -0.057953 0.513196
v -0.401776 -0.057645 0.510000
v -0.401714 -0.057953 0.506804
v -0.401532 -0.058868 0.503732
v -0.401237 -0.060352 0.500900
v -0.400840 -0.062350 0.498418
v -0.400355 -0.064785 0.496381
v -0.399803 -0.067562 0.494867
v -0.399203 -0.070576 0.493935
v -0.398580 -0.070514 0.526065
v -0.398580 -0.067442 0.525133
v -0.398580 -0.064610 0.523619
v -0.398580 -0.058577 0.516268
v -0.398580 -0.057330 0.510000
v -0.398580 -0.057645 0.506804
v -0.398580 -0.060091 0.500900
v -0.398580 -0.064610 0.496381
v -0.398580 -0.067442 0.494867
v -0.398580 -0.070514 0.493935
v 0.398580 -0.062128 0.521582
v 0.398580 -0.060091 0.519100
v 0.398580 -0.057645 0.513196
v 0.398580 -0.058577 0.503732
v 0.398580 -0.062128 0.498418
v 0.399203 -0.070576 0.526065
v 0.399803 -0.067562 0.525133
v 0.400355 -0.064785 0.523619
v 0.400840 -0.062350 0.521582
v 0.401237 -0.060352 0.519100
v 0.401532 -0.058868 0.516268
v 0.401714 -0.057953 0.513196
v 0.401776 -0.057645 0.510000
v 0.401714 -0.057953 0.506804
v 0.401532 -0.058868 0.503732
v 0.401237 -0.060352 0.500900
v 0.400840 -0.062350 0.498418
v 0.400355 -0.064785 0.496381
v 0.399803 -0.067562 0.494867
v 0.399203 -0.070576 0.493935
v 0.399803 -0.070758 0.526065
v 0.400979 -0.067919 0.525133
v 0.402063 -0.065302 0.523619
v 0.403012 -0.063009 0.521582
v 0.403792 -0.061127 0.519100
v 0.404371 -0.059729 0.516268
v 0.404728 -0.058868 0.513196
v 0.404848 -0.058577 0.510000
v 0.404728 -0.058868 0.506804
v 0.404371 -0.059729 0.503732
v 0.403792 -0.061127 0.500900
v 0.403012 -0.063009 0.498418
v 0.402063 -0.065302 0.496381
v 0.400979 -0.067919 0.494867
v 0.399803 -0.070758 0.493935
v 0.400355 -0.071053 0.526065
v 0.402063 -0.068498 0.525133
v 0.403636 -0.066143 0.523619
v 0.405015 -0.064080 0.521582
v 0.406147 -0.062386 0.519100
v 0.406988 -0.061127 0.516268
v 0.407505 -0.060352 0.513196
v 0.407680 -0.060091 0.510000
v 0.407505 -0.060352 0.506804
v 0.406988 -0.061127 0.503732
v 0.406147 -0.062386 0.500900
v 0.405015 -0.064080 0.498418
v 0.403636 -0.066143 0.496381
v 0.402063 -0.068498 0.494867
v 0.400355 -0.071053 0.493935
v 0.400840 -0.071450 0.526065
v 0.403012 -0.069278 0.525133
v 0.405015 -0.067275 0.523619
v 0.406770 -0.065520 0.521582
v 0.408210 -0.064080 0.519100
v 0.409281 -0.063009 0.516268
v 0.409940 -0.062350 0.513196
v 0.410162 -0.062128 0.510000
v 0.409940 -0.062350 0.506804
v 0.409281 -0.063009 0.503732
v 0.408210 -0.064080 0.500900
v 0.406770 -0.065520 0.498418
v 0.405015 -0.067275 0.496381
v 0.403012 -0.069278 0.494867
v 0.400840 -0.071450 0.493935
v 0.401237 -0.071935 0.526065
v 0.403792 -0.070227 0.525133
v 0.406147 -0.068654 0.523619
v 0.408210 -0.067275 0.521582
v 0.409904 -0.066143 0.519100
v 0.411163 -0.065302 0.516268
v 0.411938 -0.064785 0.513196
v 0.412199 -0.064610 0.510000
v 0.411938 -0.064785 0.506804
v 0.411163 -0.065302 0.503732
v 0.409904 -0.066143 0.500900
v 0.408210 -0.067275 0.498418
v 0.406147 -0.068654 0.496381
v 0.403792 -0.070227 0.494867
v 0.401237 -0.071935 0.493935
v 0.401532 -0.072487 0.526065
v 0.404371 -0.071311 0.525133
v 0.406988 -0.070227 0.523619
v 0.409281 -0.069278 0.521582
v 0.411163 -0.068498 0.519100
v 0.412561 -0.067919 0.516268
v 0.413422 -0.067562 0.513196
v 0.413713 -0.067442 0.510000
v 0.413422 -0.067562 0.506804
v 0.412561 -0.067919 0.503732
v 0.411163 -0.068498 0.500900
v 0.409281 -0.069278 0.498418
v 0.406988 -0.070227 0.496381
v 0.404371 -0.071311 0.494867
v 0.401532 -0.072487 0.493935
v 0.401714 -0.073087 0.526065
v 0.404728 -0.072487 0.525133
v 0.407505 -0.071935 0.523619
v 0.409940 -0.071450 0.521582
v 0.411938 -0.071053 0.519100
v 0.413422 -0.070758 0.516268
v 0.414337 -0.070576 0.513196
v 0.414645 -0.070514 0.510000
v 0.414337 -0.070576 0.506804
v 0.413422 -0.070758 0.503732
v 0.411938 -0.071053 0.500900
v 0.409940 -0.071450 0.498418
v 0.407505 -0.071935 0.496381
v 0.404728 -0.072487 0.494867
v 0.401714 -0.073087 0.493935
v 0.401776 -0.073710 0.526065
v 0.404848 -0.073710 0.525133
v 0.407680 -0.073710 0.523619
v 0.410162 -0.073710 0.521582
v 0.412199 -0.073710 0.519100
v 0.413713 -0.073710 0.516268
v 0.414645 -0.073710 0.513196
v 0.414960 -0.073710 0.510000
v 0.414645 -0.073710 0.506804
v 0.413713 -0.073710 0.503732
v 0.412199 -0.073710 0.500900
v 0.410162 -0.073710 0.498418
v 0.407680 -0.073710 0.496381
v 0.404848 -0.073710 0.494867
v 0.401776 -0.073710 0.493935
v 0.401714 -0.074333 0.526065
v 0.404728 -0.074933 0.525133
v 0.407505 -0.075485 0.523619
v 0.409940 -0.075970 0.521582
v 0.411938 -0.076367 0.519100
v 0.413422 -0.076662 0.516268
v 0.414337 -0.076844 0.513196
v 0.414645 -0.076906 0.510000
v 0.414337 -0.076844 0.506804
v 0.413422 -0.076662 0.503732
v 0.411938 -0.076367 0.500900
v 0.409940 -0.075970 0.498418
v 0.407505 -0.075485 0.496381
v 0.404728 -0.074933 0.494867
v 0.401714 -0.074333 0.493935
v 0.401532 -0.074933 0.526065
v 0.404371 -0.076109 0.525133
v 0.406988 -0.077193 0.523619
v 0.409281 -0.078142 0.521582
v 0.411163 -0.078922 0.519100
v 0.412561 -0.079501 0.516268
v 0.413422 -0.079858 0.513196
v 0.413713 -0.079978 0.510000
v 0.413422 -0.079858 0.506804
v 0.412561 -0.079501 0.503732
v 0.411163 -0.078922 0.500900
v 0.409281 -0.078142 0.498418
v 0.406988 -0.077193 0.496381
v 0.404371 -0.076109 0.494867
v 0.401532 -0.074933 0.493935
v 0.401237 -0.075485 0.526065
v 0.403792 -0.077193 0.525133
v 0.406147 -0.078766 0.523619
v 0.408210 -0.080145 0.521582
v 0.409904 -0.081277 0.519100
v 0.411163 -0.082118 0.516268
v 0.411938 -0.082635 0.513196
v 0.412199 -0.082810 0.510000
v 0.411938 -0.082635 0.506804
v 0.411163 -0.082118 0.503732
v 0.409904 -0.081277 0.500900
v 0.408210 -0.080145 0.498418
v 0.406147 -0.078766 0.496381
v 0.403792 -0.077193 0.494867
v 0.401237 -0.075485 0.493935
v 0.400840 -0.075970 0.526065
v 0.403012 -0.078142 0.525133
v 0.405015 -0.080145 0.523619
v 0.406770 -0.081900 0.521582
v 0.408210 -0.083340 0.519100
v 0.409281 -0.084411 0.516268
v 0.409940 -0.085070 0.513196
v 0.410162 -0.085292 0.510000
v 0.409940 -0.085070 0.506804
v 0.409281 -0.084411 0.503732
v 0.408210 -0.083340 0.500900
v 0.406770 -0.081900 0.498418
v 0.405015 -0.080145 0.496381
v 0.403012 -0.078142 0.494867
v 0.400840 -0.075970 0.493935
v 0.400355 -0.076367 0.526065
v 0.402063 -0.078922 0.525133
v 0.403636 -0.081277 0.523619
v 0.405015 -0.083340 0.521582
v 0.406147 -0.085034 0.519100
v 0.406988 -0.086293 0.516268
v 0.407505 -0.087068 0.513196
v 0.407680 -0.087329 0.510000
v 0.407505 -0.087068 0.506804
v 0.406988 -0.086293 0.503732
v 0.406147 -0.085034 0.500900
v 0.405015 -0.083340 0.498418
v 0.403636 -0.081277 0.496381
v 0.402063 -0.078922 0.494867
v 0.400355 -0.076367 0.493935
v 0.399803 -0.076662 0.526065
v 0.400979 -0.079501 0.525133
v 0.402063 -0.082118 0.523619
v 0.403012 -0.084411 0.521582
v 0.403792 -0.086293 0.519100
v 0.404371 -0.087691 0.516268
v 0.404728 -0.088552 0.513196
v 0.404848 -0.088843 0.510000
v 0.404728 -0.088552 0.506804
v 0.404371 -0.087691 0.503732
v 0.403792 -0.086293 0.500900
v 0.403012 -0.084411 0.498418
v 0.402063 -0.082118 0.496381
v 0.400979 -0.079501 0.494867
v 0.399803 -0.076662 0.493935
v 0.399203 -0.076844 0.526065
v 0.399803 -0.079858 0.525133
v 0.400355 -0.082635 0.523619
v 0.400840 -0.085070 0.521582
v 0.401237 -0.087068 0.519100
v 0.401532 -0.088552 0.516268
v 0.401714 -0.089467 0.513196
v 0.401776 -0.089775 0.510000
v 0.401714 -0.089467 0.506804
v 0.401532 -0.088552 0.503732
v 0.401237 -0.087068 0.500900
v 0.400840 -0.085070 0.498418
v 0.400355 -0.082635 0.496381
v 0.399803 -0.079858 0.494867
v 0.399203 -0.076844 0.493935
v 0.398580 -0.076906 0.526065
v 0.398580 -0.079978 0.525133
v 0.398580 -0.082810 0.523619
v 0.398580 -0.085292 0.521582
v 0.398580 -0.087329 0.519100
v 0.398580 -0.088843 0.516268
v 0.398580 -0.089775 0.513196
v 0.398580 -0.090090 0.510000
v 0.398580 -0.089775 0.506804
v 0.398580 -0.088843 0.503732
v 0.398580 -0.087329 0.500900
v 0.398580 -0.085292 0.498418
v 0.398580 -0.082810 0.496381
v 0.398580 -0.079978 0.494867
v 0.398580 -0.076906 0.493935
v 0.398580 -0.073710 0.493620
v 0.397957 -0.076844 0.526065
v 0.397357 -0.079858 0.525133
v 0.396805 -0.082635 0.523619
v 0.396320 -0.085070 0.521582
v 0.395923 -0.087068 0.519100
v 0.395628 -0.088552 0.516268
v 0.395446 -0.089467 0.513196
v 0.395384 -0.089775 0.510000
v 0.395446 -0.089467 0.506804
v 0.395628 -0.088552 0.503732
v 0.395923 -0.087068 0.500900
v 0.396320 -0.085070 0.498418
v 0.396805 -0.082635 0.496381
v 0.397357 -0.079858 0.494867
v 0.397957 -0.076844 0.493935
v 0.397357 -0.076662 0.526065
v 0.396181 -0.079501 0.525133
v 0.395097 -0.082118 0.523619
v 0.394148 -0.084411 0.521582
v 0.393368 -0.086293 0.519100
v 0.392789 -0.087691 0.516268
v 0.392432 -0.088552 0.513196
v 0.392312 -0.088843 0.510000
v 0.392432 -0.088552 0.506804
v 0.392789 -0.087691 0.503732
v 0.393368 -0.086293 0.500900
v 0.394148 -0.084411 0.498418
v 0.395097 -0.082118 0.496381
v 0.396181 -0.079501 0.494867
v 0.397357 -0.076662 0.493935
v 0.396805 -0.076367 0.526065
v 0.395097 -0.078922 0.525133
v 0.393524 -0.081277 0.523619
v 0.392145 -0.083340 0.521582
v 0.391013 -0.085034 0.519100
v 0.390172 -0.086293 0.516268
v 0.389655 -0.087068 0.513196
v 0.389480 -0.087329 0.510000
v 0.389655 -0.087068 0.506804
v 0.390172 -0.086293 0.503732
v 0.391013 -0.085034 0.500900
v 0.392145 -0.083340 0.498418
v 0.393524 -0.081277 0.496381
v 0.395097 -0.078922 0.494867
v 0.396805 -0.076367 0.493935
v 0.396320 -0.075970 0.526065
v 0.394148 -0.078142 0.525133
v 0.392145 -0.080145 0.523619
v 0.390390 -0.081900 0.521582
v 0.388950 -0.083340 0.519100
v 0.387879 -0.084411 0.516268
v 0.387220 -0.085070 0.513196
v 0.386998 -0.085292 0.510000
v 0.387220 -0.085070 0.506804
v 0.387879 -0.084411 0.503732
v 0.388950 -0.083340 0.500900
v 0.390390 -0.081900 0.498418
v 0.392145 -0.080145 0.496381
v 0.394148 -0.078142 0.494867
v 0.396320 -0.075970 0.493935
v 0.398580 -0.073710 0.526380
v 0.395923 -0.075485 0.526065
v 0.393368 -0.077193 0.525133
v 0.391013 -0.078766 0.523619
v 0.388950 -0.080145 0.521582
v 0.387256 -0.081277 0.519100
v 0.385997 -0.082118 0.516268
v 0.385222 -0.082635 0.513196
v 0.384961 -0.082810 0.510000
v 0.385222 -0.082635 0.506804
v 0.385997 -0.082118 0.503732
v 0.387256 -0.081277 0.500900
v 0.388950 -0.080145 0.498418
v 0.391013 -0.078766 0.496381
v 0.393368 -0.077193 0.494867
v 0.395923 -0.075485 0.493935
v 0.395628 -0.074933 0.526065
v 0.392789 -0.076109 0.525133
v 0.390172 -0.077193 0.523619
v 0.387879 -0.078142 0.521582
v 0.385997 -0.078922 0.519100
v 0.384599 -0.079501 0.516268
v 0.383738 -0.079858 0.513196
v 0.383447 -0.079978 0.510000
v 0.383738 -0.079858 0.506804
v 0.384599 -0.079501 0.503732
v 0.385997 -0.078922 0.500900
v 0.387879 -0.078142 0.498418
v 0.390172 -0.077193 0.496381
v 0.392789 -0.076109 0.494867
v 0.395628 -0.074933 0.493935
v 0.395446 -0.074333 0.526065
v 0.392432 -0.074933 0.525133
v 0.389655 -0.075485 0.523619
v 0.387220 -0.075970 0.521582
v 0.385222 -0.076367 0.519100
v 0.383738 -0.076662 0.516268
v 0.382823 -0.076844 0.513196
v 0.382515 -0.076906 0.510000
v 0.382823 -0.076844 0.506804
v 0.383738 -0.076662 0.503732
v 0.385222 -0.076367 0.500900
v 0.387220 -0.075970 0.498418
v 0.389655 -0.075485 0.496381
v 0.392432 -0.074933 0.494867
v 0.395446 -0.074333 0.493935
v 0.395384 -0.073710 0.526065
v 0.392312 -0.073710 0.525133
v 0.389480 -0.073710 0.523619
v 0.386998 -0.073710 0.521582
v 0.384961 -0.073710 0.519100
v 0.383447 -0.073710 0.516268
v 0.382515 -0.073710 0.513196
v 0.382200 -0.073710 0.510000
v 0.382515 -0.073710 0.506804
v 0.383447 -0.073710 0.503732
v 0.384961 -0.073710 0.500900
v 0.386998 -0.073710 0.498418
v 0.389480 -0.073710 0.496381
v 0.392312 -0.073710 0.494867
v 0.395384 -0.073710 0.493935
v 0.395446 -0.073087 0.526065
v 0.392432 -0.072487 0.525133
v 0.389655 -0.071935 0.523619
v 0.387220 -0.071450 0.521582
v 0.385222 -0.071053 0.519100
v 0.383738 -0.070758 0.516268
v 0.382823 -0.070576 0.513196
v 0.382515 -0.070514 0.510000
v 0.382823 -0.070576 0.506804
v 0.383738 -0.070758 0.503732
v 0.385222 -0.071053 0.500900
v 0.387220 -0.071450 0.498418
v 0.389655 -0.071935 0.496381
v 0.392432 -0.072487 0.494867
v 0.395446 -0.073087 0.493935
v 0.395628 -0.072487 0.526065
v 0.392789 -0.071311 0.525133
v 0.390172 -0.070227 0.523619
v 0.387879 -0.069278 0.521582
v 0.385997 -0.068498 0.519100
v 0.384599 -0.067919 0.516268
v 0.383738 -0.067562 0.513196
v 0.383447 -0.067442 0.510000
v 0.383738 -0.067562 0.506804
v 0.384599 -0.067919 0.503732
v 0.385997 -0.068498 0.500900
v 0.387879 -0.069278 0.498418
v 0.390172 -0.070227 0.496381
v 0.392789 -0.071311 0.494867
v 0.395628 -0.072487 0.493935
v 0.395923 -0.071935 0.526065
v 0.393368 -0.070227 0.525133
v 0.391013 -0.068654 0.523619
v 0.388950 -0.067275 0.521582
v 0.387256 -0.066143 0.519100
v 0.385997 -0.065302 0.516268
v 0.385222 -0.064785 0.513196
v 0.384961 -0.064610 0.510000
v 0.385222 -0.064785 0.506804
v 0.385997 -0.065302 0.503732
v 0.387256 -0.066143 0.500900
v 0.388950 -0.067275 0.498418
v 0.391013 -0.068654 0.496381
v 0.393368 -0.070227 0.494867
v 0.395923 -0.071935 0.493935
v 0.396320 -0.071450 0.526065
v 0.394148 -0.069278 0.525133
v 0.392145 -0.067275 0.523619
v 0.390390 -0.065520 0.521582
v 0.388950 -0.064080 0.519100
v 0.387879 -0.063009 0.516268
v 0.387220 -0.062350 0.513196
v 0.386998 -0.062128 0.510000
v 0.387220 -0.062350 0.506804
v 0.387879 -0.063009 0.503732
v 0.388950 -0.064080 0.500900
v 0.390390 -0.065520 0.498418
v 0.392145 -0.067275 0.496381
v 0.394148 -0.069278 0.494867
v 0.396320 -0.071450 0.493935
v 0.396805 -0.071053 0.526065
v 0.395097 -0.068498 0.525133
v 0.393524 -0.066143 0.523619
v 0.392145 -0.064080 0.521582
v 0.391013 -0.062386 0.519100
v 0.390172 -0.061127 0.516268
v 0.389655 -0.060352 0.513196
v 0.389480 -0.060091 0.510000
v 0.389655 -0.060352 0.506804
v 0.390172 -0.061127 0.503732
v 0.391013 -0.062386 0.500900
v 0.392145 -0.064080 0.498418
v 0.393524 -0.066143 0.496381
v 0.395097 -0.068498 0.494867
v 0.396805 -0.071053 0.493935
v 0.397357 -0.070758 0.526065
v 0.396181 -0.067919 0.525133
v 0.395097 -0.065302 0.523619
v 0.394148 -0.063009 0.521582
v 0.393368 -0.061127 0.519100
v 0.392789 -0.059729 0.516268
v 0.392432 -0.058868 0.513196
v 0.392312 -0.058577 0.510000
v 0.392432 -0.058868 0.506804
v 0.392789 -0.059729 0.503732
v 0.393368 -0.061127 0.500900
v 0.394148 -0.063009 0.498418
v 0.395097 -0.065302 0.496381
v 0.396181 -0.067919 0.494867
v 0.397357 -0.070758 0.493935
v 0.397957 -0.070576 0.526065
v 0.397357 -0.067562 0.525133
v 0.396805 -0.064785 0.523619
v 0.396320 -0.062350 0.521582
v 0.395923 -0.060352 0.519100
v 0.395628 -0.058868 0.516268
v 0.395446 -0.057953 0.513196
v 0.395384 -0.057645 0.510000
v 0.395446 -0.057953 0.506804
v 0.395628 -0.058868 0.503732
v 0.395923 -0.060352 0.500900
v 0.396320 -0.062350 0.498418
v 0.396805 -0.064785 0.496381
v 0.397357 -0.067562 0.494867
v 0.397957 -0.070576 0.493935
v 0.398580 -0.070514 0.526065
v 0.398580 -0.067442 0.525133
v 0.398580 -0.064610 0.523619
v 0.398580 -0.058577 0.516268
v 0.398580 -0.057330 0.510000
v 0.398580 -0.057645 0.506804
v 0.398580 -0.060091 0.500900
v 0.398580 -0.064610 0.496381
v 0.398580 -0.067442 0.494867
v 0.398580 -0.070514 0.493935
vn 0.0576 -0.1843 -0.9812
vn -0.5774 -0.5773 -0.5774
vn -0.7082 0.0050 -0.7060
vn -0.1638 -0.9835 0.0762
vn -0.1354 -0.5702 -0.8103
vn -0.9876 0.0547 -0.1469
vn -0.5703 -0.8102 -0.1355
vn 0.0751 -0.9836 0.1642
vn -0.5773 -0.5773 0.5774
vn -0.7081 -0.7057 -0.0223
vn -0.1467 0.0548 0.9877
vn -0.1354 -0.8103 0.5702
vn -0.9812 -0.1842 -0.0574
vn -0.5855 -0.1370 0.7991
vn -0.1467 -0.0548 -0.9877
vn -0.5774 0.5773 -0.5774
vn 0.0224 0.7082 -0.7057
vn -0.9812 0.1842 0.0574
vn -0.5863 0.1371 -0.7984
vn 0.0751 0.9836 -0.1642
vn -0.8102 0.5703 -0.1355
vn 0.0575 0.1843 0.9812
vn -0.5773 0.5773 0.5774
vn -0.7082 -0.0035 0.7060
vn -0.1638 0.9836 -0.0761
vn -0.1354 0.5702 0.8103
vn -0.9876 -0.0547 0.1469
vn -0.5703 0.8102 0.1354
vn 0.1467 0.0548 -0.9877
vn 0.5774 -0.5773 -0.5774
vn -0.0224 -0.7082 -0.7057
vn 0.9812 -0.1842 0.0574
vn 0.5842 -0.1369 -0.8000
vn -0.0751 -0.9836 -0.1642
vn 0.8102 -0.5703 -0.1355
vn -0.0576 -0.1843 0.9812
vn 0.5773 -0.5773 0.5774
vn 0.7082 0.0051 0.7060
vn 0.1638 -0.9835 -0.0761
vn 0.1354 -0.5702 0.8103
vn 0.9876 0.0547 0.1469
vn 0.5703 -0.8102 0.1354
vn -0.0576 0.1843 -0.9812
vn 0.5774 0.5773 -0.5774
vn 0.7082 -0.0024 -0.7060
vn 0.1638 0.9835 0.0762
vn 0.1354 0.5702 -0.8103
vn 0.9876 -0.0547 -0.1469
vn 0.5703 0.8102 -0.1355
vn 0.1467 -0.0548 0.9877
vn 0.5773 0.5773 0.5774
vn -0.0225 0.7082 0.7057
vn 0.9812 0.1842 -0.0574
vn 0.5863 0.1370 0.7984
vn -0.0751 0.9836 0.1642
vn 0.8102 0.5703 0.1354
vn 0.0538 -0.1886 -0.9806
vn -0.5774 -0.5773 -0.5773
vn -0.7082 0.0007 -0.7060
vn -0.1638 -0.9836 0.0756
vn -0.1355 -0.5702 -0.8103
vn -0.9884 0.0504 -0.1432
vn -0.5685 -0.8115 -0.1352
vn 0.0754 -0.9835 0.1642
vn -0.5774 -0.5773 0.5773
vn -0.7081 -0.7058 -0.0207
vn -0.1430 0.0509 0.9884
vn -0.1356 -0.8094 0.5714
vn -0.9806 -0.1885 -0.0536
vn -0.5877 -0.1372 0.7974
vn -0.1430 -0.0505 -0.9884
vn -0.5774 0.5773 -0.5773
vn 0.0225 0.7082 -0.7057
vn -0.9806 0.1884 0.0536
vn -0.5895 0.1375 -0.7960
vn 0.0750 0.9836 -0.1643
vn -0.8101 0.5704 -0.1354
vn 0.0535 0.1886 0.9806
vn -0.5774 0.5773 0.5773
vn -0.7081 0.0017 0.7061
vn -0.1638 0.9836 -0.0760
vn -0.1353 0.5684 0.8116
vn -0.9884 -0.0503 0.1432
vn -0.5704 0.8101 0.1354
vn 0.1430 0.0505 -0.9884
vn 0.5774 -0.5773 -0.5773
vn -0.0225 -0.7082 -0.7057
vn 0.9806 -0.1884 0.0536
vn 0.5877 -0.1373 -0.7974
vn -0.0750 -0.9836 -0.1643
vn 0.8101 -0.5704 -0.1354
vn -0.0535 -0.1886 0.9806
vn 0.5774 -0.5773 0.5773
vn 0.7082 0.0007 0.7060
vn 0.1638 -0.9836 -0.0760
vn 0.1353 -0.5683 0.8116
vn 0.9884 0.0503 0.1432
vn 0.5704 -0.8101 0.1354
vn -0.0538 0.1886 -0.9806
vn 0.5774 0.5773 -0.5773
vn 0.7081 0.0016 -0.7061
vn 0.1638 0.9836 0.0760
vn 0.9884 -0.0503 -0.1432
vn 0.5704 0.8101 -0.1354
vn 0.1429 -0.0509 0.9884
vn 0.5774 0.5773 0.5773
vn -0.0209 0.7082 0.7057
vn 0.9806 0.1885 -0.0536
vn 0.5895 0.1374 0.7960
vn -0.0750 0.9836 0.1643
vn 0.8101 0.5704 0.1354
vn 0.0174 -0.7491 -0.6622
vn -0.0268 -0.9600 0.2788
vn -0.0237 -0.9958 -0.0888
vn -0.0340 0.0081 0.9994
vn 0.0072 0.9645 -0.2639
vn -0.0237 0.9958 0.0888
vn 0.3013 0.8401 0.4511
vn 0.5284 0.0086 0.8489
vn -0.2885 -0.9197 -0.2662
vn -0.1689 -0.9850 0.0344
vn -0.1783 -0.9831 -0.0421
vn -0.9836 0.0613 -0.1694
vn 0.1688 0.9856 -0.0134
vn -0.0572 0.9975 -0.0405
vn 0.9229 -0.3710 0.1032
vn -0.4909 0.5118 0.7050
vn -0.0024 -0.7143 0.6999
vn 0.0268 -0.9714 -0.2360
vn 0.0237 -0.9969 0.0747
vn 0.0506 -0.0067 -0.9987
vn -0.0060 0.9752 0.2213
vn 0.0237 0.9969 -0.0745
vn -0.4077 0.7562 -0.5119
vn -0.5982 0.0260 -0.8009
vn -0.7586 -0.6475 0.0732
vn 0.1744 -0.9840 0.0372
vn -0.0572 -0.9975 0.0405
vn -0.0325 0.9684 0.2473
vn -0.1701 0.9853 -0.0163
vn -0.1686 0.9854 0.0226
vn 0.5540 0.0287 -0.8320
vn 0.9975 -0.0566 -0.0425
vn 0.5103 -0.6069 0.6094
vn 0.0538 0.9613 0.2703
vn -0.0000 0.9681 0.2507
vn -0.0101 -0.9655 0.2601
vn 0.0959 0.9681 0.2316
vn 0.0426 -0.9645 0.2605
vn 0.1547 0.9605 0.2315
vn 0.0902 -0.9655 0.2442
vn 0.1773 0.9680 0.1773
vn 0.1552 -0.9589 0.2378
vn 0.2291 0.9613 0.1531
vn 0.1767 -0.9655 0.1911
vn 0.2317 0.9680 0.0960
vn 0.2371 -0.9581 0.1609
vn 0.2609 0.9640 0.0519
vn 0.2364 -0.9655 0.1089
vn 0.2508 0.9680 -0.0000
vn 0.2778 -0.9589 0.0582
vn 0.2702 0.9613 -0.0537
vn 0.2601 -0.9655 0.0102
vn 0.2317 0.9680 -0.0960
vn 0.2706 -0.9615 -0.0480
vn 0.2314 0.9605 -0.1546
vn 0.2442 -0.9655 -0.0901
vn 0.1773 0.9680 -0.1773
vn 0.2376 -0.9589 -0.1553
vn 0.1531 0.9613 -0.2291
vn 0.1910 -0.9655 -0.1768
vn 0.0960 0.9680 -0.2317
vn 0.1611 -0.9581 -0.2370
vn 0.0497 0.9670 -0.2498
vn 0.1087 -0.9656 -0.2364
vn -0.0000 0.9681 -0.2507
vn 0.0582 -0.9589 -0.2778
vn -0.0537 0.9613 -0.2703
vn 0.0105 -0.9655 -0.2602
vn -0.0959 0.9680 -0.2317
vn -0.0427 -0.9645 -0.2605
vn -0.1547 0.9605 -0.2315
vn -0.0900 -0.9655 -0.2443
vn -0.1773 0.9680 -0.1773
vn -0.1553 -0.9589 -0.2376
vn -0.2291 0.9613 -0.1531
vn -0.1767 -0.9655 -0.1911
vn -0.2317 0.9680 -0.0960
vn -0.2371 -0.9581 -0.1609
vn -0.2609 0.9640 -0.0519
vn -0.2364 -0.9655 -0.1089
vn -0.2508 0.9680 -0.0000
vn -0.2778 -0.9589 -0.0582
vn -0.2702 0.9613 0.0537
vn -0.2601 -0.9655 -0.0102
vn -0.2317 0.9680 0.0960
vn -0.2706 -0.9615 0.0480
vn -0.2314 0.9605 0.1546
vn -0.2442 -0.9655 0.0901
vn -0.1773 0.9680 0.1773
vn -0.2375 -0.9589 0.1554
vn -0.1531 0.9613 0.2291
vn -0.1911 -0.9655 0.1768
vn -0.0959 0.9681 0.2316
vn -0.1609 -0.9581 0.2371
vn -0.0497 0.9670 0.2498
vn -0.6469 -0.5102 0.5667
vn 0.0427 -0.9645 0.2606
vn 0.1553 -0.9589 0.2376
vn 0.2372 -0.9581 0.1608
vn 0.1911 -0.9655 -0.1768
vn 0.1609 -0.9581 -0.2371
vn 0.1089 -0.9655 -0.2364
vn -0.0000 0.9680 -0.2508
vn 0.0584 -0.9589 -0.2778
vn 0.0102 -0.9655 -0.2601
vn -0.0427 -0.9645 -0.2606
vn -0.0902 -0.9655 -0.2442
vn -0.2707 -0.9615 0.0479
vn 0.6021 -0.5342 0.5934
vn -0.1957 0.1533 0.9686
vn -0.1666 -0.0000 0.9860
vn 0.1666 0.1567 0.9735
vn -0.1666 0.3046 0.9378
vn 0.1813 0.3062 0.9345
vn -0.2019 0.4446 0.8727
vn 0.1666 0.4499 0.8774
vn -0.1666 0.5796 0.7977
vn 0.1957 0.5783 0.7920
vn -0.1957 0.6934 0.6935
vn 0.1666 0.6990 0.6955
vn -0.1666 0.7977 0.5796
vn 0.2019 0.7937 0.5738
vn -0.1931 0.8742 0.4455
vn 0.1666 0.8797 0.4454
vn -0.1666 0.9377 0.3048
vn 0.1957 0.9334 0.3008
vn -0.1957 0.9686 0.1535
vn 0.1667 0.9742 0.1518
vn -0.1666 0.9860 0.0001
vn 0.1813 0.9834 -0.0024
vn -0.2019 0.9674 -0.1532
vn 0.1667 0.9735 -0.1567
vn -0.1666 0.9378 -0.3046
vn 0.1957 0.9319 -0.3053
vn -0.1957 0.8738 -0.4452
vn 0.1666 0.8774 -0.4499
vn -0.1666 0.7978 -0.5795
vn 0.2019 0.7910 -0.5776
vn -0.1714 0.6967 -0.6966
vn 0.1666 0.6955 -0.6990
vn -0.1666 0.5797 -0.7976
vn 0.1957 0.5745 -0.7948
vn -0.1957 0.4453 -0.8738
vn 0.1666 0.4454 -0.8797
vn -0.1666 0.3047 -0.9377
vn 0.1931 0.3009 -0.9339
vn -0.2019 0.1533 -0.9673
vn 0.1666 0.1518 -0.9743
vn -0.1666 0.0001 -0.9860
vn 0.1957 -0.0024 -0.9807
vn -0.1957 -0.1533 -0.9686
vn 0.1666 -0.1567 -0.9735
vn -0.1666 -0.3046 -0.9378
vn 0.2019 -0.3049 -0.9307
vn -0.1931 -0.4454 -0.8743
vn 0.1666 -0.4499 -0.8774
vn -0.1666 -0.5796 -0.7977
vn 0.1957 -0.5783 -0.7920
vn -0.1957 -0.6934 -0.6935
vn 0.1666 -0.6990 -0.6955
vn -0.1666 -0.7977 -0.5796
vn 0.1715 -0.7985 -0.5771
vn -0.2019 -0.8726 -0.4447
vn 0.1666 -0.8797 -0.4454
vn -0.1666 -0.9377 -0.3048
vn 0.1957 -0.9334 -0.3008
vn -0.1957 -0.9686 -0.1535
vn 0.1667 -0.9742 -0.1518
vn -0.1666 -0.9860 -0.0001
vn 0.2019 -0.9794 0.0024
vn -0.1813 -0.9713 0.1538
vn 0.1667 -0.9735 0.1567
vn -0.1666 -0.9378 0.3046
vn 0.1957 -0.9319 0.3053
vn -0.1957 -0.8738 0.4452
vn 0.1666 -0.8774 0.4499
vn -0.1666 -0.7978 0.5795
vn 0.1931 -0.7924 0.5787
vn -0.2019 -0.6926 0.6925
vn 0.1666 -0.6955 0.6990
vn -0.1666 -0.5797 0.7976
vn 0.1957 -0.5745 0.7948
vn -0.1957 -0.4453 0.8738
vn 0.1666 -0.4454 0.8797
vn -0.1666 -0.3047 0.9377
vn 0.2019 -0.3004 0.9322
vn -0.1813 -0.1539 0.9713
vn 0.5954 0.4614 0.6577
vn 0.0057 0.5661 -0.8243
vn 0.1393 0.7002 -0.7002
vn 0.1107 0.5567 -0.8233
vn -0.0024 0.8345 0.5510
vn 0.1805 0.9076 0.3790
vn -0.0000 0.9254 0.3790
vn 0.0091 0.4021 -0.9155
vn 0.0789 0.3965 -0.9146
vn -0.0005 0.9811 0.1934
vn 0.1914 0.9623 0.1932
vn 0.0474 0.2382 -0.9701
vn -0.0000 0.2426 -0.9701
vn -0.0000 1.0000 -0.0000
vn 0.1951 0.9808 -0.0000
vn -0.0000 0.2428 0.9701
vn -0.0000 -0.0000 1.0000
vn 0.0474 0.2381 0.9701
vn -0.0000 -0.0000 -1.0000
vn 0.1914 0.9623 -0.1932
vn -0.0000 0.9812 -0.1932
vn 0.0788 0.3965 0.9146
vn -0.0000 0.4043 0.9146
vn 0.1805 0.9076 -0.3790
vn -0.0000 0.9254 -0.3790
vn 0.1107 0.5567 0.8233
vn -0.0000 0.5676 0.8233
vn 0.1629 0.8190 -0.5501
vn -0.0000 0.8351 -0.5501
vn 0.1393 0.7003 0.7002
vn -0.0000 0.7140 0.7002
vn -0.0043 0.7125 -0.7017
vn 0.1595 0.8178 0.5529
vn 0.2732 0.6596 -0.7002
vn 0.3196 0.7715 0.5502
vn 0.2172 0.5244 -0.8233
vn 0.3542 0.8550 0.3789
vn 0.1547 0.3735 -0.9146
vn 0.3755 0.9065 0.1932
vn 0.0929 0.2243 -0.9701
vn 0.3827 0.9239 -0.0000
vn 0.0928 0.2242 0.9701
vn 0.3755 0.9065 -0.1932
vn 0.1547 0.3736 0.9146
vn 0.3541 0.8550 -0.3790
vn 0.2172 0.5244 0.8233
vn 0.3219 0.7688 -0.5526
vn 0.2666 0.6579 0.7043
vn 0.1350 0.2020 0.9700
vn 0.1350 0.2020 -0.9700
vn 0.5556 0.8315 -0.0000
vn 0.5451 0.8158 -0.1932
vn 0.2246 0.3361 0.9146
vn 0.5141 0.7694 -0.3790
vn 0.3154 0.4720 0.8233
vn 0.4640 0.6943 -0.5501
vn 0.3967 0.5936 0.7002
vn 0.3966 0.5936 -0.7002
vn 0.4639 0.6943 0.5502
vn 0.3153 0.4720 -0.8233
vn 0.5141 0.7695 0.3789
vn 0.2246 0.3362 -0.9146
vn 0.5451 0.8158 0.1932
vn 0.5049 0.5049 0.7002
vn 0.5904 0.5905 0.5502
vn 0.5049 0.5049 -0.7002
vn 0.4014 0.4014 -0.8233
vn 0.6543 0.6543 0.3790
vn 0.2859 0.2859 -0.9146
vn 0.6938 0.6938 0.1932
vn 0.1717 0.1717 -0.9701
vn 0.7071 0.7071 -0.0000
vn 0.1717 0.1717 0.9701
vn 0.6938 0.6938 -0.1931
vn 0.2859 0.2859 0.9146
vn 0.6544 0.6544 -0.3789
vn 0.4014 0.4014 0.8233
vn 0.5905 0.5905 -0.5501
vn 0.8315 0.5556 -0.0000
vn 0.8158 0.5451 -0.1932
vn 0.3362 0.2246 0.9146
vn 0.7695 0.5142 -0.3789
vn 0.4720 0.3154 0.8233
vn 0.6943 0.4640 -0.5501
vn 0.5936 0.3967 0.7002
vn 0.5936 0.3966 -0.7002
vn 0.6943 0.4639 0.5502
vn 0.4720 0.3154 -0.8233
vn 0.7694 0.5141 0.3790
vn 0.3362 0.2246 -0.9146
vn 0.8158 0.5451 0.1931
vn 0.2017 0.1348 -0.9701
vn 0.1400 0.1447 0.9795
vn 0.6596 0.2732 -0.7002
vn 0.5244 0.2172 -0.8233
vn 0.7715 0.3196 0.5502
vn 0.8550 0.3541 0.3789
vn 0.3735 0.1547 -0.9146
vn 0.9065 0.3755 0.1932
vn 0.2245 0.0930 -0.9700
vn 0.9239 0.3827 -0.0000
vn 0.2243 0.0929 0.9701
vn 0.9065 0.3755 -0.1931
vn 0.3736 0.1547 0.9146
vn 0.8550 0.3541 -0.3790
vn 0.5244 0.2172 0.8233
vn 0.7715 0.3196 -0.5501
vn 0.6596 0.2732 0.7002
vn 0.9076 0.1805 -0.3790
vn 0.5567 0.1107 0.8233
vn 0.8190 0.1629 -0.5502
vn 0.7003 0.1393 0.7002
vn 0.7002 0.1393 -0.7002
vn 0.8190 0.1629 0.5502
vn 0.5567 0.1107 -0.8233
vn 0.9076 0.1805 0.3789
vn 0.3965 0.0789 -0.9146
vn 0.9623 0.1914 0.1932
vn 0.2382 0.0474 -0.9701
vn 0.9808 0.1951 -0.0000
vn 0.2383 0.0474 0.9700
vn 0.9623 0.1907 -0.1939
vn 0.3755 0.0928 0.9222
vn 0.5677 -0.0000 -0.8233
vn 0.4043 -0.0000 -0.9146
vn 0.9254 -0.0000 0.3790
vn 0.9812 -0.0000 0.1931
vn 0.2426 -0.0000 -0.9701
vn 1.0000 -0.0000 -0.0000
vn 0.2428 -0.0000 0.9701
vn 0.9812 -0.0000 -0.1931
vn 0.4043 -0.0000 0.9146
vn 0.9254 -0.0000 -0.3790
vn 0.5677 -0.0000 0.8233
vn 0.8351 -0.0000 -0.5501
vn 0.7140 -0.0000 0.7002
vn 0.7140 -0.0000 -0.7002
vn 0.8350 -0.0000 0.5502
vn 0.3966 -0.0789 0.9146
vn 0.5567 -0.1107 0.8233
vn 0.8190 -0.1629 -0.5502
vn 0.7002 -0.1393 0.7002
vn 0.7003 -0.1393 -0.7002
vn 0.8190 -0.1629 0.5502
vn 0.5567 -0.1107 -0.8233
vn 0.9076 -0.1805 0.3790
vn 0.3965 -0.0789 -0.9146
vn 0.9623 -0.1914 0.1932
vn 0.2382 -0.0474 -0.9701
vn 0.9808 -0.1951 -0.0000
vn 0.2381 -0.0474 0.9701
vn 0.9623 -0.1914 -0.1931
vn 0.9067 -0.1821 -0.3805
vn 0.9065 -0.3755 0.1932
vn 0.2243 -0.0929 -0.9701
vn 0.9239 -0.3827 -0.0000
vn 0.2243 -0.0929 0.9701
vn 0.9065 -0.3755 -0.1932
vn 0.3736 -0.1547 0.9146
vn 0.8550 -0.3541 -0.3790
vn 0.5244 -0.2172 0.8233
vn 0.7715 -0.3196 -0.5502
vn 0.6596 -0.2732 0.7002
vn 0.6596 -0.2732 -0.7002
vn 0.7715 -0.3196 0.5502
vn 0.5244 -0.2172 -0.8233
vn 0.8550 -0.3523 0.3806
vn 0.3529 -0.1654 -0.9209
vn 0.6943 -0.4639 -0.5502
vn 0.5936 -0.3967 0.7002
vn 0.5936 -0.3966 -0.7002
vn 0.6943 -0.4639 0.5502
vn 0.4720 -0.3154 -0.8233
vn 0.7694 -0.5141 0.3790
vn 0.3362 -0.2246 -0.9146
vn 0.8158 -0.5451 0.1932
vn 0.2019 -0.1349 -0.9701
vn 0.8315 -0.5556 -0.0000
vn 0.2017 -0.1348 0.9701
vn 0.8158 -0.5451 -0.1932
vn 0.3362 -0.2246 0.9146
vn 0.7679 -0.5153 -0.3805
vn 0.4701 -0.3028 0.8290
vn 0.1718 -0.1718 -0.9700
vn 0.6938 -0.6938 0.1932
vn 0.7071 -0.7071 -0.0000
vn 0.1718 -0.1718 0.9700
vn 0.6938 -0.6938 -0.1932
vn 0.2859 -0.2858 0.9146
vn 0.6544 -0.6544 -0.3790
vn 0.4014 -0.4014 0.8233
vn 0.5905 -0.5905 -0.5502
vn 0.5048 -0.5049 0.7002
vn 0.5048 -0.5049 -0.7002
vn 0.5905 -0.5905 0.5502
vn 0.4014 -0.4014 -0.8233
vn 0.6544 -0.6544 0.3790
vn 0.2628 -0.2878 -0.9209
vn 0.3967 -0.5936 0.7002
vn 0.4639 -0.6943 -0.5501
vn 0.3967 -0.5936 -0.7002
vn 0.4639 -0.6943 0.5502
vn 0.3153 -0.4719 -0.8233
vn 0.5141 -0.7695 0.3789
vn 0.2247 -0.3362 -0.9146
vn 0.5451 -0.8158 0.1932
vn 0.1348 -0.2017 -0.9701
vn 0.5556 -0.8315 -0.0000
vn 0.1348 -0.2017 0.9701
vn 0.5451 -0.8158 -0.1932
vn 0.2246 -0.3362 0.9146
vn 0.5141 -0.7694 -0.3790
vn 0.3185 -0.4596 0.8290
vn 0.3827 -0.9239 -0.0000
vn 0.0929 -0.2243 0.9701
vn 0.0929 -0.2243 -0.9701
vn 0.3755 -0.9065 -0.1933
vn 0.1547 -0.3736 0.9146
vn 0.3541 -0.8550 -0.3790
vn 0.2172 -0.5244 0.8233
vn 0.3196 -0.7715 -0.5501
vn 0.2732 -0.6596 0.7002
vn 0.2732 -0.6596 -0.7002
vn 0.3195 -0.7715 0.5502
vn 0.2172 -0.5244 -0.8233
vn 0.3541 -0.8550 0.3790
vn 0.1547 -0.3735 -0.9146
vn 0.3761 -0.9061 0.1939
vn 0.1629 -0.8190 -0.5501
vn 0.1393 -0.7002 -0.7002
vn 0.1629 -0.8190 0.5501
vn 0.1107 -0.5567 -0.8233
vn 0.1805 -0.9076 0.3790
vn 0.0789 -0.3965 -0.9146
vn 0.1914 -0.9623 0.1932
vn 0.0474 -0.2381 -0.9701
vn 0.1951 -0.9808 -0.0000
vn 0.0474 -0.2383 0.9700
vn 0.1914 -0.9623 -0.1932
vn 0.0788 -0.3964 0.9147
vn 0.1805 -0.9076 -0.3790
vn 0.1107 -0.5567 0.8233
vn 0.1438 -0.6952 0.7043
vn -0.0000 -0.2428 -0.9701
vn -0.0000 -1.0000 -0.0000
vn -0.0000 -0.9812 -0.1932
vn -0.0000 -0.4044 0.9146
vn -0.0000 -0.9254 -0.3789
vn -0.0000 -0.5676 0.8233
vn -0.0000 -0.8351 -0.5501
vn -0.0000 -0.7140 0.7002
vn -0.0000 -0.7140 -0.7002
vn -0.0000 -0.8351 0.5501
vn -0.0000 -0.5676 -0.8233
vn -0.0000 -0.9254 0.3789
vn -0.0000 -0.4043 -0.9146
vn -0.0000 -0.9812 0.1932
vn 0.0425 -0.1968 0.9795
vn -0.1107 -0.5567 -0.8233
vn -0.1629 -0.8190 0.5502
vn -0.1805 -0.9077 0.3789
vn -0.0789 -0.3964 -0.9147
vn -0.1914 -0.9623 0.1932
vn -0.0474 -0.2383 -0.9700
vn -0.1951 -0.9808 -0.0000
vn -0.0474 -0.2383 0.9700
vn -0.1914 -0.9623 -0.1932
vn -0.0788 -0.3965 0.9147
vn -0.1805 -0.9076 -0.3790
vn -0.1108 -0.5567 0.8233
vn -0.1629 -0.8190 -0.5502
vn -0.1393 -0.7002 0.7002
vn -0.1439 -0.6957 -0.7038
vn -0.1547 -0.3736 0.9146
vn -0.3541 -0.8550 -0.3790
vn -0.2172 -0.5244 0.8233
vn -0.3196 -0.7715 -0.5501
vn -0.2732 -0.6596 0.7002
vn -0.2732 -0.6596 -0.7002
vn -0.3196 -0.7715 0.5501
vn -0.2172 -0.5244 -0.8233
vn -0.3541 -0.8550 0.3790
vn -0.1547 -0.3735 -0.9146
vn -0.3755 -0.9065 0.1932
vn -0.0929 -0.2243 -0.9701
vn -0.3827 -0.9239 -0.0000
vn -0.0360 -0.1981 0.9795
vn -0.3760 -0.9061 -0.1939
vn -0.5141 -0.7695 0.3789
vn -0.2247 -0.3362 -0.9146
vn -0.5451 -0.8158 0.1931
vn -0.1348 -0.2017 -0.9701
vn -0.5556 -0.8315 -0.0000
vn -0.1350 -0.2020 0.9700
vn -0.5451 -0.8158 -0.1932
vn -0.2246 -0.3361 0.9146
vn -0.5141 -0.7695 -0.3789
vn -0.3154 -0.4720 0.8233
vn -0.4639 -0.6943 -0.5502
vn -0.3967 -0.5936 0.7002
vn -0.3967 -0.5936 -0.7002
vn -0.4603 -0.6945 0.5529
vn -0.3192 -0.4607 -0.8282
vn -0.6938 -0.6938 -0.1930
vn -0.6544 -0.6544 -0.3790
vn -0.4014 -0.4014 0.8233
vn -0.5905 -0.5905 -0.5501
vn -0.5049 -0.5049 0.7002
vn -0.5048 -0.5048 -0.7002
vn -0.5905 -0.5905 0.5502
vn -0.4014 -0.4014 -0.8233
vn -0.6544 -0.6544 0.3790
vn -0.2858 -0.2858 -0.9147
vn -0.6938 -0.6938 0.1932
vn -0.1718 -0.1718 -0.9700
vn -0.7071 -0.7071 -0.0000
vn -0.1716 -0.1716 0.9701
vn -0.2606 -0.2858 0.9222
vn -0.3362 -0.2247 -0.9146
vn -0.8158 -0.5451 0.1933
vn -0.2017 -0.1348 -0.9701
vn -0.8315 -0.5556 -0.0000
vn -0.2019 -0.1349 0.9701
vn -0.8158 -0.5451 -0.1932
vn -0.3362 -0.2246 0.9146
vn -0.7694 -0.5141 -0.3790
vn -0.4720 -0.3154 0.8233
vn -0.6943 -0.4639 -0.5502
vn -0.5936 -0.3966 0.7002
vn -0.5936 -0.3966 -0.7002
vn -0.6943 -0.4639 0.5502
vn -0.4712 -0.3034 -0.8282
vn -0.7679 -0.5152 0.3806
vn -0.3735 -0.1547 0.9146
vn -0.5244 -0.2172 0.8233
vn -0.8550 -0.3541 -0.3790
vn -0.7715 -0.3196 -0.5502
vn -0.6596 -0.2732 0.7002
vn -0.6596 -0.2732 -0.7002
vn -0.7715 -0.3196 0.5502
vn -0.5244 -0.2172 -0.8233
vn -0.8550 -0.3541 0.3790
vn -0.3735 -0.1547 -0.9146
vn -0.9065 -0.3755 0.1932
vn -0.2243 -0.0929 -0.9701
vn -0.9239 -0.3827 -0.0000
vn -0.2243 -0.0929 0.9701
vn -0.9065 -0.3755 -0.1932
vn -0.9623 -0.1914 0.1932
vn -0.2382 -0.0474 -0.9701
vn -0.9808 -0.1951 -0.0000
vn -0.2383 -0.0474 0.9700
vn -0.9623 -0.1914 -0.1930
vn -0.3965 -0.0789 0.9146
vn -0.9076 -0.1805 -0.3790
vn -0.5567 -0.1107 0.8233
vn -0.8190 -0.1629 -0.5502
vn -0.7002 -0.1393 0.7002
vn -0.7003 -0.1393 -0.7002
vn -0.8190 -0.1629 0.5502
vn -0.5567 -0.1107 -0.8233
vn -0.9066 -0.1821 0.3806
vn -0.3853 -0.0584 -0.9209
vn -0.8351 -0.0000 -0.5502
vn -0.5677 -0.0000 0.8233
vn -0.7139 -0.0000 0.7002
vn -0.7140 -0.0000 -0.7002
vn -0.8351 -0.0000 0.5501
vn -0.5677 -0.0000 -0.8233
vn -0.9254 -0.0000 0.3790
vn -0.4043 -0.0000 -0.9146
vn -0.9812 -0.0000 0.1932
vn -0.2428 -0.0000 -0.9701
vn -1.0000 -0.0000 -0.0000
vn -0.2428 -0.0000 0.9701
vn -0.9812 -0.0000 -0.1932
vn -0.4043 -0.0000 0.9146
vn -0.9248 0.0017 -0.3805
vn -0.2382 0.0474 -0.9701
vn -0.9623 0.1914 0.1933
vn -0.9808 0.1951 -0.0000
vn -0.2379 0.0473 0.9701
vn -0.9623 0.1914 -0.1931
vn -0.3966 0.0789 0.9146
vn -0.9076 0.1805 -0.3790
vn -0.5567 0.1107 0.8233
vn -0.8190 0.1629 -0.5502
vn -0.7002 0.1393 0.7002
vn -0.7002 0.1393 -0.7002
vn -0.8190 0.1629 0.5501
vn -0.5567 0.1107 -0.8233
vn -0.9076 0.1805 0.3789
vn -0.3784 0.0934 -0.9209
vn -0.6596 0.2732 -0.7002
vn -0.6596 0.2732 0.7002
vn -0.7715 0.3196 0.5501
vn -0.5244 0.2172 -0.8233
vn -0.8550 0.3541 0.3790
vn -0.3735 0.1547 -0.9146
vn -0.9065 0.3755 0.1932
vn -0.2245 0.0930 -0.9700
vn -0.9239 0.3827 -0.0000
vn -0.2244 0.0930 0.9700
vn -0.9064 0.3754 -0.1934
vn -0.3735 0.1547 0.9146
vn -0.8550 0.3541 -0.3790
vn -0.5244 0.2172 0.8233
vn -0.7688 0.3218 -0.5526
vn -0.2019 0.1349 0.9701
vn -0.2019 0.1349 -0.9701
vn -0.8158 0.5451 -0.1932
vn -0.3362 0.2246 0.9146
vn -0.7695 0.5141 -0.3789
vn -0.4720 0.3154 0.8233
vn -0.6943 0.4639 -0.5502
vn -0.5936 0.3966 0.7002
vn -0.5936 0.3967 -0.7002
vn -0.6943 0.4639 0.5502
vn -0.4720 0.3154 -0.8233
vn -0.7695 0.5141 0.3789
vn -0.3361 0.2246 -0.9146
vn -0.8158 0.5451 0.1932
vn -0.8315 0.5556 -0.0000
vn -0.5049 0.5049 0.7002
vn -0.5905 0.5905 0.5501
vn -0.4014 0.4014 -0.8233
vn -0.6544 0.6544 0.3789
vn -0.2859 0.2859 -0.9146
vn -0.6938 0.6938 0.1932
vn -0.1716 0.1716 -0.9701
vn -0.7071 0.7071 -0.0000
vn -0.1717 0.1717 0.9701
vn -0.6938 0.6938 -0.1932
vn -0.2859 0.2859 0.9146
vn -0.6544 0.6544 -0.3790
vn -0.4014 0.4014 0.8233
vn -0.5905 0.5905 -0.5501
vn -0.4985 0.5062 -0.7038
vn -0.5451 0.8158 -0.1933
vn -0.2247 0.3362 0.9146
vn -0.5141 0.7694 -0.3790
vn -0.3153 0.4719 0.8233
vn -0.4639 0.6943 -0.5501
vn -0.3967 0.5937 0.7002
vn -0.3967 0.5936 -0.7002
vn -0.4639 0.6943 0.5502
vn -0.3153 0.4719 -0.8233
vn -0.5141 0.7695 0.3790
vn -0.2246 0.3362 -0.9146
vn -0.5451 0.8158 0.1933
vn -0.1349 0.2019 -0.9701
vn -0.5556 0.8315 -0.0000
vn -0.1447 0.1400 0.9795
vn -0.2172 0.5245 -0.8233
vn -0.3541 0.8550 0.3789
vn -0.1547 0.3735 -0.9146
vn -0.3755 0.9065 0.1931
vn -0.0929 0.2243 -0.9701
vn -0.3827 0.9239 -0.0000
vn -0.0930 0.2244 0.9700
vn -0.3755 0.9065 -0.1931
vn -0.1547 0.3734 0.9147
vn -0.3542 0.8550 -0.3789
vn -0.2172 0.5245 0.8233
vn -0.3196 0.7715 -0.5502
vn -0.2732 0.6596 0.7002
vn -0.2668 0.6584 -0.7038
vn -0.3217 0.7686 0.5529
vn -0.0789 0.3965 0.9146
vn -0.1805 0.9076 -0.3790
vn -0.1107 0.5567 0.8233
vn -0.1629 0.8190 -0.5501
vn -0.1393 0.7002 0.7002
vn -0.1393 0.7002 -0.7002
vn -0.1629 0.8190 0.5502
vn -0.1107 0.5567 -0.8233
vn -0.1805 0.9076 0.3789
vn -0.0789 0.3965 -0.9146
vn -0.1914 0.9623 0.1931
vn -0.0474 0.2383 -0.9700
vn -0.1951 0.9808 -0.0000
vn -0.0803 0.1846 0.9795
vn -0.1906 0.9623 -0.1939
vn -0.0000 0.2426 0.9701
vn 0.0474 0.2382 0.9701
vn -0.0034 0.4041 0.9147
vn 0.0789 0.3965 0.9146
vn 0.1805 0.9076 -0.3789
vn 0.1108 0.5568 0.8233
vn 0.1629 0.8190 -0.5502
vn 0.1393 0.7002 0.7002
vn -0.0000 0.7140 -0.7002
vn 0.1629 0.8190 0.5502
vn -0.0000 0.8351 0.5501
vn -0.0094 0.5591 -0.8290
vn 0.0017 0.9248 0.3805
vn 0.2172 0.5245 -0.8233
vn 0.3541 0.8550 0.3790
vn 0.3755 0.9064 0.1934
vn 0.0930 0.2244 0.9700
vn 0.3755 0.9064 -0.1933
vn 0.1547 0.3735 0.9146
vn 0.3196 0.7715 -0.5502
vn 0.2732 0.6596 0.7002
vn 0.2769 0.6542 -0.7038
vn 0.2247 0.3362 0.9146
vn 0.4639 0.6943 -0.5502
vn 0.3967 0.5936 -0.7002
vn 0.3153 0.4719 -0.8233
vn 0.1349 0.2019 -0.9701
vn 0.0740 0.1872 0.9795
vn 0.5905 0.5905 0.5501
vn 0.6544 0.6544 0.3789
vn 0.1718 0.1718 0.9700
vn 0.6938 0.6938 -0.1932
vn 0.6544 0.6544 -0.3790
vn 0.5936 0.3966 0.7002
vn 0.5936 0.3967 -0.7002
vn 0.3361 0.2246 -0.9146
vn 0.8158 0.5451 0.1932
vn 0.2019 0.1349 -0.9701
vn 0.2017 0.1348 0.9701
vn 0.8160 0.5445 -0.1939
vn 0.3113 0.2294 0.9222
vn 0.3736 0.1547 -0.9146
vn 0.2243 0.0929 -0.9701
vn 0.8550 0.3541 -0.3789
vn 0.7715 0.3196 -0.5502
vn 0.5214 0.2057 -0.8282
vn 0.8537 0.3554 0.3806
vn 0.7002 0.1393 0.7002
vn 0.9077 0.1805 0.3789
vn 0.2383 0.0474 -0.9700
vn 0.9623 0.1914 -0.1932
vn 0.3965 0.0789 0.9146
vn 0.9074 0.1787 -0.3805
vn 0.5465 0.1184 0.8290
vn 0.7139 -0.0000 -0.7002
vn 0.9810 0.0009 0.1939
vn 0.7003 -0.1393 -0.7001
vn 0.9077 -0.1805 0.3789
vn 0.2383 -0.0474 -0.9700
vn 0.9623 -0.1914 -0.1932
vn 0.9077 -0.1805 -0.3789
vn 0.8168 -0.1656 -0.5526
vn 0.2242 -0.0929 -0.9701
vn 0.8550 -0.3542 0.3789
vn 0.3736 -0.1547 -0.9146
vn 0.6944 -0.4640 -0.5501
vn 0.5936 -0.3967 -0.7002
vn 0.3361 -0.2246 -0.9147
vn 0.2020 -0.1350 -0.9700
vn 0.2019 -0.1349 0.9701
vn 0.7695 -0.5142 -0.3789
vn 0.4720 -0.3154 0.8233
vn 0.5932 -0.3899 0.7043
vn 0.1717 -0.1717 0.9701
vn 0.1716 -0.1716 -0.9701
vn 0.2859 -0.2859 0.9146
vn 0.5905 -0.5905 -0.5501
vn 0.5048 -0.5048 0.7002
vn 0.5049 -0.5048 -0.7002
vn 0.5905 -0.5905 0.5501
vn 0.6544 -0.6543 0.3790
vn 0.2859 -0.2859 -0.9146
vn 0.6938 -0.6938 0.1933
vn 0.3153 -0.4720 -0.8233
vn 0.2246 -0.3361 -0.9146
vn 0.5451 -0.8158 0.1931
vn 0.1350 -0.2020 -0.9700
vn 0.2247 -0.3362 0.9146
vn 0.3153 -0.4719 0.8233
vn 0.3989 -0.5872 0.7043
vn 0.3755 -0.9065 -0.1931
vn 0.1547 -0.3735 0.9146
vn 0.3196 -0.7715 -0.5502
vn 0.3196 -0.7715 0.5501
vn 0.3755 -0.9065 0.1932
vn 0.0928 -0.2242 -0.9701
vn 0.0474 -0.2383 -0.9700
vn 0.1914 -0.9623 -0.1931
vn 0.1805 -0.9077 -0.3789
vn 0.1629 -0.8190 -0.5502
vn 0.1393 -0.7002 0.7002
vn 0.1333 -0.6978 -0.7038
vn 0.1657 -0.8166 0.5529
vn -0.0000 -0.2426 0.9701
vn -0.0006 -0.9810 -0.1939
vn -0.0789 -0.3965 -0.9146
vn -0.1805 -0.9076 0.3790
vn -0.0473 -0.2382 -0.9701
vn -0.1914 -0.9623 -0.1931
vn -0.1107 -0.5567 0.8233
vn -0.1629 -0.8190 -0.5501
vn -0.1393 -0.7003 -0.7002
vn -0.3196 -0.7715 -0.5502
vn -0.3196 -0.7715 0.5502
vn -0.0929 -0.2243 0.9701
vn -0.3755 -0.9065 -0.1932
vn -0.1314 -0.3637 0.9222
vn -0.3554 -0.8538 -0.3805
vn -0.5141 -0.7695 0.3790
vn -0.5451 -0.8158 0.1932
vn -0.1349 -0.2019 0.9701
vn -0.2246 -0.3362 0.9146
vn -0.5142 -0.7695 -0.3789
vn -0.3967 -0.5937 0.7002
vn -0.3966 -0.5936 -0.7002
vn -0.4639 -0.6943 0.5502
vn -0.3154 -0.4720 -0.8233
vn -0.5048 -0.5048 0.7002
vn -0.5049 -0.5049 -0.7002
vn -0.2858 -0.2859 -0.9146
vn -0.1717 -0.1717 -0.9701
vn -0.2859 -0.2859 0.9146
vn -0.6551 -0.6527 -0.3805
vn -0.2019 -0.1349 -0.9701
vn -0.8158 -0.5451 0.1932
vn -0.2020 -0.1350 0.9700
vn -0.3361 -0.2246 0.9147
vn -0.6943 -0.4640 -0.5501
vn -0.5936 -0.3967 0.7002
vn -0.4720 -0.3154 -0.8233
vn -0.7695 -0.5141 0.3789
vn -0.3336 -0.2014 -0.9209
vn -0.7715 -0.3196 -0.5501
vn -0.3735 -0.1547 -0.9147
vn -0.2245 -0.0930 -0.9700
vn -0.3736 -0.1547 0.9146
vn -0.5129 -0.2227 0.8290
vn -0.2379 -0.0473 0.9701
vn -0.2380 -0.0473 -0.9701
vn -0.9623 -0.1914 -0.1932
vn -0.3966 -0.0789 0.9146
vn -0.9076 -0.1805 -0.3789
vn -0.8190 -0.1629 -0.5501
vn -0.7002 -0.1393 -0.7002
vn -0.9076 -0.1805 0.3789
vn -0.3966 -0.0789 -0.9146
vn -0.7140 -0.0000 0.7002
vn -0.2429 -0.0000 0.9700
vn -0.9811 -0.0000 -0.1933
vn -0.4042 -0.0000 0.9147
vn -0.9254 -0.0000 -0.3790
vn -0.5676 -0.0000 0.8233
vn -0.8334 0.0031 -0.5526
vn -0.9623 0.1914 -0.1932
vn -0.8190 0.1629 -0.5501
vn -0.7003 0.1393 -0.7002
vn -0.8190 0.1629 0.5502
vn -0.3965 0.0789 -0.9146
vn -0.9623 0.1914 0.1932
vn -0.2013 -0.0033 0.9795
vn -0.9065 0.3755 -0.1931
vn -0.7715 0.3196 -0.5502
vn -0.6542 0.2769 -0.7038
vn -0.7710 0.3160 0.5529
vn -0.7694 0.5141 -0.3790
vn -0.5936 0.3966 -0.7002
vn -0.7695 0.5142 0.3789
vn -0.8158 0.5451 0.1931
vn -0.1872 0.0740 0.9795
vn -0.8153 0.5457 -0.1939
vn -0.5905 0.5905 -0.5502
vn -0.5048 0.5048 0.7002
vn -0.5049 0.5049 -0.7002
vn -0.5914 0.5870 0.5529
vn -0.3896 0.4030 -0.8282
vn -0.3154 0.4720 0.8233
vn -0.4640 0.6943 -0.5501
vn -0.3966 0.5936 0.7002
vn -0.1350 0.2020 0.9700
vn -0.5444 0.8161 -0.1939
vn -0.2294 0.3114 0.9222
vn -0.1547 0.3734 -0.9147
vn -0.0930 0.2244 -0.9700
vn -0.0929 0.2243 0.9701
vn -0.3755 0.9064 -0.1933
vn -0.1547 0.3735 0.9146
vn -0.3541 0.8550 -0.3790
vn -0.2172 0.5244 0.8233
vn -0.2732 0.6596 -0.7002
vn -0.3196 0.7715 0.5502
vn -0.3554 0.8537 0.3806
vn -0.1107 0.5568 -0.8233
vn -0.1805 0.9076 0.3790
vn -0.1914 0.9623 0.1932
vn -0.0474 0.2381 -0.9701
vn -0.0474 0.2382 0.9701
vn -0.1914 0.9623 -0.1932
vn -0.1788 0.9073 -0.3805
vt 0.125300 0.729167
vt 0.125127 0.750000
vt 0.125000 0.729167
vt 0.375494 0.999700
vt 0.375209 1.000000
vt 0.375000 0.999700
vt 0.375494 0.020833
vt 0.375000 0.008805
vt 0.375494 0.000000
vt 0.624506 0.999700
vt 0.625000 0.999873
vt 0.624506 1.000000
vt 0.874700 0.729167
vt 0.875000 0.741195
vt 0.874700 0.750000
vt 0.624506 0.020833
vt 0.624791 0.000000
vt 0.625000 0.020833
vt 0.125300 0.520833
vt 0.125000 0.508805
vt 0.125300 0.500000
vt 0.375494 0.229167
vt 0.375104 0.250063
vt 0.375000 0.229167
vt 0.375494 0.250300
vt 0.375494 0.250000
vt 0.874700 0.520833
vt 0.874873 0.500000
vt 0.875000 0.520833
vt 0.624506 0.250300
vt 0.624896 0.245597
vt 0.625000 0.250300
vt 0.624506 0.229167
vt 0.624506 0.250000
vt 0.374700 0.729167
vt 0.375070 0.747107
vt 0.374850 0.750150
vt 0.375494 0.729167
vt 0.375000 0.729167
vt 0.375494 0.750300
vt 0.375494 0.750000
vt 0.625300 0.729167
vt 0.624973 0.747065
vt 0.625000 0.729167
vt 0.624506 0.750300
vt 0.625150 0.750150
vt 0.624506 0.729167
vt 0.624506 0.750000
vt 0.374700 0.520833
vt 0.375027 0.502935
vt 0.375000 0.520833
vt 0.375494 0.499700
vt 0.374850 0.499850
vt 0.375494 0.520833
vt 0.375494 0.500000
vt 0.625300 0.520833
vt 0.624930 0.502893
vt 0.625150 0.499850
vt 0.624506 0.520833
vt 0.625000 0.520833
vt 0.624506 0.499700
vt 0.624506 0.500000
vt 0.125000 0.520833
vt 0.375494 1.000000
vt 0.624506 0.000000
vt 0.875000 0.729167
vt 0.625000 0.229167
vt 0.375000 0.250300
vt 0.874700 0.500000
vt 0.125300 0.750000
vt 0.625000 0.999700
vt 0.125320 0.725309
vt 0.125135 0.750000
vt 0.125000 0.725309
vt 0.375580 0.999681
vt 0.375245 1.000000
vt 0.375000 0.999681
vt 0.375580 0.024691
vt 0.375000 0.010436
vt 0.375580 0.000000
vt 0.624420 0.999681
vt 0.625000 0.999865
vt 0.624420 1.000000
vt 0.874681 0.725309
vt 0.875000 0.739564
vt 0.874681 0.750000
vt 0.624420 0.024691
vt 0.624755 0.000000
vt 0.625000 0.024691
vt 0.125319 0.524691
vt 0.125000 0.510436
vt 0.125319 0.500000
vt 0.375580 0.225309
vt 0.375122 0.250067
vt 0.375000 0.225309
vt 0.375580 0.250319
vt 0.375580 0.250000
vt 0.874681 0.524691
vt 0.874865 0.500000
vt 0.875000 0.524691
vt 0.624420 0.250319
vt 0.624877 0.244782
vt 0.625000 0.250319
vt 0.624420 0.225309
vt 0.624420 0.250000
vt 0.374680 0.725309
vt 0.375082 0.746566
vt 0.374840 0.750160
vt 0.375580 0.725309
vt 0.375000 0.725309
vt 0.375580 0.750320
vt 0.375580 0.750000
vt 0.625319 0.725309
vt 0.624963 0.746521
vt 0.625000 0.725309
vt 0.624420 0.750319
vt 0.625160 0.750160
vt 0.624420 0.725309
vt 0.624420 0.750000
vt 0.374681 0.524691
vt 0.375037 0.503478
vt 0.375000 0.524691
vt 0.375580 0.499681
vt 0.374840 0.499840
vt 0.375580 0.524691
vt 0.375580 0.500000
vt 0.625319 0.524691
vt 0.624918 0.503434
vt 0.625160 0.499840
vt 0.624420 0.524691
vt 0.625000 0.524691
vt 0.624420 0.499680
vt 0.624420 0.500000
vt 0.125000 0.524691
vt 0.375580 1.000000
vt 0.624420 0.000000
vt 0.875000 0.725309
vt 0.625000 0.225309
vt 0.375000 0.250319
vt 0.874681 0.500000
vt 0.125319 0.750000
vt 0.625000 0.999681
vt 0.000000 0.000000
vt 1.000000 1.000000
vt 0.968750 0.500000
vt 1.000000 0.500000
vt 0.968750 1.000000
vt 0.937500 0.500000
vt 0.937500 1.000000
vt 0.906250 0.500000
vt 0.906250 1.000000
vt 0.875000 0.500000
vt 0.875000 1.000000
vt 0.843750 0.500000
vt 0.843750 1.000000
vt 0.812500 0.500000
vt 0.812500 1.000000
vt 0.781250 0.500000
vt 0.781250 1.000000
vt 0.750000 0.500000
vt 0.750000 1.000000
vt 0.718750 0.500000
vt 0.718750 1.000000
vt 0.687500 0.500000
vt 0.687500 1.000000
vt 0.656250 0.500000
vt 0.656250 1.000000
vt 0.625000 0.500000
vt 0.625000 1.000000
vt 0.593750 0.500000
vt 0.593750 1.000000
vt 0.562500 0.500000
vt 0.562500 1.000000
vt 0.531250 0.500000
vt 0.531250 1.000000
vt 0.500000 0.500000
vt 0.500000 1.000000
vt 0.468750 0.500000
vt 0.468750 1.000000
vt 0.437500 0.500000
vt 0.437500 1.000000
vt 0.406250 0.500000
vt 0.406250 1.000000
vt 0.375000 0.500000
vt 0.375000 1.000000
vt 0.343750 0.500000
vt 0.343750 1.000000
vt 0.312500 0.500000
vt 0.312500 1.000000
vt 0.281250 0.500000
vt 0.281250 1.000000
vt 0.250000 0.500000
vt 0.250000 1.000000
vt 0.218750 0.500000
vt 0.218750 1.000000
vt 0.187500 0.500000
vt 0.187500 1.000000
vt 0.156250 0.500000
vt 0.156250 1.000000
vt 0.125000 0.500000
vt 0.125000 1.000000
vt 0.093750 0.500000
vt 0.093750 1.000000
vt 0.062500 0.500000
vt 0.158156 0.028269
vt 0.471731 0.158156
vt 0.341844 0.471731
vt 0.062500 1.000000
vt 0.031250 0.500000
vt 0.031250 1.000000
vt 0.000000 0.500000
vt 0.796822 0.014612
vt 0.514612 0.203178
vt 0.703178 0.485388
vt 0.975000 0.500000
vt 0.975000 1.000000
vt 0.950000 0.500000
vt 0.950000 1.000000
vt 0.925000 0.500000
vt 0.925000 1.000000
vt 0.900000 0.500000
vt 0.900000 1.000000
vt 0.875000 0.500000
vt 0.875000 1.000000
vt 0.850000 0.500000
vt 0.850000 1.000000
vt 0.825000 0.500000
vt 0.825000 1.000000
vt 0.800000 0.500000
vt 0.800000 1.000000
vt 0.775000 0.500000
vt 0.775000 1.000000
vt 0.750000 0.500000
vt 0.750000 1.000000
vt 0.725000 0.500000
vt 0.725000 1.000000
vt 0.700000 0.500000
vt 0.700000 1.000000
vt 0.675000 0.500000
vt 0.675000 1.000000
vt 0.650000 0.500000
vt 0.650000 1.000000
vt 0.625000 0.500000
vt 0.625000 1.000000
vt 0.600000 0.500000
vt 0.600000 1.000000
vt 0.575000 0.500000
vt 0.575000 1.000000
vt 0.550000 0.500000
vt 0.550000 1.000000
vt 0.525000 0.500000
vt 0.525000 1.000000
vt 0.500000 0.500000
vt 0.500000 1.000000
vt 0.475000 0.500000
vt 0.475000 1.000000
vt 0.450000 0.500000
vt 0.450000 1.000000
vt 0.425000 0.500000
vt 0.425000 1.000000
vt 0.400000 0.500000
vt 0.400000 1.000000
vt 0.375000 0.500000
vt 0.375000 1.000000
vt 0.350000 0.500000
vt 0.350000 1.000000
vt 0.325000 0.500000
vt 0.325000 1.000000
vt 0.300000 0.500000
vt 0.300000 1.000000
vt 0.275000 0.500000
vt 0.275000 1.000000
vt 0.250000 0.500000
vt 0.250000 1.000000
vt 0.225000 0.500000
vt 0.225000 1.000000
vt 0.200000 0.500000
vt 0.200000 1.000000
vt 0.175000 0.500000
vt 0.175000 1.000000
vt 0.150000 0.500000
vt 0.150000 1.000000
vt 0.125000 0.500000
vt 0.125000 1.000000
vt 0.100000 0.500000
vt 0.100000 1.000000
vt 0.075000 0.500000
vt 0.075000 1.000000
vt 0.050000 0.500000
vt 0.055836 0.108932
vt 0.490000 0.250000
vt 0.324164 0.478254
vt 0.050000 1.000000
vt 0.025000 0.500000
vt 0.025000 1.000000
vt 0.000000 0.500000
vt 0.919706 0.080294
vt 0.512955 0.287544
vt 0.712456 0.487045
vt 0.750000 0.187500
vt 0.718750 0.250000
vt 0.718750 0.187500
vt 0.750000 0.687500
vt 0.718750 0.625000
vt 0.750000 0.625000
vt 0.750000 0.125000
vt 0.718750 0.125000
vt 0.750000 0.562500
vt 0.718750 0.562500
vt 0.718750 0.062500
vt 0.750000 0.062500
vt 0.750000 0.500000
vt 0.750000 0.937500
vt 0.734375 1.000000
vt 0.718750 0.937500
vt 0.734375 0.000000
vt 0.718750 0.437500
vt 0.750000 0.437500
vt 0.718750 0.875000
vt 0.750000 0.875000
vt 0.718750 0.375000
vt 0.750000 0.375000
vt 0.718750 0.812500
vt 0.750000 0.812500
vt 0.718750 0.312500
vt 0.750000 0.312500
vt 0.718750 0.750000
vt 0.750000 0.750000
vt 0.750000 0.250000
vt 0.718750 0.687500
vt 0.687500 0.250000
vt 0.687500 0.687500
vt 0.687500 0.187500
vt 0.687500 0.625000
vt 0.687500 0.125000
vt 0.687500 0.562500
vt 0.687500 0.062500
vt 0.703125 1.000000
vt 0.687500 0.937500
vt 0.703125 0.000000
vt 0.687500 0.437500
vt 0.687500 0.875000
vt 0.687500 0.375000
vt 0.687500 0.812500
vt 0.687500 0.312500
vt 0.687500 0.750000
vt 0.671875 1.000000
vt 0.656250 0.937500
vt 0.671875 0.000000
vt 0.656250 0.062500
vt 0.656250 0.437500
vt 0.656250 0.875000
vt 0.656250 0.375000
vt 0.656250 0.812500
vt 0.656250 0.312500
vt 0.656250 0.750000
vt 0.656250 0.250000
vt 0.656250 0.687500
vt 0.656250 0.187500
vt 0.656250 0.625000
vt 0.656250 0.125000
vt 0.656250 0.562500
vt 0.625000 0.750000
vt 0.625000 0.687500
vt 0.625000 0.250000
vt 0.625000 0.187500
vt 0.625000 0.625000
vt 0.625000 0.125000
vt 0.625000 0.562500
vt 0.625000 0.062500
vt 0.640625 1.000000
vt 0.625000 0.937500
vt 0.640625 0.000000
vt 0.625000 0.437500
vt 0.625000 0.875000
vt 0.625000 0.375000
vt 0.625000 0.812500
vt 0.625000 0.312500
vt 0.593750 0.437500
vt 0.593750 0.875000
vt 0.593750 0.375000
vt 0.593750 0.812500
vt 0.593750 0.312500
vt 0.593750 0.750000
vt 0.593750 0.250000
vt 0.593750 0.687500
vt 0.593750 0.187500
vt 0.593750 0.625000
vt 0.593750 0.125000
vt 0.593750 0.562500
vt 0.593750 0.062500
vt 0.609375 1.000000
vt 0.593750 0.937500
vt 0.609375 0.000000
vt 0.562500 0.250000
vt 0.562500 0.187500
vt 0.562500 0.687500
vt 0.562500 0.625000
vt 0.562500 0.125000
vt 0.562500 0.562500
vt 0.562500 0.062500
vt 0.578125 1.000000
vt 0.562500 0.937500
vt 0.578125 0.000000
vt 0.562500 0.437500
vt 0.562500 0.875000
vt 0.562500 0.375000
vt 0.562500 0.812500
vt 0.562500 0.312500
vt 0.562500 0.750000
vt 0.531250 0.375000
vt 0.531250 0.812500
vt 0.531250 0.312500
vt 0.531250 0.750000
vt 0.531250 0.250000
vt 0.531250 0.687500
vt 0.531250 0.187500
vt 0.531250 0.625000
vt 0.531250 0.125000
vt 0.531250 0.562500
vt 0.531250 0.062500
vt 0.546875 1.000000
vt 0.531250 0.937500
vt 0.546875 0.000000
vt 0.531250 0.437500
vt 0.531250 0.875000
vt 0.500000 0.187500
vt 0.500000 0.125000
vt 0.500000 0.625000
vt 0.500000 0.562500
vt 0.500000 0.062500
vt 0.515625 1.000000
vt 0.500000 0.937500
vt 0.515625 0.000000
vt 0.500000 0.437500
vt 0.500000 0.875000
vt 0.500000 0.375000
vt 0.500000 0.812500
vt 0.500000 0.312500
vt 0.500000 0.750000
vt 0.500000 0.250000
vt 0.500000 0.687500
vt 0.468750 0.875000
vt 0.468750 0.812500
vt 0.468750 0.312500
vt 0.468750 0.750000
vt 0.468750 0.250000
vt 0.468750 0.687500
vt 0.468750 0.187500
vt 0.468750 0.625000
vt 0.468750 0.125000
vt 0.468750 0.562500
vt 0.468750 0.062500
vt 0.484375 1.000000
vt 0.468750 0.937500
vt 0.484375 0.000000
vt 0.468750 0.437500
vt 0.468750 0.375000
vt 0.437500 0.562500
vt 0.437500 0.062500
vt 0.453125 1.000000
vt 0.437500 0.937500
vt 0.453125 0.000000
vt 0.437500 0.437500
vt 0.437500 0.875000
vt 0.437500 0.375000
vt 0.437500 0.812500
vt 0.437500 0.312500
vt 0.437500 0.750000
vt 0.437500 0.250000
vt 0.437500 0.687500
vt 0.437500 0.187500
vt 0.437500 0.625000
vt 0.437500 0.125000
vt 0.406250 0.312500
vt 0.406250 0.750000
vt 0.406250 0.250000
vt 0.406250 0.687500
vt 0.406250 0.187500
vt 0.406250 0.625000
vt 0.406250 0.125000
vt 0.406250 0.562500
vt 0.406250 0.062500
vt 0.421875 1.000000
vt 0.406250 0.937500
vt 0.421875 0.000000
vt 0.406250 0.437500
vt 0.406250 0.875000
vt 0.406250 0.375000
vt 0.406250 0.812500
vt 0.375000 0.062500
vt 0.375000 0.562500
vt 0.375000 0.500000
vt 0.390625 1.000000
vt 0.375000 0.937500
vt 0.390625 0.000000
vt 0.375000 0.437500
vt 0.375000 0.875000
vt 0.375000 0.375000
vt 0.375000 0.812500
vt 0.375000 0.312500
vt 0.375000 0.750000
vt 0.375000 0.250000
vt 0.375000 0.687500
vt 0.375000 0.187500
vt 0.375000 0.625000
vt 0.375000 0.125000
vt 0.343750 0.750000
vt 0.343750 0.312500
vt 0.343750 0.250000
vt 0.343750 0.687500
vt 0.343750 0.187500
vt 0.343750 0.625000
vt 0.343750 0.125000
vt 0.343750 0.562500
vt 0.343750 0.062500
vt 0.359375 1.000000
vt 0.343750 0.937500
vt 0.359375 0.000000
vt 0.343750 0.437500
vt 0.343750 0.875000
vt 0.343750 0.375000
vt 0.343750 0.812500
vt 0.328125 1.000000
vt 0.312500 0.937500
vt 0.328125 0.000000
vt 0.312500 0.062500
vt 0.312500 0.437500
vt 0.312500 0.875000
vt 0.312500 0.375000
vt 0.312500 0.812500
vt 0.312500 0.312500
vt 0.312500 0.750000
vt 0.312500 0.250000
vt 0.312500 0.687500
vt 0.312500 0.187500
vt 0.312500 0.625000
vt 0.312500 0.125000
vt 0.312500 0.562500
vt 0.281250 0.312500
vt 0.281250 0.250000
vt 0.281250 0.687500
vt 0.281250 0.187500
vt 0.281250 0.625000
vt 0.281250 0.125000
vt 0.281250 0.562500
vt 0.281250 0.062500
vt 0.296875 1.000000
vt 0.281250 0.937500
vt 0.296875 0.000000
vt 0.281250 0.437500
vt 0.281250 0.875000
vt 0.281250 0.375000
vt 0.281250 0.812500
vt 0.281250 0.750000
vt 0.265625 0.000000
vt 0.250000 0.062500
vt 0.250000 0.500000
vt 0.250000 0.437500
vt 0.250000 0.875000
vt 0.250000 0.375000
vt 0.250000 0.812500
vt 0.250000 0.312500
vt 0.250000 0.750000
vt 0.250000 0.250000
vt 0.250000 0.687500
vt 0.250000 0.187500
vt 0.250000 0.625000
vt 0.250000 0.125000
vt 0.250000 0.562500
vt 0.265625 1.000000
vt 0.250000 0.937500
vt 0.218750 0.187500
vt 0.218750 0.687500
vt 0.218750 0.625000
vt 0.218750 0.125000
vt 0.218750 0.562500
vt 0.218750 0.062500
vt 0.234375 1.000000
vt 0.218750 0.937500
vt 0.234375 0.000000
vt 0.218750 0.437500
vt 0.218750 0.875000
vt 0.218750 0.375000
vt 0.218750 0.812500
vt 0.218750 0.312500
vt 0.218750 0.750000
vt 0.218750 0.250000
vt 0.187500 0.875000
vt 0.187500 0.375000
vt 0.187500 0.812500
vt 0.187500 0.312500
vt 0.187500 0.750000
vt 0.187500 0.250000
vt 0.187500 0.687500
vt 0.187500 0.187500
vt 0.187500 0.625000
vt 0.187500 0.125000
vt 0.187500 0.562500
vt 0.187500 0.062500
vt 0.187500 0.500000
vt 0.203125 1.000000
vt 0.187500 0.937500
vt 0.203125 0.000000
vt 0.187500 0.437500
vt 0.156250 0.625000
vt 0.156250 0.125000
vt 0.156250 0.562500
vt 0.156250 0.062500
vt 0.156250 0.500000
vt 0.171875 1.000000
vt 0.156250 0.937500
vt 0.171875 0.000000
vt 0.156250 0.437500
vt 0.156250 0.875000
vt 0.156250 0.375000
vt 0.156250 0.812500
vt 0.156250 0.312500
vt 0.156250 0.750000
vt 0.156250 0.250000
vt 0.156250 0.687500
vt 0.156250 0.187500
vt 0.125000 0.437500
vt 0.125000 0.375000
vt 0.125000 0.812500
vt 0.125000 0.312500
vt 0.125000 0.750000
vt 0.125000 0.250000
vt 0.125000 0.687500
vt 0.125000 0.187500
vt 0.125000 0.625000
vt 0.125000 0.125000
vt 0.125000 0.562500
vt 0.125000 0.062500
vt 0.125000 0.500000
vt 0.140625 1.000000
vt 0.125000 0.937500
vt 0.140625 0.000000
vt 0.125000 0.875000
vt 0.093750 0.125000
vt 0.093750 0.562500
vt 0.093750 0.062500
vt 0.093750 0.500000
vt 0.109375 1.000000
vt 0.093750 0.937500
vt 0.109375 0.000000
vt 0.093750 0.437500
vt 0.093750 0.875000
vt 0.093750 0.375000
vt 0.093750 0.812500
vt 0.093750 0.312500
vt 0.093750 0.750000
vt 0.093750 0.250000
vt 0.093750 0.687500
vt 0.093750 0.187500
vt 0.093750 0.625000
vt 0.062500 0.875000
vt 0.062500 0.812500
vt 0.062500 0.375000
vt 0.062500 0.312500
vt 0.062500 0.750000
vt 0.062500 0.250000
vt 0.062500 0.687500
vt 0.062500 0.187500
vt 0.062500 0.625000
vt 0.062500 0.125000
vt 0.062500 0.562500
vt 0.062500 0.062500
vt 0.078125 1.000000
vt 0.062500 0.937500
vt 0.078125 0.000000
vt 0.062500 0.437500
vt 0.031250 0.562500
vt 0.031250 0.062500
vt 0.031250 0.500000
vt 0.046875 1.000000
vt 0.031250 0.937500
vt 0.046875 0.000000
vt 0.031250 0.437500
vt 0.031250 0.875000
vt 0.031250 0.375000
vt 0.031250 0.812500
vt 0.031250 0.312500
vt 0.031250 0.750000
vt 0.031250 0.250000
vt 0.031250 0.687500
vt 0.031250 0.187500
vt 0.031250 0.625000
vt 0.031250 0.125000
vt 0.000000 0.312500
vt 0.000000 0.812500
vt 0.000000 0.750000
vt 0.000000 0.250000
vt 0.000000 0.687500
vt 0.000000 0.187500
vt 0.000000 0.625000
vt 0.000000 0.125000
vt 0.000000 0.562500
vt 0.000000 0.062500
vt 0.015625 1.000000
vt 0.000000 0.937500
vt 0.015625 0.000000
vt 0.000000 0.437500
vt 0.000000 0.875000
vt 0.000000 0.375000
vt 1.000000 0.125000
vt 0.968750 0.062500
vt 1.000000 0.062500
vt 0.968750 0.562500
vt 0.968750 0.500000
vt 1.000000 0.937500
vt 0.984375 1.000000
vt 0.968750 0.937500
vt 0.984375 0.000000
vt 0.968750 0.437500
vt 1.000000 0.437500
vt 0.968750 0.875000
vt 1.000000 0.875000
vt 0.968750 0.375000
vt 1.000000 0.375000
vt 1.000000 0.812500
vt 0.968750 0.812500
vt 1.000000 0.312500
vt 0.968750 0.312500
vt 0.968750 0.750000
vt 1.000000 0.750000
vt 0.968750 0.250000
vt 1.000000 0.250000
vt 0.968750 0.687500
vt 1.000000 0.687500
vt 0.968750 0.187500
vt 1.000000 0.187500
vt 0.968750 0.625000
vt 1.000000 0.625000
vt 0.968750 0.125000
vt 1.000000 0.562500
vt 0.937500 0.250000
vt 0.937500 0.750000
vt 0.937500 0.687500
vt 0.937500 0.187500
vt 0.937500 0.625000
vt 0.937500 0.125000
vt 0.937500 0.562500
vt 0.937500 0.062500
vt 0.937500 0.500000
vt 0.953125 1.000000
vt 0.937500 0.937500
vt 0.953125 0.000000
vt 0.937500 0.437500
vt 0.937500 0.875000
vt 0.937500 0.375000
vt 0.937500 0.812500
vt 0.937500 0.312500
vt 0.921875 1.000000
vt 0.906250 0.937500
vt 0.921875 0.000000
vt 0.906250 0.062500
vt 0.906250 0.437500
vt 0.906250 0.875000
vt 0.906250 0.375000
vt 0.906250 0.812500
vt 0.906250 0.312500
vt 0.906250 0.750000
vt 0.906250 0.250000
vt 0.906250 0.687500
vt 0.906250 0.187500
vt 0.906250 0.625000
vt 0.906250 0.125000
vt 0.906250 0.562500
vt 0.906250 0.500000
vt 0.875000 0.750000
vt 0.875000 0.687500
vt 0.875000 0.187500
vt 0.875000 0.625000
vt 0.875000 0.125000
vt 0.875000 0.562500
vt 0.875000 0.062500
vt 0.875000 0.500000
vt 0.890625 1.000000
vt 0.875000 0.937500
vt 0.890625 0.000000
vt 0.875000 0.437500
vt 0.875000 0.875000
vt 0.875000 0.375000
vt 0.875000 0.812500
vt 0.875000 0.312500
vt 0.875000 0.250000
vt 0.843750 0.437500
vt 0.843750 0.875000
vt 0.843750 0.375000
vt 0.843750 0.812500
vt 0.843750 0.312500
vt 0.843750 0.750000
vt 0.843750 0.250000
vt 0.843750 0.687500
vt 0.843750 0.187500
vt 0.843750 0.625000
vt 0.843750 0.125000
vt 0.843750 0.562500
vt 0.843750 0.062500
vt 0.843750 0.500000
vt 0.859375 1.000000
vt 0.843750 0.937500
vt 0.859375 0.000000
vt 0.812500 0.187500
vt 0.812500 0.625000
vt 0.812500 0.125000
vt 0.812500 0.562500
vt 0.812500 0.062500
vt 0.812500 0.500000
vt 0.828125 1.000000
vt 0.812500 0.937500
vt 0.828125 0.000000
vt 0.812500 0.437500
vt 0.812500 0.875000
vt 0.812500 0.375000
vt 0.812500 0.812500
vt 0.812500 0.312500
vt 0.812500 0.750000
vt 0.812500 0.250000
vt 0.812500 0.687500
vt 0.781250 0.875000
vt 0.781250 0.375000
vt 0.781250 0.812500
vt 0.781250 0.312500
vt 0.781250 0.750000
vt 0.781250 0.250000
vt 0.781250 0.687500
vt 0.781250 0.187500
vt 0.781250 0.625000
vt 0.781250 0.125000
vt 0.781250 0.562500
vt 0.781250 0.062500
vt 0.781250 0.500000
vt 0.796875 1.000000
vt 0.781250 0.937500
vt 0.796875 0.000000
vt 0.781250 0.437500
vt 0.765625 1.000000
vt 0.765625 0.000000
vt 0.375000 0.020833
vt 0.375000 0.024691
vt 0.296822 0.485388
vt 0.250000 0.490000
vt 0.203178 0.485388
vt 0.158156 0.471731
vt 0.116663 0.449553
vt 0.080294 0.419706
vt 0.050447 0.383337
vt 0.028269 0.341844
vt 0.014612 0.296822
vt 0.010000 0.250000
vt 0.014612 0.203178
vt 0.028269 0.158156
vt 0.050447 0.116663
vt 0.080294 0.080294
vt 0.116663 0.050447
vt 0.203178 0.014612
vt 0.250000 0.010000
vt 0.296822 0.014612
vt 0.341844 0.028269
vt 0.383337 0.050447
vt 0.419706 0.080294
vt 0.449553 0.116663
vt 0.485388 0.203178
vt 0.485388 0.296822
vt 0.471731 0.341844
vt 0.449553 0.383337
vt 0.419706 0.419706
vt 0.383337 0.449553
vt 0.000000 1.000000
vt 0.750000 0.490000
vt 0.796822 0.485388
vt 0.841844 0.471731
vt 0.883337 0.449553
vt 0.919706 0.419706
vt 0.949553 0.383337
vt 0.971731 0.341844
vt 0.985388 0.296822
vt 0.990000 0.250000
vt 0.985388 0.203178
vt 0.971731 0.158156
vt 0.949553 0.116663
vt 0.919706 0.080294
vt 0.883337 0.050447
vt 0.841844 0.028269
vt 0.750000 0.010000
vt 0.703178 0.014612
vt 0.658156 0.028269
vt 0.616663 0.050447
vt 0.580294 0.080294
vt 0.550447 0.116663
vt 0.528269 0.158156
vt 0.510000 0.250000
vt 0.514612 0.296822
vt 0.528269 0.341844
vt 0.550447 0.383337
vt 0.580294 0.419706
vt 0.616663 0.449553
vt 0.658156 0.471731
vt 0.287544 0.487045
vt 0.212456 0.487045
vt 0.175836 0.478254
vt 0.141042 0.463842
vt 0.108932 0.444164
vt 0.080294 0.419706
vt 0.055836 0.391068
vt 0.036158 0.358958
vt 0.021746 0.324164
vt 0.012955 0.287544
vt 0.010000 0.250000
vt 0.012955 0.212456
vt 0.021746 0.175836
vt 0.036158 0.141042
vt 0.080294 0.080294
vt 0.108932 0.055836
vt 0.141042 0.036158
vt 0.175836 0.021746
vt 0.212456 0.012955
vt 0.250000 0.010000
vt 0.287544 0.012955
vt 0.324164 0.021746
vt 0.358958 0.036158
vt 0.391068 0.055836
vt 0.419706 0.080294
vt 0.444164 0.108932
vt 0.463842 0.141042
vt 0.478254 0.175836
vt 0.487045 0.212456
vt 0.487045 0.287544
vt 0.478254 0.324164
vt 0.463842 0.358958
vt 0.444164 0.391068
vt 0.391068 0.444164
vt 0.358958 0.463842
vt 0.000000 1.000000
vt 0.787544 0.487045
vt 0.824164 0.478254
vt 0.858958 0.463842
vt 0.891068 0.444164
vt 0.944164 0.391068
vt 0.963842 0.358958
vt 0.978254 0.324164
vt 0.987045 0.287544
vt 0.987045 0.212456
vt 0.978254 0.175836
vt 0.963842 0.141042
vt 0.944164 0.108932
vt 0.891068 0.055836
vt 0.858958 0.036158
vt 0.824164 0.021746
vt 0.787544 0.012955
vt 0.750000 0.010000
vt 0.712456 0.012955
vt 0.675836 0.021746
vt 0.641042 0.036158
vt 0.608932 0.055836
vt 0.580294 0.080294
vt 0.555836 0.108932
vt 0.536158 0.141042
vt 0.521746 0.175836
vt 0.512955 0.212456
vt 0.521746 0.324164
vt 0.536158 0.358958
vt 0.555836 0.391068
vt 0.608932 0.444164
vt 0.641042 0.463842
vt 0.675836 0.478254
s 1
usemtl door_enamel
f 1/1/1 5/2/2 7/3/3
f 2/4/4 5/5/2 4/6/5
f 3/7/6 5/8/2 6/9/7
f 8/10/8 12/11/9 14/12/10
f 9/13/11 12/14/9 11/15/12
f 10/16/13 12/17/9 13/18/14
f 15/19/15 19/20/16 21/21/17
f 16/22/18 19/23/16 18/24/19
f 17/25/20 19/23/16 20/26/21
f 22/27/22 26/28/23 28/29/24
f 23/30/25 26/31/23 25/32/26
f 24/33/27 26/31/23 27/34/28
f 29/35/29 33/36/30 35/37/31
f 30/38/32 33/36/30 32/39/33
f 31/40/34 33/36/30 34/41/35
f 36/42/36 40/43/37 42/44/38
f 37/45/39 40/43/37 39/46/40
f 38/47/41 40/43/37 41/48/42
f 43/49/43 47/50/44 49/51/45
f 44/52/46 47/50/44 46/53/47
f 45/54/48 47/50/44 48/55/49
f 50/56/50 54/57/51 56/58/52
f 51/59/53 54/57/51 53/60/54
f 52/61/55 54/57/51 55/62/56
f 1/1/1 18/63/19 15/19/15
f 18/24/19 3/7/6 16/22/18
f 8/10/8 6/64/7 2/4/4
f 14/65/10 3/7/6 6/9/7
f 22/27/22 13/66/14 9/13/11
f 28/67/24 10/16/13 13/18/14
f 17/25/20 27/34/28 23/30/25
f 20/26/21 24/33/27 27/34/28
f 15/19/15 46/53/47 43/49/43
f 21/68/17 44/52/46 46/53/47
f 50/56/50 25/69/26 22/27/22
f 56/58/52 23/30/25 25/32/26
f 45/54/48 55/62/56 51/59/53
f 48/55/49 52/61/55 55/62/56
f 29/35/29 49/51/45 32/39/33
f 49/51/45 30/38/32 32/39/33
f 36/42/36 53/60/54 50/56/50
f 53/60/54 38/47/41 51/59/53
f 31/40/34 41/48/42 37/45/39
f 34/41/35 38/47/41 41/48/42
f 29/35/29 4/70/5 1/1/1
f 35/37/31 2/4/4 4/6/5
f 9/13/11 39/46/40 36/42/36
f 11/71/12 37/45/39 39/46/40
f 43/49/43 1/1/1 15/19/15
f 10/16/13 16/22/18 3/7/6
f 37/45/39 2/4/4 31/40/34
f 22/27/22 36/42/36 50/56/50
f 23/30/25 44/52/46 17/25/20
f 51/59/53 30/38/32 45/54/48
f 114/143/112 116/143/113 113/143/114
f 119/143/115 117/143/116 120/143/117
f 117/143/116 114/143/112 113/143/114
f 118/143/118 115/143/119 114/143/112
f 119/143/115 116/143/113 115/143/119
f 116/143/113 117/143/116 113/143/114
f 121/143/120 123/143/121 124/143/122
f 127/143/123 125/143/124 128/143/125
f 125/143/124 122/143/126 121/143/120
f 126/143/127 123/143/121 122/143/126
f 127/143/123 124/143/122 123/143/121
f 124/143/122 125/143/124 121/143/120
f 130/143/128 132/143/129 129/143/130
f 135/143/131 133/143/132 136/143/133
f 133/143/132 130/143/128 129/143/130
f 134/143/134 131/143/135 130/143/128
f 135/143/131 132/143/129 131/143/135
f 132/143/129 133/143/132 129/143/130
f 138/143/136 140/143/137 137/143/138
f 144/143/139 142/143/140 141/143/141
f 141/143/141 138/143/136 137/143/138
f 142/143/140 139/143/142 138/143/136
f 143/143/143 140/143/137 139/143/142
f 140/143/137 141/143/141 137/143/138
f 146/144/144 147/145/145 145/146/146
f 148/147/147 149/148/148 147/145/145
f 150/149/149 151/150/150 149/148/148
f 152/151/151 153/152/152 151/150/150
f 154/153/153 155/154/154 153/152/152
f 156/155/155 157/156/156 155/154/154
f 158/157/157 159/158/158 157/156/156
f 160/159/159 161/160/160 159/158/158
f 162/161/161 163/162/162 161/160/160
f 164/163/163 165/164/164 163/162/162
f 166/165/165 167/166/166 165/164/164
f 168/167/167 169/168/168 167/166/166
f 170/169/169 171/170/170 169/168/168
f 172/171/171 173/172/172 171/170/170
f 174/173/173 175/174/174 173/172/172
f 176/175/175 177/176/176 175/174/174
f 178/177/177 179/178/178 177/176/176
f 180/179/179 181/180/180 179/178/178
f 182/181/181 183/182/182 181/180/180
f 184/183/183 185/184/184 183/182/182
f 186/185/185 187/186/186 185/184/184
f 188/187/187 189/188/188 187/186/186
f 190/189/189 191/190/190 189/188/188
f 192/191/191 193/192/192 191/190/190
f 194/193/193 195/194/194 193/192/192
f 196/195/195 197/196/196 195/194/194
f 198/197/197 199/198/198 197/196/196
f 200/199/199 201/200/200 199/198/198
f 202/201/201 203/202/202 201/200/200
f 204/203/203 205/204/204 203/202/202
f 182/205/181 166/206/165 150/207/149
f 206/208/205 207/209/206 205/204/204
f 208/210/207 145/211/146 207/209/206
f 175/212/174 191/213/190 207/214/206
f 210/144/144 211/145/145 209/146/146
f 212/147/147 213/148/148 211/145/145
f 214/149/208 215/150/150 213/148/148
f 216/151/151 217/152/152 215/150/150
f 218/153/209 219/154/154 217/152/152
f 220/155/155 221/156/156 219/154/154
f 222/157/210 223/158/158 221/156/156
f 224/159/159 225/160/160 223/158/158
f 226/161/161 227/162/162 225/160/160
f 228/163/163 229/164/164 227/162/162
f 230/165/165 231/166/166 229/164/164
f 232/167/167 233/168/168 231/166/166
f 234/169/169 235/170/170 233/168/168
f 236/171/211 237/172/172 235/170/170
f 238/173/212 239/174/174 237/172/172
f 240/175/213 241/176/214 239/174/174
f 242/177/215 243/178/178 241/176/214
f 244/179/216 245/180/180 243/178/178
f 246/181/217 247/182/182 245/180/180
f 248/183/218 249/184/184 247/182/182
f 250/185/185 251/186/186 249/184/184
f 252/187/187 253/188/188 251/186/186
f 254/189/189 255/190/190 253/188/188
f 256/191/191 257/192/192 255/190/190
f 258/193/193 259/194/194 257/192/192
f 260/195/195 261/196/196 259/194/194
f 262/197/219 263/198/198 261/196/196
f 264/199/199 265/200/200 263/198/198
f 266/201/201 267/202/202 265/200/200
f 268/203/203 269/204/204 267/202/202
f 246/205/217 230/206/165 214/207/208
f 270/208/205 271/209/206 269/204/204
f 272/210/207 209/211/146 271/209/206
f 239/212/174 255/213/190 271/214/206
f 274/144/220 275/215/221 273/146/222
f 276/216/223 277/217/224 275/215/221
f 278/218/225 279/219/226 277/217/224
f 280/220/227 281/221/228 279/219/226
f 282/222/229 283/223/230 281/221/228
f 284/224/231 285/225/232 283/223/230
f 286/226/233 287/227/234 285/225/232
f 288/228/235 289/229/236 287/227/234
f 290/230/237 291/231/238 289/229/236
f 292/232/239 293/233/240 291/231/238
f 294/234/241 295/235/242 293/233/240
f 296/236/243 297/237/244 295/235/242
f 298/238/245 299/239/246 297/237/244
f 300/240/247 301/241/248 299/239/246
f 302/242/249 303/243/250 301/241/248
f 304/244/251 305/245/252 303/243/250
f 306/246/253 307/247/254 305/245/252
f 308/248/255 309/249/256 307/247/254
f 310/250/257 311/251/258 309/249/256
f 312/252/259 313/253/260 311/251/258
f 314/254/261 315/255/262 313/253/260
f 316/256/263 317/257/264 315/255/262
f 318/258/265 319/259/266 317/257/264
f 320/260/267 321/261/268 319/259/266
f 322/262/269 323/263/270 321/261/268
f 324/264/271 325/265/272 323/263/270
f 326/266/273 327/267/274 325/265/272
f 328/268/275 329/269/276 327/267/274
f 330/270/277 331/271/278 329/269/276
f 332/272/279 333/273/280 331/271/278
f 334/274/281 335/275/282 333/273/280
f 336/276/283 337/277/284 335/275/282
f 338/278/285 339/279/286 337/277/284
f 340/280/287 341/281/288 339/279/286
f 342/282/289 343/283/290 341/281/288
f 344/284/291 345/285/292 343/283/290
f 346/286/293 347/287/294 345/285/292
f 348/288/295 349/289/296 347/287/294
f 326/290/273 294/291/241 278/292/225
f 350/293/297 351/294/298 349/289/296
f 352/295/299 273/296/222 351/294/298
f 303/297/250 335/298/282 351/299/298
f 832/300/300 369/301/301 370/302/302
f 354/303/303 363/304/304 828/305/305
f 833/306/306 370/302/302 371/307/307
f 355/308/308 363/304/304 364/309/309
f 833/306/306 372/310/310 834/311/311
f 829/312/312 364/309/309 365/162/313
f 825/313/314 659/314/315 358/315/316
f 598/316/317 834/311/311 372/310/310
f 829/312/312 366/317/318 830/318/319
f 825/313/314 359/319/320 826/320/321
f 830/318/319 367/321/322 356/322/323
f 826/320/321 360/323/324 827/324/325
f 356/322/323 368/325/326 831/326/327
f 827/324/325 361/327/328 353/328/329
f 357/329/330 368/325/326 369/301/301
f 353/328/329 362/330/331 354/303/303
f 368/325/326 384/331/332 369/301/301
f 361/327/328 377/332/333 362/330/331
f 369/301/301 385/333/334 370/302/302
f 363/304/304 377/332/333 378/334/335
f 370/302/302 386/335/336 371/307/307
f 364/309/309 378/334/335 379/336/337
f 371/307/307 387/337/338 372/310/310
f 365/162/313 379/336/337 380/164/339
f 358/315/316 659/338/315 373/339/340
f 598/340/317 372/310/310 387/337/338
f 365/162/313 381/341/341 366/317/318
f 358/315/316 374/342/342 359/319/320
f 366/317/318 382/343/343 367/321/322
f 359/319/320 375/344/344 360/323/324
f 367/321/322 383/345/345 368/325/326
f 361/327/328 375/344/344 376/346/346
f 373/339/340 659/347/315 388/348/347
f 598/349/317 387/337/338 402/350/348
f 381/341/341 395/166/349 396/351/350
f 374/342/342 388/348/347 389/352/351
f 382/343/343 396/351/350 397/353/352
f 374/342/342 390/354/353 375/344/344
f 383/345/345 397/353/352 398/355/354
f 375/344/344 391/356/355 376/346/346
f 384/331/332 398/355/354 399/357/356
f 376/346/346 392/358/357 377/332/333
f 385/333/334 399/357/356 400/359/358
f 378/334/335 392/358/357 393/360/359
f 385/333/334 401/361/360 386/335/336
f 379/336/337 393/360/359 394/362/361
f 386/335/336 402/350/348 387/337/338
f 379/336/337 395/166/349 380/164/339
f 392/358/357 406/363/362 407/364/363
f 400/359/358 414/365/364 415/366/365
f 392/358/357 408/367/366 393/360/359
f 401/361/360 415/366/365 416/368/367
f 394/362/361 408/367/366 409/369/368
f 402/350/348 416/368/367 417/370/369
f 394/362/361 410/168/370 395/166/349
f 388/348/347 659/371/315 403/372/371
f 598/373/317 402/350/348 417/370/369
f 396/351/350 410/168/370 411/374/372
f 388/348/347 404/375/373 389/352/351
f 396/351/350 412/376/374 397/353/352
f 389/352/351 405/377/375 390/354/353
f 398/355/354 412/376/374 413/378/376
f 390/354/353 406/363/362 391/356/355
f 398/355/354 414/365/364 399/357/356
f 411/374/372 425/170/377 426/379/378
f 403/372/371 419/380/379 404/375/373
f 411/374/372 427/381/380 412/376/374
f 404/375/373 420/382/381 405/377/375
f 412/376/374 428/383/382 413/378/376
f 406/363/362 420/382/381 421/384/383
f 414/365/364 428/383/382 429/385/384
f 406/363/362 422/386/385 407/364/363
f 414/365/364 430/387/386 415/366/365
f 408/367/366 422/386/385 423/388/387
f 415/366/365 431/389/388 416/368/367
f 409/369/368 423/388/387 424/390/389
f 417/370/369 431/389/388 432/391/390
f 409/369/368 425/170/377 410/168/370
f 403/372/371 659/392/315 418/393/391
f 598/394/317 417/370/369 432/391/390
f 430/387/386 444/395/392 445/396/393
f 423/388/387 437/397/394 438/398/395
f 430/387/386 446/399/396 431/389/388
f 424/390/389 438/398/395 439/400/397
f 431/389/388 447/401/398 432/391/390
f 425/170/377 439/400/397 440/172/399
f 418/393/391 659/402/315 433/403/400
f 598/404/317 432/391/390 447/401/398
f 425/170/377 441/405/401 426/379/378
f 419/380/379 433/403/400 434/406/402
f 426/379/378 442/407/403 427/381/380
f 420/382/381 434/406/402 435/408/404
f 427/381/380 443/409/405 428/383/382
f 421/384/383 435/408/404 436/410/406
f 428/383/382 444/395/392 429/385/384
f 421/384/383 437/397/394 422/386/385
f 441/405/401 457/411/407 442/407/403
f 434/406/402 450/412/408 435/408/404
f 442/407/403 458/413/409 443/409/405
f 435/408/404 451/414/410 436/410/406
f 444/395/392 458/413/409 459/415/411
f 436/410/406 452/416/412 437/397/394
f 445/396/393 459/415/411 460/417/413
f 437/397/394 453/418/414 438/398/395
f 446/399/396 460/417/413 461/419/415
f 439/400/397 453/418/414 454/420/416
f 447/401/398 461/419/415 462/421/417
f 439/400/397 455/174/418 440/172/399
f 433/403/400 659/422/315 448/423/419
f 598/424/317 447/401/398 462/421/417
f 440/172/399 456/425/420 441/405/401
f 434/406/402 448/423/419 449/426/421
f 461/419/415 475/427/422 476/428/423
f 454/420/416 468/429/424 469/430/425
f 462/421/417 476/428/423 477/431/426
f 455/174/418 469/430/425 470/176/427
f 448/423/419 659/432/315 463/433/428
f 598/434/317 462/421/417 477/431/426
f 455/174/418 471/435/429 456/425/420
f 448/423/419 464/436/430 449/426/421
f 456/425/420 472/437/431 457/411/407
f 449/426/421 465/438/432 450/412/408
f 458/413/409 472/437/431 473/439/433
f 451/414/410 465/438/432 466/440/434
f 458/413/409 474/441/435 459/415/411
f 451/414/410 467/442/436 452/416/412
f 459/415/411 475/427/422 460/417/413
f 452/416/412 468/429/424 453/418/414
f 465/438/432 479/443/437 480/444/438
f 472/437/431 488/445/439 473/439/433
f 466/440/434 480/444/438 481/446/440
f 474/441/435 488/445/439 489/447/441
f 466/440/434 482/448/442 467/442/436
f 474/441/435 490/449/443 475/427/422
f 468/429/424 482/448/442 483/450/444
f 475/427/422 491/451/445 476/428/423
f 468/429/424 484/452/446 469/430/425
f 476/428/423 492/453/447 477/431/426
f 469/430/425 485/178/448 470/176/427
f 463/433/428 659/454/315 478/455/449
f 598/456/317 477/431/426 492/453/447
f 470/176/427 486/457/450 471/435/429
f 463/433/428 479/443/437 464/436/430
f 471/435/429 487/458/451 472/437/431
f 483/450/444 499/459/452 484/452/446
f 491/451/445 507/460/453 492/453/447
f 484/452/446 500/180/454 485/178/448
f 478/455/449 659/461/315 493/462/455
f 598/463/317 492/453/447 507/460/453
f 486/457/450 500/180/454 501/464/456
f 478/455/449 494/465/457 479/443/437
f 487/458/451 501/464/456 502/466/458
f 480/444/438 494/465/457 495/467/459
f 487/458/451 503/468/460 488/445/439
f 481/446/440 495/467/459 496/469/461
f 488/445/439 504/470/462 489/447/441
f 481/446/440 497/471/463 482/448/442
f 489/447/441 505/472/464 490/449/443
f 482/448/442 498/473/465 483/450/444
f 490/449/443 506/474/466 491/451/445
f 502/466/458 518/475/467 503/468/460
f 495/467/459 511/476/468 496/469/461
f 504/470/462 518/475/467 519/477/469
f 496/469/461 512/478/470 497/471/463
f 504/470/462 520/479/471 505/472/464
f 497/471/463 513/480/472 498/473/465
f 505/472/464 521/481/473 506/474/466
f 499/459/452 513/480/472 514/482/474
f 506/474/466 522/483/475 507/460/453
f 500/180/454 514/482/474 515/182/476
f 493/462/455 659/484/315 508/485/477
f 598/486/317 507/460/453 522/483/475
f 500/180/454 516/487/478 501/464/456
f 493/462/455 509/488/479 494/465/457
f 501/464/456 517/489/480 502/466/458
f 494/465/457 510/490/481 495/467/459
f 521/481/473 537/491/482 522/483/475
f 515/182/476 529/492/483 530/493/484
f 508/485/477 659/494/315 523/495/485
f 598/496/317 522/483/475 537/491/482
f 516/487/478 530/493/484 531/497/486
f 509/488/479 523/495/485 524/498/487
f 516/487/478 532/499/488 517/489/480
f 509/488/479 525/500/489 510/490/481
f 517/489/480 533/501/490 518/475/467
f 511/476/468 525/500/489 526/502/491
f 518/475/467 534/503/492 519/477/469
f 512/478/470 526/502/491 527/504/493
f 519/477/469 535/505/494 520/479/471
f 512/478/470 528/506/495 513/480/472
f 521/481/473 535/505/494 536/507/496
f 514/482/474 528/506/495 529/492/483
f 525/500/489 541/508/497 526/502/491
f 534/503/492 548/509/498 549/510/499
f 526/502/491 542/511/500 527/504/493
f 535/505/494 549/510/499 550/512/501
f 527/504/493 543/513/502 528/506/495
f 535/505/494 551/514/503 536/507/496
f 529/492/483 543/513/502 544/515/504
f 537/491/482 551/514/503 552/516/505
f 530/493/484 544/515/504 545/186/506
f 523/495/485 659/517/315 538/518/507
f 598/519/317 537/491/482 552/516/505
f 530/493/484 546/520/508 531/497/486
f 523/495/485 539/521/509 524/498/487
f 531/497/486 547/522/510 532/499/488
f 524/498/487 540/523/511 525/500/489
f 533/501/490 547/522/510 548/509/498
f 544/515/504 560/188/512 545/186/506
f 538/518/507 659/524/315 553/525/513
f 598/526/317 552/516/505 567/527/514
f 545/186/506 561/528/515 546/520/508
f 539/521/509 553/525/513 554/529/516
f 546/520/508 562/530/517 547/522/510
f 540/523/511 554/529/516 555/531/518
f 548/509/498 562/530/517 563/532/519
f 541/508/497 555/531/518 556/533/520
f 549/510/499 563/532/519 564/534/521
f 542/511/500 556/533/520 557/535/522
f 549/510/499 565/536/523 550/512/501
f 542/511/500 558/537/524 543/513/502
f 551/514/503 565/536/523 566/538/525
f 543/513/502 559/539/526 544/515/504
f 551/514/503 567/527/514 552/516/505
f 564/534/521 578/540/527 579/541/528
f 556/533/520 572/542/529 557/535/522
f 564/534/521 580/543/530 565/536/523
f 557/535/522 573/544/531 558/537/524
f 565/536/523 581/545/532 566/538/525
f 559/539/526 573/544/531 574/546/533
f 566/538/525 582/547/534 567/527/514
f 559/539/526 575/190/535 560/188/512
f 553/525/513 659/548/315 568/549/536
f 598/550/317 567/527/514 582/547/534
f 561/528/515 575/190/535 576/551/537
f 554/529/516 568/549/536 569/552/538
f 561/528/515 577/553/539 562/530/517
f 554/529/516 570/554/540 555/531/518
f 563/532/519 577/553/539 578/540/527
f 555/531/518 571/555/541 556/533/520
f 598/556/317 582/547/534 597/557/542
f 576/551/537 590/558/543 591/559/544
f 568/549/536 584/560/545 569/552/538
f 576/551/537 592/561/546 577/553/539
f 570/554/540 584/560/545 585/562/547
f 577/553/539 593/563/548 578/540/527
f 571/555/541 585/562/547 586/564/549
f 578/540/527 594/565/550 579/541/528
f 571/555/541 587/566/551 572/542/529
f 579/541/528 595/567/552 580/543/530
f 572/542/529 588/568/553 573/544/531
f 580/543/530 596/569/554 581/545/532
f 574/546/533 588/568/553 589/570/555
f 581/545/532 597/557/542 582/547/534
f 574/546/533 590/558/543 575/190/535
f 568/549/536 659/571/315 583/572/556
f 594/565/550 611/573/557 595/567/552
f 588/568/553 603/574/558 604/575/559
f 596/569/554 611/573/557 612/576/560
f 588/568/553 605/577/561 589/570/555
f 596/569/554 613/578/562 597/557/542
f 589/570/555 606/194/563 590/558/543
f 583/572/556 659/579/315 599/580/564
f 598/581/317 597/557/542 613/578/562
f 591/559/544 606/194/563 607/582/565
f 584/560/545 599/580/564 600/583/566
f 591/559/544 608/584/567 592/561/546
f 584/560/545 601/585/568 585/562/547
f 592/561/546 609/586/569 593/563/548
f 585/562/547 602/587/570 586/564/549
f 594/565/550 609/586/569 610/588/571
f 586/564/549 603/574/558 587/566/551
f 599/580/564 615/589/572 600/583/566
f 607/582/565 623/590/573 608/584/567
f 600/583/566 616/591/574 601/585/568
f 609/586/569 623/590/573 624/592/575
f 601/585/568 617/593/576 602/587/570
f 609/586/569 625/594/577 610/588/571
f 602/587/570 618/595/578 603/574/558
f 610/588/571 626/596/579 611/573/557
f 604/575/559 618/595/578 619/597/580
f 611/573/557 627/598/581 612/576/560
f 604/575/559 620/599/582 605/577/561
f 613/578/562 627/598/581 628/600/583
f 605/577/561 621/601/584 606/194/563
f 599/580/564 659/602/315 614/603/585
f 598/604/317 613/578/562 628/600/583
f 607/582/565 621/601/584 622/605/586
f 618/595/578 634/606/587 619/597/580
f 626/596/579 642/607/588 627/598/581
f 619/597/580 635/608/589 620/599/582
f 628/600/583 642/607/588 643/609/590
f 620/599/582 636/610/591 621/601/584
f 614/603/585 659/611/315 629/612/592
f 598/613/317 628/600/583 643/609/590
f 622/605/586 636/610/591 637/614/593
f 615/589/572 629/612/592 630/615/594
f 622/605/586 638/616/595 623/590/573
f 615/589/572 631/617/596 616/591/574
f 623/590/573 639/618/597 624/592/575
f 616/591/574 632/619/598 617/593/576
f 624/592/575 640/620/599 625/594/577
f 618/595/578 632/619/598 633/621/600
f 625/594/577 641/622/601 626/596/579
f 638/616/595 652/623/602 653/624/603
f 630/615/594 646/625/604 631/617/596
f 638/616/595 654/626/605 639/618/597
f 632/619/598 646/625/604 647/627/606
f 639/618/597 655/628/607 640/620/599
f 633/621/600 647/627/606 648/629/608
f 640/620/599 656/630/609 641/622/601
f 633/621/600 649/631/610 634/606/587
f 642/607/588 656/630/609 657/632/611
f 634/606/587 650/633/612 635/608/589
f 642/607/588 658/634/613 643/609/590
f 635/608/589 651/635/614 636/610/591
f 629/612/592 659/636/315 644/637/615
f 598/638/317 643/609/590 658/634/613
f 637/614/593 651/635/614 652/623/602
f 629/612/592 645/639/616 630/615/594
f 656/630/609 673/640/617 657/632/611
f 649/631/610 666/641/618 650/633/612
f 658/634/613 673/640/617 674/642/619
f 650/633/612 667/643/620 651/635/614
f 644/637/615 659/644/315 660/645/621
f 598/646/317 658/634/613 674/642/619
f 652/623/602 667/643/620 668/647/622
f 645/639/616 660/645/621 661/648/623
f 653/624/603 668/647/622 669/649/624
f 646/625/604 661/648/623 662/650/625
f 653/624/603 670/651/626 654/626/605
f 647/627/606 662/650/625 663/652/627
f 654/626/605 671/653/628 655/628/607
f 647/627/606 664/654/629 648/629/608
f 655/628/607 672/655/630 656/630/609
f 649/631/610 664/654/629 665/656/631
f 662/650/625 676/657/632 677/658/633
f 670/651/626 684/659/634 685/660/635
f 662/650/625 678/661/636 663/652/627
f 670/651/626 686/662/637 671/653/628
f 664/654/629 678/661/636 679/663/638
f 672/655/630 686/662/637 687/664/639
f 665/656/631 679/663/638 680/665/640
f 672/655/630 688/666/641 673/640/617
f 665/656/631 681/667/642 666/641/618
f 673/640/617 689/668/643 674/642/619
f 667/643/620 681/667/642 682/204/644
f 660/645/621 659/669/315 675/670/645
f 598/671/317 674/642/619 689/668/643
f 667/643/620 683/672/646 668/647/622
f 661/648/623 675/670/645 676/657/632
f 669/649/624 683/672/646 684/659/634
f 680/665/640 696/673/647 681/667/642
f 688/666/641 704/674/648 689/668/643
f 681/667/642 697/675/649 682/204/644
f 675/670/645 659/676/315 690/677/650
f 598/678/317 689/668/643 704/674/648
f 682/204/644 698/679/651 683/672/646
f 676/657/632 690/677/650 691/680/652
f 684/659/634 698/679/651 699/681/653
f 677/658/633 691/680/652 692/682/654
f 684/659/634 700/683/655 685/660/635
f 678/661/636 692/682/654 693/684/656
f 686/662/637 700/683/655 701/685/657
f 678/661/636 694/686/658 679/663/638
f 687/664/639 701/685/657 702/687/659
f 679/663/638 695/688/660 680/665/640
f 687/664/639 703/689/661 688/666/641
f 699/681/653 715/690/662 700/683/655
f 693/684/656 707/691/663 708/692/664
f 701/685/657 715/690/662 716/693/665
f 693/684/656 709/694/666 694/686/658
f 701/685/657 717/695/667 702/687/659
f 695/688/660 709/694/666 710/696/668
f 703/689/661 717/695/667 718/697/669
f 695/688/660 711/698/670 696/673/647
f 703/689/661 719/699/671 704/674/648
f 697/675/649 711/698/670 712/211/672
f 690/677/650 659/700/315 705/701/673
f 598/702/317 704/674/648 719/699/671
f 697/675/649 713/703/674 698/679/651
f 690/677/650 706/704/675 691/680/652
f 699/681/653 713/703/674 714/705/676
f 691/680/652 707/691/663 692/682/654
f 718/706/669 734/707/677 719/708/671
f 712/146/672 726/709/678 727/710/679
f 705/711/673 659/712/315 720/713/680
f 598/714/317 719/708/671 734/707/677
f 712/146/672 728/715/681 713/716/674
f 705/711/673 721/717/682 706/718/675
f 713/716/674 729/719/683 714/720/676
f 707/721/663 721/717/682 722/722/684
f 715/723/662 729/719/683 730/724/685
f 707/721/663 723/725/686 708/726/664
f 715/723/662 731/727/687 716/728/665
f 708/726/664 724/729/688 709/730/666
f 716/728/665 732/731/689 717/732/667
f 709/730/666 725/733/690 710/734/668
f 717/732/667 733/735/691 718/706/669
f 711/736/670 725/733/690 726/709/678
f 730/724/685 746/737/692 731/727/687
f 724/729/688 738/738/693 739/739/694
f 731/727/687 747/740/695 732/731/689
f 725/733/690 739/739/694 740/741/696
f 732/731/689 748/742/697 733/735/691
f 725/733/690 741/743/698 726/709/678
f 733/735/691 749/744/699 734/707/677
f 727/710/679 741/743/698 742/745/700
f 720/713/680 659/746/315 735/747/701
f 598/748/317 734/707/677 749/744/699
f 727/710/679 743/749/702 728/715/681
f 721/717/682 735/747/701 736/750/703
f 729/719/683 743/749/702 744/751/704
f 722/722/684 736/750/703 737/752/705
f 729/719/683 745/753/706 730/724/685
f 723/725/686 737/752/705 738/738/693
f 735/747/701 659/754/315 750/755/707
f 598/756/317 749/744/699 764/757/708
f 742/745/700 758/758/709 743/749/702
f 735/747/701 751/759/710 736/750/703
f 743/749/702 759/760/711 744/751/704
f 736/750/703 752/761/712 737/752/705
f 744/751/704 760/762/713 745/753/706
f 737/752/705 753/763/714 738/738/693
f 745/753/706 761/764/715 746/737/692
f 738/738/693 754/765/716 739/739/694
f 746/737/692 762/766/717 747/740/695
f 739/739/694 755/767/718 740/741/696
f 748/742/697 762/766/717 763/768/719
f 741/743/698 755/767/718 756/769/720
f 749/744/699 763/768/719 764/757/708
f 741/743/698 757/770/721 742/745/700
f 754/765/716 768/771/722 769/772/723
f 761/764/715 777/773/724 762/766/717
f 754/765/716 770/774/725 755/767/718
f 762/766/717 778/775/726 763/768/719
f 755/767/718 771/776/727 756/769/720
f 764/757/708 778/775/726 779/777/728
f 757/770/721 771/776/727 772/778/729
f 750/755/707 659/779/315 765/780/730
f 598/781/317 764/757/708 779/777/728
f 757/770/721 773/782/731 758/758/709
f 750/755/707 766/783/732 751/759/710
f 759/760/711 773/782/731 774/784/733
f 752/761/712 766/783/732 767/785/734
f 759/760/711 775/786/735 760/762/713
f 752/761/712 768/771/722 753/763/714
f 760/762/713 776/787/736 761/764/715
f 772/778/729 788/788/737 773/782/731
f 765/780/730 781/789/738 766/783/732
f 773/782/731 789/790/739 774/784/733
f 767/785/734 781/789/738 782/791/740
f 774/784/733 790/792/741 775/786/735
f 767/785/734 783/793/742 768/771/722
f 775/786/735 791/794/743 776/787/736
f 768/771/722 784/795/744 769/772/723
f 777/773/724 791/794/743 792/796/745
f 769/772/723 785/797/746 770/774/725
f 777/773/724 793/798/747 778/775/726
f 770/774/725 786/799/748 771/776/727
f 778/775/726 794/800/749 779/777/728
f 771/776/727 787/801/750 772/778/729
f 765/780/730 659/802/315 780/803/751
f 598/804/317 779/777/728 794/800/749
f 791/794/743 807/805/752 792/796/745
f 784/795/744 800/806/753 785/797/746
f 793/798/747 807/805/752 808/807/754
f 785/797/746 801/808/755 786/799/748
f 793/798/747 809/809/756 794/800/749
f 787/801/750 801/808/755 802/810/757
f 780/803/751 659/811/315 795/812/758
f 598/813/317 794/800/749 809/809/756
f 787/801/750 803/814/759 788/788/737
f 781/789/738 795/812/758 796/815/760
f 789/790/739 803/814/759 804/816/761
f 781/789/738 797/817/762 782/791/740
f 789/790/739 805/818/763 790/792/741
f 783/793/742 797/817/762 798/819/764
f 791/794/743 805/818/763 806/820/765
f 783/793/742 799/821/766 784/795/744
f 795/812/758 811/822/767 796/815/760
f 803/814/759 819/823/768 804/816/761
f 797/817/762 811/822/767 812/824/769
f 804/816/761 820/825/770 805/818/763
f 798/819/764 812/824/769 813/826/771
f 806/820/765 820/825/770 821/827/772
f 798/819/764 814/828/773 799/821/766
f 806/820/765 822/829/774 807/805/752
f 799/821/766 815/830/775 800/806/753
f 807/805/752 823/831/776 808/807/754
f 801/808/755 815/830/775 816/832/777
f 808/807/754 824/833/778 809/809/756
f 801/808/755 817/834/779 802/810/757
f 795/812/758 659/835/315 810/836/780
f 598/837/317 809/809/756 824/833/778
f 803/814/759 817/834/779 818/838/781
f 814/828/773 828/305/305 815/830/775
f 822/829/774 833/306/306 823/831/776
f 816/832/777 828/305/305 355/308/308
f 824/833/778 833/306/306 834/311/311
f 816/832/777 829/312/312 817/834/779
f 810/836/780 659/839/315 825/313/314
f 598/840/317 824/833/778 834/311/311
f 818/838/781 829/312/312 830/318/319
f 810/836/780 826/320/321 811/822/767
f 818/838/781 356/322/323 819/823/768
f 812/824/769 826/320/321 827/324/325
f 819/823/768 831/326/327 820/825/770
f 813/826/771 827/324/325 353/328/329
f 820/825/770 357/329/330 821/827/772
f 814/828/773 353/328/329 354/303/303
f 821/827/772 832/300/300 822/829/774
f 1315/306/306 852/302/302 853/307/307
f 837/308/308 845/304/304 846/309/309
f 1315/306/306 854/310/310 1316/311/311
f 837/308/308 847/162/313 1311/312/312
f 1307/313/782 1141/314/315 840/315/783
f 1080/316/317 1316/311/311 854/310/310
f 1311/312/312 848/317/318 1312/318/319
f 1308/320/784 840/315/783 841/319/785
f 1312/318/319 849/321/786 838/322/323
f 1308/320/784 842/323/787 1309/324/325
f 838/322/323 850/325/788 1313/326/327
f 1309/324/325 843/327/789 835/328/329
f 1313/326/327 851/301/301 839/329/790
f 835/328/329 844/330/791 836/303/792
f 839/329/790 852/302/302 1314/300/793
f 836/303/792 845/304/304 1310/305/794
f 851/301/301 867/333/795 852/302/302
f 845/304/304 859/332/333 860/334/796
f 853/307/307 867/333/795 868/335/336
f 846/309/309 860/334/796 861/336/797
f 853/307/307 869/337/338 854/310/310
f 847/162/313 861/336/797 862/164/339
f 840/315/783 1141/338/315 855/339/798
f 1080/340/317 854/310/310 869/337/338
f 847/162/313 863/341/799 848/317/318
f 841/319/785 855/339/798 856/342/800
f 848/317/318 864/343/343 849/321/786
f 842/323/787 856/342/800 857/344/344
f 849/321/786 865/345/801 850/325/788
f 842/323/787 858/346/802 843/327/789
f 850/325/788 866/331/803 851/301/301
f 843/327/789 859/332/333 844/330/791
f 855/339/798 871/352/804 856/342/800
f 864/343/343 878/351/350 879/353/352
f 857/344/344 871/352/804 872/354/353
f 864/343/343 880/355/805 865/345/801
f 857/344/344 873/356/355 858/346/802
f 865/345/801 881/357/806 866/331/803
f 858/346/802 874/358/357 859/332/333
f 867/333/795 881/357/806 882/359/807
f 859/332/333 875/360/359 860/334/796
f 867/333/795 883/361/360 868/335/336
f 860/334/796 876/362/361 861/336/797
f 868/335/336 884/350/808 869/337/338
f 861/336/797 877/166/349 862/164/339
f 855/339/798 1141/347/315 870/348/809
f 1080/349/317 869/337/338 884/350/808
f 863/341/799 877/166/349 878/351/350
f 875/360/359 889/364/810 890/367/811
f 883/361/360 897/366/365 898/368/367
f 876/362/361 890/367/811 891/369/368
f 883/361/360 899/370/369 884/350/808
f 876/362/361 892/168/370 877/166/349
f 870/348/809 1141/371/315 885/372/812
f 1080/373/317 884/350/808 899/370/369
f 878/351/350 892/168/370 893/374/813
f 871/352/804 885/372/812 886/375/373
f 878/351/350 894/376/814 879/353/352
f 872/354/353 886/375/373 887/377/375
f 879/353/352 895/378/376 880/355/805
f 873/356/355 887/377/375 888/363/362
f 880/355/805 896/365/364 881/357/806
f 874/358/357 888/363/362 889/364/810
f 881/357/806 897/366/365 882/359/807
f 893/374/813 909/381/380 894/376/814
f 886/375/373 902/382/381 887/377/375
f 894/376/814 910/383/382 895/378/376
f 888/363/362 902/382/381 903/384/815
f 896/365/364 910/383/382 911/385/816
f 888/363/362 904/386/385 889/364/810
f 896/365/364 912/387/386 897/366/365
f 890/367/811 904/386/385 905/388/387
f 898/368/367 912/387/386 913/389/817
f 891/369/368 905/388/387 906/390/818
f 898/368/367 914/391/819 899/370/369
f 892/168/370 906/390/818 907/170/377
f 885/372/812 1141/392/315 900/393/820
f 1080/394/317 899/370/369 914/391/819
f 892/168/370 908/379/821 893/374/813
f 885/372/812 901/380/822 886/375/373
f 912/387/386 928/399/823 913/389/817
f 905/388/387 921/400/397 906/390/818
f 913/389/817 929/401/824 914/391/819
f 907/170/377 921/400/397 922/172/399
f 900/393/820 1141/402/315 915/403/400
f 1080/404/317 914/391/819 929/401/824
f 907/170/377 923/405/401 908/379/821
f 901/380/822 915/403/400 916/406/402
f 909/381/380 923/405/401 924/407/825
f 902/382/381 916/406/402 917/408/404
f 909/381/380 925/409/826 910/383/382
f 902/382/381 918/410/406 903/384/815
f 910/383/382 926/395/392 911/385/816
f 904/386/385 918/410/406 919/397/394
f 911/385/816 927/396/827 912/387/386
f 905/388/387 919/397/394 920/398/828
f 924/407/825 940/413/409 925/409/826
f 917/408/404 933/414/829 918/410/406
f 926/395/392 940/413/409 941/415/411
f 918/410/406 934/416/412 919/397/394
f 927/396/827 941/415/411 942/417/413
f 919/397/394 935/418/830 920/398/828
f 928/399/823 942/417/413 943/419/415
f 921/400/397 935/418/830 936/420/416
f 928/399/823 944/421/831 929/401/824
f 922/172/399 936/420/416 937/174/418
f 915/403/400 1141/422/315 930/423/419
f 1080/424/317 929/401/824 944/421/831
f 922/172/399 938/425/832 923/405/401
f 916/406/402 930/423/419 931/426/833
f 923/405/401 939/411/834 924/407/825
f 916/406/402 932/412/835 917/408/404
f 944/421/831 958/428/423 959/431/426
f 936/420/416 952/176/427 937/174/418
f 930/423/419 1141/432/315 945/433/428
f 1080/434/317 944/421/831 959/431/426
f 937/174/418 953/435/429 938/425/832
f 930/423/419 946/436/430 931/426/833
f 938/425/832 954/437/431 939/411/834
f 931/426/833 947/438/432 932/412/835
f 939/411/834 955/439/433 940/413/409
f 933/414/829 947/438/432 948/440/434
f 941/415/411 955/439/433 956/441/836
f 934/416/412 948/440/434 949/442/436
f 941/415/411 957/427/422 942/417/413
f 935/418/830 949/442/436 950/429/424
f 943/419/415 957/427/422 958/428/423
f 935/418/830 951/430/837 936/420/416
f 948/440/434 962/444/438 963/446/440
f 955/439/433 971/447/838 956/441/836
f 949/442/436 963/446/440 964/448/442
f 956/441/836 972/449/443 957/427/422
f 950/429/424 964/448/442 965/450/839
f 957/427/422 973/451/445 958/428/423
f 950/429/424 966/452/446 951/430/837
f 958/428/423 974/453/840 959/431/426
f 951/430/837 967/178/448 952/176/427
f 945/433/428 1141/454/315 960/455/449
f 1080/456/317 959/431/426 974/453/840
f 953/435/429 967/178/448 968/457/841
f 945/433/428 961/443/437 946/436/430
f 954/437/431 968/457/841 969/458/842
f 947/438/432 961/443/437 962/444/438
f 954/437/431 970/445/843 955/439/433
f 967/178/448 981/459/452 982/180/454
f 960/455/449 1141/461/315 975/462/455
f 1080/463/317 974/453/840 989/460/844
f 968/457/841 982/180/454 983/464/456
f 960/455/449 976/465/457 961/443/437
f 969/458/842 983/464/456 984/466/458
f 962/444/438 976/465/457 977/467/459
f 969/458/842 985/468/460 970/445/843
f 963/446/440 977/467/459 978/469/461
f 970/445/843 986/470/462 971/447/838
f 964/448/442 978/469/461 979/471/463
f 971/447/838 987/472/464 972/449/443
f 964/448/442 980/473/845 965/450/839
f 972/449/443 988/474/846 973/451/445
f 965/450/839 981/459/452 966/452/446
f 974/453/840 988/474/846 989/460/844
f 986/470/462 1000/475/847 1001/477/848
f 978/469/461 994/478/470 979/471/463
f 987/472/464 1001/477/848 1002/479/471
f 979/471/463 995/480/472 980/473/845
f 987/472/464 1003/481/849 988/474/846
f 981/459/452 995/480/472 996/482/474
f 988/474/846 1004/483/850 989/460/844
f 981/459/452 997/182/476 982/180/454
f 975/462/455 1141/484/315 990/485/851
f 1080/486/317 989/460/844 1004/483/850
f 983/464/456 997/182/476 998/487/478
f 975/462/455 991/488/479 976/465/457
f 983/464/456 999/489/852 984/466/458
f 976/465/457 992/490/853 977/467/459
f 984/466/458 1000/475/847 985/468/460
f 977/467/459 993/476/854 978/469/461
f 990/485/851 1141/494/315 1005/495/855
f 1080/496/317 1004/483/850 1019/491/856
f 998/487/478 1012/493/484 1013/497/486
f 990/485/851 1006/498/857 991/488/479
f 998/487/478 1014/499/488 999/489/852
f 992/490/853 1006/498/857 1007/500/489
f 1000/475/847 1014/499/488 1015/501/858
f 992/490/853 1008/502/859 993/476/854
f 1000/475/847 1016/503/860 1001/477/848
f 994/478/470 1008/502/859 1009/504/861
f 1001/477/848 1017/505/494 1002/479/471
f 994/478/470 1010/506/862 995/480/472
f 1002/479/471 1018/507/863 1003/481/849
f 996/482/474 1010/506/862 1011/492/864
f 1004/483/850 1018/507/863 1019/491/856
f 996/482/474 1012/493/484 997/182/476
f 1008/502/859 1024/511/500 1009/504/861
f 1017/505/494 1031/510/499 1032/512/865
f 1009/504/861 1025/513/502 1010/506/862
f 1018/507/863 1032/512/865 1033/514/866
f 1011/492/864 1025/513/502 1026/515/867
f 1018/507/863 1034/516/868 1019/491/856
f 1012/493/484 1026/515/867 1027/186/506
f 1005/495/855 1141/517/315 1020/518/507
f 1080/519/317 1019/491/856 1034/516/868
f 1012/493/484 1028/520/508 1013/497/486
f 1005/495/855 1021/521/869 1006/498/857
f 1013/497/486 1029/522/510 1014/499/488
f 1007/500/489 1021/521/869 1022/523/870
f 1014/499/488 1030/509/498 1015/501/858
f 1007/500/489 1023/508/871 1008/502/859
f 1016/503/860 1030/509/498 1031/510/499
f 1027/186/506 1043/528/872 1028/520/508
f 1021/521/869 1035/525/513 1036/529/873
f 1028/520/508 1044/530/517 1029/522/510
f 1021/521/869 1037/531/518 1022/523/870
f 1029/522/510 1045/532/874 1030/509/498
f 1023/508/871 1037/531/518 1038/533/520
f 1031/510/499 1045/532/874 1046/534/521
f 1023/508/871 1039/535/875 1024/511/500
f 1031/510/499 1047/536/523 1032/512/865
f 1024/511/500 1040/537/524 1025/513/502
f 1033/514/866 1047/536/523 1048/538/525
f 1026/515/867 1040/537/524 1041/539/876
f 1034/516/868 1048/538/525 1049/527/877
f 1026/515/867 1042/188/512 1027/186/506
f 1020/518/507 1141/524/315 1035/525/513
f 1080/526/317 1034/516/868 1049/527/877
f 1046/534/521 1062/543/530 1047/536/523
f 1039/535/875 1055/544/531 1040/537/524
f 1047/536/523 1063/545/532 1048/538/525
f 1041/539/876 1055/544/531 1056/546/533
f 1048/538/525 1064/547/878 1049/527/877
f 1042/188/512 1056/546/533 1057/190/535
f 1035/525/513 1141/548/315 1050/549/536
f 1080/550/317 1049/527/877 1064/547/878
f 1042/188/512 1058/551/879 1043/528/872
f 1036/529/873 1050/549/536 1051/552/538
f 1043/528/872 1059/553/880 1044/530/517
f 1036/529/873 1052/554/540 1037/531/518
f 1045/532/874 1059/553/880 1060/540/881
f 1037/531/518 1053/555/882 1038/533/520
f 1046/534/521 1060/540/881 1061/541/883
f 1038/533/520 1054/542/884 1039/535/875
f 1058/551/879 1074/561/546 1059/553/880
f 1052/554/540 1066/560/545 1067/562/547
f 1060/540/881 1074/561/546 1075/563/548
f 1053/555/882 1067/562/547 1068/564/549
f 1060/540/881 1076/565/550 1061/541/883
f 1054/542/884 1068/564/549 1069/566/551
f 1061/541/883 1077/567/552 1062/543/530
f 1054/542/884 1070/568/553 1055/544/531
f 1062/543/530 1078/569/554 1063/545/532
f 1055/544/531 1071/570/555 1056/546/533
f 1064/547/878 1078/569/554 1079/557/542
f 1056/546/533 1072/558/543 1057/190/535
f 1050/549/536 1141/571/315 1065/572/885
f 1080/556/317 1064/547/878 1079/557/542
f 1058/551/879 1072/558/543 1073/559/886
f 1050/549/536 1066/560/545 1051/552/538
f 1078/569/554 1093/573/557 1094/576/887
f 1071/570/555 1086/575/888 1087/577/561
f 1079/557/542 1094/576/887 1095/578/889
f 1071/570/555 1088/194/563 1072/558/543
f 1065/572/885 1141/579/315 1081/580/564
f 1080/581/317 1079/557/542 1095/578/889
f 1073/559/886 1088/194/563 1089/582/890
f 1066/560/545 1081/580/564 1082/583/566
f 1073/559/886 1090/584/567 1074/561/546
f 1066/560/545 1083/585/891 1067/562/547
f 1074/561/546 1091/586/892 1075/563/548
f 1067/562/547 1084/587/570 1068/564/549
f 1075/563/548 1092/588/893 1076/565/550
f 1068/564/549 1085/574/558 1069/566/551
f 1077/567/552 1092/588/893 1093/573/557
f 1069/566/551 1086/575/888 1070/568/553
f 1082/583/566 1098/591/574 1083/585/891
f 1090/584/567 1106/592/894 1091/586/892
f 1084/587/570 1098/591/574 1099/593/576
f 1091/586/892 1107/594/577 1092/588/893
f 1085/574/558 1099/593/576 1100/595/895
f 1092/588/893 1108/596/579 1093/573/557
f 1086/575/888 1100/595/895 1101/597/580
f 1093/573/557 1109/598/581 1094/576/887
f 1086/575/888 1102/599/582 1087/577/561
f 1095/578/889 1109/598/581 1110/600/583
f 1087/577/561 1103/601/584 1088/194/563
f 1081/580/564 1141/602/315 1096/603/896
f 1080/604/317 1095/578/889 1110/600/583
f 1089/582/890 1103/601/584 1104/605/897
f 1081/580/564 1097/589/898 1082/583/566
f 1089/582/890 1105/590/899 1090/584/567
f 1102/599/582 1116/606/900 1117/608/901
f 1110/600/583 1124/607/588 1125/609/590
f 1102/599/582 1118/610/591 1103/601/584
f 1096/603/896 1141/611/315 1111/612/902
f 1080/613/317 1110/600/583 1125/609/590
f 1104/605/897 1118/610/591 1119/614/593
f 1096/603/896 1112/615/903 1097/589/898
f 1104/605/897 1120/616/904 1105/590/899
f 1097/589/898 1113/617/596 1098/591/574
f 1105/590/899 1121/618/597 1106/592/894
f 1098/591/574 1114/619/905 1099/593/576
f 1107/594/577 1121/618/597 1122/620/906
f 1100/595/895 1114/619/905 1115/621/907
f 1107/594/577 1123/622/908 1108/596/579
f 1100/595/895 1116/606/900 1101/597/580
f 1108/596/579 1124/607/588 1109/598/581
f 1120/616/904 1136/626/605 1121/618/597
f 1114/619/905 1128/625/604 1129/627/909
f 1121/618/597 1137/628/910 1122/620/906
f 1114/619/905 1130/629/608 1115/621/907
f 1123/622/908 1137/628/910 1138/630/609
f 1116/606/900 1130/629/608 1131/631/610
f 1124/607/588 1138/630/609 1139/632/911
f 1116/606/900 1132/633/612 1117/608/901
f 1124/607/588 1140/634/912 1125/609/590
f 1117/608/901 1133/635/614 1118/610/591
f 1111/612/902 1141/636/315 1126/637/615
f 1080/638/317 1125/609/590 1140/634/912
f 1118/610/591 1134/623/602 1119/614/593
f 1111/612/902 1127/639/913 1112/615/903
f 1120/616/904 1134/623/602 1135/624/914
f 1112/615/903 1128/625/604 1113/617/596
f 1139/632/911 1156/642/915 1140/634/912
f 1133/635/614 1148/641/916 1149/643/620
f 1126/637/615 1141/644/315 1142/645/917
f 1080/646/317 1140/634/912 1156/642/915
f 1133/635/614 1150/647/622 1134/623/602
f 1127/639/913 1142/645/917 1143/648/918
f 1135/624/914 1150/647/622 1151/649/624
f 1127/639/913 1144/650/625 1128/625/604
f 1135/624/914 1152/651/919 1136/626/605
f 1128/625/604 1145/652/920 1129/627/909
f 1137/628/910 1152/651/919 1153/653/628
f 1129/627/909 1146/654/629 1130/629/608
f 1137/628/910 1154/655/921 1138/630/609
f 1130/629/608 1147/656/922 1131/631/610
f 1138/630/609 1155/640/923 1139/632/911
f 1131/631/610 1148/641/916 1132/633/612
f 1144/650/625 1160/661/636 1145/652/920
f 1153/653/628 1167/660/924 1168/662/637
f 1145/652/920 1161/663/638 1146/654/629
f 1154/655/921 1168/662/637 1169/664/639
f 1146/654/629 1162/665/640 1147/656/922
f 1154/655/921 1170/666/925 1155/640/923
f 1147/656/922 1163/667/642 1148/641/916
f 1155/640/923 1171/668/926 1156/642/915
f 1149/643/620 1163/667/642 1164/204/644
f 1142/645/917 1141/669/315 1157/670/645
f 1080/671/317 1156/642/915 1171/668/926
f 1149/643/620 1165/672/646 1150/647/622
f 1142/645/917 1158/657/927 1143/648/918
f 1150/647/622 1166/659/634 1151/649/624
f 1144/650/625 1158/657/927 1159/658/928
f 1151/649/624 1167/660/924 1152/651/919
f 1164/204/644 1178/673/647 1179/675/649
f 1157/670/645 1141/676/315 1172/677/929
f 1080/678/317 1171/668/926 1186/674/930
f 1164/204/644 1180/679/931 1165/672/646
f 1157/670/645 1173/680/932 1158/657/927
f 1165/672/646 1181/681/933 1166/659/634
f 1158/657/927 1174/682/654 1159/658/928
f 1167/660/924 1181/681/933 1182/683/934
f 1159/658/928 1175/684/656 1160/661/636
f 1168/662/637 1182/683/934 1183/685/935
f 1160/661/636 1176/686/658 1161/663/638
f 1169/664/639 1183/685/935 1184/687/659
f 1162/665/640 1176/686/658 1177/688/936
f 1169/664/639 1185/689/937 1170/666/925
f 1162/665/640 1178/673/647 1163/667/642
f 1171/668/926 1185/689/937 1186/674/930
f 1182/683/934 1198/693/665 1183/685/935
f 1176/686/658 1190/692/938 1191/694/666
f 1183/685/935 1199/695/667 1184/687/659
f 1177/688/936 1191/694/666 1192/696/668
f 1185/689/937 1199/695/667 1200/697/669
f 1177/688/936 1193/698/670 1178/673/647
f 1185/689/937 1201/699/671 1186/674/930
f 1179/675/649 1193/698/670 1194/211/672
f 1172/677/929 1141/700/315 1187/701/939
f 1080/702/317 1186/674/930 1201/699/671
f 1180/679/931 1194/211/672 1195/703/940
f 1173/680/932 1187/701/939 1188/704/941
f 1181/681/933 1195/703/940 1196/705/942
f 1173/680/932 1189/691/943 1174/682/654
f 1181/681/933 1197/690/944 1182/683/934
f 1174/682/654 1190/692/938 1175/684/656
f 1080/714/317 1201/708/671 1216/707/677
f 1194/146/672 1210/715/945 1195/716/940
f 1187/711/939 1203/717/682 1188/718/941
f 1195/716/940 1211/719/683 1196/720/942
f 1189/721/943 1203/717/682 1204/722/684
f 1197/723/944 1211/719/683 1212/724/946
f 1190/726/938 1204/722/684 1205/725/686
f 1198/728/665 1212/724/946 1213/727/947
f 1190/726/938 1206/729/948 1191/730/666
f 1199/732/667 1213/727/947 1214/731/689
f 1191/730/666 1207/733/690 1192/734/668
f 1199/732/667 1215/735/949 1200/706/669
f 1193/736/670 1207/733/690 1208/709/950
f 1200/706/669 1216/707/677 1201/708/671
f 1194/146/672 1208/709/950 1209/710/679
f 1187/711/939 1141/712/315 1202/713/951
f 1213/727/947 1229/740/695 1214/731/689
f 1206/729/948 1222/741/696 1207/733/690
f 1214/731/689 1230/742/697 1215/735/949
f 1208/709/950 1222/741/696 1223/743/698
f 1215/735/949 1231/744/699 1216/707/677
f 1209/710/679 1223/743/698 1224/745/700
f 1202/713/951 1141/746/315 1217/747/701
f 1080/748/317 1216/707/677 1231/744/699
f 1209/710/679 1225/749/952 1210/715/945
f 1203/717/682 1217/747/701 1218/750/703
f 1210/715/945 1226/751/704 1211/719/683
f 1204/722/684 1218/750/703 1219/752/705
f 1211/719/683 1227/753/953 1212/724/946
f 1205/725/686 1219/752/705 1220/738/693
f 1213/727/947 1227/753/953 1228/737/954
f 1206/729/948 1220/738/693 1221/739/955
f 1217/747/701 1233/759/710 1218/750/703
f 1225/749/952 1241/760/956 1226/751/704
f 1218/750/703 1234/761/712 1219/752/705
f 1227/753/953 1241/760/956 1242/762/713
f 1220/738/693 1234/761/712 1235/763/714
f 1228/737/954 1242/762/713 1243/764/957
f 1220/738/693 1236/765/716 1221/739/955
f 1228/737/954 1244/766/717 1229/740/695
f 1222/741/696 1236/765/716 1237/767/958
f 1230/742/697 1244/766/717 1245/768/719
f 1223/743/698 1237/767/958 1238/769/959
f 1231/744/699 1245/768/719 1246/757/708
f 1224/745/700 1238/769/959 1239/770/721
f 1217/747/701 1141/754/315 1232/755/960
f 1080/756/317 1231/744/699 1246/757/708
f 1224/745/700 1240/758/961 1225/749/952
f 1236/765/716 1252/774/725 1237/767/958
f 1244/766/717 1260/775/726 1245/768/719
f 1237/767/958 1253/776/727 1238/769/959
f 1246/757/708 1260/775/726 1261/777/728
f 1239/770/721 1253/776/727 1254/778/729
f 1232/755/960 1141/779/315 1247/780/730
f 1080/781/317 1246/757/708 1261/777/728
f 1239/770/721 1255/782/731 1240/758/961
f 1233/759/710 1247/780/730 1248/783/732
f 1240/758/961 1256/784/733 1241/760/956
f 1233/759/710 1249/785/734 1234/761/712
f 1241/760/956 1257/786/962 1242/762/713
f 1234/761/712 1250/771/963 1235/763/714
f 1242/762/713 1258/787/964 1243/764/957
f 1235/763/714 1251/772/965 1236/765/716
f 1244/766/717 1258/787/964 1259/773/966
f 1255/782/731 1271/790/739 1256/784/733
f 1248/783/732 1264/791/967 1249/785/734
f 1256/784/733 1272/792/968 1257/786/962
f 1249/785/734 1265/793/969 1250/771/963
f 1258/787/964 1272/792/968 1273/794/743
f 1250/771/963 1266/795/744 1251/772/965
f 1259/773/966 1273/794/743 1274/796/745
f 1251/772/965 1267/797/746 1252/774/725
f 1259/773/966 1275/798/747 1260/775/726
f 1252/774/725 1268/799/748 1253/776/727
f 1260/775/726 1276/800/749 1261/777/728
f 1254/778/729 1268/799/748 1269/801/750
f 1247/780/730 1141/802/315 1262/803/970
f 1080/804/317 1261/777/728 1276/800/749
f 1254/778/729 1270/788/971 1255/782/731
f 1248/783/732 1262/803/970 1263/789/972
f 1275/798/747 1289/805/752 1290/807/973
f 1267/797/746 1283/808/755 1268/799/748
f 1275/798/747 1291/809/974 1276/800/749
f 1268/799/748 1284/810/757 1269/801/750
f 1262/803/970 1141/811/315 1277/812/975
f 1080/813/317 1276/800/749 1291/809/974
f 1270/788/971 1284/810/757 1285/814/976
f 1262/803/970 1278/815/977 1263/789/972
f 1271/790/739 1285/814/976 1286/816/978
f 1263/789/972 1279/817/979 1264/791/967
f 1272/792/968 1286/816/978 1287/818/763
f 1264/791/967 1280/819/764 1265/793/969
f 1273/794/743 1287/818/763 1288/820/980
f 1265/793/969 1281/821/981 1266/795/744
f 1273/794/743 1289/805/752 1274/796/745
f 1266/795/744 1282/806/982 1267/797/746
f 1279/817/979 1293/822/767 1294/824/769
f 1286/816/978 1302/825/770 1287/818/763
f 1280/819/764 1294/824/769 1295/826/771
f 1287/818/763 1303/827/772 1288/820/980
f 1280/819/764 1296/828/773 1281/821/981
f 1288/820/980 1304/829/983 1289/805/752
f 1281/821/981 1297/830/984 1282/806/982
f 1289/805/752 1305/831/776 1290/807/973
f 1283/808/755 1297/830/984 1298/832/985
f 1291/809/974 1305/831/776 1306/833/986
f 1283/808/755 1299/834/779 1284/810/757
f 1277/812/975 1141/835/315 1292/836/987
f 1080/837/317 1291/809/974 1306/833/986
f 1285/814/976 1299/834/779 1300/838/988
f 1277/812/975 1293/822/767 1278/815/977
f 1285/814/976 1301/823/989 1286/816/978
f 1298/832/985 1310/305/794 837/308/308
f 1306/833/986 1315/306/306 1316/311/311
f 1298/832/985 1311/312/312 1299/834/779
f 1292/836/987 1141/839/315 1307/313/782
f 1080/840/317 1306/833/986 1316/311/311
f 1300/838/988 1311/312/312 1312/318/319
f 1292/836/987 1308/320/784 1293/822/767
f 1300/838/988 838/322/323 1301/823/989
f 1294/824/769 1308/320/784 1309/324/325
f 1302/825/770 838/322/323 1313/326/327
f 1295/826/771 1309/324/325 835/328/329
f 1302/825/770 839/329/790 1303/827/772
f 1296/828/773 835/328/329 836/303/792
f 1304/829/983 839/329/790 1314/300/793
f 1296/828/773 1310/305/794 1297/830/984
f 1304/829/983 1315/306/306 1305/831/776
f 1/1/1 4/70/5 5/2/2
f 2/4/4 6/64/7 5/5/2
f 3/7/6 7/841/3 5/8/2
f 8/10/8 11/71/12 12/11/9
f 9/13/11 13/66/14 12/14/9
f 10/16/13 14/65/10 12/17/9
f 15/19/15 18/63/19 19/20/16
f 16/22/18 20/26/21 19/23/16
f 17/25/20 21/68/17 19/23/16
f 22/27/22 25/69/26 26/28/23
f 23/30/25 27/34/28 26/31/23
f 24/33/27 28/67/24 26/31/23
f 29/35/29 32/39/33 33/36/30
f 30/38/32 34/41/35 33/36/30
f 31/40/34 35/37/31 33/36/30
f 36/42/36 39/46/40 40/43/37
f 37/45/39 41/48/42 40/43/37
f 38/47/41 42/44/38 40/43/37
f 43/49/43 46/53/47 47/50/44
f 44/52/46 48/55/49 47/50/44
f 45/54/48 49/51/45 47/50/44
f 50/56/50 53/60/54 54/57/51
f 51/59/53 55/62/56 54/57/51
f 52/61/55 56/58/52 54/57/51
f 1/1/1 7/3/3 18/63/19
f 18/24/19 7/841/3 3/7/6
f 8/10/8 14/12/10 6/64/7
f 14/65/10 10/16/13 3/7/6
f 22/27/22 28/29/24 13/66/14
f 28/67/24 24/33/27 10/16/13
f 17/25/20 20/26/21 27/34/28
f 20/26/21 16/22/18 24/33/27
f 15/19/15 21/21/17 46/53/47
f 21/68/17 17/25/20 44/52/46
f 50/56/50 56/58/52 25/69/26
f 56/58/52 52/61/55 23/30/25
f 45/54/48 48/55/49 55/62/56
f 48/55/49 44/52/46 52/61/55
f 29/35/29 43/49/43 49/51/45
f 49/51/45 45/54/48 30/38/32
f 36/42/36 42/44/38 53/60/54
f 53/60/54 42/44/38 38/47/41
f 31/40/34 34/41/35 41/48/42
f 34/41/35 30/38/32 38/47/41
f 29/35/29 35/37/31 4/70/5
f 35/37/31 31/40/34 2/4/4
f 9/13/11 11/15/12 39/46/40
f 11/71/12 8/10/8 37/45/39
f 43/49/43 29/35/29 1/1/1
f 10/16/13 24/33/27 16/22/18
f 37/45/39 8/10/8 2/4/4
f 22/27/22 9/13/11 36/42/36
f 23/30/25 52/61/55 44/52/46
f 51/59/53 38/47/41 30/38/32
f 114/143/112 115/143/119 116/143/113
f 119/143/115 118/143/118 117/143/116
f 117/143/116 118/143/118 114/143/112
f 118/143/118 119/143/115 115/143/119
f 119/143/115 120/143/117 116/143/113
f 116/143/113 120/143/117 117/143/116
f 121/143/120 122/143/126 123/143/121
f 127/143/123 126/143/127 125/143/124
f 125/143/124 126/143/127 122/143/126
f 126/143/127 127/143/123 123/143/121
f 127/143/123 128/143/125 124/143/122
f 124/143/122 128/143/125 125/143/124
f 130/143/128 131/143/135 132/143/129
f 135/143/131 134/143/134 133/143/132
f 133/143/132 134/143/134 130/143/128
f 134/143/134 135/143/131 131/143/135
f 135/143/131 136/143/133 132/143/129
f 132/143/129 136/143/133 133/143/132
f 138/143/136 139/143/142 140/143/137
f 144/143/139 143/143/143 142/143/140
f 141/143/141 142/143/140 138/143/136
f 142/143/140 143/143/143 139/143/142
f 143/143/143 144/143/139 140/143/137
f 140/143/137 144/143/139 141/143/141
f 146/144/144 148/147/147 147/145/145
f 148/147/147 150/149/149 149/148/148
f 150/149/149 152/151/151 151/150/150
f 152/151/151 154/153/153 153/152/152
f 154/153/153 156/155/155 155/154/154
f 156/155/155 158/157/157 157/156/156
f 158/157/157 160/159/159 159/158/158
f 160/159/159 162/161/161 161/160/160
f 162/161/161 164/163/163 163/162/162
f 164/163/163 166/165/165 165/164/164
f 166/165/165 168/167/167 167/166/166
f 168/167/167 170/169/169 169/168/168
f 170/169/169 172/171/171 171/170/170
f 172/171/171 174/173/173 173/172/172
f 174/173/173 176/175/175 175/174/174
f 176/175/175 178/177/177 177/176/176
f 178/177/177 180/179/179 179/178/178
f 180/179/179 182/181/181 181/180/180
f 182/181/181 184/183/183 183/182/182
f 184/183/183 186/185/185 185/184/184
f 186/185/185 188/187/187 187/186/186
f 188/187/187 190/189/189 189/188/188
f 190/189/189 192/191/191 191/190/190
f 192/191/191 194/193/193 193/192/192
f 194/193/193 196/195/195 195/194/194
f 196/195/195 198/197/197 197/196/196
f 198/197/197 200/199/199 199/198/198
f 200/199/199 202/201/201 201/200/200
f 202/201/201 204/203/203 203/202/202
f 204/203/203 206/208/205 205/204/204
f 150/207/149 148/843/147 146/844/144
f 146/844/144 208/845/207 206/846/205
f 206/846/205 204/847/203 202/848/201
f 202/848/201 200/849/199 198/850/197
f 198/850/197 196/851/195 194/852/193
f 194/852/193 192/853/191 190/854/189
f 190/854/189 188/855/187 186/856/185
f 186/856/185 184/857/183 182/205/181
f 182/205/181 180/858/179 178/859/177
f 178/859/177 176/860/175 174/861/173
f 174/861/173 172/862/171 170/863/169
f 170/863/169 168/864/167 166/206/165
f 166/206/165 164/865/163 162/291/161
f 162/291/161 160/866/159 158/867/157
f 158/867/157 156/868/155 154/869/153
f 154/869/153 152/870/151 150/207/149
f 150/207/149 146/844/144 206/846/205
f 206/846/205 202/848/201 198/850/197
f 198/850/197 194/852/193 190/854/189
f 190/854/189 186/856/185 182/205/181
f 182/205/181 178/859/177 174/861/173
f 174/861/173 170/863/169 166/206/165
f 166/206/165 162/291/161 158/867/157
f 158/867/157 154/869/153 150/207/149
f 150/207/149 206/846/205 198/850/197
f 198/850/197 190/854/189 182/205/181
f 182/205/181 174/861/173 166/206/165
f 166/206/165 158/867/157 150/207/149
f 150/207/149 198/850/197 182/205/181
f 206/208/205 208/210/207 207/209/206
f 208/210/207 146/871/144 145/211/146
f 207/214/206 145/872/146 147/873/145
f 147/873/145 149/874/148 151/875/150
f 151/875/150 153/876/152 155/877/154
f 155/877/154 157/878/156 159/879/158
f 159/879/158 161/880/160 163/881/162
f 163/881/162 165/882/164 167/883/166
f 167/883/166 169/884/168 171/885/170
f 171/885/170 173/886/172 175/212/174
f 175/212/174 177/887/176 179/888/178
f 179/888/178 181/889/180 183/890/182
f 183/890/182 185/891/184 187/892/186
f 187/892/186 189/893/188 191/213/190
f 191/213/190 193/894/192 195/895/194
f 195/895/194 197/896/196 199/897/198
f 199/897/198 201/898/200 203/899/202
f 203/899/202 205/900/204 207/214/206
f 207/214/206 147/873/145 151/875/150
f 151/875/150 155/877/154 159/879/158
f 159/879/158 163/881/162 167/883/166
f 167/883/166 171/885/170 175/212/174
f 175/212/174 179/888/178 183/890/182
f 183/890/182 187/892/186 191/213/190
f 191/213/190 195/895/194 199/897/198
f 199/897/198 203/899/202 207/214/206
f 207/214/206 151/875/150 159/879/158
f 159/879/158 167/883/166 175/212/174
f 175/212/174 183/890/182 191/213/190
f 191/213/190 199/897/198 207/214/206
f 207/214/206 159/879/158 175/212/174
f 210/144/144 212/147/147 211/145/145
f 212/147/147 214/149/208 213/148/148
f 214/149/208 216/151/151 215/150/150
f 216/151/151 218/153/209 217/152/152
f 218/153/209 220/155/155 219/154/154
f 220/155/155 222/157/210 221/156/156
f 222/157/210 224/159/159 223/158/158
f 224/159/159 226/161/161 225/160/160
f 226/161/161 228/163/163 227/162/162
f 228/163/163 230/165/165 229/164/164
f 230/165/165 232/167/167 231/166/166
f 232/167/167 234/169/169 233/168/168
f 234/169/169 236/171/211 235/170/170
f 236/171/211 238/173/212 237/172/172
f 238/173/212 240/175/213 239/174/174
f 240/175/213 242/177/215 241/176/214
f 242/177/215 244/179/216 243/178/178
f 244/179/216 246/181/217 245/180/180
f 246/181/217 248/183/218 247/182/182
f 248/183/218 250/185/185 249/184/184
f 250/185/185 252/187/187 251/186/186
f 252/187/187 254/189/189 253/188/188
f 254/189/189 256/191/191 255/190/190
f 256/191/191 258/193/193 257/192/192
f 258/193/193 260/195/195 259/194/194
f 260/195/195 262/197/219 261/196/196
f 262/197/219 264/199/199 263/198/198
f 264/199/199 266/201/201 265/200/200
f 266/201/201 268/203/203 267/202/202
f 268/203/203 270/208/205 269/204/204
f 214/207/208 212/843/147 210/844/144
f 210/844/144 272/845/207 270/846/205
f 270/846/205 268/847/203 266/848/201
f 266/848/201 264/849/199 262/850/219
f 262/850/219 260/851/195 258/852/193
f 258/852/193 256/853/191 254/854/189
f 254/854/189 252/855/187 250/856/185
f 250/856/185 248/857/218 246/205/217
f 246/205/217 244/858/216 242/859/215
f 242/859/215 240/860/213 238/861/212
f 238/861/212 236/862/211 234/863/169
f 234/863/169 232/864/167 230/206/165
f 230/206/165 228/865/163 226/291/161
f 226/291/161 224/866/159 222/867/210
f 222/867/210 220/868/155 218/869/209
f 218/869/209 216/870/151 214/207/208
f 214/207/208 210/844/144 270/846/205
f 270/846/205 266/848/201 262/850/219
f 262/850/219 258/852/193 254/854/189
f 254/854/189 250/856/185 246/205/217
f 246/205/217 242/859/215 238/861/212
f 238/861/212 234/863/169 230/206/165
f 230/206/165 226/291/161 222/867/210
f 222/867/210 218/869/209 214/207/208
f 214/207/208 270/846/205 262/850/219
f 262/850/219 254/854/189 246/205/217
f 246/205/217 238/861/212 230/206/165
f 230/206/165 222/867/210 214/207/208
f 214/207/208 262/850/219 246/205/217
f 270/208/205 272/210/207 271/209/206
f 272/210/207 210/871/144 209/211/146
f 271/214/206 209/872/146 211/873/145
f 211/873/145 213/874/148 215/875/150
f 215/875/150 217/876/152 219/877/154
f 219/877/154 221/878/156 223/879/158
f 223/879/158 225/880/160 227/881/162
f 227/881/162 229/882/164 231/883/166
f 231/883/166 233/884/168 235/885/170
f 235/885/170 237/886/172 239/212/174
f 239/212/174 241/887/214 243/888/178
f 243/888/178 245/889/180 247/890/182
f 247/890/182 249/891/184 251/892/186
f 251/892/186 253/893/188 255/213/190
f 255/213/190 257/894/192 259/895/194
f 259/895/194 261/896/196 263/897/198
f 263/897/198 265/898/200 267/899/202
f 267/899/202 269/900/204 271/214/206
f 271/214/206 211/873/145 215/875/150
f 215/875/150 219/877/154 223/879/158
f 223/879/158 227/881/162 231/883/166
f 231/883/166 235/885/170 239/212/174
f 239/212/174 243/888/178 247/890/182
f 247/890/182 251/892/186 255/213/190
f 255/213/190 259/895/194 263/897/198
f 263/897/198 267/899/202 271/214/206
f 271/214/206 215/875/150 223/879/158
f 223/879/158 231/883/166 239/212/174
f 239/212/174 247/890/182 255/213/190
f 255/213/190 263/897/198 271/214/206
f 271/214/206 223/879/158 239/212/174
f 274/144/220 276/216/223 275/215/221
f 276/216/223 278/218/225 277/217/224
f 278/218/225 280/220/227 279/219/226
f 280/220/227 282/222/229 281/221/228
f 282/222/229 284/224/231 283/223/230
f 284/224/231 286/226/233 285/225/232
f 286/226/233 288/228/235 287/227/234
f 288/228/235 290/230/237 289/229/236
f 290/230/237 292/232/239 291/231/238
f 292/232/239 294/234/241 293/233/240
f 294/234/241 296/236/243 295/235/242
f 296/236/243 298/238/245 297/237/244
f 298/238/245 300/240/247 299/239/246
f 300/240/247 302/242/249 301/241/248
f 302/242/249 304/244/251 303/243/250
f 304/244/251 306/246/253 305/245/252
f 306/246/253 308/248/255 307/247/254
f 308/248/255 310/250/257 309/249/256
f 310/250/257 312/252/259 311/251/258
f 312/252/259 314/254/261 313/253/260
f 314/254/261 316/256/263 315/255/262
f 316/256/263 318/258/265 317/257/264
f 318/258/265 320/260/267 319/259/266
f 320/260/267 322/262/269 321/261/268
f 322/262/269 324/264/271 323/263/270
f 324/264/271 326/266/273 325/265/272
f 326/266/273 328/268/275 327/267/274
f 328/268/275 330/270/277 329/269/276
f 330/270/277 332/272/279 331/271/278
f 332/272/279 334/274/281 333/273/280
f 334/274/281 336/276/283 335/275/282
f 336/276/283 338/278/285 337/277/284
f 338/278/285 340/280/287 339/279/286
f 340/280/287 342/282/289 341/281/288
f 342/282/289 344/284/291 343/283/290
f 344/284/291 346/286/293 345/285/292
f 346/286/293 348/288/295 347/287/294
f 348/288/295 350/293/297 349/289/296
f 278/292/225 276/901/223 274/844/220
f 274/844/220 352/902/299 350/903/297
f 350/903/297 348/904/295 346/905/293
f 346/905/293 344/906/291 342/907/289
f 342/907/289 340/908/287 338/909/285
f 338/909/285 336/910/283 334/911/281
f 334/911/281 332/912/279 330/913/277
f 330/913/277 328/914/275 326/290/273
f 326/290/273 324/915/271 322/916/269
f 322/916/269 320/917/267 318/918/265
f 318/918/265 316/919/263 314/920/261
f 314/920/261 312/921/259 310/922/257
f 310/922/257 308/923/255 306/924/253
f 306/924/253 304/925/251 302/926/249
f 302/926/249 300/927/247 298/928/245
f 298/928/245 296/929/243 294/291/241
f 294/291/241 292/930/239 290/931/237
f 290/931/237 288/932/235 286/933/233
f 286/933/233 284/869/231 282/934/229
f 282/934/229 280/935/227 278/292/225
f 278/292/225 274/844/220 350/903/297
f 350/903/297 346/905/293 342/907/289
f 342/907/289 338/909/285 334/911/281
f 334/911/281 330/913/277 326/290/273
f 326/290/273 322/916/269 318/918/265
f 318/918/265 314/920/261 310/922/257
f 310/922/257 306/924/253 302/926/249
f 302/926/249 298/928/245 294/291/241
f 294/291/241 290/931/237 286/933/233
f 286/933/233 282/934/229 278/292/225
f 278/292/225 350/903/297 342/907/289
f 342/907/289 334/911/281 326/290/273
f 326/290/273 318/918/265 310/922/257
f 310/922/257 302/926/249 294/291/241
f 294/291/241 286/933/233 278/292/225
f 278/292/225 342/907/289 326/290/273
f 326/290/273 310/922/257 294/291/241
f 350/293/297 352/295/299 351/294/298
f 352/295/299 274/936/220 273/296/222
f 351/299/298 273/872/222 275/937/221
f 275/937/221 277/938/224 279/939/226
f 279/939/226 281/940/228 283/876/230
f 283/876/230 285/941/232 287/942/234
f 287/942/234 289/943/236 291/944/238
f 291/944/238 293/880/240 295/945/242
f 295/945/242 297/946/244 299/947/246
f 299/947/246 301/948/248 303/297/250
f 303/297/250 305/949/252 307/950/254
f 307/950/254 309/951/256 311/952/258
f 311/952/258 313/953/260 315/954/262
f 315/954/262 317/955/264 319/956/266
f 319/956/266 321/957/268 323/958/270
f 323/958/270 325/959/272 327/960/274
f 327/960/274 329/961/276 331/962/278
f 331/962/278 333/894/280 335/298/282
f 335/298/282 337/963/284 339/964/286
f 339/964/286 341/965/288 343/898/290
f 343/898/290 345/966/292 347/967/294
f 347/967/294 349/968/296 351/299/298
f 351/299/298 275/937/221 279/939/226
f 279/939/226 283/876/230 287/942/234
f 287/942/234 291/944/238 295/945/242
f 295/945/242 299/947/246 303/297/250
f 303/297/250 307/950/254 311/952/258
f 311/952/258 315/954/262 319/956/266
f 319/956/266 323/958/270 327/960/274
f 327/960/274 331/962/278 335/298/282
f 335/298/282 339/964/286 343/898/290
f 343/898/290 347/967/294 351/299/298
f 351/299/298 279/939/226 287/942/234
f 287/942/234 295/945/242 303/297/250
f 303/297/250 311/952/258 319/956/266
f 319/956/266 327/960/274 335/298/282
f 335/298/282 343/898/290 351/299/298
f 351/299/298 287/942/234 303/297/250
f 303/297/250 319/956/266 335/298/282
f 832/300/300 357/329/330 369/301/301
f 354/303/303 362/330/331 363/304/304
f 833/306/306 832/300/300 370/302/302
f 355/308/308 828/305/305 363/304/304
f 833/306/306 371/307/307 372/310/310
f 829/312/312 355/308/308 364/309/309
f 829/312/312 365/162/313 366/317/318
f 825/313/314 358/315/316 359/319/320
f 830/318/319 366/317/318 367/321/322
f 826/320/321 359/319/320 360/323/324
f 356/322/323 367/321/322 368/325/326
f 827/324/325 360/323/324 361/327/328
f 357/329/330 831/326/327 368/325/326
f 353/328/329 361/327/328 362/330/331
f 368/325/326 383/345/345 384/331/332
f 361/327/328 376/346/346 377/332/333
f 369/301/301 384/331/332 385/333/334
f 363/304/304 362/330/331 377/332/333
f 370/302/302 385/333/334 386/335/336
f 364/309/309 363/304/304 378/334/335
f 371/307/307 386/335/336 387/337/338
f 365/162/313 364/309/309 379/336/337
f 365/162/313 380/164/339 381/341/341
f 358/315/316 373/339/340 374/342/342
f 366/317/318 381/341/341 382/343/343
f 359/319/320 374/342/342 375/344/344
f 367/321/322 382/343/343 383/345/345
f 361/327/328 360/323/324 375/344/344
f 381/341/341 380/164/339 395/166/349
f 374/342/342 373/339/340 388/348/347
f 382/343/343 381/341/341 396/351/350
f 374/342/342 389/352/351 390/354/353
f 383/345/345 382/343/343 397/353/352
f 375/344/344 390/354/353 391/356/355
f 384/331/332 383/345/345 398/355/354
f 376/346/346 391/356/355 392/358/357
f 385/333/334 384/331/332 399/357/356
f 378/334/335 377/332/333 392/358/357
f 385/333/334 400/359/358 401/361/360
f 379/336/337 378/334/335 393/360/359
f 386/335/336 401/361/360 402/350/348
f 379/336/337 394/362/361 395/166/349
f 392/358/357 391/356/355 406/363/362
f 400/359/358 399/357/356 414/365/364
f 392/358/357 407/364/363 408/367/366
f 401/361/360 400/359/358 415/366/365
f 394/362/361 393/360/359 408/367/366
f 402/350/348 401/361/360 416/368/367
f 394/362/361 409/369/368 410/168/370
f 396/351/350 395/166/349 410/168/370
f 388/348/347 403/372/371 404/375/373
f 396/351/350 411/374/372 412/376/374
f 389/352/351 404/375/373 405/377/375
f 398/355/354 397/353/352 412/376/374
f 390/354/353 405/377/375 406/363/362
f 398/355/354 413/378/376 414/365/364
f 411/374/372 410/168/370 425/170/377
f 403/372/371 418/393/391 419/380/379
f 411/374/372 426/379/378 427/381/380
f 404/375/373 419/380/379 420/382/381
f 412/376/374 427/381/380 428/383/382
f 406/363/362 405/377/375 420/382/381
f 414/365/364 413/378/376 428/383/382
f 406/363/362 421/384/383 422/386/385
f 414/365/364 429/385/384 430/387/386
f 408/367/366 407/364/363 422/386/385
f 415/366/365 430/387/386 431/389/388
f 409/369/368 408/367/366 423/388/387
f 417/370/369 416/368/367 431/389/388
f 409/369/368 424/390/389 425/170/377
f 430/387/386 429/385/384 444/395/392
f 423/388/387 422/386/385 437/397/394
f 430/387/386 445/396/393 446/399/396
f 424/390/389 423/388/387 438/398/395
f 431/389/388 446/399/396 447/401/398
f 425/170/377 424/390/389 439/400/397
f 425/170/377 440/172/399 441/405/401
f 419/380/379 418/393/391 433/403/400
f 426/379/378 441/405/401 442/407/403
f 420/382/381 419/380/379 434/406/402
f 427/381/380 442/407/403 443/409/405
f 421/384/383 420/382/381 435/408/404
f 428/383/382 443/409/405 444/395/392
f 421/384/383 436/410/406 437/397/394
f 441/405/401 456/425/420 457/411/407
f 434/406/402 449/426/421 450/412/408
f 442/407/403 457/411/407 458/413/409
f 435/408/404 450/412/408 451/414/410
f 444/395/392 443/409/405 458/413/409
f 436/410/406 451/414/410 452/416/412
f 445/396/393 444/395/392 459/415/411
f 437/397/394 452/416/412 453/418/414
f 446/399/396 445/396/393 460/417/413
f 439/400/397 438/398/395 453/418/414
f 447/401/398 446/399/396 461/419/415
f 439/400/397 454/420/416 455/174/418
f 440/172/399 455/174/418 456/425/420
f 434/406/402 433/403/400 448/423/419
f 461/419/415 460/417/413 475/427/422
f 454/420/416 453/418/414 468/429/424
f 462/421/417 461/419/415 476/428/423
f 455/174/418 454/420/416 469/430/425
f 455/174/418 470/176/427 471/435/429
f 448/423/419 463/433/428 464/436/430
f 456/425/420 471/435/429 472/437/431
f 449/426/421 464/436/430 465/438/432
f 458/413/409 457/411/407 472/437/431
f 451/414/410 450/412/408 465/438/432
f 458/413/409 473/439/433 474/441/435
f 451/414/410 466/440/434 467/442/436
f 459/415/411 474/441/435 475/427/422
f 452/416/412 467/442/436 468/429/424
f 465/438/432 464/436/430 479/443/437
f 472/437/431 487/458/451 488/445/439
f 466/440/434 465/438/432 480/444/438
f 474/441/435 473/439/433 488/445/439
f 466/440/434 481/446/440 482/448/442
f 474/441/435 489/447/441 490/449/443
f 468/429/424 467/442/436 482/448/442
f 475/427/422 490/449/443 491/451/445
f 468/429/424 483/450/444 484/452/446
f 476/428/423 491/451/445 492/453/447
f 469/430/425 484/452/446 485/178/448
f 470/176/427 485/178/448 486/457/450
f 463/433/428 478/455/449 479/443/437
f 471/435/429 486/457/450 487/458/451
f 483/450/444 498/473/465 499/459/452
f 491/451/445 506/474/466 507/460/453
f 484/452/446 499/459/452 500/180/454
f 486/457/450 485/178/448 500/180/454
f 478/455/449 493/462/455 494/465/457
f 487/458/451 486/457/450 501/464/456
f 480/444/438 479/443/437 494/465/457
f 487/458/451 502/466/458 503/468/460
f 481/446/440 480/444/438 495/467/459
f 488/445/439 503/468/460 504/470/462
f 481/446/440 496/469/461 497/471/463
f 489/447/441 504/470/462 505/472/464
f 482/448/442 497/471/463 498/473/465
f 490/449/443 505/472/464 506/474/466
f 502/466/458 517/489/480 518/475/467
f 495/467/459 510/490/481 511/476/468
f 504/470/462 503/468/460 518/475/467
f 496/469/461 511/476/468 512/478/470
f 504/470/462 519/477/469 520/479/471
f 497/471/463 512/478/470 513/480/472
f 505/472/464 520/479/471 521/481/473
f 499/459/452 498/473/465 513/480/472
f 506/474/466 521/481/473 522/483/475
f 500/180/454 499/459/452 514/482/474
f 500/180/454 515/182/476 516/487/478
f 493/462/455 508/485/477 509/488/479
f 501/464/456 516/487/478 517/489/480
f 494/465/457 509/488/479 510/490/481
f 521/481/473 536/507/496 537/491/482
f 515/182/476 514/482/474 529/492/483
f 516/487/478 515/182/476 530/493/484
f 509/488/479 508/485/477 523/495/485
f 516/487/478 531/497/486 532/499/488
f 509/488/479 524/498/487 525/500/489
f 517/489/480 532/499/488 533/501/490
f 511/476/468 510/490/481 525/500/489
f 518/475/467 533/501/490 534/503/492
f 512/478/470 511/476/468 526/502/491
f 519/477/469 534/503/492 535/505/494
f 512/478/470 527/504/493 528/506/495
f 521/481/473 520/479/471 535/505/494
f 514/482/474 513/480/472 528/506/495
f 525/500/489 540/523/511 541/508/497
f 534/503/492 533/501/490 548/509/498
f 526/502/491 541/508/497 542/511/500
f 535/505/494 534/503/492 549/510/499
f 527/504/493 542/511/500 543/513/502
f 535/505/494 550/512/501 551/514/503
f 529/492/483 528/506/495 543/513/502
f 537/491/482 536/507/496 551/514/503
f 530/493/484 529/492/483 544/515/504
f 530/493/484 545/186/506 546/520/508
f 523/495/485 538/518/507 539/521/509
f 531/497/486 546/520/508 547/522/510
f 524/498/487 539/521/509 540/523/511
f 533/501/490 532/499/488 547/522/510
f 544/515/504 559/539/526 560/188/512
f 545/186/506 560/188/512 561/528/515
f 539/521/509 538/518/507 553/525/513
f 546/520/508 561/528/515 562/530/517
f 540/523/511 539/521/509 554/529/516
f 548/509/498 547/522/510 562/530/517
f 541/508/497 540/523/511 555/531/518
f 549/510/499 548/509/498 563/532/519
f 542/511/500 541/508/497 556/533/520
f 549/510/499 564/534/521 565/536/523
f 542/511/500 557/535/522 558/537/524
f 551/514/503 550/512/501 565/536/523
f 543/513/502 558/537/524 559/539/526
f 551/514/503 566/538/525 567/527/514
f 564/534/521 563/532/519 578/540/527
f 556/533/520 571/555/541 572/542/529
f 564/534/521 579/541/528 580/543/530
f 557/535/522 572/542/529 573/544/531
f 565/536/523 580/543/530 581/545/532
f 559/539/526 558/537/524 573/544/531
f 566/538/525 581/545/532 582/547/534
f 559/539/526 574/546/533 575/190/535
f 561/528/515 560/188/512 575/190/535
f 554/529/516 553/525/513 568/549/536
f 561/528/515 576/551/537 577/553/539
f 554/529/516 569/552/538 570/554/540
f 563/532/519 562/530/517 577/553/539
f 555/531/518 570/554/540 571/555/541
f 576/551/537 575/190/535 590/558/543
f 568/549/536 583/572/556 584/560/545
f 576/551/537 591/559/544 592/561/546
f 570/554/540 569/552/538 584/560/545
f 577/553/539 592/561/546 593/563/548
f 571/555/541 570/554/540 585/562/547
f 578/540/527 593/563/548 594/565/550
f 571/555/541 586/564/549 587/566/551
f 579/541/528 594/565/550 595/567/552
f 572/542/529 587/566/551 588/568/553
f 580/543/530 595/567/552 596/569/554
f 574/546/533 573/544/531 588/568/553
f 581/545/532 596/569/554 597/557/542
f 574/546/533 589/570/555 590/558/543
f 594/565/550 610/588/571 611/573/557
f 588/568/553 587/566/551 603/574/558
f 596/569/554 595/567/552 611/573/557
f 588/568/553 604/575/559 605/577/561
f 596/569/554 612/576/560 613/578/562
f 589/570/555 605/577/561 606/194/563
f 591/559/544 590/558/543 606/194/563
f 584/560/545 583/572/556 599/580/564
f 591/559/544 607/582/565 608/584/567
f 584/560/545 600/583/566 601/585/568
f 592/561/546 608/584/567 609/586/569
f 585/562/547 601/585/568 602/587/570
f 594/565/550 593/563/548 609/586/569
f 586/564/549 602/587/570 603/574/558
f 599/580/564 614/603/585 615/589/572
f 607/582/565 622/605/586 623/590/573
f 600/583/566 615/589/572 616/591/574
f 609/586/569 608/584/567 623/590/573
f 601/585/568 616/591/574 617/593/576
f 609/586/569 624/592/575 625/594/577
f 602/587/570 617/593/576 618/595/578
f 610/588/571 625/594/577 626/596/579
f 604/575/559 603/574/558 618/595/578
f 611/573/557 626/596/579 627/598/581
f 604/575/559 619/597/580 620/599/582
f 613/578/562 612/576/560 627/598/581
f 605/577/561 620/599/582 621/601/584
f 607/582/565 606/194/563 621/601/584
f 618/595/578 633/621/600 634/606/587
f 626/596/579 641/622/601 642/607/588
f 619/597/580 634/606/587 635/608/589
f 628/600/583 627/598/581 642/607/588
f 620/599/582 635/608/589 636/610/591
f 622/605/586 621/601/584 636/610/591
f 615/589/572 614/603/585 629/612/592
f 622/605/586 637/614/593 638/616/595
f 615/589/572 630/615/594 631/617/596
f 623/590/573 638/616/595 639/618/597
f 616/591/574 631/617/596 632/619/598
f 624/592/575 639/618/597 640/620/599
f 618/595/578 617/593/576 632/619/598
f 625/594/577 640/620/599 641/622/601
f 638/616/595 637/614/593 652/623/602
f 630/615/594 645/639/616 646/625/604
f 638/616/595 653/624/603 654/626/605
f 632/619/598 631/617/596 646/625/604
f 639/618/597 654/626/605 655/628/607
f 633/621/600 632/619/598 647/627/606
f 640/620/599 655/628/607 656/630/609
f 633/621/600 648/629/608 649/631/610
f 642/607/588 641/622/601 656/630/609
f 634/606/587 649/631/610 650/633/612
f 642/607/588 657/632/611 658/634/613
f 635/608/589 650/633/612 651/635/614
f 637/614/593 636/610/591 651/635/614
f 629/612/592 644/637/615 645/639/616
f 656/630/609 672/655/630 673/640/617
f 649/631/610 665/656/631 666/641/618
f 658/634/613 657/632/611 673/640/617
f 650/633/612 666/641/618 667/643/620
f 652/623/602 651/635/614 667/643/620
f 645/639/616 644/637/615 660/645/621
f 653/624/603 652/623/602 668/647/622
f 646/625/604 645/639/616 661/648/623
f 653/624/603 669/649/624 670/651/626
f 647/627/606 646/625/604 662/650/625
f 654/626/605 670/651/626 671/653/628
f 647/627/606 663/652/627 664/654/629
f 655/628/607 671/653/628 672/655/630
f 649/631/610 648/629/608 664/654/629
f 662/650/625 661/648/623 676/657/632
f 670/651/626 669/649/624 684/659/634
f 662/650/625 677/658/633 678/661/636
f 670/651/626 685/660/635 686/662/637
f 664/654/629 663/652/627 678/661/636
f 672/655/630 671/653/628 686/662/637
f 665/656/631 664/654/629 679/663/638
f 672/655/630 687/664/639 688/666/641
f 665/656/631 680/665/640 681/667/642
f 673/640/617 688/666/641 689/668/643
f 667/643/620 666/641/618 681/667/642
f 667/643/620 682/204/644 683/672/646
f 661/648/623 660/645/621 675/670/645
f 669/649/624 668/647/622 683/672/646
f 680/665/640 695/688/660 696/673/647
f 688/666/641 703/689/661 704/674/648
f 681/667/642 696/673/647 697/675/649
f 682/204/644 697/675/649 698/679/651
f 676/657/632 675/670/645 690/677/650
f 684/659/634 683/672/646 698/679/651
f 677/658/633 676/657/632 691/680/652
f 684/659/634 699/681/653 700/683/655
f 678/661/636 677/658/633 692/682/654
f 686/662/637 685/660/635 700/683/655
f 678/661/636 693/684/656 694/686/658
f 687/664/639 686/662/637 701/685/657
f 679/663/638 694/686/658 695/688/660
f 687/664/639 702/687/659 703/689/661
f 699/681/653 714/705/676 715/690/662
f 693/684/656 692/682/654 707/691/663
f 701/685/657 700/683/655 715/690/662
f 693/684/656 708/692/664 709/694/666
f 701/685/657 716/693/665 717/695/667
f 695/688/660 694/686/658 709/694/666
f 703/689/661 702/687/659 717/695/667
f 695/688/660 710/696/668 711/698/670
f 703/689/661 718/697/669 719/699/671
f 697/675/649 696/673/647 711/698/670
f 697/675/649 712/211/672 713/703/674
f 690/677/650 705/701/673 706/704/675
f 699/681/653 698/679/651 713/703/674
f 691/680/652 706/704/675 707/691/663
f 718/706/669 733/735/691 734/707/677
f 712/146/672 711/736/670 726/709/678
f 712/146/672 727/710/679 728/715/681
f 705/711/673 720/713/680 721/717/682
f 713/716/674 728/715/681 729/719/683
f 707/721/663 706/718/675 721/717/682
f 715/723/662 714/720/676 729/719/683
f 707/721/663 722/722/684 723/725/686
f 715/723/662 730/724/685 731/727/687
f 708/726/664 723/725/686 724/729/688
f 716/728/665 731/727/687 732/731/689
f 709/730/666 724/729/688 725/733/690
f 717/732/667 732/731/689 733/735/691
f 711/736/670 710/734/668 725/733/690
f 730/724/685 745/753/706 746/737/692
f 724/729/688 723/725/686 738/738/693
f 731/727/687 746/737/692 747/740/695
f 725/733/690 724/729/688 739/739/694
f 732/731/689 747/740/695 748/742/697
f 725/733/690 740/741/696 741/743/698
f 733/735/691 748/742/697 749/744/699
f 727/710/679 726/709/678 741/743/698
f 727/710/679 742/745/700 743/749/702
f 721/717/682 720/713/680 735/747/701
f 729/719/683 728/715/681 743/749/702
f 722/722/684 721/717/682 736/750/703
f 729/719/683 744/751/704 745/753/706
f 723/725/686 722/722/684 737/752/705
f 742/745/700 757/770/721 758/758/709
f 735/747/701 750/755/707 751/759/710
f 743/749/702 758/758/709 759/760/711
f 736/750/703 751/759/710 752/761/712
f 744/751/704 759/760/711 760/762/713
f 737/752/705 752/761/712 753/763/714
f 745/753/706 760/762/713 761/764/715
f 738/738/693 753/763/714 754/765/716
f 746/737/692 761/764/715 762/766/717
f 739/739/694 754/765/716 755/767/718
f 748/742/697 747/740/695 762/766/717
f 741/743/698 740/741/696 755/767/718
f 749/744/699 748/742/697 763/768/719
f 741/743/698 756/769/720 757/770/721
f 754/765/716 753/763/714 768/771/722
f 761/764/715 776/787/736 777/773/724
f 754/765/716 769/772/723 770/774/725
f 762/766/717 777/773/724 778/775/726
f 755/767/718 770/774/725 771/776/727
f 764/757/708 763/768/719 778/775/726
f 757/770/721 756/769/720 771/776/727
f 757/770/721 772/778/729 773/782/731
f 750/755/707 765/780/730 766/783/732
f 759/760/711 758/758/709 773/782/731
f 752/761/712 751/759/710 766/783/732
f 759/760/711 774/784/733 775/786/735
f 752/761/712 767/785/734 768/771/722
f 760/762/713 775/786/735 776/787/736
f 772/778/729 787/801/750 788/788/737
f 765/780/730 780/803/751 781/789/738
f 773/782/731 788/788/737 789/790/739
f 767/785/734 766/783/732 781/789/738
f 774/784/733 789/790/739 790/792/741
f 767/785/734 782/791/740 783/793/742
f 775/786/735 790/792/741 791/794/743
f 768/771/722 783/793/742 784/795/744
f 777/773/724 776/787/736 791/794/743
f 769/772/723 784/795/744 785/797/746
f 777/773/724 792/796/745 793/798/747
f 770/774/725 785/797/746 786/799/748
f 778/775/726 793/798/747 794/800/749
f 771/776/727 786/799/748 787/801/750
f 791/794/743 806/820/765 807/805/752
f 784/795/744 799/821/766 800/806/753
f 793/798/747 792/796/745 807/805/752
f 785/797/746 800/806/753 801/808/755
f 793/798/747 808/807/754 809/809/756
f 787/801/750 786/799/748 801/808/755
f 787/801/750 802/810/757 803/814/759
f 781/789/738 780/803/751 795/812/758
f 789/790/739 788/788/737 803/814/759
f 781/789/738 796/815/760 797/817/762
f 789/790/739 804/816/761 805/818/763
f 783/793/742 782/791/740 797/817/762
f 791/794/743 790/792/741 805/818/763
f 783/793/742 798/819/764 799/821/766
f 795/812/758 810/836/780 811/822/767
f 803/814/759 818/838/781 819/823/768
f 797/817/762 796/815/760 811/822/767
f 804/816/761 819/823/768 820/825/770
f 798/819/764 797/817/762 812/824/769
f 806/820/765 805/818/763 820/825/770
f 798/819/764 813/826/771 814/828/773
f 806/820/765 821/827/772 822/829/774
f 799/821/766 814/828/773 815/830/775
f 807/805/752 822/829/774 823/831/776
f 801/808/755 800/806/753 815/830/775
f 808/807/754 823/831/776 824/833/778
f 801/808/755 816/832/777 817/834/779
f 803/814/759 802/810/757 817/834/779
f 814/828/773 354/303/303 828/305/305
f 822/829/774 832/300/300 833/306/306
f 816/832/777 815/830/775 828/305/305
f 824/833/778 823/831/776 833/306/306
f 816/832/777 355/308/308 829/312/312
f 818/838/781 817/834/779 829/312/312
f 810/836/780 825/313/314 826/320/321
f 818/838/781 830/318/319 356/322/323
f 812/824/769 811/822/767 826/320/321
f 819/823/768 356/322/323 831/326/327
f 813/826/771 812/824/769 827/324/325
f 820/825/770 831/326/327 357/329/330
f 814/828/773 813/826/771 353/328/329
f 821/827/772 357/329/330 832/300/300
f 1315/306/306 1314/300/793 852/302/302
f 837/308/308 1310/305/794 845/304/304
f 1315/306/306 853/307/307 854/310/310
f 837/308/308 846/309/309 847/162/313
f 1311/312/312 847/162/313 848/317/318
f 1308/320/784 1307/313/782 840/315/783
f 1312/318/319 848/317/318 849/321/786
f 1308/320/784 841/319/785 842/323/787
f 838/322/323 849/321/786 850/325/788
f 1309/324/325 842/323/787 843/327/789
f 1313/326/327 850/325/788 851/301/301
f 835/328/329 843/327/789 844/330/791
f 839/329/790 851/301/301 852/302/302
f 836/303/792 844/330/791 845/304/304
f 851/301/301 866/331/803 867/333/795
f 845/304/304 844/330/791 859/332/333
f 853/307/307 852/302/302 867/333/795
f 846/309/309 845/304/304 860/334/796
f 853/307/307 868/335/336 869/337/338
f 847/162/313 846/309/309 861/336/797
f 847/162/313 862/164/339 863/341/799
f 841/319/785 840/315/783 855/339/798
f 848/317/318 863/341/799 864/343/343
f 842/323/787 841/319/785 856/342/800
f 849/321/786 864/343/343 865/345/801
f 842/323/787 857/344/344 858/346/802
f 850/325/788 865/345/801 866/331/803
f 843/327/789 858/346/802 859/332/333
f 855/339/798 870/348/809 871/352/804
f 864/343/343 863/341/799 878/351/350
f 857/344/344 856/342/800 871/352/804
f 864/343/343 879/353/352 880/355/805
f 857/344/344 872/354/353 873/356/355
f 865/345/801 880/355/805 881/357/806
f 858/346/802 873/356/355 874/358/357
f 867/333/795 866/331/803 881/357/806
f 859/332/333 874/358/357 875/360/359
f 867/333/795 882/359/807 883/361/360
f 860/334/796 875/360/359 876/362/361
f 868/335/336 883/361/360 884/350/808
f 861/336/797 876/362/361 877/166/349
f 863/341/799 862/164/339 877/166/349
f 875/360/359 874/358/357 889/364/810
f 883/361/360 882/359/807 897/366/365
f 876/362/361 875/360/359 890/367/811
f 883/361/360 898/368/367 899/370/369
f 876/362/361 891/369/368 892/168/370
f 878/351/350 877/166/349 892/168/370
f 871/352/804 870/348/809 885/372/812
f 878/351/350 893/374/813 894/376/814
f 872/354/353 871/352/804 886/375/373
f 879/353/352 894/376/814 895/378/376
f 873/356/355 872/354/353 887/377/375
f 880/355/805 895/378/376 896/365/364
f 874/358/357 873/356/355 888/363/362
f 881/357/806 896/365/364 897/366/365
f 893/374/813 908/379/821 909/381/380
f 886/375/373 901/380/822 902/382/381
f 894/376/814 909/381/380 910/383/382
f 888/363/362 887/377/375 902/382/381
f 896/365/364 895/378/376 910/383/382
f 888/363/362 903/384/815 904/386/385
f 896/365/364 911/385/816 912/387/386
f 890/367/811 889/364/810 904/386/385
f 898/368/367 897/366/365 912/387/386
f 891/369/368 890/367/811 905/388/387
f 898/368/367 913/389/817 914/391/819
f 892/168/370 891/369/368 906/390/818
f 892/168/370 907/170/377 908/379/821
f 885/372/812 900/393/820 901/380/822
f 912/387/386 927/396/827 928/399/823
f 905/388/387 920/398/828 921/400/397
f 913/389/817 928/399/823 929/401/824
f 907/170/377 906/390/818 921/400/397
f 907/170/377 922/172/399 923/405/401
f 901/380/822 900/393/820 915/403/400
f 909/381/380 908/379/821 923/405/401
f 902/382/381 901/380/822 916/406/402
f 909/381/380 924/407/825 925/409/826
f 902/382/381 917/408/404 918/410/406
f 910/383/382 925/409/826 926/395/392
f 904/386/385 903/384/815 918/410/406
f 911/385/816 926/395/392 927/396/827
f 905/388/387 904/386/385 919/397/394
f 924/407/825 939/411/834 940/413/409
f 917/408/404 932/412/835 933/414/829
f 926/395/392 925/409/826 940/413/409
f 918/410/406 933/414/829 934/416/412
f 927/396/827 926/395/392 941/415/411
f 919/397/394 934/416/412 935/418/830
f 928/399/823 927/396/827 942/417/413
f 921/400/397 920/398/828 935/418/830
f 928/399/823 943/419/415 944/421/831
f 922/172/399 921/400/397 936/420/416
f 922/172/399 937/174/418 938/425/832
f 916/406/402 915/403/400 930/423/419
f 923/405/401 938/425/832 939/411/834
f 916/406/402 931/426/833 932/412/835
f 944/421/831 943/419/415 958/428/423
f 936/420/416 951/430/837 952/176/427
f 937/174/418 952/176/427 953/435/429
f 930/423/419 945/433/428 946/436/430
f 938/425/832 953/435/429 954/437/431
f 931/426/833 946/436/430 947/438/432
f 939/411/834 954/437/431 955/439/433
f 933/414/829 932/412/835 947/438/432
f 941/415/411 940/413/409 955/439/433
f 934/416/412 933/414/829 948/440/434
f 941/415/411 956/441/836 957/427/422
f 935/418/830 934/416/412 949/442/436
f 943/419/415 942/417/413 957/427/422
f 935/418/830 950/429/424 951/430/837
f 948/440/434 947/438/432 962/444/438
f 955/439/433 970/445/843 971/447/838
f 949/442/436 948/440/434 963/446/440
f 956/441/836 971/447/838 972/449/443
f 950/429/424 949/442/436 964/448/442
f 957/427/422 972/449/443 973/451/445
f 950/429/424 965/450/839 966/452/446
f 958/428/423 973/451/445 974/453/840
f 951/430/837 966/452/446 967/178/448
f 953/435/429 952/176/427 967/178/448
f 945/433/428 960/455/449 961/443/437
f 954/437/431 953/435/429 968/457/841
f 947/438/432 946/436/430 961/443/437
f 954/437/431 969/458/842 970/445/843
f 967/178/448 966/452/446 981/459/452
f 968/457/841 967/178/448 982/180/454
f 960/455/449 975/462/455 976/465/457
f 969/458/842 968/457/841 983/464/456
f 962/444/438 961/443/437 976/465/457
f 969/458/842 984/466/458 985/468/460
f 963/446/440 962/444/438 977/467/459
f 970/445/843 985/468/460 986/470/462
f 964/448/442 963/446/440 978/469/461
f 971/447/838 986/470/462 987/472/464
f 964/448/442 979/471/463 980/473/845
f 972/449/443 987/472/464 988/474/846
f 965/450/839 980/473/845 981/459/452
f 974/453/840 973/451/445 988/474/846
f 986/470/462 985/468/460 1000/475/847
f 978/469/461 993/476/854 994/478/470
f 987/472/464 986/470/462 1001/477/848
f 979/471/463 994/478/470 995/480/472
f 987/472/464 1002/479/471 1003/481/849
f 981/459/452 980/473/845 995/480/472
f 988/474/846 1003/481/849 1004/483/850
f 981/459/452 996/482/474 997/182/476
f 983/464/456 982/180/454 997/182/476
f 975/462/455 990/485/851 991/488/479
f 983/464/456 998/487/478 999/489/852
f 976/465/457 991/488/479 992/490/853
f 984/466/458 999/489/852 1000/475/847
f 977/467/459 992/490/853 993/476/854
f 998/487/478 997/182/476 1012/493/484
f 990/485/851 1005/495/855 1006/498/857
f 998/487/478 1013/497/486 1014/499/488
f 992/490/853 991/488/479 1006/498/857
f 1000/475/847 999/489/852 1014/499/488
f 992/490/853 1007/500/489 1008/502/859
f 1000/475/847 1015/501/858 1016/503/860
f 994/478/470 993/476/854 1008/502/859
f 1001/477/848 1016/503/860 1017/505/494
f 994/478/470 1009/504/861 1010/506/862
f 1002/479/471 1017/505/494 1018/507/863
f 996/482/474 995/480/472 1010/506/862
f 1004/483/850 1003/481/849 1018/507/863
f 996/482/474 1011/492/864 1012/493/484
f 1008/502/859 1023/508/871 1024/511/500
f 1017/505/494 1016/503/860 1031/510/499
f 1009/504/861 1024/511/500 1025/513/502
f 1018/507/863 1017/505/494 1032/512/865
f 1011/492/864 1010/506/862 1025/513/502
f 1018/507/863 1033/514/866 1034/516/868
f 1012/493/484 1011/492/864 1026/515/867
f 1012/493/484 1027/186/506 1028/520/508
f 1005/495/855 1020/518/507 1021/521/869
f 1013/497/486 1028/520/508 1029/522/510
f 1007/500/489 1006/498/857 1021/521/869
f 1014/499/488 1029/522/510 1030/509/498
f 1007/500/489 1022/523/870 1023/508/871
f 1016/503/860 1015/501/858 1030/509/498
f 1027/186/506 1042/188/512 1043/528/872
f 1021/521/869 1020/518/507 1035/525/513
f 1028/520/508 1043/528/872 1044/530/517
f 1021/521/869 1036/529/873 1037/531/518
f 1029/522/510 1044/530/517 1045/532/874
f 1023/508/871 1022/523/870 1037/531/518
f 1031/510/499 1030/509/498 1045/532/874
f 1023/508/871 1038/533/520 1039/535/875
f 1031/510/499 1046/534/521 1047/536/523
f 1024/511/500 1039/535/875 1040/537/524
f 1033/514/866 1032/512/865 1047/536/523
f 1026/515/867 1025/513/502 1040/537/524
f 1034/516/868 1033/514/866 1048/538/525
f 1026/515/867 1041/539/876 1042/188/512
f 1046/534/521 1061/541/883 1062/543/530
f 1039/535/875 1054/542/884 1055/544/531
f 1047/536/523 1062/543/530 1063/545/532
f 1041/539/876 1040/537/524 1055/544/531
f 1048/538/525 1063/545/532 1064/547/878
f 1042/188/512 1041/539/876 1056/546/533
f 1042/188/512 1057/190/535 1058/551/879
f 1036/529/873 1035/525/513 1050/549/536
f 1043/528/872 1058/551/879 1059/553/880
f 1036/529/873 1051/552/538 1052/554/540
f 1045/532/874 1044/530/517 1059/553/880
f 1037/531/518 1052/554/540 1053/555/882
f 1046/534/521 1045/532/874 1060/540/881
f 1038/533/520 1053/555/882 1054/542/884
f 1058/551/879 1073/559/886 1074/561/546
f 1052/554/540 1051/552/538 1066/560/545
f 1060/540/881 1059/553/880 1074/561/546
f 1053/555/882 1052/554/540 1067/562/547
f 1060/540/881 1075/563/548 1076/565/550
f 1054/542/884 1053/555/882 1068/564/549
f 1061/541/883 1076/565/550 1077/567/552
f 1054/542/884 1069/566/551 1070/568/553
f 1062/543/530 1077/567/552 1078/569/554
f 1055/544/531 1070/568/553 1071/570/555
f 1064/547/878 1063/545/532 1078/569/554
f 1056/546/533 1071/570/555 1072/558/543
f 1058/551/879 1057/190/535 1072/558/543
f 1050/549/536 1065/572/885 1066/560/545
f 1078/569/554 1077/567/552 1093/573/557
f 1071/570/555 1070/568/553 1086/575/888
f 1079/557/542 1078/569/554 1094/576/887
f 1071/570/555 1087/577/561 1088/194/563
f 1073/559/886 1072/558/543 1088/194/563
f 1066/560/545 1065/572/885 1081/580/564
f 1073/559/886 1089/582/890 1090/584/567
f 1066/560/545 1082/583/566 1083/585/891
f 1074/561/546 1090/584/567 1091/586/892
f 1067/562/547 1083/585/891 1084/587/570
f 1075/563/548 1091/586/892 1092/588/893
f 1068/564/549 1084/587/570 1085/574/558
f 1077/567/552 1076/565/550 1092/588/893
f 1069/566/551 1085/574/558 1086/575/888
f 1082/583/566 1097/589/898 1098/591/574
f 1090/584/567 1105/590/899 1106/592/894
f 1084/587/570 1083/585/891 1098/591/574
f 1091/586/892 1106/592/894 1107/594/577
f 1085/574/558 1084/587/570 1099/593/576
f 1092/588/893 1107/594/577 1108/596/579
f 1086/575/888 1085/574/558 1100/595/895
f 1093/573/557 1108/596/579 1109/598/581
f 1086/575/888 1101/597/580 1102/599/582
f 1095/578/889 1094/576/887 1109/598/581
f 1087/577/561 1102/599/582 1103/601/584
f 1089/582/890 1088/194/563 1103/601/584
f 1081/580/564 1096/603/896 1097/589/898
f 1089/582/890 1104/605/897 1105/590/899
f 1102/599/582 1101/597/580 1116/606/900
f 1110/600/583 1109/598/581 1124/607/588
f 1102/599/582 1117/608/901 1118/610/591
f 1104/605/897 1103/601/584 1118/610/591
f 1096/603/896 1111/612/902 1112/615/903
f 1104/605/897 1119/614/593 1120/616/904
f 1097/589/898 1112/615/903 1113/617/596
f 1105/590/899 1120/616/904 1121/618/597
f 1098/591/574 1113/617/596 1114/619/905
f 1107/594/577 1106/592/894 1121/618/597
f 1100/595/895 1099/593/576 1114/619/905
f 1107/594/577 1122/620/906 1123/622/908
f 1100/595/895 1115/621/907 1116/606/900
f 1108/596/579 1123/622/908 1124/607/588
f 1120/616/904 1135/624/914 1136/626/605
f 1114/619/905 1113/617/596 1128/625/604
f 1121/618/597 1136/626/605 1137/628/910
f 1114/619/905 1129/627/909 1130/629/608
f 1123/622/908 1122/620/906 1137/628/910
f 1116/606/900 1115/621/907 1130/629/608
f 1124/607/588 1123/622/908 1138/630/609
f 1116/606/900 1131/631/610 1132/633/612
f 1124/607/588 1139/632/911 1140/634/912
f 1117/608/901 1132/633/612 1133/635/614
f 1118/610/591 1133/635/614 1134/623/602
f 1111/612/902 1126/637/615 1127/639/913
f 1120/616/904 1119/614/593 1134/623/602
f 1112/615/903 1127/639/913 1128/625/604
f 1139/632/911 1155/640/923 1156/642/915
f 1133/635/614 1132/633/612 1148/641/916
f 1133/635/614 1149/643/620 1150/647/622
f 1127/639/913 1126/637/615 1142/645/917
f 1135/624/914 1134/623/602 1150/647/622
f 1127/639/913 1143/648/918 1144/650/625
f 1135/624/914 1151/649/624 1152/651/919
f 1128/625/604 1144/650/625 1145/652/920
f 1137/628/910 1136/626/605 1152/651/919
f 1129/627/909 1145/652/920 1146/654/629
f 1137/628/910 1153/653/628 1154/655/921
f 1130/629/608 1146/654/629 1147/656/922
f 1138/630/609 1154/655/921 1155/640/923
f 1131/631/610 1147/656/922 1148/641/916
f 1144/650/625 1159/658/928 1160/661/636
f 1153/653/628 1152/651/919 1167/660/924
f 1145/652/920 1160/661/636 1161/663/638
f 1154/655/921 1153/653/628 1168/662/637
f 1146/654/629 1161/663/638 1162/665/640
f 1154/655/921 1169/664/639 1170/666/925
f 1147/656/922 1162/665/640 1163/667/642
f 1155/640/923 1170/666/925 1171/668/926
f 1149/643/620 1148/641/916 1163/667/642
f 1149/643/620 1164/204/644 1165/672/646
f 1142/645/917 1157/670/645 1158/657/927
f 1150/647/622 1165/672/646 1166/659/634
f 1144/650/625 1143/648/918 1158/657/927
f 1151/649/624 1166/659/634 1167/660/924
f 1164/204/644 1163/667/642 1178/673/647
f 1164/204/644 1179/675/649 1180/679/931
f 1157/670/645 1172/677/929 1173/680/932
f 1165/672/646 1180/679/931 1181/681/933
f 1158/657/927 1173/680/932 1174/682/654
f 1167/660/924 1166/659/634 1181/681/933
f 1159/658/928 1174/682/654 1175/684/656
f 1168/662/637 1167/660/924 1182/683/934
f 1160/661/636 1175/684/656 1176/686/658
f 1169/664/639 1168/662/637 1183/685/935
f 1162/665/640 1161/663/638 1176/686/658
f 1169/664/639 1184/687/659 1185/689/937
f 1162/665/640 1177/688/936 1178/673/647
f 1171/668/926 1170/666/925 1185/689/937
f 1182/683/934 1197/690/944 1198/693/665
f 1176/686/658 1175/684/656 1190/692/938
f 1183/685/935 1198/693/665 1199/695/667
f 1177/688/936 1176/686/658 1191/694/666
f 1185/689/937 1184/687/659 1199/695/667
f 1177/688/936 1192/696/668 1193/698/670
f 1185/689/937 1200/697/669 1201/699/671
f 1179/675/649 1178/673/647 1193/698/670
f 1180/679/931 1179/675/649 1194/211/672
f 1173/680/932 1172/677/929 1187/701/939
f 1181/681/933 1180/679/931 1195/703/940
f 1173/680/932 1188/704/941 1189/691/943
f 1181/681/933 1196/705/942 1197/690/944
f 1174/682/654 1189/691/943 1190/692/938
f 1194/146/672 1209/710/679 1210/715/945
f 1187/711/939 1202/713/951 1203/717/682
f 1195/716/940 1210/715/945 1211/719/683
f 1189/721/943 1188/718/941 1203/717/682
f 1197/723/944 1196/720/942 1211/719/683
f 1190/726/938 1189/721/943 1204/722/684
f 1198/728/665 1197/723/944 1212/724/946
f 1190/726/938 1205/725/686 1206/729/948
f 1199/732/667 1198/728/665 1213/727/947
f 1191/730/666 1206/729/948 1207/733/690
f 1199/732/667 1214/731/689 1215/735/949
f 1193/736/670 1192/734/668 1207/733/690
f 1200/706/669 1215/735/949 1216/707/677
f 1194/146/672 1193/736/670 1208/709/950
f 1213/727/947 1228/737/954 1229/740/695
f 1206/729/948 1221/739/955 1222/741/696
f 1214/731/689 1229/740/695 1230/742/697
f 1208/709/950 1207/733/690 1222/741/696
f 1215/735/949 1230/742/697 1231/744/699
f 1209/710/679 1208/709/950 1223/743/698
f 1209/710/679 1224/745/700 1225/749/952
f 1203/717/682 1202/713/951 1217/747/701
f 1210/715/945 1225/749/952 1226/751/704
f 1204/722/684 1203/717/682 1218/750/703
f 1211/719/683 1226/751/704 1227/753/953
f 1205/725/686 1204/722/684 1219/752/705
f 1213/727/947 1212/724/946 1227/753/953
f 1206/729/948 1205/725/686 1220/738/693
f 1217/747/701 1232/755/960 1233/759/710
f 1225/749/952 1240/758/961 1241/760/956
f 1218/750/703 1233/759/710 1234/761/712
f 1227/753/953 1226/751/704 1241/760/956
f 1220/738/693 1219/752/705 1234/761/712
f 1228/737/954 1227/753/953 1242/762/713
f 1220/738/693 1235/763/714 1236/765/716
f 1228/737/954 1243/764/957 1244/766/717
f 1222/741/696 1221/739/955 1236/765/716
f 1230/742/697 1229/740/695 1244/766/717
f 1223/743/698 1222/741/696 1237/767/958
f 1231/744/699 1230/742/697 1245/768/719
f 1224/745/700 1223/743/698 1238/769/959
f 1224/745/700 1239/770/721 1240/758/961
f 1236/765/716 1251/772/965 1252/774/725
f 1244/766/717 1259/773/966 1260/775/726
f 1237/767/958 1252/774/725 1253/776/727
f 1246/757/708 1245/768/719 1260/775/726
f 1239/770/721 1238/769/959 1253/776/727
f 1239/770/721 1254/778/729 1255/782/731
f 1233/759/710 1232/755/960 1247/780/730
f 1240/758/961 1255/782/731 1256/784/733
f 1233/759/710 1248/783/732 1249/785/734
f 1241/760/956 1256/784/733 1257/786/962
f 1234/761/712 1249/785/734 1250/771/963
f 1242/762/713 1257/786/962 1258/787/964
f 1235/763/714 1250/771/963 1251/772/965
f 1244/766/717 1243/764/957 1258/787/964
f 1255/782/731 1270/788/971 1271/790/739
f 1248/783/732 1263/789/972 1264/791/967
f 1256/784/733 1271/790/739 1272/792/968
f 1249/785/734 1264/791/967 1265/793/969
f 1258/787/964 1257/786/962 1272/792/968
f 1250/771/963 1265/793/969 1266/795/744
f 1259/773/966 1258/787/964 1273/794/743
f 1251/772/965 1266/795/744 1267/797/746
f 1259/773/966 1274/796/745 1275/798/747
f 1252/774/725 1267/797/746 1268/799/748
f 1260/775/726 1275/798/747 1276/800/749
f 1254/778/729 1253/776/727 1268/799/748
f 1254/778/729 1269/801/750 1270/788/971
f 1248/783/732 1247/780/730 1262/803/970
f 1275/798/747 1274/796/745 1289/805/752
f 1267/797/746 1282/806/982 1283/808/755
f 1275/798/747 1290/807/973 1291/809/974
f 1268/799/748 1283/808/755 1284/810/757
f 1270/788/971 1269/801/750 1284/810/757
f 1262/803/970 1277/812/975 1278/815/977
f 1271/790/739 1270/788/971 1285/814/976
f 1263/789/972 1278/815/977 1279/817/979
f 1272/792/968 1271/790/739 1286/816/978
f 1264/791/967 1279/817/979 1280/819/764
f 1273/794/743 1272/792/968 1287/818/763
f 1265/793/969 1280/819/764 1281/821/981
f 1273/794/743 1288/820/980 1289/805/752
f 1266/795/744 1281/821/981 1282/806/982
f 1279/817/979 1278/815/977 1293/822/767
f 1286/816/978 1301/823/989 1302/825/770
f 1280/819/764 1279/817/979 1294/824/769
f 1287/818/763 1302/825/770 1303/827/772
f 1280/819/764 1295/826/771 1296/828/773
f 1288/820/980 1303/827/772 1304/829/983
f 1281/821/981 1296/828/773 1297/830/984
f 1289/805/752 1304/829/983 1305/831/776
f 1283/808/755 1282/806/982 1297/830/984
f 1291/809/974 1290/807/973 1305/831/776
f 1283/808/755 1298/832/985 1299/834/779
f 1285/814/976 1284/810/757 1299/834/779
f 1277/812/975 1292/836/987 1293/822/767
f 1285/814/976 1300/838/988 1301/823/989
f 1298/832/985 1297/830/984 1310/305/794
f 1306/833/986 1305/831/776 1315/306/306
f 1298/832/985 837/308/308 1311/312/312
f 1300/838/988 1299/834/779 1311/312/312
f 1292/836/987 1307/313/782 1308/320/784
f 1300/838/988 1312/318/319 838/322/323
f 1294/824/769 1293/822/767 1308/320/784
f 1302/825/770 1301/823/989 838/322/323
f 1295/826/771 1294/824/769 1309/324/325
f 1302/825/770 1313/326/327 839/329/790
f 1296/828/773 1295/826/771 835/328/329
f 1304/829/983 1303/827/772 839/329/790
f 1296/828/773 836/303/792 1310/305/794
f 1304/829/983 1314/300/793 1315/306/306
usemtl black_oven_glass
f 57/72/57 61/73/58 63/74/59
f 58/75/60 61/76/58 60/77/61
f 59/78/62 61/79/58 62/80/63
f 64/81/64 68/82/65 70/83/66
f 65/84/67 68/85/65 67/86/68
f 66/87/69 68/88/65 69/89/70
f 71/90/71 75/91/72 77/92/73
f 72/93/74 75/94/72 74/95/75
f 73/96/76 75/94/72 76/97/77
f 78/98/78 82/99/79 84/100/80
f 79/101/81 82/102/79 81/103/82
f 80/104/83 82/102/79 83/105/84
f 85/106/85 89/107/86 91/108/87
f 86/109/88 89/107/86 88/110/89
f 87/111/90 89/107/86 90/112/91
f 92/113/92 96/114/93 98/115/94
f 93/116/95 96/114/93 95/117/96
f 94/118/97 96/114/93 97/119/98
f 99/120/99 103/121/100 105/122/101
f 100/123/102 103/121/100 102/124/47
f 101/125/103 103/121/100 104/126/104
f 106/127/105 110/128/106 112/129/107
f 107/130/108 110/128/106 109/131/109
f 108/132/110 110/128/106 111/133/111
f 57/72/57 74/134/75 71/90/71
f 74/95/75 59/78/62 72/93/74
f 58/75/60 70/83/66 62/135/63
f 70/136/66 59/78/62 62/80/63
f 65/84/67 84/100/80 69/137/70
f 84/138/80 66/87/69 69/89/70
f 73/96/76 83/105/84 79/101/81
f 76/97/77 80/104/83 83/105/84
f 71/90/71 102/124/47 99/120/99
f 77/139/73 100/123/102 102/124/47
f 78/98/78 112/129/107 81/140/82
f 112/129/107 79/101/81 81/103/82
f 101/125/103 111/133/111 107/130/108
f 104/126/104 108/132/110 111/133/111
f 85/106/85 105/122/101 88/110/89
f 105/122/101 86/109/88 88/110/89
f 92/113/92 109/131/109 106/127/105
f 109/131/109 94/118/97 107/130/108
f 87/111/90 97/119/98 93/116/95
f 90/112/91 94/118/97 97/119/98
f 85/106/85 60/141/61 57/72/57
f 91/108/87 58/75/60 60/77/61
f 92/113/92 67/86/68 95/117/96
f 67/142/68 93/116/95 95/117/96
f 99/120/99 57/72/57 71/90/71
f 66/87/69 72/93/74 59/78/62
f 93/116/95 58/75/60 87/111/90
f 78/98/78 92/113/92 106/127/105
f 79/101/81 100/123/102 73/96/76
f 107/130/108 86/109/88 101/125/103
f 57/72/57 60/141/61 61/73/58
f 58/75/60 62/135/63 61/76/58
f 59/78/62 63/842/59 61/79/58
f 64/81/64 67/142/68 68/82/65
f 65/84/67 69/137/70 68/85/65
f 66/87/69 70/136/66 68/88/65
f 71/90/71 74/134/75 75/91/72
f 72/93/74 76/97/77 75/94/72
f 73/96/76 77/139/73 75/94/72
f 78/98/78 81/140/82 82/99/79
f 79/101/81 83/105/84 82/102/79
f 80/104/83 84/138/80 82/102/79
f 85/106/85 88/110/89 89/107/86
f 86/109/88 90/112/91 89/107/86
f 87/111/90 91/108/87 89/107/86
f 92/113/92 95/117/96 96/114/93
f 93/116/95 97/119/98 96/114/93
f 94/118/97 98/115/94 96/114/93
f 99/120/99 102/124/47 103/121/100
f 100/123/102 104/126/104 103/121/100
f 101/125/103 105/122/101 103/121/100
f 106/127/105 109/131/109 110/128/106
f 107/130/108 111/133/111 110/128/106
f 108/132/110 112/129/107 110/128/106
f 57/72/57 63/74/59 74/134/75
f 74/95/75 63/842/59 59/78/62
f 58/75/60 64/81/64 70/83/66
f 70/136/66 66/87/69 59/78/62
f 65/84/67 78/98/78 84/100/80
f 84/138/80 80/104/83 66/87/69
f 73/96/76 76/97/77 83/105/84
f 76/97/77 72/93/74 80/104/83
f 71/90/71 77/92/73 102/124/47
f 77/139/73 73/96/76 100/123/102
f 78/98/78 106/127/105 112/129/107
f 112/129/107 108/132/110 79/101/81
f 101/125/103 104/126/104 111/133/111
f 104/126/104 100/123/102 108/132/110
f 85/106/85 99/120/99 105/122/101
f 105/122/101 101/125/103 86/109/88
f 92/113/92 98/115/94 109/131/109
f 109/131/109 98/115/94 94/118/97
f 87/111/90 90/112/91 97/119/98
f 90/112/91 86/109/88 94/118/97
f 85/106/85 91/108/87 60/141/61
f 91/108/87 87/111/90 58/75/60
f 92/113/92 65/84/67 67/86/68
f 67/142/68 64/81/64 93/116/95
f 99/120/99 85/106/85 57/72/57
f 66/87/69 80/104/83 72/93/74
f 93/116/95 64/81/64 58/75/60
f 78/98/78 65/84/67 92/113/92
f 79/101/81 108/132/110 100/123/102
f 107/130/108 94/118/97 86/109/88
