# Blender 4.5.0
# www.blender.org
mtllib mesh_018.mtl
o mesh_018
v -0.127018 -0.259382 0.960000
v -0.127018 -0.261239 0.961856
v -0.128874 -0.259382 0.961856
v -0.127018 -0.260695 0.960544
v -0.128090 -0.260454 0.960785
v -0.128330 -0.260695 0.961856
v -0.128330 -0.259382 0.960544
v -0.127018 -0.261239 0.980144
v -0.127018 -0.259382 0.982000
v -0.128874 -0.259382 0.980144
v -0.127018 -0.260695 0.981456
v -0.128090 -0.260454 0.981215
v -0.128330 -0.259382 0.981456
v -0.128330 -0.260695 0.980144
v -0.127018 0.016835 0.960000
v -0.128874 0.016835 0.961856
v -0.127018 0.018691 0.961856
v -0.128330 0.016835 0.960544
v -0.128090 0.017906 0.960785
v -0.128330 0.018147 0.961856
v -0.127018 0.018147 0.960544
v -0.127018 0.016835 0.982000
v -0.127018 0.018691 0.980144
v -0.128874 0.016835 0.980144
v -0.127018 0.018147 0.981456
v -0.128090 0.017906 0.981215
v -0.128330 0.018147 0.980144
v -0.128330 0.016835 0.981456
v -0.115261 -0.259382 0.960000
v -0.113404 -0.259382 0.961856
v -0.115261 -0.261239 0.961856
v -0.113948 -0.259382 0.960544
v -0.114189 -0.260454 0.960785
v -0.113948 -0.260695 0.961856
v -0.115261 -0.260695 0.960544
v -0.115261 -0.259382 0.982000
v -0.115261 -0.261239 0.980144
v -0.113404 -0.259382 0.980144
v -0.115261 -0.260695 0.981456
v -0.114189 -0.260454 0.981215
v -0.113948 -0.260695 0.980144
v -0.113948 -0.259382 0.981456
v -0.115261 0.016835 0.960000
v -0.115261 0.018691 0.961856
v -0.113404 0.016835 0.961856
v -0.115261 0.018147 0.960544
v -0.114189 0.017906 0.960785
v -0.113948 0.018147 0.961856
v -0.113948 0.016835 0.960544
v -0.115261 0.016835 0.982000
v -0.113404 0.016835 0.980144
v -0.115261 0.018691 0.980144
v -0.113948 0.016835 0.981456
v -0.114189 0.017906 0.981215
v -0.113948 0.018147 0.980144
v -0.115261 0.018147 0.981456
v -0.111548 -0.259382 0.960000
v -0.111548 -0.261239 0.961856
v -0.113404 -0.259382 0.961856
v -0.111548 -0.260695 0.960544
v -0.112620 -0.260454 0.960785
v -0.112860 -0.260695 0.961856
v -0.112860 -0.259382 0.960544
v -0.111548 -0.261239 0.980144
v -0.111548 -0.259382 0.982000
v -0.113404 -0.259382 0.980144
v -0.111548 -0.260695 0.981456
v -0.112620 -0.260454 0.981215
v -0.112860 -0.259382 0.981456
v -0.112860 -0.260695 0.980144
v -0.111548 -0.247625 0.960000
v -0.113404 -0.247625 0.961856
v -0.111548 -0.245769 0.961856
v -0.112860 -0.247625 0.960544
v -0.112620 -0.246553 0.960785
v -0.112860 -0.246312 0.961856
v -0.111548 -0.246312 0.960544
v -0.111548 -0.247625 0.982000
v -0.111548 -0.245769 0.980144
v -0.113404 -0.247625 0.980144
v -0.111548 -0.246312 0.981456
v -0.112620 -0.246553 0.981215
v -0.112860 -0.246312 0.980144
v -0.112860 -0.247625 0.981456
v 0.111548 -0.259382 0.960000
v 0.113404 -0.259382 0.961856
v 0.111548 -0.261239 0.961856
v 0.112860 -0.259382 0.960544
v 0.112620 -0.260454 0.960785
v 0.112860 -0.260695 0.961856
v 0.111548 -0.260695 0.960544
v 0.111548 -0.259382 0.982000
v 0.111548 -0.261239 0.980144
v 0.113404 -0.259382 0.980144
v 0.111548 -0.260695 0.981456
v 0.112620 -0.260454 0.981215
v 0.112860 -0.260695 0.980144
v 0.112860 -0.259382 0.981456
v 0.111548 -0.247625 0.960000
v 0.111548 -0.245769 0.961856
v 0.113404 -0.247625 0.961856
v 0.111548 -0.246312 0.960544
v 0.112620 -0.246553 0.960785
v 0.112860 -0.246312 0.961856
v 0.112860 -0.247625 0.960544
v 0.111548 -0.247625 0.982000
v 0.113404 -0.247625 0.980144
v 0.111548 -0.245769 0.980144
v 0.112860 -0.247625 0.981456
v 0.112620 -0.246553 0.981215
v 0.112860 -0.246312 0.980144
v 0.111548 -0.246312 0.981456
v -0.045878 -0.118746 0.965940
v -0.045878 -0.117948 0.966738
v -0.045079 -0.118746 0.966738
v -0.045878 -0.118182 0.966174
v -0.045417 -0.118285 0.966277
v -0.045313 -0.118182 0.966738
v -0.045313 -0.118746 0.966174
v -0.045878 -0.117948 0.981202
v -0.045878 -0.118746 0.982000
v -0.045079 -0.118746 0.981202
v -0.045878 -0.118182 0.981766
v -0.045417 -0.118285 0.981663
v -0.045313 -0.118746 0.981766
v -0.045313 -0.118182 0.981202
v -0.045878 -0.123802 0.965940
v -0.045079 -0.123802 0.966738
v -0.045878 -0.124600 0.966738
v -0.045313 -0.123802 0.966174
v -0.045417 -0.124263 0.966277
v -0.045313 -0.124366 0.966738
v -0.045878 -0.124366 0.966174
v -0.045878 -0.123802 0.982000
v -0.045878 -0.124600 0.981202
v -0.045079 -0.123802 0.981202
v -0.045878 -0.124366 0.981766
v -0.045417 -0.124263 0.981663
v -0.045313 -0.124366 0.981202
v -0.045313 -0.123802 0.981766
v -0.120341 -0.118746 0.965940
v -0.121139 -0.118746 0.966738
v -0.120341 -0.117948 0.966738
v -0.120905 -0.118746 0.966174
v -0.120802 -0.118285 0.966277
v -0.120905 -0.118182 0.966738
v -0.120341 -0.118182 0.966174
v -0.120341 -0.118746 0.982000
v -0.120341 -0.117948 0.981202
v -0.121139 -0.118746 0.981202
v -0.120341 -0.118182 0.981766
v -0.120802 -0.118285 0.981663
v -0.120905 -0.118182 0.981202
v -0.120905 -0.118746 0.981766
v -0.120341 -0.123802 0.965940
v -0.120341 -0.124600 0.966738
v -0.121139 -0.123802 0.966738
v -0.120341 -0.124366 0.966174
v -0.120802 -0.124263 0.966277
v -0.120905 -0.124366 0.966738
v -0.120905 -0.123802 0.966174
v -0.120341 -0.123802 0.982000
v -0.121139 -0.123802 0.981202
v -0.120341 -0.124600 0.981202
v -0.120905 -0.123802 0.981766
v -0.120802 -0.124263 0.981663
v -0.120905 -0.124366 0.981202
v -0.120341 -0.124366 0.981766
v -0.002528 -0.167152 0.965940
v -0.003326 -0.167152 0.966738
v -0.002528 -0.166353 0.966738
v -0.003092 -0.167152 0.966174
v -0.002989 -0.166691 0.966277
v -0.003092 -0.166587 0.966738
v -0.002528 -0.166587 0.966174
v -0.003326 -0.167152 0.981202
v -0.002528 -0.167152 0.982000
v -0.002528 -0.166353 0.981202
v -0.003092 -0.167152 0.981766
v -0.002989 -0.166691 0.981663
v -0.002528 -0.166587 0.981766
v -0.003092 -0.166587 0.981202
v 0.002528 -0.167152 0.965940
v 0.002528 -0.166353 0.966738
v 0.003326 -0.167152 0.966738
v 0.002528 -0.166587 0.966174
v 0.002989 -0.166691 0.966277
v 0.003092 -0.166587 0.966738
v 0.003092 -0.167152 0.966174
v 0.002528 -0.167152 0.982000
v 0.003326 -0.167152 0.981202
v 0.002528 -0.166353 0.981202
v 0.003092 -0.167152 0.981766
v 0.002989 -0.166691 0.981663
v 0.003092 -0.166587 0.981202
v 0.002528 -0.166587 0.981766
v -0.002528 -0.252705 0.965940
v -0.002528 -0.253504 0.966738
v -0.003326 -0.252705 0.966738
v -0.002528 -0.253270 0.966174
v -0.002989 -0.253166 0.966277
v -0.003092 -0.253270 0.966738
v -0.003092 -0.252705 0.966174
v -0.002528 -0.252705 0.982000
v -0.003326 -0.252705 0.981202
v -0.002528 -0.253504 0.981202
v -0.003092 -0.252705 0.981766
v -0.002989 -0.253166 0.981663
v -0.003092 -0.253270 0.981202
v -0.002528 -0.253270 0.981766
v 0.002528 -0.252705 0.965940
v 0.003326 -0.252705 0.966738
v 0.002528 -0.253504 0.966738
v 0.003092 -0.252705 0.966174
v 0.002989 -0.253166 0.966277
v 0.003092 -0.253270 0.966738
v 0.002528 -0.253270 0.966174
v 0.002528 -0.252705 0.982000
v 0.002528 -0.253504 0.981202
v 0.003326 -0.252705 0.981202
v 0.002528 -0.253270 0.981766
v 0.002989 -0.253166 0.981663
v 0.003092 -0.253270 0.981202
v 0.003092 -0.252705 0.981766
v -0.034276 -0.152023 0.965940
v -0.034862 -0.151482 0.966738
v -0.033735 -0.151436 0.966738
v -0.034691 -0.151641 0.966174
v -0.034302 -0.151372 0.966277
v -0.034308 -0.151226 0.966738
v -0.033893 -0.151608 0.966174
v -0.034862 -0.151482 0.981202
v -0.034276 -0.152023 0.982000
v -0.033735 -0.151436 0.981202
v -0.034691 -0.151641 0.981766
v -0.034302 -0.151372 0.981663
v -0.033893 -0.151608 0.981766
v -0.034308 -0.151226 0.981202
v -0.030558 -0.155450 0.965940
v -0.030017 -0.154863 0.966738
v -0.029972 -0.155991 0.966738
v -0.030176 -0.155035 0.966174
v -0.029907 -0.155424 0.966277
v -0.029761 -0.155418 0.966738
v -0.030143 -0.155833 0.966174
v -0.030558 -0.155450 0.982000
v -0.029972 -0.155991 0.981202
v -0.030017 -0.154863 0.981202
v -0.030143 -0.155833 0.981766
v -0.029907 -0.155424 0.981663
v -0.029761 -0.155418 0.981202
v -0.030176 -0.155035 0.981766
v -0.076065 -0.197354 0.965940
v -0.076606 -0.197941 0.966738
v -0.076651 -0.196813 0.966738
v -0.076447 -0.197769 0.966174
v -0.076716 -0.197380 0.966277
v -0.076862 -0.197386 0.966738
v -0.076480 -0.196971 0.966174
v -0.076065 -0.197354 0.982000
v -0.076651 -0.196813 0.981202
v -0.076606 -0.197941 0.981202
v -0.076480 -0.196971 0.981766
v -0.076716 -0.197380 0.981663
v -0.076862 -0.197386 0.981202
v -0.076447 -0.197769 0.981766
v -0.072347 -0.200781 0.965940
v -0.071761 -0.201322 0.966738
v -0.072888 -0.201367 0.966738
v -0.071932 -0.201163 0.966174
v -0.072321 -0.201432 0.966277
v -0.072315 -0.201578 0.966738
v -0.072730 -0.201196 0.966174
v -0.072347 -0.200781 0.982000
v -0.072888 -0.201367 0.981202
v -0.071761 -0.201322 0.981202
v -0.072730 -0.201196 0.981766
v -0.072321 -0.201432 0.981663
v -0.072315 -0.201578 0.981202
v -0.071932 -0.201163 0.981766
v -0.075696 -0.197179 0.965940
v -0.075744 -0.196382 0.966738
v -0.074899 -0.197131 0.966738
v -0.075730 -0.196616 0.966174
v -0.075264 -0.196691 0.966277
v -0.075167 -0.196582 0.966738
v -0.075133 -0.197145 0.966174
v -0.075744 -0.196382 0.981202
v -0.075696 -0.197179 0.982000
v -0.074899 -0.197131 0.981202
v -0.075730 -0.196616 0.981766
v -0.075264 -0.196691 0.981663
v -0.075133 -0.197145 0.981766
v -0.075167 -0.196582 0.981202
v -0.075392 -0.202225 0.965940
v -0.074595 -0.202177 0.966738
v -0.075344 -0.203022 0.966738
v -0.074828 -0.202191 0.966174
v -0.074904 -0.202658 0.966277
v -0.074794 -0.202755 0.966738
v -0.075358 -0.202789 0.966174
v -0.075392 -0.202225 0.982000
v -0.075344 -0.203022 0.981202
v -0.074595 -0.202177 0.981202
v -0.075358 -0.202789 0.981766
v -0.074904 -0.202658 0.981663
v -0.074794 -0.202755 0.981202
v -0.074828 -0.202191 0.981766
v -0.120495 -0.199882 0.965940
v -0.121291 -0.199930 0.966738
v -0.120543 -0.199085 0.966738
v -0.121058 -0.199916 0.966174
v -0.120982 -0.199450 0.966277
v -0.121092 -0.199353 0.966738
v -0.120529 -0.199319 0.966174
v -0.120495 -0.199882 0.982000
v -0.120543 -0.199085 0.981202
v -0.121291 -0.199930 0.981202
v -0.120529 -0.199319 0.981766
v -0.120982 -0.199450 0.981663
v -0.121092 -0.199353 0.981202
v -0.121058 -0.199916 0.981766
v -0.120190 -0.204929 0.965940
v -0.120142 -0.205725 0.966738
v -0.120987 -0.204977 0.966738
v -0.120156 -0.205492 0.966174
v -0.120622 -0.205416 0.966277
v -0.120720 -0.205526 0.966738
v -0.120754 -0.204963 0.966174
v -0.120190 -0.204929 0.982000
v -0.120987 -0.204977 0.981202
v -0.120142 -0.205725 0.981202
v -0.120754 -0.204963 0.981766
v -0.120622 -0.205416 0.981663
v -0.120720 -0.205526 0.981202
v -0.120156 -0.205492 0.981766
v -0.030558 -0.087098 0.965940
v -0.029972 -0.086557 0.966738
v -0.030017 -0.087685 0.966738
v -0.030143 -0.086715 0.966174
v -0.029907 -0.087124 0.966277
v -0.029761 -0.087130 0.966738
v -0.030176 -0.087513 0.966174
v -0.029972 -0.086557 0.981202
v -0.030558 -0.087098 0.982000
v -0.030017 -0.087685 0.981202
v -0.030143 -0.086715 0.981766
v -0.029907 -0.087124 0.981663
v -0.030176 -0.087513 0.981766
v -0.029761 -0.087130 0.981202
v -0.034276 -0.090524 0.965940
v -0.033735 -0.091111 0.966738
v -0.034862 -0.091065 0.966738
v -0.033893 -0.090939 0.966174
v -0.034302 -0.091176 0.966277
v -0.034308 -0.091322 0.966738
v -0.034691 -0.090907 0.966174
v -0.034276 -0.090524 0.982000
v -0.034862 -0.091065 0.981202
v -0.033735 -0.091111 0.981202
v -0.034691 -0.090907 0.981766
v -0.034302 -0.091176 0.981663
v -0.034308 -0.091322 0.981202
v -0.033893 -0.090939 0.981766
v -0.072347 -0.041767 0.965940
v -0.072888 -0.041180 0.966738
v -0.071761 -0.041226 0.966738
v -0.072730 -0.041352 0.966174
v -0.072321 -0.041116 0.966277
v -0.072315 -0.040970 0.966738
v -0.071932 -0.041385 0.966174
v -0.072347 -0.041767 0.982000
v -0.071761 -0.041226 0.981202
v -0.072888 -0.041180 0.981202
v -0.071932 -0.041385 0.981766
v -0.072321 -0.041116 0.981663
v -0.072315 -0.040970 0.981202
v -0.072730 -0.041352 0.981766
v -0.076065 -0.045194 0.965940
v -0.076651 -0.045735 0.966738
v -0.076606 -0.044607 0.966738
v -0.076480 -0.045576 0.966174
v -0.076716 -0.045167 0.966277
v -0.076862 -0.045161 0.966738
v -0.076447 -0.044779 0.966174
v -0.076065 -0.045194 0.982000
v -0.076606 -0.044607 0.981202
v -0.076651 -0.045735 0.981202
v -0.076447 -0.044779 0.981766
v -0.076716 -0.045167 0.981663
v -0.076862 -0.045161 0.981202
v -0.076480 -0.045576 0.981766
v -0.075392 -0.040322 0.965940
v -0.075344 -0.039525 0.966738
v -0.074595 -0.040370 0.966738
v -0.075358 -0.039759 0.966174
v -0.074904 -0.039890 0.966277
v -0.074794 -0.039793 0.966738
v -0.074828 -0.040356 0.966174
v -0.075344 -0.039525 0.981202
v -0.075392 -0.040322 0.982000
v -0.074595 -0.040370 0.981202
v -0.075358 -0.039759 0.981766
v -0.074904 -0.039890 0.981663
v -0.074828 -0.040356 0.981766
v -0.074794 -0.039793 0.981202
v -0.075696 -0.045369 0.965940
v -0.074899 -0.045417 0.966738
v -0.075744 -0.046165 0.966738
v -0.075133 -0.045403 0.966174
v -0.075264 -0.045856 0.966277
v -0.075167 -0.045966 0.966738
v -0.075730 -0.045932 0.966174
v -0.075696 -0.045369 0.982000
v -0.075744 -0.046165 0.981202
v -0.074899 -0.045417 0.981202
v -0.075730 -0.045932 0.981766
v -0.075264 -0.045856 0.981663
v -0.075167 -0.045966 0.981202
v -0.075133 -0.045403 0.981766
v -0.120190 -0.037619 0.965940
v -0.120987 -0.037571 0.966738
v -0.120142 -0.036822 0.966738
v -0.120754 -0.037585 0.966174
v -0.120622 -0.037131 0.966277
v -0.120720 -0.037022 0.966738
v -0.120156 -0.037056 0.966174
v -0.120190 -0.037619 0.982000
v -0.120142 -0.036822 0.981202
v -0.120987 -0.037571 0.981202
v -0.120156 -0.037056 0.981766
v -0.120622 -0.037131 0.981663
v -0.120720 -0.037022 0.981202
v -0.120754 -0.037585 0.981766
v -0.120495 -0.042666 0.965940
v -0.120543 -0.043462 0.966738
v -0.121291 -0.042617 0.966738
v -0.120529 -0.043229 0.966174
v -0.120982 -0.043098 0.966277
v -0.121092 -0.043195 0.966738
v -0.121058 -0.042632 0.966174
v -0.120495 -0.042666 0.982000
v -0.121291 -0.042617 0.981202
v -0.120543 -0.043462 0.981202
v -0.121058 -0.042632 0.981766
v -0.120982 -0.043098 0.981663
v -0.121092 -0.043195 0.981202
v -0.120529 -0.043229 0.981766
v 0.115261 -0.259382 0.960000
v 0.115261 -0.261239 0.961856
v 0.113404 -0.259382 0.961856
v 0.115261 -0.260695 0.960544
v 0.114189 -0.260454 0.960785
v 0.113948 -0.260695 0.961856
v 0.113948 -0.259382 0.960544
v 0.115261 -0.261239 0.980144
v 0.115261 -0.259382 0.982000
v 0.113404 -0.259382 0.980144
v 0.115261 -0.260695 0.981456
v 0.114189 -0.260454 0.981215
v 0.113948 -0.259382 0.981456
v 0.113948 -0.260695 0.980144
v 0.115261 0.016835 0.960000
v 0.113404 0.016835 0.961856
v 0.115261 0.018691 0.961856
v 0.113948 0.016835 0.960544
v 0.114189 0.017906 0.960785
v 0.113948 0.018147 0.961856
v 0.115261 0.018147 0.960544
v 0.115261 0.016835 0.982000
v 0.115261 0.018691 0.980144
v 0.113404 0.016835 0.980144
v 0.115261 0.018147 0.981456
v 0.114189 0.017906 0.981215
v 0.113948 0.018147 0.980144
v 0.113948 0.016835 0.981456
v 0.127018 -0.259382 0.960000
v 0.128874 -0.259382 0.961856
v 0.127018 -0.261239 0.961856
v 0.128330 -0.259382 0.960544
v 0.128090 -0.260454 0.960785
v 0.128330 -0.260695 0.961856
v 0.127018 -0.260695 0.960544
v 0.127018 -0.259382 0.982000
v 0.127018 -0.261239 0.980144
v 0.128874 -0.259382 0.980144
v 0.127018 -0.260695 0.981456
v 0.128090 -0.260454 0.981215
v 0.128330 -0.260695 0.980144
v 0.128330 -0.259382 0.981456
v 0.127018 0.016835 0.960000
v 0.127018 0.018691 0.961856
v 0.128874 0.016835 0.961856
v 0.127018 0.018147 0.960544
v 0.128090 0.017906 0.960785
v 0.128330 0.018147 0.961856
v 0.128330 0.016835 0.960544
v 0.127018 0.016835 0.982000
v 0.128874 0.016835 0.980144
v 0.127018 0.018691 0.980144
v 0.128330 0.016835 0.981456
v 0.128090 0.017906 0.981215
v 0.128330 0.018147 0.980144
v 0.127018 0.018147 0.981456
v -0.111548 0.005077 0.960000
v -0.111548 0.003221 0.961856
v -0.113404 0.005077 0.961856
v -0.111548 0.003765 0.960544
v -0.112620 0.004006 0.960785
v -0.112860 0.003765 0.961856
v -0.112860 0.005077 0.960544
v -0.111548 0.003221 0.980144
v -0.111548 0.005077 0.982000
v -0.113404 0.005077 0.980144
v -0.111548 0.003765 0.981456
v -0.112620 0.004006 0.981215
v -0.112860 0.005077 0.981456
v -0.112860 0.003765 0.980144
v -0.111548 0.016835 0.960000
v -0.113404 0.016835 0.961856
v -0.111548 0.018691 0.961856
v -0.112860 0.016835 0.960544
v -0.112620 0.017906 0.960785
v -0.112860 0.018147 0.961856
v -0.111548 0.018147 0.960544
v -0.111548 0.016835 0.982000
v -0.111548 0.018691 0.980144
v -0.113404 0.016835 0.980144
v -0.111548 0.018147 0.981456
v -0.112620 0.017906 0.981215
v -0.112860 0.018147 0.980144
v -0.112860 0.016835 0.981456
v 0.111548 0.005077 0.960000
v 0.113404 0.005077 0.961856
v 0.111548 0.003221 0.961856
v 0.112860 0.005077 0.960544
v 0.112620 0.004006 0.960785
v 0.112860 0.003765 0.961856
v 0.111548 0.003765 0.960544
v 0.111548 0.005077 0.982000
v 0.111548 0.003221 0.980144
v 0.113404 0.005077 0.980144
v 0.111548 0.003765 0.981456
v 0.112620 0.004006 0.981215
v 0.112860 0.003765 0.980144
v 0.112860 0.005077 0.981456
v 0.111548 0.016835 0.960000
v 0.111548 0.018691 0.961856
v 0.113404 0.016835 0.961856
v 0.111548 0.018147 0.960544
v 0.112620 0.017906 0.960785
v 0.112860 0.018147 0.961856
v 0.112860 0.016835 0.960544
v 0.111548 0.016835 0.982000
v 0.113404 0.016835 0.980144
v 0.111548 0.018691 0.980144
v 0.112860 0.016835 0.981456
v 0.112620 0.017906 0.981215
v 0.112860 0.018147 0.980144
v 0.111548 0.018147 0.981456
v 0.045878 -0.123802 0.965940
v 0.045878 -0.124600 0.966738
v 0.045079 -0.123802 0.966738
v 0.045878 -0.124366 0.966174
v 0.045417 -0.124263 0.966277
v 0.045313 -0.124366 0.966738
v 0.045313 -0.123802 0.966174
v 0.045878 -0.124600 0.981202
v 0.045878 -0.123802 0.982000
v 0.045079 -0.123802 0.981202
v 0.045878 -0.124366 0.981766
v 0.045417 -0.124263 0.981663
v 0.045313 -0.123802 0.981766
v 0.045313 -0.124366 0.981202
v 0.045878 -0.118746 0.965940
v 0.045079 -0.118746 0.966738
v 0.045878 -0.117948 0.966738
v 0.045313 -0.118746 0.966174
v 0.045417 -0.118285 0.966277
v 0.045313 -0.118182 0.966738
v 0.045878 -0.118182 0.966174
v 0.045878 -0.118746 0.982000
v 0.045878 -0.117948 0.981202
v 0.045079 -0.118746 0.981202
v 0.045878 -0.118182 0.981766
v 0.045417 -0.118285 0.981663
v 0.045313 -0.118182 0.981202
v 0.045313 -0.118746 0.981766
v 0.120341 -0.123802 0.965940
v 0.121139 -0.123802 0.966738
v 0.120341 -0.124600 0.966738
v 0.120905 -0.123802 0.966174
v 0.120802 -0.124263 0.966277
v 0.120905 -0.124366 0.966738
v 0.120341 -0.124366 0.966174
v 0.120341 -0.123802 0.982000
v 0.120341 -0.124600 0.981202
v 0.121139 -0.123802 0.981202
v 0.120341 -0.124366 0.981766
v 0.120802 -0.124263 0.981663
v 0.120905 -0.124366 0.981202
v 0.120905 -0.123802 0.981766
v 0.120341 -0.118746 0.965940
v 0.120341 -0.117948 0.966738
v 0.121139 -0.118746 0.966738
v 0.120341 -0.118182 0.966174
v 0.120802 -0.118285 0.966277
v 0.120905 -0.118182 0.966738
v 0.120905 -0.118746 0.966174
v 0.120341 -0.118746 0.982000
v 0.121139 -0.118746 0.981202
v 0.120341 -0.117948 0.981202
v 0.120905 -0.118746 0.981766
v 0.120802 -0.118285 0.981663
v 0.120905 -0.118182 0.981202
v 0.120341 -0.118182 0.981766
v 0.002528 -0.075396 0.965940
v 0.003326 -0.075396 0.966738
v 0.002528 -0.076194 0.966738
v 0.003092 -0.075396 0.966174
v 0.002989 -0.075857 0.966277
v 0.003092 -0.075961 0.966738
v 0.002528 -0.075961 0.966174
v 0.003326 -0.075396 0.981202
v 0.002528 -0.075396 0.982000
v 0.002528 -0.076194 0.981202
v 0.003092 -0.075396 0.981766
v 0.002989 -0.075857 0.981663
v 0.002528 -0.075961 0.981766
v 0.003092 -0.075961 0.981202
v -0.002528 -0.075396 0.965940
v -0.002528 -0.076194 0.966738
v -0.003326 -0.075396 0.966738
v -0.002528 -0.075961 0.966174
v -0.002989 -0.075857 0.966277
v -0.003092 -0.075961 0.966738
v -0.003092 -0.075396 0.966174
v -0.002528 -0.075396 0.982000
v -0.003326 -0.075396 0.981202
v -0.002528 -0.076194 0.981202
v -0.003092 -0.075396 0.981766
v -0.002989 -0.075857 0.981663
v -0.003092 -0.075961 0.981202
v -0.002528 -0.075961 0.981766
v 0.002528 0.010158 0.965940
v 0.002528 0.010956 0.966738
v 0.003326 0.010158 0.966738
v 0.002528 0.010722 0.966174
v 0.002989 0.010619 0.966277
v 0.003092 0.010722 0.966738
v 0.003092 0.010158 0.966174
v 0.002528 0.010158 0.982000
v 0.003326 0.010158 0.981202
v 0.002528 0.010956 0.981202
v 0.003092 0.010158 0.981766
v 0.002989 0.010619 0.981663
v 0.003092 0.010722 0.981202
v 0.002528 0.010722 0.981766
v -0.002528 0.010158 0.965940
v -0.003326 0.010158 0.966738
v -0.002528 0.010956 0.966738
v -0.003092 0.010158 0.966174
v -0.002989 0.010619 0.966277
v -0.003092 0.010722 0.966738
v -0.002528 0.010722 0.966174
v -0.002528 0.010158 0.982000
v -0.002528 0.010956 0.981202
v -0.003326 0.010158 0.981202
v -0.002528 0.010722 0.981766
v -0.002989 0.010619 0.981663
v -0.003092 0.010722 0.981202
v -0.003092 0.010158 0.981766
v 0.030558 -0.155450 0.965940
v 0.029972 -0.155991 0.966738
v 0.030017 -0.154863 0.966738
v 0.030143 -0.155833 0.966174
v 0.029907 -0.155424 0.966277
v 0.029761 -0.155418 0.966738
v 0.030176 -0.155035 0.966174
v 0.029972 -0.155991 0.981202
v 0.030558 -0.155450 0.982000
v 0.030017 -0.154863 0.981202
v 0.030143 -0.155833 0.981766
v 0.029907 -0.155424 0.981663
v 0.030176 -0.155035 0.981766
v 0.029761 -0.155418 0.981202
v 0.034276 -0.152023 0.965940
v 0.033735 -0.151436 0.966738
v 0.034862 -0.151482 0.966738
v 0.033893 -0.151608 0.966174
v 0.034302 -0.151372 0.966277
v 0.034308 -0.151226 0.966738
v 0.034691 -0.151641 0.966174
v 0.034276 -0.152023 0.982000
v 0.034862 -0.151482 0.981202
v 0.033735 -0.151436 0.981202
v 0.034691 -0.151641 0.981766
v 0.034302 -0.151372 0.981663
v 0.034308 -0.151226 0.981202
v 0.033893 -0.151608 0.981766
v 0.072347 -0.200781 0.965940
v 0.072888 -0.201367 0.966738
v 0.071761 -0.201322 0.966738
v 0.072730 -0.201196 0.966174
v 0.072321 -0.201432 0.966277
v 0.072315 -0.201578 0.966738
v 0.071932 -0.201163 0.966174
v 0.072347 -0.200781 0.982000
v 0.071761 -0.201322 0.981202
v 0.072888 -0.201367 0.981202
v 0.071932 -0.201163 0.981766
v 0.072321 -0.201432 0.981663
v 0.072315 -0.201578 0.981202
v 0.072730 -0.201196 0.981766
v 0.076065 -0.197354 0.965940
v 0.076651 -0.196813 0.966738
v 0.076606 -0.197941 0.966738
v 0.076480 -0.196971 0.966174
v 0.076716 -0.197380 0.966277
v 0.076862 -0.197386 0.966738
v 0.076447 -0.197769 0.966174
v 0.076065 -0.197354 0.982000
v 0.076606 -0.197941 0.981202
v 0.076651 -0.196813 0.981202
v 0.076447 -0.197769 0.981766
v 0.076716 -0.197380 0.981663
v 0.076862 -0.197386 0.981202
v 0.076480 -0.196971 0.981766
v 0.075392 -0.202225 0.965940
v 0.075344 -0.203022 0.966738
v 0.074595 -0.202177 0.966738
v 0.075358 -0.202789 0.966174
v 0.074904 -0.202658 0.966277
v 0.074794 -0.202755 0.966738
v 0.074828 -0.202191 0.966174
v 0.075344 -0.203022 0.981202
v 0.075392 -0.202225 0.982000
v 0.074595 -0.202177 0.981202
v 0.075358 -0.202789 0.981766
v 0.074904 -0.202658 0.981663
v 0.074828 -0.202191 0.981766
v 0.074794 -0.202755 0.981202
v 0.075696 -0.197179 0.965940
v 0.074899 -0.197131 0.966738
v 0.075744 -0.196382 0.966738
v 0.075133 -0.197145 0.966174
v 0.075264 -0.196691 0.966277
v 0.075167 -0.196582 0.966738
v 0.075730 -0.196616 0.966174
v 0.075696 -0.197179 0.982000
v 0.075744 -0.196382 0.981202
v 0.074899 -0.197131 0.981202
v 0.075730 -0.196616 0.981766
v 0.075264 -0.196691 0.981663
v 0.075167 -0.196582 0.981202
v 0.075133 -0.197145 0.981766
v 0.120190 -0.204929 0.965940
v 0.120987 -0.204977 0.966738
v 0.120142 -0.205725 0.966738
v 0.120754 -0.204963 0.966174
v 0.120622 -0.205416 0.966277
v 0.120720 -0.205526 0.966738
v 0.120156 -0.205492 0.966174
v 0.120190 -0.204929 0.982000
v 0.120142 -0.205725 0.981202
v 0.120987 -0.204977 0.981202
v 0.120156 -0.205492 0.981766
v 0.120622 -0.205416 0.981663
v 0.120720 -0.205526 0.981202
v 0.120754 -0.204963 0.981766
v 0.120495 -0.199882 0.965940
v 0.120543 -0.199085 0.966738
v 0.121291 -0.199930 0.966738
v 0.120529 -0.199319 0.966174
v 0.120982 -0.199450 0.966277
v 0.121092 -0.199353 0.966738
v 0.121058 -0.199916 0.966174
v 0.120495 -0.199882 0.982000
v 0.121291 -0.199930 0.981202
v 0.120543 -0.199085 0.981202
v 0.121058 -0.199916 0.981766
v 0.120982 -0.199450 0.981663
v 0.121092 -0.199353 0.981202
v 0.120529 -0.199319 0.981766
v 0.034276 -0.090524 0.965940
v 0.034862 -0.091065 0.966738
v 0.033735 -0.091111 0.966738
v 0.034691 -0.090907 0.966174
v 0.034302 -0.091176 0.966277
v 0.034308 -0.091322 0.966738
v 0.033893 -0.090939 0.966174
v 0.034862 -0.091065 0.981202
v 0.034276 -0.090524 0.982000
v 0.033735 -0.091111 0.981202
v 0.034691 -0.090907 0.981766
v 0.034302 -0.091176 0.981663
v 0.033893 -0.090939 0.981766
v 0.034308 -0.091322 0.981202
v 0.030558 -0.087098 0.965940
v 0.030017 -0.087685 0.966738
v 0.029972 -0.086557 0.966738
v 0.030176 -0.087513 0.966174
v 0.029907 -0.087124 0.966277
v 0.029761 -0.087130 0.966738
v 0.030143 -0.086715 0.966174
v 0.030558 -0.087098 0.982000
v 0.029972 -0.086557 0.981202
v 0.030017 -0.087685 0.981202
v 0.030143 -0.086715 0.981766
v 0.029907 -0.087124 0.981663
v 0.029761 -0.087130 0.981202
v 0.030176 -0.087513 0.981766
v 0.076065 -0.045194 0.965940
v 0.076606 -0.044607 0.966738
v 0.076651 -0.045735 0.966738
v 0.076447 -0.044779 0.966174
v 0.076716 -0.045167 0.966277
v 0.076862 -0.045161 0.966738
v 0.076480 -0.045576 0.966174
v 0.076065 -0.045194 0.982000
v 0.076651 -0.045735 0.981202
v 0.076606 -0.044607 0.981202
v 0.076480 -0.045576 0.981766
v 0.076716 -0.045167 0.981663
v 0.076862 -0.045161 0.981202
v 0.076447 -0.044779 0.981766
v 0.072347 -0.041767 0.965940
v 0.071761 -0.041226 0.966738
v 0.072888 -0.041180 0.966738
v 0.071932 -0.041385 0.966174
v 0.072321 -0.041116 0.966277
v 0.072315 -0.040970 0.966738
v 0.072730 -0.041352 0.966174
v 0.072347 -0.041767 0.982000
v 0.072888 -0.041180 0.981202
v 0.071761 -0.041226 0.981202
v 0.072730 -0.041352 0.981766
v 0.072321 -0.041116 0.981663
v 0.072315 -0.040970 0.981202
v 0.071932 -0.041385 0.981766
v 0.075696 -0.045369 0.965940
v 0.075744 -0.046165 0.966738
v 0.074899 -0.045417 0.966738
v 0.075730 -0.045932 0.966174
v 0.075264 -0.045856 0.966277
v 0.075167 -0.045966 0.966738
v 0.075133 -0.045403 0.966174
v 0.075744 -0.046165 0.981202
v 0.075696 -0.045369 0.982000
v 0.074899 -0.045417 0.981202
v 0.075730 -0.045932 0.981766
v 0.075264 -0.045856 0.981663
v 0.075133 -0.045403 0.981766
v 0.075167 -0.045966 0.981202
v 0.075392 -0.040322 0.965940
v 0.074595 -0.040370 0.966738
v 0.075344 -0.039525 0.966738
v 0.074828 -0.040356 0.966174
v 0.074904 -0.039890 0.966277
v 0.074794 -0.039793 0.966738
v 0.075358 -0.039759 0.966174
v 0.075392 -0.040322 0.982000
v 0.075344 -0.039525 0.981202
v 0.074595 -0.040370 0.981202
v 0.075358 -0.039759 0.981766
v 0.074904 -0.039890 0.981663
v 0.074794 -0.039793 0.981202
v 0.074828 -0.040356 0.981766
v 0.120495 -0.042666 0.965940
v 0.121291 -0.042617 0.966738
v 0.120543 -0.043462 0.966738
v 0.121058 -0.042632 0.966174
v 0.120982 -0.043098 0.966277
v 0.121092 -0.043195 0.966738
v 0.120529 -0.043229 0.966174
v 0.120495 -0.042666 0.982000
v 0.120543 -0.043462 0.981202
v 0.121291 -0.042617 0.981202
v 0.120529 -0.043229 0.981766
v 0.120982 -0.043098 0.981663
v 0.121092 -0.043195 0.981202
v 0.121058 -0.042632 0.981766
v 0.120190 -0.037619 0.965940
v 0.120142 -0.036822 0.966738
v 0.120987 -0.037571 0.966738
v 0.120156 -0.037056 0.966174
v 0.120622 -0.037131 0.966277
v 0.120720 -0.037022 0.966738
v 0.120754 -0.037585 0.966174
v 0.120190 -0.037619 0.982000
v 0.120987 -0.037571 0.981202
v 0.120142 -0.036822 0.981202
v 0.120754 -0.037585 0.981766
v 0.120622 -0.037131 0.981663
v 0.120720 -0.037022 0.981202
v 0.120156 -0.037056 0.981766
vn 0.0430 -0.1388 -0.9894
vn -0.5773 -0.5773 -0.5774
vn -0.7081 0.0214 -0.7057
vn -0.1773 -0.9837 0.0299
vn -0.1379 -0.5936 -0.7928
vn -0.9814 0.0565 -0.1836
vn -0.5857 -0.7989 -0.1370
vn 0.0275 -0.9871 0.1580
vn -0.5773 -0.5774 0.5774
vn -0.7082 -0.7060 -0.0032
vn -0.1940 0.0475 0.9799
vn -0.1378 -0.7929 0.5936
vn -0.9876 -0.1477 -0.0535
vn -0.5711 -0.1355 0.8096
vn -0.1940 -0.0474 -0.9799
vn -0.5773 0.5773 -0.5774
vn -0.0076 0.7081 -0.7061
vn -0.9876 0.1477 0.0535
vn -0.5711 0.1355 -0.8096
vn 0.0275 0.9871 -0.1580
vn -0.7989 0.5857 -0.1370
vn 0.0432 0.1388 0.9894
vn -0.5773 0.5774 0.5774
vn -0.7081 -0.0214 0.7057
vn -0.1773 0.9837 -0.0299
vn -0.1378 0.5926 0.7936
vn -0.9814 -0.0565 0.1836
vn -0.5857 0.7989 0.1370
vn 0.1940 0.0475 -0.9799
vn 0.5773 -0.5773 -0.5774
vn 0.0068 -0.7081 -0.7061
vn 0.9876 -0.1477 0.0538
vn 0.5723 -0.1357 -0.8088
vn -0.0275 -0.9871 -0.1580
vn 0.7989 -0.5857 -0.1370
vn -0.0430 -0.1388 0.9894
vn 0.5773 -0.5774 0.5773
vn 0.7082 0.0214 0.7057
vn 0.1773 -0.9837 -0.0299
vn 0.1379 -0.5936 0.7928
vn 0.9814 0.0565 0.1836
vn 0.5857 -0.7989 0.1370
vn -0.0431 0.1388 -0.9894
vn 0.5773 0.5773 -0.5774
vn 0.7082 -0.0236 -0.7057
vn 0.1773 0.9837 0.0299
vn 0.1378 0.5926 -0.7936
vn 0.9814 -0.0561 -0.1836
vn 0.5857 0.7989 -0.1370
vn 0.1940 -0.0474 0.9799
vn 0.5773 0.5774 0.5774
vn 0.0076 0.7081 0.7061
vn 0.9876 0.1477 -0.0535
vn 0.5711 0.1355 0.8096
vn -0.0275 0.9871 0.1580
vn 0.7989 0.5857 0.1370
vn 0.0471 -0.1936 -0.9799
vn -0.5773 -0.5774 -0.5774
vn -0.7081 -0.0068 -0.7061
vn -0.1480 -0.9875 0.0533
vn -0.1356 -0.5713 -0.8094
vn -0.9871 0.0275 -0.1580
vn -0.5857 -0.7989 -0.1371
vn 0.0558 -0.9815 0.1833
vn -0.5774 -0.5773 0.5773
vn -0.1391 0.0429 0.9893
vn -0.1354 -0.8107 0.5695
vn -0.9837 -0.1773 -0.0299
vn -0.5936 -0.1380 0.7928
vn -0.1391 -0.0429 -0.9894
vn 0.0233 0.7082 -0.7057
vn -0.9837 0.1773 0.0299
vn -0.5936 0.1379 -0.7929
vn 0.0558 0.9815 -0.1833
vn 0.0471 0.1936 0.9799
vn -0.5773 0.5774 0.5773
vn -0.7081 0.0068 0.7061
vn -0.1480 0.9875 -0.0533
vn -0.1355 0.5714 0.8094
vn -0.9870 -0.0275 0.1581
vn -0.5857 0.7989 0.1371
vn 0.1391 0.0429 -0.9894
vn -0.0210 -0.7082 -0.7057
vn 0.9837 -0.1773 0.0299
vn 0.5936 -0.1379 -0.7929
vn -0.0561 -0.9815 -0.1833
vn -0.0471 -0.1936 0.9799
vn 0.5774 -0.5773 0.5773
vn 0.7081 -0.0068 0.7061
vn 0.1480 -0.9875 -0.0536
vn 0.1357 -0.5726 0.8086
vn 0.9870 0.0275 0.1581
vn 0.5857 -0.7989 0.1371
vn -0.0471 0.1936 -0.9799
vn 0.7081 0.0068 -0.7061
vn 0.1480 0.9875 0.0536
vn 0.1357 0.5726 -0.8086
vn 0.9870 -0.0275 -0.1581
vn 0.1391 -0.0429 0.9893
vn -0.0210 0.7082 0.7057
vn 0.9837 0.1773 -0.0299
vn 0.5936 0.1379 0.7928
vn -0.0561 0.9815 0.1833
vn 0.7989 0.5857 0.1371
vn -0.0466 0.1932 -0.9801
vn 0.1563 0.9857 0.0623
vn 0.1355 0.5718 -0.8091
vn 0.9882 -0.0349 -0.1490
vn 0.5788 0.8040 -0.1363
vn -0.0634 0.9828 0.1737
vn 0.5774 0.5773 0.5773
vn 0.7082 0.7059 -0.0118
vn 0.1396 -0.0424 0.9893
vn 0.1356 0.8091 0.5718
vn 0.9819 0.1852 -0.0383
vn 0.5936 0.1379 0.7929
vn 0.1396 0.0424 -0.9893
vn -0.0206 -0.7082 -0.7057
vn 0.9819 -0.1852 0.0383
vn 0.5936 -0.1378 -0.7928
vn -0.0634 -0.9827 -0.1737
vn 0.8040 -0.5787 -0.1363
vn -0.0466 -0.1932 0.9801
vn 0.1564 -0.9857 -0.0623
vn 0.1357 -0.5717 0.8092
vn 0.9882 0.0349 0.1490
vn 0.5787 -0.8041 0.1363
vn -0.1396 -0.0424 -0.9893
vn 0.0206 0.7082 -0.7057
vn -0.9819 0.1852 0.0383
vn -0.5936 0.1379 -0.7928
vn 0.0634 0.9827 -0.1737
vn -0.8040 0.5787 -0.1363
vn 0.0466 0.1932 0.9801
vn -0.5774 0.5773 0.5773
vn -0.1564 0.9857 -0.0624
vn -0.1356 0.5717 0.8092
vn -0.9882 -0.0349 0.1490
vn -0.5787 0.8040 0.1363
vn 0.0466 -0.1932 -0.9801
vn -0.1563 -0.9857 0.0623
vn -0.1356 -0.5717 -0.8091
vn -0.9882 0.0349 -0.1490
vn -0.5788 -0.8040 -0.1363
vn -0.1396 0.0424 0.9893
vn 0.0205 -0.7081 0.7058
vn -0.9819 -0.1852 -0.0383
vn -0.5936 -0.1379 0.7929
vn 0.0634 -0.9828 0.1737
vn -0.8040 -0.5788 0.1363
vn -0.1935 -0.0469 -0.9800
vn -0.0067 0.7081 -0.7061
vn -0.9858 0.1561 0.0625
vn -0.5716 0.1356 -0.8093
vn 0.0349 0.9882 -0.1490
vn -0.8040 0.5787 -0.1364
vn -0.9827 -0.0637 0.1740
vn -0.5773 0.5773 0.5774
vn -0.7059 0.7082 -0.0118
vn 0.0427 0.1393 0.9893
vn -0.8093 0.1356 0.5716
vn -0.1852 0.9819 -0.0383
vn -0.1379 0.5936 0.7929
vn -0.0427 0.1394 -0.9893
vn 0.7082 -0.0208 -0.7057
vn 0.1852 0.9819 0.0383
vn 0.1378 0.5936 -0.7929
vn 0.9827 -0.0637 -0.1740
vn 0.5787 0.8040 -0.1364
vn 0.1935 -0.0469 0.9800
vn 0.5773 0.5773 0.5774
vn 0.0068 0.7081 0.7061
vn 0.9858 0.1561 -0.0625
vn 0.5716 0.1356 0.8093
vn -0.0349 0.9882 0.1490
vn 0.8040 0.5787 0.1364
vn 0.0427 -0.1394 -0.9893
vn -0.7082 0.0208 -0.7057
vn -0.1852 -0.9819 0.0383
vn -0.1378 -0.5936 -0.7929
vn -0.9827 0.0637 -0.1740
vn -0.5787 -0.8040 -0.1364
vn -0.1935 0.0469 0.9800
vn -0.5774 -0.5773 0.5774
vn -0.0068 -0.7081 0.7061
vn -0.9858 -0.1561 -0.0625
vn -0.5716 -0.1356 0.8093
vn 0.0349 -0.9882 0.1490
vn -0.8040 -0.5787 0.1363
vn 0.1935 0.0468 -0.9800
vn 0.0067 -0.7081 -0.7061
vn 0.9858 -0.1561 0.0625
vn 0.5716 -0.1355 -0.8093
vn -0.0349 -0.9882 -0.1490
vn 0.8040 -0.5788 -0.1363
vn -0.0427 -0.1394 0.9893
vn 0.5774 -0.5773 0.5774
vn 0.7081 0.0208 0.7058
vn 0.1852 -0.9819 -0.0383
vn 0.1379 -0.5936 0.7929
vn 0.9827 0.0637 0.1740
vn 0.5787 -0.8040 0.1364
vn -0.1727 0.0970 -0.9802
vn -0.0331 0.8158 -0.5774
vn 0.4745 0.5257 -0.7060
vn -0.6184 0.7834 0.0620
vn -0.3275 0.4861 -0.8102
vn 0.6955 0.7029 -0.1490
vn -0.1989 0.9705 -0.1364
vn -0.7653 0.6199 0.1733
vn -0.0331 0.8158 0.5774
vn -0.0390 0.9992 -0.0118
vn 0.1260 0.0745 0.9892
vn -0.5028 0.6480 0.5721
vn 0.5294 0.8475 -0.0383
vn 0.3013 0.5304 0.7924
vn 0.0637 0.1318 -0.9892
vn 0.8158 0.0332 -0.5774
vn 0.5080 -0.4938 -0.7058
vn 0.8017 0.5964 0.0383
vn 0.5030 0.3424 -0.7936
vn 0.6800 -0.7125 -0.1733
vn 0.9705 0.1989 -0.1363
vn 0.1104 -0.1647 0.9801
vn 0.8158 0.0332 0.5774
vn 0.4841 0.5168 0.7061
vn 0.8310 -0.5528 -0.0620
vn 0.5126 -0.2880 0.8089
vn 0.6441 0.7503 0.1489
vn 0.9834 -0.1194 0.1363
vn -0.0637 -0.1318 -0.9892
vn -0.8158 -0.0332 -0.5774
vn -0.5080 0.4938 -0.7058
vn -0.8017 -0.5964 0.0383
vn -0.5030 -0.3424 -0.7936
vn -0.6800 0.7125 -0.1733
vn -0.9705 -0.1989 -0.1364
vn -0.1105 0.1646 0.9802
vn -0.8158 -0.0332 0.5774
vn -0.4850 -0.5160 0.7061
vn -0.8310 0.5528 -0.0620
vn -0.5126 0.2880 0.8089
vn -0.6441 -0.7503 0.1490
vn -0.9834 0.1194 0.1363
vn 0.1727 -0.0970 -0.9802
vn 0.0332 -0.8158 -0.5774
vn -0.4744 -0.5258 -0.7060
vn 0.6185 -0.7834 0.0620
vn 0.3276 -0.4861 -0.8102
vn -0.6955 -0.7029 -0.1490
vn 0.1989 -0.9705 -0.1363
vn -0.1260 -0.0744 0.9892
vn 0.0331 -0.8158 0.5773
vn 0.5342 -0.4652 0.7058
vn -0.5294 -0.8475 -0.0383
vn -0.3010 -0.5299 0.7929
vn 0.7653 -0.6199 0.1733
vn -0.1195 -0.9834 0.1363
vn -0.0567 0.1889 -0.9804
vn 0.5415 0.6111 -0.5774
vn 0.7064 0.0494 -0.7061
vn 0.0982 0.9933 0.0614
vn 0.1009 0.5800 -0.8083
vn 0.9885 0.0247 -0.1490
vn 0.5292 0.8374 -0.1363
vn -0.1208 0.9776 0.1724
vn 0.5415 0.6111 0.5773
vn 0.6644 0.7473 -0.0119
vn 0.1433 -0.0330 0.9891
vn 0.0867 0.8150 0.5729
vn 0.9690 0.2440 -0.0383
vn 0.5842 0.1734 0.7929
vn 0.1385 0.0497 -0.9891
vn 0.6110 -0.5415 -0.5774
vn 0.0235 -0.7081 -0.7058
vn 0.9913 -0.1257 0.0383
vn 0.6009 -0.1018 -0.7928
vn -0.0026 -0.9850 -0.1724
vn 0.8374 -0.5293 -0.1363
vn -0.0336 -0.1943 0.9804
vn 0.6111 -0.5415 0.5774
vn 0.7072 0.0358 0.7061
vn 0.2169 -0.9742 -0.0618
vn 0.1702 -0.5648 0.8075
vn 0.9843 0.0944 0.1489
vn 0.6261 -0.7677 0.1364
vn -0.1385 -0.0497 -0.9891
vn -0.6110 0.5415 -0.5774
vn -0.0235 0.7081 -0.7058
vn -0.9913 0.1257 0.0383
vn -0.6015 0.1019 -0.7923
vn 0.0026 0.9850 -0.1724
vn -0.8374 0.5293 -0.1363
vn 0.0333 0.1943 0.9804
vn -0.6111 0.5415 0.5774
vn -0.7072 -0.0358 0.7061
vn -0.2169 0.9742 -0.0618
vn -0.1700 0.5636 0.8083
vn -0.9843 -0.0945 0.1489
vn -0.6261 0.7677 0.1363
vn 0.0567 -0.1889 -0.9804
vn -0.5415 -0.6111 -0.5774
vn -0.7065 -0.0482 -0.7061
vn -0.0982 -0.9933 0.0614
vn -0.1009 -0.5800 -0.8083
vn -0.9885 -0.0246 -0.1490
vn -0.5292 -0.8374 -0.1363
vn -0.1434 0.0328 0.9891
vn -0.5415 -0.6111 0.5773
vn 0.0640 -0.7056 0.7058
vn -0.9690 -0.2440 -0.0383
vn -0.5842 -0.1734 0.7928
vn 0.1208 -0.9776 0.1724
vn -0.7677 -0.6261 0.1364
vn 0.1105 0.1646 -0.9801
vn 0.8158 -0.0332 -0.5774
vn 0.4850 -0.5160 -0.7061
vn 0.8310 0.5528 0.0620
vn 0.5125 0.2881 -0.8089
vn 0.6441 -0.7503 -0.1490
vn 0.9834 0.1195 -0.1363
vn 0.6800 0.7124 0.1733
vn 0.8158 -0.0332 0.5774
vn 0.9990 -0.0423 -0.0118
vn 0.0640 -0.1315 0.9892
vn 0.6867 0.4485 0.5721
vn 0.8018 -0.5964 -0.0383
vn 0.5037 -0.3430 0.7929
vn 0.1260 -0.0745 -0.9892
vn -0.0332 -0.8158 -0.5774
vn -0.5343 -0.4652 -0.7058
vn 0.5294 -0.8475 0.0383
vn 0.3010 -0.5299 -0.7929
vn -0.7653 -0.6199 -0.1733
vn 0.1195 -0.9834 -0.1363
vn -0.1730 -0.0967 0.9802
vn -0.0332 -0.8158 0.5773
vn 0.4749 -0.5252 0.7061
vn -0.6184 -0.7834 -0.0620
vn -0.3287 -0.4875 0.8089
vn 0.6955 -0.7029 0.1490
vn -0.1989 -0.9705 0.1364
vn -0.1259 0.0746 -0.9892
vn 0.0332 0.8158 -0.5774
vn 0.5343 0.4652 -0.7058
vn -0.5294 0.8475 0.0383
vn -0.3010 0.5299 -0.7928
vn 0.7653 0.6199 -0.1733
vn -0.1195 0.9834 -0.1362
vn 0.1730 0.0967 0.9802
vn 0.0332 0.8158 0.5773
vn -0.4749 0.5252 0.7061
vn 0.6184 0.7834 -0.0620
vn 0.3287 0.4875 0.8089
vn -0.6955 0.7029 0.1490
vn 0.1989 0.9705 0.1363
vn -0.1104 -0.1647 -0.9801
vn -0.8158 0.0332 -0.5774
vn -0.4849 0.5160 -0.7061
vn -0.8310 -0.5528 0.0620
vn -0.5125 -0.2881 -0.8089
vn -0.6442 0.7502 -0.1490
vn -0.9834 -0.1195 -0.1363
vn -0.0640 0.1315 0.9892
vn -0.8158 0.0332 0.5774
vn -0.5071 -0.4947 0.7058
vn -0.8018 0.5964 -0.0383
vn -0.5037 0.3429 0.7929
vn -0.6800 -0.7124 0.1733
vn -0.9705 0.1989 0.1364
vn -0.0336 0.1943 -0.9804
vn 0.6111 0.5415 -0.5774
vn 0.7072 -0.0359 -0.7061
vn 0.2169 0.9743 0.0614
vn 0.1699 0.5637 -0.8083
vn 0.9843 -0.0944 -0.1490
vn 0.6261 0.7677 -0.1363
vn -0.0023 0.9850 0.1724
vn 0.6110 0.5415 0.5774
vn 0.7494 0.6620 -0.0118
vn 0.1384 -0.0497 0.9891
vn 0.1840 0.8000 0.5712
vn 0.9913 0.1258 -0.0383
vn 0.6008 0.1019 0.7929
vn 0.1434 0.0326 -0.9891
vn 0.5415 -0.6111 -0.5774
vn -0.0618 -0.7057 -0.7058
vn 0.9690 -0.2440 0.0383
vn 0.5842 -0.1734 -0.7928
vn -0.1210 -0.9776 -0.1724
vn 0.7677 -0.6262 -0.1363
vn -0.0568 -0.1888 0.9804
vn 0.5415 -0.6111 0.5774
vn 0.7064 -0.0495 0.7061
vn 0.0982 -0.9933 -0.0618
vn 0.1011 -0.5811 0.8075
vn 0.9885 -0.0247 0.1490
vn 0.5293 -0.8374 0.1363
vn -0.1434 -0.0326 -0.9891
vn -0.5415 0.6111 -0.5774
vn 0.0618 0.7057 -0.7058
vn -0.9690 0.2440 0.0383
vn -0.5842 0.1733 -0.7928
vn 0.1210 0.9776 -0.1724
vn -0.7677 0.6261 -0.1364
vn 0.0568 0.1888 0.9804
vn -0.5415 0.6111 0.5774
vn -0.7064 0.0495 0.7061
vn -0.0982 0.9933 -0.0618
vn -0.1011 0.5811 0.8075
vn -0.9885 0.0247 0.1490
vn -0.5293 0.8374 0.1363
vn 0.0336 -0.1943 -0.9804
vn -0.6111 -0.5415 -0.5774
vn -0.7072 0.0359 -0.7061
vn -0.2169 -0.9743 0.0614
vn -0.1699 -0.5637 -0.8083
vn -0.9843 0.0944 -0.1490
vn -0.6261 -0.7677 -0.1363
vn -0.1384 0.0497 0.9891
vn -0.6110 -0.5415 0.5774
vn -0.0214 -0.7081 0.7057
vn -0.9913 -0.1258 -0.0383
vn -0.6008 -0.1019 0.7929
vn 0.0023 -0.9850 0.1724
vn -0.8374 -0.5293 0.1363
vn -0.1379 -0.5936 -0.7929
vn 0.0275 -0.9870 0.1580
vn -0.5773 -0.5774 0.5773
vn -0.1379 -0.7929 0.5936
vn -0.5711 -0.1356 0.8096
vn -0.5711 0.1356 -0.8096
vn -0.1377 0.5927 0.7936
vn 0.9876 -0.1477 0.0535
vn 0.5711 -0.1355 -0.8096
vn 0.7082 -0.0214 -0.7057
vn 0.9814 -0.0565 -0.1836
vn -0.1355 -0.5714 -0.8094
vn -0.9870 0.0275 -0.1581
vn 0.0561 -0.9815 0.1833
vn -0.1355 -0.8094 0.5714
vn 0.0210 0.7082 -0.7057
vn -0.5936 0.1380 -0.7929
vn 0.0561 0.9815 -0.1833
vn -0.1356 0.5713 0.8094
vn -0.9871 -0.0275 0.1580
vn 0.5773 -0.5774 0.5774
vn 0.1480 -0.9875 -0.0533
vn 0.1356 -0.5713 0.8094
vn 0.1480 0.9875 0.0533
vn 0.1356 0.5713 -0.8094
vn -0.1564 -0.9857 0.0623
vn -0.1356 -0.5718 -0.8091
vn -0.9882 0.0349 -0.1489
vn -0.5788 -0.8040 -0.1364
vn -0.7082 -0.7059 -0.0118
vn -0.1356 -0.8091 0.5718
vn -0.5936 -0.1378 0.7929
vn -0.1397 -0.0424 -0.9893
vn -0.5937 0.1378 -0.7928
vn -0.8041 0.5787 -0.1363
vn -0.5774 0.5773 0.5774
vn -0.1357 0.5717 0.8092
vn -0.9882 -0.0349 0.1489
vn -0.5788 0.8040 0.1363
vn 0.1397 0.0424 -0.9893
vn 0.5937 -0.1378 -0.7928
vn 0.8041 -0.5787 -0.1363
vn 0.1564 -0.9857 -0.0624
vn 0.1356 -0.5717 0.8092
vn 0.5788 -0.8040 0.1363
vn 0.7081 0.0069 -0.7061
vn 0.1564 0.9857 0.0623
vn 0.1355 0.5718 -0.8092
vn 0.9882 -0.0349 -0.1489
vn 0.5788 0.8040 -0.1364
vn 0.5774 0.5773 0.5774
vn -0.0205 0.7081 0.7058
vn 0.8040 0.5787 0.1363
vn 0.1935 0.0469 -0.9800
vn 0.5716 -0.1356 -0.8093
vn 0.5773 -0.5773 0.5774
vn 0.7059 -0.7082 -0.0118
vn -0.0427 -0.1393 0.9893
vn 0.8093 -0.1356 0.5716
vn -0.7082 0.0208 -0.7058
vn -0.5773 -0.5773 0.5774
vn -0.5715 -0.1357 0.8093
vn 0.7082 -0.0208 -0.7058
vn 0.1935 -0.0467 0.9800
vn -0.1935 -0.0468 -0.9800
vn -0.5716 0.1355 -0.8093
vn 0.0429 0.1393 0.9893
vn -0.7081 -0.0208 0.7058
vn -0.5787 0.8040 0.1364
vn -0.4850 0.5160 -0.7061
vn -0.5126 -0.2881 -0.8089
vn -0.6442 0.7503 -0.1489
vn -0.9834 -0.1194 -0.1363
vn -0.9990 0.0423 -0.0118
vn -0.0638 0.1317 0.9892
vn -0.6861 -0.4478 0.5733
vn -0.8017 0.5964 -0.0383
vn -0.5038 0.3430 0.7928
vn 0.0331 0.8158 -0.5774
vn -0.3011 0.5299 -0.7928
vn -0.1195 0.9834 -0.1363
vn 0.1727 0.0970 0.9802
vn 0.0331 0.8158 0.5774
vn -0.4750 0.5252 0.7061
vn 0.3275 0.4861 0.8102
vn -0.6956 0.7029 0.1489
vn -0.5343 -0.4652 -0.7057
vn 0.3005 -0.5291 -0.7936
vn 0.1194 -0.9834 -0.1363
vn -0.1727 -0.0970 0.9802
vn -0.0331 -0.8158 0.5773
vn 0.4749 -0.5253 0.7061
vn -0.3274 -0.4862 0.8102
vn 0.6956 -0.7029 0.1489
vn -0.1989 -0.9705 0.1363
vn 0.4856 -0.5155 -0.7061
vn 0.9834 0.1194 -0.1363
vn 0.0638 -0.1317 0.9892
vn 0.5081 0.4937 0.7058
vn 0.8017 -0.5964 -0.0383
vn 0.5038 -0.3430 0.7928
vn 0.9705 -0.1989 0.1363
vn -0.6110 -0.5415 -0.5774
vn -0.6261 -0.7677 -0.1364
vn 0.0026 -0.9850 0.1724
vn -0.6111 -0.5415 0.5773
vn -0.7494 -0.6620 -0.0119
vn -0.1384 0.0496 0.9891
vn -0.1841 -0.7987 0.5729
vn -0.9913 -0.1257 -0.0383
vn -0.5414 0.6111 -0.5774
vn -0.5842 0.1734 -0.7928
vn -0.7677 0.6261 -0.1363
vn -0.0982 0.9933 -0.0614
vn -0.1010 0.5800 0.8084
vn -0.9885 0.0247 0.1489
vn 0.1434 0.0328 -0.9891
vn 0.5414 -0.6111 -0.5774
vn 0.5833 -0.1732 -0.7936
vn 0.7677 -0.6261 -0.1363
vn 0.7065 -0.0483 0.7061
vn 0.0982 -0.9933 -0.0614
vn 0.1010 -0.5800 0.8083
vn 0.9885 -0.0246 0.1490
vn -0.0335 0.1943 -0.9804
vn 0.6110 0.5415 -0.5774
vn 0.7073 -0.0351 -0.7061
vn 0.1384 -0.0496 0.9891
vn 0.6111 0.5415 0.5773
vn 0.0235 0.7080 0.7058
vn 0.9913 0.1257 -0.0383
vn 0.6015 0.1019 0.7923
vn -0.0026 0.9850 0.1724
vn 0.8375 0.5292 0.1363
vn 0.1731 -0.0968 -0.9801
vn -0.4758 -0.5244 -0.7061
vn 0.6184 -0.7834 0.0620
vn 0.3288 -0.4875 -0.8089
vn -0.6956 -0.7028 -0.1489
vn 0.7651 -0.6201 0.1733
vn 0.0390 -0.9992 -0.0118
vn -0.1260 -0.0745 0.9892
vn 0.5038 -0.6488 0.5704
vn -0.0638 -0.1317 -0.9892
vn -0.5042 -0.3435 -0.7924
vn -0.6799 0.7125 -0.1733
vn -0.9705 -0.1989 -0.1363
vn -0.1104 0.1646 0.9802
vn -0.4850 -0.5159 0.7061
vn -0.6442 -0.7502 0.1489
vn 0.0641 0.1315 -0.9892
vn 0.5070 -0.4948 -0.7058
vn 0.8018 0.5964 0.0383
vn 0.5038 0.3430 -0.7928
vn 0.6799 -0.7125 -0.1733
vn 0.1105 -0.1645 0.9802
vn 0.4855 0.5154 0.7061
vn 0.8310 -0.5528 -0.0624
vn 0.5135 -0.2887 0.8080
vn 0.6442 0.7502 0.1490
vn -0.1729 0.0970 -0.9802
vn -0.0332 0.8158 -0.5774
vn 0.4750 0.5252 -0.7061
vn 0.6955 0.7029 -0.1489
vn -0.1989 0.9705 -0.1363
vn 0.1260 0.0744 0.9892
vn -0.0332 0.8158 0.5773
vn -0.5342 0.4652 0.7058
vn 0.3004 0.5291 0.7936
vn 0.1195 0.9834 0.1363
vn 0.0568 -0.1889 -0.9804
vn -0.7064 -0.0495 -0.7061
vn -0.0981 -0.9933 0.0618
vn -0.1010 -0.5812 -0.8075
vn -0.9885 -0.0247 -0.1490
vn -0.5293 -0.8374 -0.1363
vn 0.1210 -0.9776 0.1724
vn -0.5415 -0.6111 0.5774
vn -0.6644 -0.7473 -0.0118
vn -0.1433 0.0330 0.9891
vn -0.0869 -0.8142 0.5741
vn -0.9690 -0.2440 -0.0384
vn -0.5842 -0.1735 0.7929
vn -0.1385 -0.0496 -0.9891
vn -0.0213 0.7082 -0.7057
vn -0.9913 0.1258 0.0383
vn -0.6009 0.1018 -0.7928
vn 0.0023 0.9850 -0.1725
vn -0.6111 0.5415 0.5773
vn -0.2169 0.9743 -0.0614
vn -0.1697 0.5619 0.8096
vn -0.9843 -0.0944 0.1490
vn 0.1385 0.0496 -0.9891
vn 0.0213 -0.7082 -0.7057
vn -0.0023 -0.9850 -0.1725
vn -0.0332 -0.1943 0.9804
vn 0.6111 -0.5415 0.5773
vn 0.7072 0.0350 0.7061
vn 0.2169 -0.9743 -0.0614
vn 0.1697 -0.5619 0.8096
vn 0.6261 -0.7677 0.1363
vn -0.0568 0.1889 -0.9804
vn 0.7064 0.0495 -0.7061
vn 0.0981 0.9933 0.0618
vn 0.1010 0.5812 -0.8075
vn 0.5293 0.8374 -0.1364
vn 0.1433 -0.0331 0.9891
vn 0.5415 0.6111 0.5774
vn -0.0604 0.7058 0.7058
vn 0.9690 0.2440 -0.0384
vn 0.5832 0.1732 0.7936
vn -0.1210 0.9776 0.1724
vn 0.7677 0.6261 0.1363
vt 0.155000 0.748342
vt 0.137679 0.750000
vt 0.125000 0.748342
vt 0.396095 0.970000
vt 0.383916 1.000000
vt 0.375000 0.970000
vt 0.396096 0.001658
vt 0.375000 0.000701
vt 0.396095 0.000000
vt 0.603905 0.970000
vt 0.625000 0.987321
vt 0.603904 1.000000
vt 0.845000 0.748342
vt 0.875000 0.749299
vt 0.845000 0.750000
vt 0.603905 0.001658
vt 0.616084 0.000000
vt 0.625000 0.001658
vt 0.155000 0.501658
vt 0.125000 0.500701
vt 0.155000 0.500000
vt 0.396095 0.248342
vt 0.379458 0.256340
vt 0.375000 0.248342
vt 0.396095 0.280000
vt 0.396095 0.250000
vt 0.845000 0.501658
vt 0.862321 0.500000
vt 0.875000 0.501658
vt 0.603905 0.280000
vt 0.620542 0.249650
vt 0.625000 0.280000
vt 0.603905 0.248342
vt 0.603904 0.250000
vt 0.345000 0.748342
vt 0.377972 0.753993
vt 0.360000 0.765000
vt 0.396095 0.748342
vt 0.375000 0.748342
vt 0.396095 0.780000
vt 0.396095 0.750000
vt 0.655000 0.748342
vt 0.626255 0.749766
vt 0.625000 0.748342
vt 0.603905 0.780000
vt 0.640000 0.765000
vt 0.603905 0.748342
vt 0.603904 0.750000
vt 0.345000 0.501658
vt 0.373745 0.500234
vt 0.375000 0.501658
vt 0.396095 0.470000
vt 0.360000 0.485000
vt 0.396095 0.501658
vt 0.396095 0.500000
vt 0.655000 0.501658
vt 0.622028 0.496007
vt 0.640000 0.485000
vt 0.603905 0.501658
vt 0.625000 0.501658
vt 0.603905 0.470000
vt 0.603904 0.500000
vt 0.125000 0.501658
vt 0.375000 0.001658
vt 0.396095 1.000000
vt 0.603904 0.000000
vt 0.875000 0.748342
vt 0.625000 0.248342
vt 0.375000 0.280000
vt 0.845000 0.500000
vt 0.155000 0.750000
vt 0.625000 0.970000
vt 0.127046 0.720000
vt 0.125865 0.750000
vt 0.125000 0.720000
vt 0.396095 0.997954
vt 0.375000 0.997954
vt 0.396095 0.030000
vt 0.375000 0.012679
vt 0.396095 0.000000
vt 0.603905 0.997954
vt 0.625000 0.999135
vt 0.603904 1.000000
vt 0.872954 0.720000
vt 0.875000 0.737321
vt 0.872954 0.750000
vt 0.603905 0.030000
vt 0.625000 0.030000
vt 0.127046 0.530000
vt 0.125000 0.512679
vt 0.127046 0.500000
vt 0.396095 0.220000
vt 0.379458 0.250432
vt 0.375000 0.220000
vt 0.396095 0.252046
vt 0.872954 0.530000
vt 0.874135 0.500000
vt 0.875000 0.530000
vt 0.603905 0.252046
vt 0.620542 0.243660
vt 0.625000 0.252046
vt 0.603905 0.220000
vt 0.603904 0.250000
vt 0.372954 0.720000
vt 0.377972 0.746062
vt 0.373977 0.751023
vt 0.396095 0.720000
vt 0.375000 0.720000
vt 0.396095 0.752046
vt 0.396095 0.750000
vt 0.627046 0.720000
vt 0.622316 0.745773
vt 0.625000 0.720000
vt 0.603904 0.752046
vt 0.626023 0.751023
vt 0.603905 0.720000
vt 0.603904 0.750000
vt 0.372954 0.530000
vt 0.377684 0.504226
vt 0.375000 0.530000
vt 0.396095 0.497954
vt 0.373977 0.498977
vt 0.396096 0.530000
vt 0.396095 0.500000
vt 0.627046 0.530000
vt 0.622028 0.503938
vt 0.626023 0.498977
vt 0.603905 0.530000
vt 0.625000 0.530000
vt 0.603904 0.497954
vt 0.603904 0.500000
vt 0.125000 0.530000
vt 0.375000 0.030000
vt 0.396095 1.000000
vt 0.875000 0.720000
vt 0.625000 0.220000
vt 0.872954 0.500000
vt 0.127046 0.750000
vt 0.127624 0.720000
vt 0.126109 0.750000
vt 0.125000 0.720000
vt 0.387426 0.997376
vt 0.380252 1.000000
vt 0.375000 0.997376
vt 0.387426 0.030000
vt 0.375000 0.012679
vt 0.387426 0.000000
vt 0.612574 0.997376
vt 0.625000 0.998891
vt 0.612574 1.000000
vt 0.872376 0.720000
vt 0.875000 0.737320
vt 0.872376 0.750000
vt 0.612574 0.030000
vt 0.619748 0.000000
vt 0.625000 0.030000
vt 0.127624 0.530000
vt 0.127624 0.500000
vt 0.387426 0.220000
vt 0.377626 0.250554
vt 0.375000 0.220000
vt 0.387426 0.252624
vt 0.387426 0.250000
vt 0.872376 0.530000
vt 0.873891 0.500000
vt 0.875000 0.530000
vt 0.612574 0.252624
vt 0.622374 0.243660
vt 0.625000 0.252624
vt 0.612574 0.220000
vt 0.612574 0.250000
vt 0.372376 0.720000
vt 0.376751 0.746143
vt 0.373688 0.751312
vt 0.387426 0.720000
vt 0.375000 0.720000
vt 0.387426 0.752624
vt 0.387426 0.750000
vt 0.627624 0.720000
vt 0.623619 0.745773
vt 0.625000 0.720000
vt 0.612574 0.752624
vt 0.626312 0.751312
vt 0.612574 0.720000
vt 0.612574 0.750000
vt 0.372376 0.530000
vt 0.376381 0.504226
vt 0.387426 0.497376
vt 0.373688 0.498688
vt 0.387426 0.530000
vt 0.387426 0.500000
vt 0.627624 0.530000
vt 0.623249 0.503857
vt 0.626312 0.498688
vt 0.612574 0.530000
vt 0.625000 0.530000
vt 0.612574 0.497376
vt 0.612574 0.500000
vt 0.375000 0.030000
vt 0.387426 1.000000
vt 0.612574 0.000000
vt 0.625000 0.220000
vt 0.375000 0.252624
vt 0.872376 0.500000
vt 0.127624 0.750000
vt 0.625000 0.997376
vt 0.127290 0.720000
vt 0.125968 0.750000
vt 0.387426 0.997710
vt 0.375000 0.997710
vt 0.387426 0.030000
vt 0.612574 0.997710
vt 0.625000 0.999032
vt 0.612574 1.000000
vt 0.872710 0.720000
vt 0.872710 0.750000
vt 0.612574 0.030000
vt 0.625000 0.030000
vt 0.127290 0.530000
vt 0.127290 0.500000
vt 0.377626 0.250484
vt 0.375000 0.220000
vt 0.387426 0.252290
vt 0.387426 0.250000
vt 0.872710 0.530000
vt 0.874032 0.500000
vt 0.612574 0.252290
vt 0.622374 0.243660
vt 0.625000 0.252290
vt 0.372710 0.720000
vt 0.376751 0.746096
vt 0.373855 0.751145
vt 0.387426 0.752290
vt 0.627290 0.720000
vt 0.623572 0.745773
vt 0.625000 0.720000
vt 0.612574 0.752290
vt 0.626145 0.751145
vt 0.612574 0.750000
vt 0.372710 0.530000
vt 0.376428 0.504226
vt 0.375000 0.530000
vt 0.387426 0.497710
vt 0.373855 0.498855
vt 0.387426 0.500000
vt 0.627290 0.530000
vt 0.623249 0.503904
vt 0.626145 0.498855
vt 0.625000 0.530000
vt 0.612574 0.497710
vt 0.612574 0.500000
vt 0.375000 0.030000
vt 0.875000 0.720000
vt 0.625000 0.220000
vt 0.375000 0.252290
vt 0.872710 0.500000
vt 0.127290 0.750000
vt 0.625000 0.997710
vt 0.128155 0.720000
vt 0.126334 0.750000
vt 0.387426 0.996845
vt 0.375000 0.996845
vt 0.387426 0.030000
vt 0.387426 0.000000
vt 0.612574 0.996845
vt 0.625000 0.998666
vt 0.612574 1.000000
vt 0.871845 0.720000
vt 0.871845 0.750000
vt 0.128155 0.530000
vt 0.128155 0.500000
vt 0.387426 0.220000
vt 0.377626 0.250667
vt 0.375000 0.220000
vt 0.387426 0.253155
vt 0.871845 0.530000
vt 0.873666 0.500000
vt 0.612574 0.253155
vt 0.622374 0.243660
vt 0.625000 0.253155
vt 0.612574 0.250000
vt 0.371845 0.720000
vt 0.376751 0.746218
vt 0.373422 0.751577
vt 0.387426 0.720000
vt 0.375000 0.720000
vt 0.387426 0.753155
vt 0.387426 0.750000
vt 0.628155 0.720000
vt 0.623694 0.745774
vt 0.625000 0.720000
vt 0.612574 0.753155
vt 0.626578 0.751578
vt 0.612574 0.720000
vt 0.612574 0.750000
vt 0.371845 0.530000
vt 0.376306 0.504226
vt 0.375000 0.530000
vt 0.387426 0.496845
vt 0.373422 0.498422
vt 0.387426 0.500000
vt 0.628155 0.530000
vt 0.623249 0.503782
vt 0.626577 0.498422
vt 0.612574 0.530000
vt 0.625000 0.530000
vt 0.612574 0.496845
vt 0.387426 1.000000
vt 0.375000 0.253155
vt 0.871845 0.500000
vt 0.128155 0.750000
vt 0.625000 0.996845
vt 0.129294 0.720000
vt 0.126815 0.750000
vt 0.387426 0.995706
vt 0.375000 0.995706
vt 0.387426 0.030000
vt 0.612574 0.995706
vt 0.625000 0.998185
vt 0.870706 0.720000
vt 0.870706 0.750000
vt 0.612574 0.030000
vt 0.129294 0.530000
vt 0.129294 0.500000
vt 0.377626 0.250907
vt 0.387426 0.254294
vt 0.387426 0.250000
vt 0.870706 0.530000
vt 0.873185 0.500000
vt 0.612574 0.254294
vt 0.622374 0.243660
vt 0.625000 0.254294
vt 0.370706 0.720000
vt 0.376751 0.746378
vt 0.372853 0.752147
vt 0.387426 0.720000
vt 0.387426 0.754294
vt 0.387426 0.750000
vt 0.629294 0.720000
vt 0.623854 0.745773
vt 0.625000 0.720000
vt 0.612574 0.754294
vt 0.627147 0.752147
vt 0.370706 0.530000
vt 0.376146 0.504227
vt 0.387426 0.495706
vt 0.372853 0.497853
vt 0.387426 0.530000
vt 0.629294 0.530000
vt 0.623249 0.503622
vt 0.627147 0.497853
vt 0.612574 0.495706
vt 0.375000 0.030000
vt 0.625000 0.220000
vt 0.375000 0.254294
vt 0.870706 0.500000
vt 0.129294 0.750000
vt 0.612574 0.253155
vt 0.387426 0.720000
vt 0.371845 0.530000
vt 0.387426 0.030000
vt 0.129294 0.530000
vt 0.870706 0.530000
vt 0.629294 0.720000
vt 0.370706 0.530000
vt 0.155000 0.748342
vt 0.396096 0.001658
vt 0.155000 0.501658
vt 0.345000 0.748342
vt 0.396095 0.780000
vt 0.603905 0.780000
vt 0.640000 0.485000
vt 0.396096 0.030000
vt 0.603904 0.997954
vt 0.603905 0.030000
vt 0.396095 0.220000
vt 0.396095 0.250000
vt 0.396095 0.720000
vt 0.396095 0.752046
vt 0.603905 0.752046
vt 0.626023 0.751023
vt 0.372954 0.530000
vt 0.396095 0.500000
vt 0.622028 0.503938
vt 0.626023 0.498977
vt 0.603905 0.530000
vt 0.603905 0.497954
vt 0.375000 0.252046
vt 0.625000 0.997954
vt 0.387426 0.997376
vt 0.612574 0.997376
vt 0.127624 0.530000
vt 0.872376 0.530000
vt 0.623619 0.745773
vt 0.625000 0.720000
vt 0.612574 0.752624
vt 0.626312 0.751312
vt 0.372376 0.530000
vt 0.387426 0.497376
vt 0.627624 0.530000
vt 0.626312 0.498688
vt 0.127290 0.530000
vt 0.387426 0.252290
vt 0.612574 0.252290
vt 0.372710 0.720000
vt 0.387426 0.720000
vt 0.387426 0.752290
vt 0.627290 0.530000
vt 0.612574 0.497710
vt 0.871845 0.720000
vt 0.387426 0.253155
vt 0.371845 0.720000
vt 0.387426 0.753155
vt 0.387426 0.750000
vt 0.628155 0.720000
vt 0.625000 0.720000
vt 0.626577 0.751577
vt 0.387426 0.500000
vt 0.628155 0.530000
vt 0.623249 0.503782
vt 0.626577 0.498422
vt 0.870706 0.530000
vt 0.370706 0.720000
vt 0.370706 0.530000
vt 0.625000 0.995706
vt 0.128155 0.720000
vt 0.128155 0.530000
vt 0.387426 0.253155
vt 0.871845 0.530000
vt 0.129294 0.530000
vt 0.387426 0.254294
vt 0.387426 0.754294
s 1
usemtl grate_front_center_cast_iron
f 1/1/1 5/2/2 7/3/3
f 2/4/4 5/5/2 4/6/5
f 3/7/6 5/8/2 6/9/7
f 8/10/8 12/11/9 14/12/10
f 9/13/11 12/14/9 11/15/12
f 10/16/13 12/17/9 13/18/14
f 15/19/15 19/20/16 21/21/17
f 16/22/18 19/23/16 18/24/19
f 17/25/20 19/23/16 20/26/21
f 22/27/22 26/28/23 28/29/24
f 23/30/25 26/31/23 25/32/26
f 24/33/27 26/31/23 27/34/28
f 29/35/29 33/36/30 35/37/31
f 30/38/32 33/36/30 32/39/33
f 31/40/34 33/36/30 34/41/35
f 36/42/36 40/43/37 42/44/38
f 37/45/39 40/43/37 39/46/40
f 38/47/41 40/43/37 41/48/42
f 43/49/43 47/50/44 49/51/45
f 44/52/46 47/50/44 46/53/47
f 45/54/48 47/50/44 48/55/49
f 50/56/50 54/57/51 56/58/52
f 51/59/53 54/57/51 53/60/54
f 52/61/55 54/57/51 55/62/56
f 1/1/1 18/63/19 15/19/15
f 7/64/3 16/22/18 18/24/19
f 8/10/8 6/65/7 2/4/4
f 14/66/10 3/7/6 6/9/7
f 22/27/22 13/67/14 9/13/11
f 28/68/24 10/16/13 13/18/14
f 17/25/20 27/34/28 23/30/25
f 20/26/21 24/33/27 27/34/28
f 43/49/43 21/21/17 46/53/47
f 21/69/17 44/52/46 46/53/47
f 22/27/22 56/58/52 25/70/26
f 56/58/52 23/30/25 25/32/26
f 45/54/48 55/62/56 51/59/53
f 48/55/49 52/61/55 55/62/56
f 43/49/43 32/39/33 29/35/29
f 32/39/33 45/54/48 30/38/32
f 36/42/36 53/60/54 50/56/50
f 42/44/38 51/59/53 53/60/54
f 31/40/34 41/48/42 37/45/39
f 34/41/35 38/47/41 41/48/42
f 29/35/29 4/71/5 1/1/1
f 35/37/31 2/4/4 4/6/5
f 9/13/11 39/46/40 36/42/36
f 11/72/12 37/45/39 39/46/40
f 43/49/43 1/1/1 15/19/15
f 10/16/13 16/22/18 3/7/6
f 37/45/39 2/4/4 31/40/34
f 22/27/22 36/42/36 50/56/50
f 23/30/25 44/52/46 17/25/20
f 51/59/53 30/38/32 45/54/48
f 57/73/57 61/74/58 63/75/59
f 58/76/60 61/5/58 60/77/61
f 59/78/62 61/79/58 62/80/63
f 64/81/64 68/82/65 70/83/10
f 65/84/66 68/85/65 67/86/67
f 66/87/68 68/17/65 69/88/69
f 71/89/70 75/90/16 77/91/71
f 72/92/72 75/93/16 74/94/73
f 73/95/74 75/93/16 76/26/21
f 78/96/75 82/97/76 84/98/77
f 79/99/78 82/100/76 81/101/79
f 80/102/80 82/100/76 83/103/81
f 85/104/82 89/105/30 91/106/83
f 86/107/84 89/105/30 88/108/85
f 87/109/86 89/105/30 90/110/35
f 92/111/87 96/112/88 98/113/89
f 93/114/90 96/112/88 95/115/91
f 94/116/92 96/112/88 97/117/93
f 99/118/94 103/119/44 105/120/95
f 100/121/96 103/119/44 102/122/97
f 101/123/98 103/119/44 104/124/49
f 106/125/99 110/126/51 112/127/100
f 107/128/101 110/126/51 109/129/102
f 108/130/103 110/126/51 111/131/104
f 57/73/57 74/132/73 71/89/70
f 63/133/59 72/92/72 74/94/73
f 64/81/64 62/134/63 58/76/60
f 70/66/10 59/78/62 62/80/63
f 78/96/75 69/135/69 65/84/66
f 84/136/77 66/87/68 69/88/69
f 73/95/74 83/103/81 79/99/78
f 76/26/21 80/102/80 83/103/81
f 71/89/70 102/122/97 99/118/94
f 102/122/97 73/95/74 100/121/96
f 106/125/99 81/137/79 78/96/75
f 112/127/100 79/99/78 81/101/79
f 101/123/98 111/131/104 107/128/101
f 104/124/49 108/130/103 111/131/104
f 99/118/94 88/108/85 85/104/82
f 105/120/95 86/107/84 88/108/85
f 92/111/87 109/129/102 106/125/99
f 98/113/89 107/128/101 109/129/102
f 87/109/86 97/117/93 93/114/90
f 90/110/35 94/116/92 97/117/93
f 85/104/82 60/138/61 57/73/57
f 91/106/83 58/76/60 60/77/61
f 65/84/66 95/115/91 92/111/87
f 95/115/91 64/81/64 93/114/90
f 99/118/94 57/73/57 71/89/70
f 66/87/68 72/92/72 59/78/62
f 93/114/90 58/76/60 87/109/86
f 78/96/75 92/111/87 106/125/99
f 79/99/78 100/121/96 73/95/74
f 107/128/101 86/107/84 101/123/98
f 113/139/105 117/140/44 119/141/95
f 114/142/106 117/143/44 116/144/107
f 115/145/108 117/146/44 118/147/109
f 120/148/110 124/149/111 126/150/112
f 121/151/113 124/152/111 123/153/114
f 122/154/115 124/155/111 125/156/116
f 127/157/117 131/90/30 133/158/118
f 128/159/119 131/160/30 130/161/120
f 129/162/121 131/160/30 132/163/122
f 134/164/123 138/165/88 140/166/89
f 135/167/124 138/168/88 137/169/125
f 136/170/126 138/168/88 139/171/127
f 141/172/128 145/173/16 147/174/129
f 142/175/130 145/173/16 144/176/131
f 143/177/132 145/173/16 146/178/133
f 148/179/134 152/180/135 154/181/77
f 149/182/136 152/180/135 151/183/137
f 150/184/138 152/180/135 153/185/139
f 155/186/140 159/187/2 161/120/59
f 156/188/141 159/187/2 158/189/142
f 157/190/143 159/187/2 160/191/144
f 162/192/145 166/193/65 168/194/146
f 163/195/147 166/193/65 165/196/148
f 164/197/149 166/193/65 167/198/150
f 113/139/105 130/132/120 127/157/117
f 119/199/95 128/159/119 130/161/120
f 120/148/110 118/200/109 114/142/106
f 126/201/112 115/145/108 118/147/109
f 134/164/123 125/135/116 121/151/113
f 140/202/89 122/154/115 125/156/116
f 129/162/121 139/171/127 135/167/124
f 132/163/122 136/170/126 139/171/127
f 127/157/117 158/189/142 155/186/140
f 133/203/118 156/188/141 158/189/142
f 162/192/145 137/204/125 134/164/123
f 168/194/146 135/167/124 137/169/125
f 157/190/143 167/198/150 163/195/147
f 160/191/144 164/197/149 167/198/150
f 155/186/140 144/176/131 141/172/128
f 161/120/59 142/175/130 144/176/131
f 148/179/134 165/196/148 162/192/145
f 154/181/77 163/195/147 165/196/148
f 143/177/132 153/185/139 149/182/136
f 146/178/133 150/184/138 153/185/139
f 141/172/128 116/205/107 113/139/105
f 147/174/129 114/142/106 116/144/107
f 121/151/113 151/183/137 148/179/134
f 123/206/114 149/182/136 151/183/137
f 155/186/140 113/139/105 127/157/117
f 122/154/115 128/159/119 115/145/108
f 149/182/136 114/142/106 143/177/132
f 134/164/123 148/179/134 162/192/145
f 135/167/124 156/188/141 129/162/121
f 163/195/147 142/175/130 157/190/143
f 169/207/151 173/208/16 175/75/152
f 170/209/153 173/143/16 172/210/154
f 171/211/155 173/146/16 174/147/156
f 176/212/157 180/213/158 182/214/159
f 177/215/160 180/152/158 179/216/161
f 178/217/162 180/155/158 181/218/163
f 183/219/164 187/90/44 189/220/165
f 184/159/166 187/221/44 186/222/167
f 185/223/168 187/221/44 188/224/169
f 190/225/170 194/226/171 196/166/172
f 191/227/173 194/228/171 193/229/174
f 192/170/175 194/228/171 195/171/176
f 197/230/177 201/231/2 203/232/178
f 198/175/179 201/231/2 200/176/180
f 199/233/181 201/231/2 202/178/182
f 204/234/183 208/235/184 210/236/185
f 205/237/186 208/235/184 207/238/187
f 206/184/188 208/235/184 209/239/189
f 211/240/190 215/241/30 217/242/191
f 212/243/192 215/241/30 214/244/193
f 213/190/194 215/241/30 216/245/195
f 218/246/196 222/247/197 224/248/198
f 219/195/199 222/247/197 221/249/200
f 220/250/201 222/247/197 223/251/202
f 169/207/151 186/132/167 183/219/164
f 175/252/152 184/159/166 186/222/167
f 176/212/157 174/200/156 170/209/153
f 182/201/159 171/211/155 174/147/156
f 190/225/170 181/253/163 177/215/160
f 196/254/172 178/217/162 181/218/163
f 185/223/168 195/171/176 191/227/173
f 188/224/169 192/170/175 195/171/176
f 183/219/164 214/244/193 211/240/190
f 189/255/165 212/243/192 214/244/193
f 218/246/196 193/256/174 190/225/170
f 224/248/198 191/227/173 193/229/174
f 213/190/194 223/251/202 219/195/199
f 216/245/195 220/250/201 223/251/202
f 211/240/190 200/176/180 197/230/177
f 217/242/191 198/175/179 200/176/180
f 204/234/183 221/249/200 218/246/196
f 210/236/185 219/195/199 221/249/200
f 199/233/181 209/239/189 205/237/186
f 202/178/182 206/184/188 209/239/189
f 197/230/177 172/257/154 169/207/151
f 203/232/178 170/209/153 172/210/154
f 177/215/160 207/238/187 204/234/183
f 179/258/161 205/237/186 207/238/187
f 211/240/190 169/207/151 183/219/164
f 178/217/162 184/159/166 171/211/155
f 205/237/186 170/209/153 199/233/181
f 190/225/170 204/234/183 218/246/196
f 191/227/173 212/243/192 185/223/168
f 219/195/199 198/175/179 213/190/194
f 225/259/203 229/260/204 231/75/205
f 226/261/206 229/143/204 228/262/207
f 227/263/208 229/146/204 230/264/209
f 232/265/210 236/266/211 238/267/212
f 233/268/213 236/152/211 235/269/214
f 234/154/215 236/155/211 237/218/216
f 239/270/217 243/90/218 245/271/219
f 240/272/220 243/273/218 242/274/221
f 241/275/222 243/273/218 244/163/223
f 246/276/224 250/277/225 252/166/226
f 247/278/227 250/279/225 249/280/228
f 248/170/229 250/279/225 251/281/230
f 253/282/231 257/283/232 259/284/233
f 254/285/234 257/283/232 256/286/235
f 255/287/236 257/283/232 258/288/237
f 260/289/238 264/290/239 266/291/240
f 261/292/241 264/290/239 263/293/242
f 262/294/243 264/290/239 265/295/244
f 267/296/245 271/297/246 273/298/247
f 268/299/248 271/297/246 270/300/249
f 269/190/250 271/297/246 272/301/251
f 274/302/252 278/303/253 280/304/254
f 275/305/255 278/303/253 277/306/256
f 276/307/257 278/303/253 279/251/258
f 239/270/217 231/75/205 242/132/221
f 231/133/205 240/272/220 242/274/221
f 232/265/210 230/308/209 226/261/206
f 238/201/212 227/263/208 230/264/209
f 246/276/224 237/135/216 233/268/213
f 237/218/216 248/170/229 234/154/215
f 241/275/222 251/281/230 247/278/227
f 244/163/223 248/170/229 251/281/230
f 267/296/245 245/271/219 270/300/249
f 245/309/219 268/299/248 270/300/249
f 274/302/252 249/310/228 246/276/224
f 280/304/254 247/278/227 249/280/228
f 269/190/250 279/251/258 275/305/255
f 272/301/251 276/307/257 279/251/258
f 253/282/231 273/298/247 256/286/235
f 273/298/247 254/285/234 256/286/235
f 274/302/252 266/291/240 277/306/256
f 277/306/256 262/294/243 275/305/255
f 255/287/236 265/295/244 261/292/241
f 258/288/237 262/294/243 265/295/244
f 225/259/203 259/284/233 228/311/207
f 259/284/233 226/261/206 228/262/207
f 233/268/213 263/293/242 260/289/238
f 235/312/214 261/292/241 263/293/242
f 267/296/245 225/259/203 239/270/217
f 234/154/215 240/272/220 227/263/208
f 261/292/241 226/261/206 255/287/236
f 274/302/252 233/268/213 260/289/238
f 247/278/227 268/299/248 241/275/222
f 275/305/255 254/285/234 269/190/250
f 281/313/259 285/314/260 287/141/261
f 282/315/262 285/143/260 284/316/263
f 283/317/264 285/146/260 286/264/265
f 288/318/266 292/319/267 294/214/268
f 289/320/269 292/152/267 291/321/270
f 290/322/271 292/155/267 293/156/272
f 295/323/273 299/90/274 301/324/275
f 296/272/276 299/325/274 298/161/277
f 297/326/278 299/325/274 300/327/279
f 302/328/280 306/329/281 308/166/282
f 303/330/283 306/331/281 305/332/284
f 304/170/285 306/331/281 307/171/286
f 309/333/287 313/334/288 315/335/289
f 310/336/290 313/334/288 312/176/291
f 311/337/292 313/334/288 314/338/293
f 316/339/294 320/340/295 322/341/296
f 317/342/297 320/340/295 319/343/298
f 318/294/299 320/340/295 321/239/300
f 323/344/301 327/345/302 329/242/303
f 324/346/304 327/345/302 326/347/305
f 325/348/306 327/345/302 328/191/307
f 330/349/308 334/350/309 336/351/310
f 331/195/311 334/350/309 333/249/312
f 332/352/313 334/350/309 335/198/314
f 281/313/259 298/132/277 295/323/273
f 287/353/261 296/272/276 298/161/277
f 288/318/266 286/308/265 282/315/262
f 294/201/268 283/317/264 286/264/265
f 302/328/280 293/135/272 289/320/269
f 308/354/282 290/322/271 293/156/272
f 297/326/278 307/171/286 303/330/283
f 300/327/279 304/170/285 307/171/286
f 295/323/273 326/347/305 323/344/301
f 301/355/275 324/346/304 326/347/305
f 330/349/308 305/356/284 302/328/280
f 305/332/284 332/352/313 303/330/283
f 325/348/306 335/198/314 331/195/311
f 328/191/307 332/352/313 335/198/314
f 323/344/301 312/176/291 309/333/287
f 312/176/291 325/348/306 310/336/290
f 330/349/308 322/341/296 333/249/312
f 333/249/312 318/294/299 331/195/311
f 311/337/292 321/239/300 317/342/297
f 314/338/293 318/294/299 321/239/300
f 309/333/287 284/357/263 281/313/259
f 315/335/289 282/315/262 284/316/263
f 316/339/294 291/321/270 319/343/298
f 319/343/298 288/318/266 317/342/297
f 295/323/273 309/333/287 281/313/259
f 290/322/271 296/272/276 283/317/264
f 317/342/297 282/315/262 311/337/292
f 302/328/280 316/339/294 330/349/308
f 303/330/283 324/346/304 297/326/278
f 331/195/311 310/336/290 325/348/306
f 337/259/315 341/260/316 343/75/317
f 338/261/318 341/143/316 340/262/319
f 339/263/320 341/146/316 342/264/321
f 344/265/322 348/266/323 350/267/324
f 345/268/325 348/152/323 347/269/326
f 346/154/327 348/155/323 349/218/328
f 351/270/329 355/90/330 357/271/331
f 352/272/332 355/273/330 354/274/333
f 353/275/334 355/273/330 356/163/335
f 358/276/336 362/277/337 364/166/338
f 359/358/339 362/279/337 361/280/340
f 360/170/341 362/279/337 363/281/342
f 365/282/343 369/283/344 371/284/345
f 366/359/346 369/283/344 368/286/347
f 367/287/348 369/283/344 370/288/349
f 372/289/350 376/290/351 378/291/352
f 373/292/353 376/290/351 375/293/354
f 374/294/355 376/290/351 377/295/356
f 379/360/357 383/297/358 385/298/359
f 380/299/360 383/297/358 382/300/361
f 381/190/362 383/297/358 384/301/363
f 386/302/364 390/303/365 392/304/366
f 387/305/367 390/303/365 389/306/368
f 388/307/369 390/303/365 391/251/370
f 351/270/329 343/75/317 354/132/333
f 354/274/333 339/263/320 352/272/332
f 344/265/322 342/308/321 338/261/318
f 350/201/324 339/263/320 342/264/321
f 358/276/336 349/135/328 345/268/325
f 364/136/338 346/154/327 349/218/328
f 353/275/334 363/281/342 359/358/339
f 356/163/335 360/170/341 363/281/342
f 351/270/329 382/300/361 379/360/357
f 357/309/331 380/299/360 382/300/361
f 386/302/364 361/310/340 358/276/336
f 392/304/366 359/358/339 361/280/340
f 381/190/362 391/251/370 387/305/367
f 384/301/363 388/307/369 391/251/370
f 379/360/357 368/286/347 365/282/343
f 385/298/359 366/359/346 368/286/347
f 372/289/350 389/306/368 386/302/364
f 378/291/352 387/305/367 389/306/368
f 367/287/348 377/295/356 373/292/353
f 370/288/349 374/294/355 377/295/356
f 365/282/343 340/311/319 337/259/315
f 371/284/345 338/261/318 340/262/319
f 345/268/325 375/293/354 372/289/350
f 347/312/326 373/292/353 375/293/354
f 351/270/329 365/282/343 337/259/315
f 346/154/327 352/272/332 339/263/320
f 373/292/353 338/261/318 367/287/348
f 358/276/336 372/289/350 386/302/364
f 359/358/339 380/299/360 353/275/334
f 387/305/367 366/359/346 381/190/362
f 393/313/371 397/314/372 399/141/373
f 394/315/374 397/143/372 396/316/375
f 395/361/376 397/146/372 398/264/377
f 400/318/378 404/319/379 406/214/380
f 401/320/381 404/152/379 403/321/382
f 402/322/383 404/155/379 405/156/384
f 407/362/385 411/90/386 413/324/387
f 408/272/388 411/325/386 410/161/389
f 409/326/390 411/325/386 412/327/391
f 414/363/392 418/329/393 420/166/394
f 415/330/395 418/331/393 417/332/396
f 416/170/397 418/331/393 419/171/398
f 421/333/399 425/334/400 427/335/401
f 422/285/402 425/334/400 424/176/403
f 423/337/404 425/334/400 426/338/405
f 428/364/406 432/340/407 434/291/408
f 429/342/409 432/340/407 431/343/410
f 430/294/411 432/340/407 433/239/412
f 435/365/413 439/345/414 441/242/415
f 436/346/416 439/345/414 438/347/417
f 437/348/418 439/345/414 440/191/419
f 442/349/420 446/350/421 448/351/422
f 443/195/423 446/350/421 445/249/424
f 444/352/425 446/350/421 447/198/426
f 393/313/371 410/132/389 407/362/385
f 399/353/373 408/272/388 410/161/389
f 400/318/378 398/308/377 394/315/374
f 406/201/380 395/361/376 398/264/377
f 414/363/392 405/135/384 401/320/381
f 420/354/394 402/322/383 405/156/384
f 409/326/390 419/171/398 415/330/395
f 412/327/391 416/170/397 419/171/398
f 407/362/385 438/347/417 435/365/413
f 413/355/387 436/346/416 438/347/417
f 442/349/420 417/356/396 414/363/392
f 417/332/396 444/352/425 415/330/395
f 437/348/418 447/198/426 443/195/423
f 440/191/419 444/352/425 447/198/426
f 435/365/413 424/176/403 421/333/399
f 441/242/415 422/285/402 424/176/403
f 428/364/406 445/249/424 442/349/420
f 434/291/408 443/195/423 445/249/424
f 423/337/404 433/239/412 429/342/409
f 426/338/405 430/294/411 433/239/412
f 421/333/399 396/357/375 393/313/371
f 427/335/401 394/315/374 396/316/375
f 401/320/381 431/343/410 428/364/406
f 431/343/410 400/318/378 429/342/409
f 435/365/413 393/313/371 407/362/385
f 402/322/383 408/272/388 395/361/376
f 429/342/409 394/315/374 423/337/404
f 442/349/420 401/320/381 428/364/406
f 415/330/395 436/346/416 409/326/390
f 443/195/423 422/285/402 437/348/418
f 449/366/1 453/2/58 455/3/3
f 450/4/4 453/5/58 452/6/427
f 451/367/6 453/8/58 454/9/7
f 456/10/428 460/11/429 462/12/10
f 457/13/11 460/14/429 459/15/430
f 458/16/13 460/17/429 461/18/431
f 463/368/15 467/20/16 469/21/17
f 464/22/18 467/23/16 466/24/432
f 465/25/20 467/23/16 468/26/21
f 470/27/22 474/28/23 476/29/24
f 471/30/25 474/31/23 473/32/433
f 472/33/27 474/31/23 475/34/28
f 477/369/29 481/36/30 483/37/31
f 478/38/434 481/36/30 480/39/435
f 479/370/34 481/36/30 482/41/35
f 484/42/36 488/43/37 490/44/38
f 485/371/39 488/43/37 487/46/200
f 486/47/41 488/43/37 489/48/42
f 491/49/43 495/50/44 497/51/436
f 492/52/46 495/50/44 494/53/47
f 493/54/437 495/50/44 496/55/49
f 498/56/50 502/57/51 504/372/52
f 499/59/53 502/57/51 501/60/54
f 500/61/55 502/57/51 503/62/56
f 449/366/1 466/63/432 463/368/15
f 455/64/3 464/22/18 466/24/432
f 456/10/428 454/65/7 450/4/4
f 462/66/10 451/367/6 454/9/7
f 470/27/22 461/67/431 457/13/11
f 476/68/24 458/16/13 461/18/431
f 465/25/20 475/34/28 471/30/25
f 468/26/21 472/33/27 475/34/28
f 491/49/43 469/21/17 494/53/47
f 469/69/17 492/52/46 494/53/47
f 470/27/22 504/372/52 473/70/433
f 504/372/52 471/30/25 473/32/433
f 493/54/437 503/62/56 499/59/53
f 496/55/49 500/61/55 503/62/56
f 491/49/43 480/39/435 477/369/29
f 497/51/436 478/38/434 480/39/435
f 484/42/36 501/60/54 498/56/50
f 490/44/38 499/59/53 501/60/54
f 479/370/34 489/48/42 485/371/39
f 482/41/35 486/47/41 489/48/42
f 477/369/29 452/71/427 449/366/1
f 483/37/31 450/4/4 452/6/427
f 457/13/11 487/46/200 484/42/36
f 459/72/430 485/371/39 487/46/200
f 491/49/43 449/366/1 463/368/15
f 458/16/13 464/22/18 451/367/6
f 485/371/39 450/4/4 479/370/34
f 470/27/22 484/42/36 498/56/50
f 471/30/25 492/52/46 465/25/20
f 499/59/53 478/38/434 493/54/437
f 505/73/57 509/74/2 511/75/59
f 506/76/60 509/5/2 508/77/438
f 507/373/439 509/79/2 510/80/7
f 512/374/440 516/82/9 518/83/10
f 513/84/66 516/85/9 515/86/441
f 514/375/68 516/17/9 517/88/148
f 519/89/70 523/90/16 525/91/442
f 520/376/72 523/93/16 522/94/443
f 521/95/444 523/93/16 524/377/21
f 526/96/75 530/97/23 532/98/77
f 527/99/78 530/100/23 529/101/445
f 528/102/446 530/100/23 531/103/81
f 533/104/82 537/105/30 539/106/83
f 534/378/84 537/105/30 536/108/85
f 535/379/86 537/105/30 538/41/35
f 540/111/87 544/112/447 546/291/89
f 541/380/448 544/112/447 543/381/449
f 542/116/92 544/112/447 545/117/42
f 547/382/94 551/119/44 553/120/95
f 548/121/450 551/119/44 550/122/451
f 549/123/98 551/119/44 552/383/49
f 554/125/99 558/384/51 560/385/100
f 555/386/101 558/384/51 557/129/116
f 556/387/103 558/384/51 559/131/56
f 505/73/57 522/132/443 519/89/70
f 511/133/59 520/376/72 522/94/443
f 512/374/440 510/134/7 506/76/60
f 518/66/10 507/373/439 510/80/7
f 526/96/75 517/135/148 513/84/66
f 532/136/77 514/375/68 517/88/148
f 521/95/444 531/103/81 527/99/78
f 524/377/21 528/102/446 531/103/81
f 519/89/70 550/122/451 547/382/94
f 525/388/442 548/121/450 550/122/451
f 554/125/99 529/137/445 526/96/75
f 560/385/100 527/99/78 529/101/445
f 549/123/98 559/131/56 555/386/101
f 552/383/49 556/387/103 559/131/56
f 547/382/94 536/108/85 533/104/82
f 553/120/95 534/378/84 536/108/85
f 540/111/87 557/129/116 554/125/99
f 546/291/89 555/386/101 557/129/116
f 535/379/86 545/117/42 541/380/448
f 538/41/35 542/116/92 545/117/42
f 533/104/82 508/138/438 505/73/57
f 539/106/83 506/76/60 508/77/438
f 513/84/66 543/381/449 540/111/87
f 515/389/441 541/380/448 543/381/449
f 547/382/94 505/73/57 519/89/70
f 514/375/68 520/376/72 507/373/439
f 541/380/448 506/76/60 535/379/86
f 526/96/75 540/111/87 554/125/99
f 527/99/78 548/121/450 521/95/444
f 555/386/101 534/378/84 549/123/98
f 561/139/140 565/140/2 567/141/59
f 562/390/452 565/143/2 564/144/453
f 563/263/454 565/146/2 566/147/455
f 568/391/149 572/149/184 574/150/456
f 569/151/145 572/152/184 571/153/457
f 570/154/147 572/155/184 573/156/458
f 575/392/459 579/90/16 581/158/129
f 576/159/130 579/160/16 578/161/460
f 577/162/132 579/160/16 580/163/461
f 582/393/134 586/165/462 588/166/77
f 583/167/136 586/168/462 585/169/463
f 584/170/464 586/168/462 587/171/465
f 589/172/466 593/173/30 595/174/118
f 590/175/119 593/173/30 592/176/467
f 591/177/121 593/173/30 594/178/468
f 596/179/123 600/394/197 602/395/89
f 597/396/469 600/394/197 599/397/470
f 598/294/126 600/394/197 601/185/471
f 603/398/105 607/187/44 609/120/472
f 604/399/473 607/187/44 606/189/474
f 605/190/475 607/187/44 608/245/476
f 610/400/113 614/193/477 616/401/478
f 611/305/115 614/193/477 613/306/116
f 612/197/110 614/193/477 615/198/479
f 561/139/140 578/132/460 575/392/459
f 567/199/59 576/159/130 578/161/460
f 568/391/149 566/200/455 562/390/452
f 574/201/456 563/263/454 566/147/455
f 582/393/134 573/135/458 569/151/145
f 588/202/77 570/154/147 573/156/458
f 577/162/132 587/171/465 583/167/136
f 580/163/461 584/170/464 587/171/465
f 575/392/459 606/189/474 603/398/105
f 581/203/129 604/399/473 606/189/474
f 610/400/113 585/204/463 582/393/134
f 616/401/478 583/167/136 585/169/463
f 605/190/475 615/198/479 611/305/115
f 608/245/476 612/197/110 615/198/479
f 603/398/105 592/176/467 589/172/466
f 609/120/472 590/175/119 592/176/467
f 596/179/123 613/306/116 610/400/113
f 602/395/89 611/305/115 613/306/116
f 591/177/121 601/185/471 597/396/469
f 594/178/468 598/294/126 601/185/471
f 589/172/466 564/205/453 561/139/140
f 595/174/118 562/390/452 564/144/453
f 569/151/145 599/397/470 596/179/123
f 571/206/457 597/396/469 599/397/470
f 603/398/105 561/139/140 575/392/459
f 570/154/147 576/159/130 563/263/454
f 597/396/469 562/390/452 591/177/121
f 582/393/134 596/179/123 610/400/113
f 583/167/136 604/399/473 577/162/132
f 611/305/115 590/175/119 605/190/475
f 617/207/480 621/208/30 623/75/191
f 618/209/192 621/143/30 620/210/481
f 619/211/194 621/146/30 622/147/122
f 624/212/201 628/213/482 630/214/483
f 625/215/484 628/152/482 627/216/485
f 626/217/199 628/155/482 629/218/200
f 631/402/177 635/90/2 637/220/486
f 632/159/179 635/221/2 634/222/180
f 633/403/181 635/221/2 636/163/144
f 638/225/183 642/226/487 644/166/185
f 639/404/186 642/228/487 641/229/488
f 640/170/188 642/228/487 643/171/189
f 645/405/164 649/231/44 651/232/489
f 646/406/166 649/231/44 648/176/167
f 647/407/168 649/231/44 650/178/169
f 652/234/490 656/235/477 658/291/52
f 653/237/173 656/235/477 655/238/174
f 654/184/175 656/235/477 657/239/479
f 659/240/491 663/241/16 665/242/152
f 660/243/153 663/241/16 662/244/492
f 661/190/155 663/241/16 664/245/156
f 666/408/493 670/247/135 672/248/494
f 667/195/162 670/247/135 669/249/26
f 668/409/157 670/247/135 671/251/495
f 617/207/480 634/132/180 631/402/177
f 623/252/191 632/159/179 634/222/180
f 624/212/201 622/200/122 618/209/192
f 630/201/483 619/211/194 622/147/122
f 638/225/183 629/253/200 625/215/484
f 644/254/185 626/217/199 629/218/200
f 633/403/181 643/171/189 639/404/186
f 636/163/144 640/170/188 643/171/189
f 631/402/177 662/244/492 659/240/491
f 637/255/486 660/243/153 662/244/492
f 666/408/493 641/256/488 638/225/183
f 672/248/494 639/404/186 641/229/488
f 661/190/155 671/251/495 667/195/162
f 664/245/156 668/409/157 671/251/495
f 659/240/491 648/176/167 645/405/164
f 665/242/152 646/406/166 648/176/167
f 666/408/493 658/291/52 669/249/26
f 658/291/52 667/195/162 669/249/26
f 647/407/168 657/239/479 653/237/173
f 650/178/169 654/184/175 657/239/479
f 645/405/164 620/257/481 617/207/480
f 651/232/489 618/209/192 620/210/481
f 625/215/484 655/238/174 652/234/490
f 627/258/485 653/237/173 655/238/174
f 659/240/491 617/207/480 631/402/177
f 626/217/199 632/159/179 619/211/194
f 653/237/173 618/209/192 647/407/168
f 638/225/183 652/234/490 666/408/493
f 639/404/186 660/243/153 633/403/181
f 667/195/162 646/406/166 661/190/155
f 673/259/357 677/260/358 679/75/496
f 674/261/360 677/143/358 676/262/497
f 675/263/498 677/146/358 678/264/499
f 680/265/369 684/266/365 686/267/500
f 681/410/501 684/152/365 683/269/502
f 682/154/503 684/155/365 685/218/504
f 687/270/343 691/90/505 693/271/345
f 688/272/346 691/273/505 690/274/506
f 689/411/348 691/273/505 692/327/507
f 694/276/508 698/277/509 700/166/510
f 695/358/353 698/279/509 697/280/511
f 696/170/512 698/279/509 699/281/356
f 701/412/329 705/283/330 707/284/513
f 702/285/332 705/283/330 704/286/514
f 703/413/334 705/283/330 706/414/515
f 708/415/516 712/290/517 714/416/518
f 709/292/339 712/290/517 711/417/519
f 710/294/520 712/290/517 713/295/521
f 715/296/315 719/297/316 721/120/522
f 716/299/318 719/297/316 718/300/319
f 717/190/320 719/297/316 720/418/523
f 722/419/524 726/420/323 728/421/525
f 723/195/526 726/420/323 725/306/527
f 724/307/322 726/420/323 727/251/528
f 673/259/357 690/132/506 687/270/343
f 679/133/496 688/272/346 690/274/506
f 680/265/369 678/308/499 674/261/360
f 686/201/500 675/263/498 678/264/499
f 681/410/501 700/166/510 685/135/504
f 685/218/504 696/170/512 682/154/503
f 689/411/348 699/281/356 695/358/353
f 692/327/507 696/170/512 699/281/356
f 687/270/343 718/300/319 715/296/315
f 693/309/345 716/299/318 718/300/319
f 694/276/508 728/421/525 697/310/511
f 728/421/525 695/358/353 697/280/511
f 717/190/320 727/251/528 723/195/526
f 720/418/523 724/307/322 727/251/528
f 701/412/329 721/120/522 704/286/514
f 721/120/522 702/285/332 704/286/514
f 722/419/524 714/416/518 725/306/527
f 725/306/527 710/294/520 723/195/526
f 703/413/334 713/295/521 709/292/339
f 706/414/515 710/294/520 713/295/521
f 701/412/329 676/311/497 673/259/357
f 707/284/513 674/261/360 676/262/497
f 708/415/516 683/269/502 711/417/519
f 683/312/502 709/292/339 711/417/519
f 687/270/343 701/412/329 673/259/357
f 682/154/503 688/272/346 675/263/498
f 709/292/339 674/261/360 703/413/334
f 722/419/524 681/410/501 708/415/516
f 695/358/353 716/299/318 689/411/348
f 723/195/526 702/285/332 717/190/320
f 729/313/413 733/314/529 735/141/415
f 730/315/416 733/143/529 732/316/417
f 731/317/418 733/146/529 734/264/530
f 736/318/531 740/319/532 742/214/533
f 737/320/534 740/152/532 739/321/535
f 738/322/536 740/155/532 741/156/424
f 743/323/399 747/90/537 749/324/401
f 744/272/402 747/325/537 746/161/538
f 745/326/404 747/325/537 748/327/539
f 750/422/406 754/329/407 756/166/408
f 751/330/540 754/331/407 753/332/541
f 752/170/542 754/331/407 755/171/412
f 757/423/543 761/334/544 763/335/387
f 758/336/388 761/334/544 760/176/545
f 759/337/390 761/334/544 762/338/546
f 764/339/392 768/340/393 770/341/547
f 765/342/548 768/340/393 767/343/549
f 766/294/550 768/340/393 769/239/398
f 771/424/551 775/345/552 777/242/553
f 772/346/374 775/345/552 774/347/375
f 773/348/376 775/345/552 776/191/377
f 778/349/554 782/350/555 784/351/556
f 779/195/557 782/350/555 781/249/558
f 780/352/559 782/350/555 783/198/560
f 729/313/413 746/132/538 743/323/399
f 735/353/415 744/272/402 746/161/538
f 736/318/531 734/308/530 730/315/416
f 742/201/533 731/317/418 734/264/530
f 750/422/406 741/135/424 737/320/534
f 756/354/408 738/322/536 741/156/424
f 745/326/404 755/171/412 751/330/540
f 748/327/539 752/170/542 755/171/412
f 743/323/399 774/347/375 771/424/551
f 749/355/401 772/346/374 774/347/375
f 778/349/554 753/356/541 750/422/406
f 784/351/556 751/330/540 753/332/541
f 773/348/376 783/198/560 779/195/557
f 776/191/377 780/352/559 783/198/560
f 757/423/543 777/242/553 760/176/545
f 777/242/553 758/336/388 760/176/545
f 764/339/392 781/249/558 778/349/554
f 781/249/558 766/294/550 779/195/557
f 759/337/390 769/239/398 765/342/548
f 762/338/546 766/294/550 769/239/398
f 757/423/543 732/357/417 729/313/413
f 763/335/387 730/315/416 732/316/417
f 737/320/534 767/343/549 764/339/392
f 739/425/535 765/342/548 767/343/549
f 771/424/551 729/313/413 743/323/399
f 738/322/536 744/272/402 731/317/418
f 765/342/548 730/315/416 759/337/390
f 750/422/406 764/339/392 778/349/554
f 751/330/540 772/346/374 745/326/404
f 779/195/557 758/336/388 773/348/376
f 785/426/561 789/260/246 791/75/562
f 786/261/563 789/143/246 788/262/564
f 787/263/565 789/146/246 790/264/251
f 792/265/566 796/266/253 798/267/567
f 793/410/568 796/152/253 795/269/569
f 794/154/255 796/155/253 797/218/256
f 799/427/570 803/90/232 805/271/233
f 800/272/234 803/273/232 802/274/571
f 801/428/572 803/273/232 804/163/573
f 806/429/574 810/277/239 812/166/575
f 807/358/241 810/279/239 809/280/242
f 808/170/576 810/279/239 811/281/244
f 813/412/577 817/283/218 819/284/578
f 814/285/579 817/283/218 816/286/580
f 815/413/581 817/283/218 818/414/223
f 820/415/582 824/290/225 826/416/583
f 821/292/584 824/290/225 823/417/585
f 822/294/586 824/290/225 825/295/230
f 827/360/587 831/297/588 833/120/589
f 828/299/206 831/297/588 830/300/207
f 829/190/590 831/297/588 832/418/591
f 834/419/592 838/420/593 840/421/594
f 835/195/215 838/420/593 837/306/595
f 836/307/210 838/420/593 839/251/596
f 785/426/561 802/132/571 799/427/570
f 802/274/571 787/263/565 800/272/234
f 792/265/566 790/308/251 786/261/563
f 798/201/567 787/263/565 790/264/251
f 806/429/574 797/135/256 793/410/568
f 812/136/575 794/154/255 797/218/256
f 801/428/572 811/281/244 807/358/241
f 804/163/573 808/170/576 811/281/244
f 827/360/587 805/271/233 830/300/207
f 805/309/233 828/299/206 830/300/207
f 834/419/592 809/310/242 806/429/574
f 840/421/594 807/358/241 809/280/242
f 829/190/590 839/251/596 835/195/215
f 832/418/591 836/307/210 839/251/596
f 827/360/587 816/286/580 813/412/577
f 833/120/589 814/285/579 816/286/580
f 834/419/592 826/416/583 837/306/595
f 826/416/583 835/195/215 837/306/595
f 815/413/581 825/295/230 821/292/584
f 818/414/223 822/294/586 825/295/230
f 813/412/577 788/311/564 785/426/561
f 819/284/578 786/261/563 788/262/564
f 793/410/568 823/417/585 820/415/582
f 823/417/585 792/265/566 821/292/584
f 827/360/587 785/426/561 799/427/570
f 794/154/255 800/272/234 787/263/565
f 821/292/584 786/261/563 815/413/581
f 806/429/574 820/415/582 834/419/592
f 807/358/241 828/299/206 801/428/572
f 835/195/215 814/285/579 829/190/590
f 841/313/597 845/314/302 847/141/598
f 842/315/599 845/143/302 844/316/600
f 843/317/601 845/146/302 846/264/602
f 848/318/603 852/319/604 854/214/605
f 849/320/606 852/152/604 851/321/607
f 850/322/608 852/155/604 853/156/609
f 855/430/610 859/90/288 861/324/611
f 856/272/612 859/325/288 858/161/613
f 857/431/614 859/325/288 860/163/293
f 862/422/294 866/329/615 868/166/296
f 863/330/616 866/331/615 865/332/617
f 864/170/618 866/331/615 867/171/300
f 869/423/619 873/334/274 875/335/620
f 870/285/276 873/334/274 872/176/277
f 871/432/621 873/334/274 874/338/279
f 876/364/622 880/340/623 882/291/624
f 877/342/625 880/340/623 879/343/626
f 878/294/285 880/340/623 881/239/627
f 883/424/628 887/345/260 889/242/629
f 884/346/630 887/345/260 886/347/631
f 885/348/264 887/345/260 888/191/632
f 890/349/633 894/350/634 896/351/635
f 891/195/636 894/350/634 893/249/637
f 892/352/638 894/350/634 895/198/639
f 841/313/597 858/132/613 855/430/610
f 847/353/598 856/272/612 858/161/613
f 848/318/603 846/308/602 842/315/599
f 854/201/605 843/317/601 846/264/602
f 862/422/294 853/135/609 849/320/606
f 868/354/296 850/322/608 853/156/609
f 857/431/614 867/171/300 863/330/616
f 860/163/293 864/170/618 867/171/300
f 855/430/610 886/347/631 883/424/628
f 886/347/631 857/431/614 884/346/630
f 862/422/294 896/351/635 865/356/617
f 896/351/635 863/330/616 865/332/617
f 885/348/264 895/198/639 891/195/636
f 888/191/632 892/352/638 895/198/639
f 883/424/628 872/176/277 869/423/619
f 889/242/629 870/285/276 872/176/277
f 890/349/633 882/291/624 893/249/637
f 882/291/624 891/195/636 893/249/637
f 871/432/621 881/239/627 877/342/625
f 874/338/279 878/294/285 881/239/627
f 869/423/619 844/357/600 841/313/597
f 844/316/600 871/432/621 842/315/599
f 876/364/622 851/321/607 879/343/626
f 851/425/607 877/342/625 879/343/626
f 883/424/628 841/313/597 855/430/610
f 850/322/608 856/272/612 843/317/601
f 877/342/625 842/315/599 871/432/621
f 890/349/633 849/320/606 876/364/622
f 863/330/616 884/346/630 857/431/614
f 891/195/636 870/285/276 885/348/264
f 1/1/1 4/71/5 5/2/2
f 2/4/4 6/65/7 5/5/2
f 3/7/6 7/64/3 5/8/2
f 8/10/8 11/72/12 12/11/9
f 9/13/11 13/67/14 12/14/9
f 10/16/13 14/66/10 12/17/9
f 15/19/15 18/63/19 19/20/16
f 16/22/18 20/26/21 19/23/16
f 17/25/20 21/69/17 19/23/16
f 22/27/22 25/70/26 26/28/23
f 23/30/25 27/34/28 26/31/23
f 24/33/27 28/68/24 26/31/23
f 29/35/29 32/39/33 33/36/30
f 30/38/32 34/41/35 33/36/30
f 31/40/34 35/37/31 33/36/30
f 36/42/36 39/46/40 40/43/37
f 37/45/39 41/48/42 40/43/37
f 38/47/41 42/44/38 40/43/37
f 43/49/43 46/53/47 47/50/44
f 44/52/46 48/55/49 47/50/44
f 45/54/48 49/51/45 47/50/44
f 50/56/50 53/60/54 54/57/51
f 51/59/53 55/62/56 54/57/51
f 52/61/55 56/58/52 54/57/51
f 1/1/1 7/3/3 18/63/19
f 7/64/3 3/7/6 16/22/18
f 8/10/8 14/12/10 6/65/7
f 14/66/10 10/16/13 3/7/6
f 22/27/22 28/29/24 13/67/14
f 28/68/24 24/33/27 10/16/13
f 17/25/20 20/26/21 27/34/28
f 20/26/21 16/22/18 24/33/27
f 43/49/43 15/19/15 21/21/17
f 21/69/17 17/25/20 44/52/46
f 22/27/22 50/56/50 56/58/52
f 56/58/52 52/61/55 23/30/25
f 45/54/48 48/55/49 55/62/56
f 48/55/49 44/52/46 52/61/55
f 43/49/43 49/51/45 32/39/33
f 32/39/33 49/51/45 45/54/48
f 36/42/36 42/44/38 53/60/54
f 42/44/38 38/47/41 51/59/53
f 31/40/34 34/41/35 41/48/42
f 34/41/35 30/38/32 38/47/41
f 29/35/29 35/37/31 4/71/5
f 35/37/31 31/40/34 2/4/4
f 9/13/11 11/15/12 39/46/40
f 11/72/12 8/10/8 37/45/39
f 43/49/43 29/35/29 1/1/1
f 10/16/13 24/33/27 16/22/18
f 37/45/39 8/10/8 2/4/4
f 22/27/22 9/13/11 36/42/36
f 23/30/25 52/61/55 44/52/46
f 51/59/53 38/47/41 30/38/32
f 57/73/57 60/138/61 61/74/58
f 58/76/60 62/134/63 61/5/58
f 59/78/62 63/133/59 61/79/58
f 64/81/64 67/389/67 68/82/65
f 65/84/66 69/135/69 68/85/65
f 66/87/68 70/66/10 68/17/65
f 71/89/70 74/132/73 75/90/16
f 72/92/72 76/26/21 75/93/16
f 73/95/74 77/388/71 75/93/16
f 78/96/75 81/137/79 82/97/76
f 79/99/78 83/103/81 82/100/76
f 80/102/80 84/136/77 82/100/76
f 85/104/82 88/108/85 89/105/30
f 86/107/84 90/110/35 89/105/30
f 87/109/86 91/106/83 89/105/30
f 92/111/87 95/115/91 96/112/88
f 93/114/90 97/117/93 96/112/88
f 94/116/92 98/113/89 96/112/88
f 99/118/94 102/122/97 103/119/44
f 100/121/96 104/124/49 103/119/44
f 101/123/98 105/120/95 103/119/44
f 106/125/99 109/129/102 110/126/51
f 107/128/101 111/131/104 110/126/51
f 108/130/103 112/127/100 110/126/51
f 57/73/57 63/75/59 74/132/73
f 63/133/59 59/78/62 72/92/72
f 64/81/64 70/83/10 62/134/63
f 70/66/10 66/87/68 59/78/62
f 78/96/75 84/98/77 69/135/69
f 84/136/77 80/102/80 66/87/68
f 73/95/74 76/26/21 83/103/81
f 76/26/21 72/92/72 80/102/80
f 71/89/70 77/91/71 102/122/97
f 102/122/97 77/388/71 73/95/74
f 106/125/99 112/127/100 81/137/79
f 112/127/100 108/130/103 79/99/78
f 101/123/98 104/124/49 111/131/104
f 104/124/49 100/121/96 108/130/103
f 99/118/94 105/120/95 88/108/85
f 105/120/95 101/123/98 86/107/84
f 92/111/87 98/113/89 109/129/102
f 98/113/89 94/116/92 107/128/101
f 87/109/86 90/110/35 97/117/93
f 90/110/35 86/107/84 94/116/92
f 85/104/82 91/106/83 60/138/61
f 91/106/83 87/109/86 58/76/60
f 65/84/66 67/86/67 95/115/91
f 95/115/91 67/389/67 64/81/64
f 99/118/94 85/104/82 57/73/57
f 66/87/68 80/102/80 72/92/72
f 93/114/90 64/81/64 58/76/60
f 78/96/75 65/84/66 92/111/87
f 79/99/78 108/130/103 100/121/96
f 107/128/101 94/116/92 86/107/84
f 113/139/105 116/205/107 117/140/44
f 114/142/106 118/200/109 117/143/44
f 115/145/108 119/199/95 117/146/44
f 120/148/110 123/206/114 124/149/111
f 121/151/113 125/135/116 124/152/111
f 122/154/115 126/201/112 124/155/111
f 127/157/117 130/132/120 131/90/30
f 128/159/119 132/163/122 131/160/30
f 129/162/121 133/203/118 131/160/30
f 134/164/123 137/204/125 138/165/88
f 135/167/124 139/171/127 138/168/88
f 136/170/126 140/202/89 138/168/88
f 141/172/128 144/176/131 145/173/16
f 142/175/130 146/178/133 145/173/16
f 143/177/132 147/174/129 145/173/16
f 148/179/134 151/183/137 152/180/135
f 149/182/136 153/185/139 152/180/135
f 150/184/138 154/181/77 152/180/135
f 155/186/140 158/189/142 159/187/2
f 156/188/141 160/191/144 159/187/2
f 157/190/143 161/120/59 159/187/2
f 162/192/145 165/196/148 166/193/65
f 163/195/147 167/198/150 166/193/65
f 164/197/149 168/194/146 166/193/65
f 113/139/105 119/141/95 130/132/120
f 119/199/95 115/145/108 128/159/119
f 120/148/110 126/150/112 118/200/109
f 126/201/112 122/154/115 115/145/108
f 134/164/123 140/166/89 125/135/116
f 140/202/89 136/170/126 122/154/115
f 129/162/121 132/163/122 139/171/127
f 132/163/122 128/159/119 136/170/126
f 127/157/117 133/158/118 158/189/142
f 133/203/118 129/162/121 156/188/141
f 162/192/145 168/194/146 137/204/125
f 168/194/146 164/197/149 135/167/124
f 157/190/143 160/191/144 167/198/150
f 160/191/144 156/188/141 164/197/149
f 155/186/140 161/120/59 144/176/131
f 161/120/59 157/190/143 142/175/130
f 148/179/134 154/181/77 165/196/148
f 154/181/77 150/184/138 163/195/147
f 143/177/132 146/178/133 153/185/139
f 146/178/133 142/175/130 150/184/138
f 141/172/128 147/174/129 116/205/107
f 147/174/129 143/177/132 114/142/106
f 121/151/113 123/153/114 151/183/137
f 123/206/114 120/148/110 149/182/136
f 155/186/140 141/172/128 113/139/105
f 122/154/115 136/170/126 128/159/119
f 149/182/136 120/148/110 114/142/106
f 134/164/123 121/151/113 148/179/134
f 135/167/124 164/197/149 156/188/141
f 163/195/147 150/184/138 142/175/130
f 169/207/151 172/257/154 173/208/16
f 170/209/153 174/200/156 173/143/16
f 171/211/155 175/252/152 173/146/16
f 176/212/157 179/258/161 180/213/158
f 177/215/160 181/253/163 180/152/158
f 178/217/162 182/201/159 180/155/158
f 183/219/164 186/132/167 187/90/44
f 184/159/166 188/224/169 187/221/44
f 185/223/168 189/255/165 187/221/44
f 190/225/170 193/256/174 194/226/171
f 191/227/173 195/171/176 194/228/171
f 192/170/175 196/254/172 194/228/171
f 197/230/177 200/176/180 201/231/2
f 198/175/179 202/178/182 201/231/2
f 199/233/181 203/232/178 201/231/2
f 204/234/183 207/238/187 208/235/184
f 205/237/186 209/239/189 208/235/184
f 206/184/188 210/236/185 208/235/184
f 211/240/190 214/244/193 215/241/30
f 212/243/192 216/245/195 215/241/30
f 213/190/194 217/242/191 215/241/30
f 218/246/196 221/249/200 222/247/197
f 219/195/199 223/251/202 222/247/197
f 220/250/201 224/248/198 222/247/197
f 169/207/151 175/75/152 186/132/167
f 175/252/152 171/211/155 184/159/166
f 176/212/157 182/214/159 174/200/156
f 182/201/159 178/217/162 171/211/155
f 190/225/170 196/166/172 181/253/163
f 196/254/172 192/170/175 178/217/162
f 185/223/168 188/224/169 195/171/176
f 188/224/169 184/159/166 192/170/175
f 183/219/164 189/220/165 214/244/193
f 189/255/165 185/223/168 212/243/192
f 218/246/196 224/248/198 193/256/174
f 224/248/198 220/250/201 191/227/173
f 213/190/194 216/245/195 223/251/202
f 216/245/195 212/243/192 220/250/201
f 211/240/190 217/242/191 200/176/180
f 217/242/191 213/190/194 198/175/179
f 204/234/183 210/236/185 221/249/200
f 210/236/185 206/184/188 219/195/199
f 199/233/181 202/178/182 209/239/189
f 202/178/182 198/175/179 206/184/188
f 197/230/177 203/232/178 172/257/154
f 203/232/178 199/233/181 170/209/153
f 177/215/160 179/216/161 207/238/187
f 179/258/161 176/212/157 205/237/186
f 211/240/190 197/230/177 169/207/151
f 178/217/162 192/170/175 184/159/166
f 205/237/186 176/212/157 170/209/153
f 190/225/170 177/215/160 204/234/183
f 191/227/173 220/250/201 212/243/192
f 219/195/199 206/184/188 198/175/179
f 225/259/203 228/311/207 229/260/204
f 226/261/206 230/308/209 229/143/204
f 227/263/208 231/133/205 229/146/204
f 232/265/210 235/312/214 236/266/211
f 233/268/213 237/135/216 236/152/211
f 234/154/215 238/201/212 236/155/211
f 239/270/217 242/132/221 243/90/218
f 240/272/220 244/163/223 243/273/218
f 241/275/222 245/309/219 243/273/218
f 246/276/224 249/310/228 250/277/225
f 247/278/227 251/281/230 250/279/225
f 248/170/229 252/136/226 250/279/225
f 253/282/231 256/286/235 257/283/232
f 254/285/234 258/288/237 257/283/232
f 255/287/236 259/284/233 257/283/232
f 260/289/238 263/293/242 264/290/239
f 261/292/241 265/295/244 264/290/239
f 262/294/243 266/291/240 264/290/239
f 267/296/245 270/300/249 271/297/246
f 268/299/248 272/301/251 271/297/246
f 269/190/250 273/298/247 271/297/246
f 274/302/252 277/306/256 278/303/253
f 275/305/255 279/251/258 278/303/253
f 276/307/257 280/304/254 278/303/253
f 239/270/217 225/259/203 231/75/205
f 231/133/205 227/263/208 240/272/220
f 232/265/210 238/267/212 230/308/209
f 238/201/212 234/154/215 227/263/208
f 246/276/224 252/166/226 237/135/216
f 237/218/216 252/136/226 248/170/229
f 241/275/222 244/163/223 251/281/230
f 244/163/223 240/272/220 248/170/229
f 267/296/245 239/270/217 245/271/219
f 245/309/219 241/275/222 268/299/248
f 274/302/252 280/304/254 249/310/228
f 280/304/254 276/307/257 247/278/227
f 269/190/250 272/301/251 279/251/258
f 272/301/251 268/299/248 276/307/257
f 253/282/231 267/296/245 273/298/247
f 273/298/247 269/190/250 254/285/234
f 274/302/252 260/289/238 266/291/240
f 277/306/256 266/291/240 262/294/243
f 255/287/236 258/288/237 265/295/244
f 258/288/237 254/285/234 262/294/243
f 225/259/203 253/282/231 259/284/233
f 259/284/233 255/287/236 226/261/206
f 233/268/213 235/269/214 263/293/242
f 235/312/214 232/265/210 261/292/241
f 267/296/245 253/282/231 225/259/203
f 234/154/215 248/170/229 240/272/220
f 261/292/241 232/265/210 226/261/206
f 274/302/252 246/276/224 233/268/213
f 247/278/227 276/307/257 268/299/248
f 275/305/255 262/294/243 254/285/234
f 281/313/259 284/357/263 285/314/260
f 282/315/262 286/308/265 285/143/260
f 283/317/264 287/353/261 285/146/260
f 288/318/266 291/425/270 292/319/267
f 289/320/269 293/135/272 292/152/267
f 290/322/271 294/201/268 292/155/267
f 295/323/273 298/132/277 299/90/274
f 296/272/276 300/327/279 299/325/274
f 297/326/278 301/355/275 299/325/274
f 302/328/280 305/356/284 306/329/281
f 303/330/283 307/171/286 306/331/281
f 304/170/285 308/354/282 306/331/281
f 309/333/287 312/176/291 313/334/288
f 310/336/290 314/338/293 313/334/288
f 311/337/292 315/335/289 313/334/288
f 316/339/294 319/343/298 320/340/295
f 317/342/297 321/239/300 320/340/295
f 318/294/299 322/341/296 320/340/295
f 323/344/301 326/347/305 327/345/302
f 324/346/304 328/191/307 327/345/302
f 325/348/306 329/242/303 327/345/302
f 330/349/308 333/249/312 334/350/309
f 331/195/311 335/198/314 334/350/309
f 332/352/313 336/351/310 334/350/309
f 281/313/259 287/141/261 298/132/277
f 287/353/261 283/317/264 296/272/276
f 288/318/266 294/214/268 286/308/265
f 294/201/268 290/322/271 283/317/264
f 302/328/280 308/166/282 293/135/272
f 308/354/282 304/170/285 290/322/271
f 297/326/278 300/327/279 307/171/286
f 300/327/279 296/272/276 304/170/285
f 295/323/273 301/324/275 326/347/305
f 301/355/275 297/326/278 324/346/304
f 330/349/308 336/351/310 305/356/284
f 305/332/284 336/351/310 332/352/313
f 325/348/306 328/191/307 335/198/314
f 328/191/307 324/346/304 332/352/313
f 323/344/301 329/242/303 312/176/291
f 312/176/291 329/242/303 325/348/306
f 330/349/308 316/339/294 322/341/296
f 333/249/312 322/341/296 318/294/299
f 311/337/292 314/338/293 321/239/300
f 314/338/293 310/336/290 318/294/299
f 309/333/287 315/335/289 284/357/263
f 315/335/289 311/337/292 282/315/262
f 316/339/294 289/320/269 291/321/270
f 319/343/298 291/425/270 288/318/266
f 295/323/273 323/344/301 309/333/287
f 290/322/271 304/170/285 296/272/276
f 317/342/297 288/318/266 282/315/262
f 302/328/280 289/320/269 316/339/294
f 303/330/283 332/352/313 324/346/304
f 331/195/311 318/294/299 310/336/290
f 337/259/315 340/311/319 341/260/316
f 338/261/318 342/308/321 341/143/316
f 339/263/320 343/133/317 341/146/316
f 344/265/322 347/312/326 348/266/323
f 345/268/325 349/135/328 348/152/323
f 346/154/327 350/201/324 348/155/323
f 351/270/329 354/132/333 355/90/330
f 352/272/332 356/163/335 355/273/330
f 353/275/334 357/309/331 355/273/330
f 358/276/336 361/310/340 362/277/337
f 359/358/339 363/281/342 362/279/337
f 360/170/341 364/136/338 362/279/337
f 365/282/343 368/286/347 369/283/344
f 366/359/346 370/288/349 369/283/344
f 367/287/348 371/284/345 369/283/344
f 372/289/350 375/293/354 376/290/351
f 373/292/353 377/295/356 376/290/351
f 374/294/355 378/291/352 376/290/351
f 379/360/357 382/300/361 383/297/358
f 380/299/360 384/301/363 383/297/358
f 381/190/362 385/298/359 383/297/358
f 386/302/364 389/306/368 390/303/365
f 387/305/367 391/251/370 390/303/365
f 388/307/369 392/304/366 390/303/365
f 351/270/329 337/259/315 343/75/317
f 354/274/333 343/133/317 339/263/320
f 344/265/322 350/267/324 342/308/321
f 350/201/324 346/154/327 339/263/320
f 358/276/336 364/166/338 349/135/328
f 364/136/338 360/170/341 346/154/327
f 353/275/334 356/163/335 363/281/342
f 356/163/335 352/272/332 360/170/341
f 351/270/329 357/271/331 382/300/361
f 357/309/331 353/275/334 380/299/360
f 386/302/364 392/304/366 361/310/340
f 392/304/366 388/307/369 359/358/339
f 381/190/362 384/301/363 391/251/370
f 384/301/363 380/299/360 388/307/369
f 379/360/357 385/298/359 368/286/347
f 385/298/359 381/190/362 366/359/346
f 372/289/350 378/291/352 389/306/368
f 378/291/352 374/294/355 387/305/367
f 367/287/348 370/288/349 377/295/356
f 370/288/349 366/359/346 374/294/355
f 365/282/343 371/284/345 340/311/319
f 371/284/345 367/287/348 338/261/318
f 345/268/325 347/269/326 375/293/354
f 347/312/326 344/265/322 373/292/353
f 351/270/329 379/360/357 365/282/343
f 346/154/327 360/170/341 352/272/332
f 373/292/353 344/265/322 338/261/318
f 358/276/336 345/268/325 372/289/350
f 359/358/339 388/307/369 380/299/360
f 387/305/367 374/294/355 366/359/346
f 393/313/371 396/357/375 397/314/372
f 394/315/374 398/308/377 397/143/372
f 395/361/376 399/353/373 397/146/372
f 400/318/378 403/425/382 404/319/379
f 401/320/381 405/135/384 404/152/379
f 402/322/383 406/201/380 404/155/379
f 407/362/385 410/132/389 411/90/386
f 408/272/388 412/327/391 411/325/386
f 409/326/390 413/355/387 411/325/386
f 414/363/392 417/356/396 418/329/393
f 415/330/395 419/171/398 418/331/393
f 416/170/397 420/354/394 418/331/393
f 421/333/399 424/176/403 425/334/400
f 422/285/402 426/338/405 425/334/400
f 423/337/404 427/335/401 425/334/400
f 428/364/406 431/343/410 432/340/407
f 429/342/409 433/239/412 432/340/407
f 430/294/411 434/291/408 432/340/407
f 435/365/413 438/347/417 439/345/414
f 436/346/416 440/191/419 439/345/414
f 437/348/418 441/242/415 439/345/414
f 442/349/420 445/249/424 446/350/421
f 443/195/423 447/198/426 446/350/421
f 444/352/425 448/351/422 446/350/421
f 393/313/371 399/141/373 410/132/389
f 399/353/373 395/361/376 408/272/388
f 400/318/378 406/214/380 398/308/377
f 406/201/380 402/322/383 395/361/376
f 414/363/392 420/166/394 405/135/384
f 420/354/394 416/170/397 402/322/383
f 409/326/390 412/327/391 419/171/398
f 412/327/391 408/272/388 416/170/397
f 407/362/385 413/324/387 438/347/417
f 413/355/387 409/326/390 436/346/416
f 442/349/420 448/351/422 417/356/396
f 417/332/396 448/351/422 444/352/425
f 437/348/418 440/191/419 447/198/426
f 440/191/419 436/346/416 444/352/425
f 435/365/413 441/242/415 424/176/403
f 441/242/415 437/348/418 422/285/402
f 428/364/406 434/291/408 445/249/424
f 434/291/408 430/294/411 443/195/423
f 423/337/404 426/338/405 433/239/412
f 426/338/405 422/285/402 430/294/411
f 421/333/399 427/335/401 396/357/375
f 427/335/401 423/337/404 394/315/374
f 401/320/381 403/321/382 431/343/410
f 431/343/410 403/425/382 400/318/378
f 435/365/413 421/333/399 393/313/371
f 402/322/383 416/170/397 408/272/388
f 429/342/409 400/318/378 394/315/374
f 442/349/420 414/363/392 401/320/381
f 415/330/395 444/352/425 436/346/416
f 443/195/423 430/294/411 422/285/402
f 449/366/1 452/71/427 453/2/58
f 450/4/4 454/65/7 453/5/58
f 451/367/6 455/64/3 453/8/58
f 456/10/428 459/72/430 460/11/429
f 457/13/11 461/67/431 460/14/429
f 458/16/13 462/66/10 460/17/429
f 463/368/15 466/63/432 467/20/16
f 464/22/18 468/26/21 467/23/16
f 465/25/20 469/69/17 467/23/16
f 470/27/22 473/70/433 474/28/23
f 471/30/25 475/34/28 474/31/23
f 472/33/27 476/68/24 474/31/23
f 477/369/29 480/39/435 481/36/30
f 478/38/434 482/41/35 481/36/30
f 479/370/34 483/37/31 481/36/30
f 484/42/36 487/46/200 488/43/37
f 485/371/39 489/48/42 488/43/37
f 486/47/41 490/44/38 488/43/37
f 491/49/43 494/53/47 495/50/44
f 492/52/46 496/55/49 495/50/44
f 493/54/437 497/51/436 495/50/44
f 498/56/50 501/60/54 502/57/51
f 499/59/53 503/62/56 502/57/51
f 500/61/55 504/372/52 502/57/51
f 449/366/1 455/3/3 466/63/432
f 455/64/3 451/367/6 464/22/18
f 456/10/428 462/12/10 454/65/7
f 462/66/10 458/16/13 451/367/6
f 470/27/22 476/29/24 461/67/431
f 476/68/24 472/33/27 458/16/13
f 465/25/20 468/26/21 475/34/28
f 468/26/21 464/22/18 472/33/27
f 491/49/43 463/368/15 469/21/17
f 469/69/17 465/25/20 492/52/46
f 470/27/22 498/56/50 504/372/52
f 504/372/52 500/61/55 471/30/25
f 493/54/437 496/55/49 503/62/56
f 496/55/49 492/52/46 500/61/55
f 491/49/43 497/51/436 480/39/435
f 497/51/436 493/54/437 478/38/434
f 484/42/36 490/44/38 501/60/54
f 490/44/38 486/47/41 499/59/53
f 479/370/34 482/41/35 489/48/42
f 482/41/35 478/38/434 486/47/41
f 477/369/29 483/37/31 452/71/427
f 483/37/31 479/370/34 450/4/4
f 457/13/11 459/15/430 487/46/200
f 459/72/430 456/10/428 485/371/39
f 491/49/43 477/369/29 449/366/1
f 458/16/13 472/33/27 464/22/18
f 485/371/39 456/10/428 450/4/4
f 470/27/22 457/13/11 484/42/36
f 471/30/25 500/61/55 492/52/46
f 499/59/53 486/47/41 478/38/434
f 505/73/57 508/138/438 509/74/2
f 506/76/60 510/134/7 509/5/2
f 507/373/439 511/133/59 509/79/2
f 512/374/440 515/389/441 516/82/9
f 513/84/66 517/135/148 516/85/9
f 514/375/68 518/66/10 516/17/9
f 519/89/70 522/132/443 523/90/16
f 520/376/72 524/377/21 523/93/16
f 521/95/444 525/388/442 523/93/16
f 526/96/75 529/137/445 530/97/23
f 527/99/78 531/103/81 530/100/23
f 528/102/446 532/136/77 530/100/23
f 533/104/82 536/108/85 537/105/30
f 534/378/84 538/41/35 537/105/30
f 535/379/86 539/106/83 537/105/30
f 540/111/87 543/381/449 544/112/447
f 541/380/448 545/117/42 544/112/447
f 542/116/92 546/291/89 544/112/447
f 547/382/94 550/122/451 551/119/44
f 548/121/450 552/383/49 551/119/44
f 549/123/98 553/120/95 551/119/44
f 554/125/99 557/129/116 558/384/51
f 555/386/101 559/131/56 558/384/51
f 556/387/103 560/385/100 558/384/51
f 505/73/57 511/75/59 522/132/443
f 511/133/59 507/373/439 520/376/72
f 512/374/440 518/83/10 510/134/7
f 518/66/10 514/375/68 507/373/439
f 526/96/75 532/98/77 517/135/148
f 532/136/77 528/102/446 514/375/68
f 521/95/444 524/377/21 531/103/81
f 524/377/21 520/376/72 528/102/446
f 519/89/70 525/91/442 550/122/451
f 525/388/442 521/95/444 548/121/450
f 554/125/99 560/385/100 529/137/445
f 560/385/100 556/387/103 527/99/78
f 549/123/98 552/383/49 559/131/56
f 552/383/49 548/121/450 556/387/103
f 547/382/94 553/120/95 536/108/85
f 553/120/95 549/123/98 534/378/84
f 540/111/87 546/291/89 557/129/116
f 546/291/89 542/116/92 555/386/101
f 535/379/86 538/41/35 545/117/42
f 538/41/35 534/378/84 542/116/92
f 533/104/82 539/106/83 508/138/438
f 539/106/83 535/379/86 506/76/60
f 513/84/66 515/86/441 543/381/449
f 515/389/441 512/374/440 541/380/448
f 547/382/94 533/104/82 505/73/57
f 514/375/68 528/102/446 520/376/72
f 541/380/448 512/374/440 506/76/60
f 526/96/75 513/84/66 540/111/87
f 527/99/78 556/387/103 548/121/450
f 555/386/101 542/116/92 534/378/84
f 561/139/140 564/205/453 565/140/2
f 562/390/452 566/200/455 565/143/2
f 563/263/454 567/199/59 565/146/2
f 568/391/149 571/206/457 572/149/184
f 569/151/145 573/135/458 572/152/184
f 570/154/147 574/201/456 572/155/184
f 575/392/459 578/132/460 579/90/16
f 576/159/130 580/163/461 579/160/16
f 577/162/132 581/203/129 579/160/16
f 582/393/134 585/204/463 586/165/462
f 583/167/136 587/171/465 586/168/462
f 584/170/464 588/202/77 586/168/462
f 589/172/466 592/176/467 593/173/30
f 590/175/119 594/178/468 593/173/30
f 591/177/121 595/174/118 593/173/30
f 596/179/123 599/397/470 600/394/197
f 597/396/469 601/185/471 600/394/197
f 598/294/126 602/395/89 600/394/197
f 603/398/105 606/189/474 607/187/44
f 604/399/473 608/245/476 607/187/44
f 605/190/475 609/120/472 607/187/44
f 610/400/113 613/306/116 614/193/477
f 611/305/115 615/198/479 614/193/477
f 612/197/110 616/401/478 614/193/477
f 561/139/140 567/141/59 578/132/460
f 567/199/59 563/263/454 576/159/130
f 568/391/149 574/150/456 566/200/455
f 574/201/456 570/154/147 563/263/454
f 582/393/134 588/166/77 573/135/458
f 588/202/77 584/170/464 570/154/147
f 577/162/132 580/163/461 587/171/465
f 580/163/461 576/159/130 584/170/464
f 575/392/459 581/158/129 606/189/474
f 581/203/129 577/162/132 604/399/473
f 610/400/113 616/401/478 585/204/463
f 616/401/478 612/197/110 583/167/136
f 605/190/475 608/245/476 615/198/479
f 608/245/476 604/399/473 612/197/110
f 603/398/105 609/120/472 592/176/467
f 609/120/472 605/190/475 590/175/119
f 596/179/123 602/395/89 613/306/116
f 602/395/89 598/294/126 611/305/115
f 591/177/121 594/178/468 601/185/471
f 594/178/468 590/175/119 598/294/126
f 589/172/466 595/174/118 564/205/453
f 595/174/118 591/177/121 562/390/452
f 569/151/145 571/153/457 599/397/470
f 571/206/457 568/391/149 597/396/469
f 603/398/105 589/172/466 561/139/140
f 570/154/147 584/170/464 576/159/130
f 597/396/469 568/391/149 562/390/452
f 582/393/134 569/151/145 596/179/123
f 583/167/136 612/197/110 604/399/473
f 611/305/115 598/294/126 590/175/119
f 617/207/480 620/257/481 621/208/30
f 618/209/192 622/200/122 621/143/30
f 619/211/194 623/252/191 621/146/30
f 624/212/201 627/258/485 628/213/482
f 625/215/484 629/253/200 628/152/482
f 626/217/199 630/201/483 628/155/482
f 631/402/177 634/132/180 635/90/2
f 632/159/179 636/163/144 635/221/2
f 633/403/181 637/255/486 635/221/2
f 638/225/183 641/256/488 642/226/487
f 639/404/186 643/171/189 642/228/487
f 640/170/188 644/254/185 642/228/487
f 645/405/164 648/176/167 649/231/44
f 646/406/166 650/178/169 649/231/44
f 647/407/168 651/232/489 649/231/44
f 652/234/490 655/238/174 656/235/477
f 653/237/173 657/239/479 656/235/477
f 654/184/175 658/291/52 656/235/477
f 659/240/491 662/244/492 663/241/16
f 660/243/153 664/245/156 663/241/16
f 661/190/155 665/242/152 663/241/16
f 666/408/493 669/249/26 670/247/135
f 667/195/162 671/251/495 670/247/135
f 668/409/157 672/248/494 670/247/135
f 617/207/480 623/75/191 634/132/180
f 623/252/191 619/211/194 632/159/179
f 624/212/201 630/214/483 622/200/122
f 630/201/483 626/217/199 619/211/194
f 638/225/183 644/166/185 629/253/200
f 644/254/185 640/170/188 626/217/199
f 633/403/181 636/163/144 643/171/189
f 636/163/144 632/159/179 640/170/188
f 631/402/177 637/220/486 662/244/492
f 637/255/486 633/403/181 660/243/153
f 666/408/493 672/248/494 641/256/488
f 672/248/494 668/409/157 639/404/186
f 661/190/155 664/245/156 671/251/495
f 664/245/156 660/243/153 668/409/157
f 659/240/491 665/242/152 648/176/167
f 665/242/152 661/190/155 646/406/166
f 666/408/493 652/234/490 658/291/52
f 658/291/52 654/184/175 667/195/162
f 647/407/168 650/178/169 657/239/479
f 650/178/169 646/406/166 654/184/175
f 645/405/164 651/232/489 620/257/481
f 651/232/489 647/407/168 618/209/192
f 625/215/484 627/216/485 655/238/174
f 627/258/485 624/212/201 653/237/173
f 659/240/491 645/405/164 617/207/480
f 626/217/199 640/170/188 632/159/179
f 653/237/173 624/212/201 618/209/192
f 638/225/183 625/215/484 652/234/490
f 639/404/186 668/409/157 660/243/153
f 667/195/162 654/184/175 646/406/166
f 673/259/357 676/311/497 677/260/358
f 674/261/360 678/308/499 677/143/358
f 675/263/498 679/133/496 677/146/358
f 680/265/369 683/312/502 684/266/365
f 681/410/501 685/135/504 684/152/365
f 682/154/503 686/201/500 684/155/365
f 687/270/343 690/132/506 691/90/505
f 688/272/346 692/327/507 691/273/505
f 689/411/348 693/309/345 691/273/505
f 694/276/508 697/310/511 698/277/509
f 695/358/353 699/281/356 698/279/509
f 696/170/512 700/136/510 698/279/509
f 701/412/329 704/286/514 705/283/330
f 702/285/332 706/414/515 705/283/330
f 703/413/334 707/284/513 705/283/330
f 708/415/516 711/417/519 712/290/517
f 709/292/339 713/295/521 712/290/517
f 710/294/520 714/416/518 712/290/517
f 715/296/315 718/300/319 719/297/316
f 716/299/318 720/418/523 719/297/316
f 717/190/320 721/120/522 719/297/316
f 722/419/524 725/306/527 726/420/323
f 723/195/526 727/251/528 726/420/323
f 724/307/322 728/421/525 726/420/323
f 673/259/357 679/75/496 690/132/506
f 679/133/496 675/263/498 688/272/346
f 680/265/369 686/267/500 678/308/499
f 686/201/500 682/154/503 675/263/498
f 681/410/501 694/276/508 700/166/510
f 685/218/504 700/136/510 696/170/512
f 689/411/348 692/327/507 699/281/356
f 692/327/507 688/272/346 696/170/512
f 687/270/343 693/271/345 718/300/319
f 693/309/345 689/411/348 716/299/318
f 694/276/508 722/419/524 728/421/525
f 728/421/525 724/307/322 695/358/353
f 717/190/320 720/418/523 727/251/528
f 720/418/523 716/299/318 724/307/322
f 701/412/329 715/296/315 721/120/522
f 721/120/522 717/190/320 702/285/332
f 722/419/524 708/415/516 714/416/518
f 725/306/527 714/416/518 710/294/520
f 703/413/334 706/414/515 713/295/521
f 706/414/515 702/285/332 710/294/520
f 701/412/329 707/284/513 676/311/497
f 707/284/513 703/413/334 674/261/360
f 708/415/516 681/410/501 683/269/502
f 683/312/502 680/265/369 709/292/339
f 687/270/343 715/296/315 701/412/329
f 682/154/503 696/170/512 688/272/346
f 709/292/339 680/265/369 674/261/360
f 722/419/524 694/276/508 681/410/501
f 695/358/353 724/307/322 716/299/318
f 723/195/526 710/294/520 702/285/332
f 729/313/413 732/357/417 733/314/529
f 730/315/416 734/308/530 733/143/529
f 731/317/418 735/353/415 733/146/529
f 736/318/531 739/425/535 740/319/532
f 737/320/534 741/135/424 740/152/532
f 738/322/536 742/201/533 740/155/532
f 743/323/399 746/132/538 747/90/537
f 744/272/402 748/327/539 747/325/537
f 745/326/404 749/355/401 747/325/537
f 750/422/406 753/356/541 754/329/407
f 751/330/540 755/171/412 754/331/407
f 752/170/542 756/354/408 754/331/407
f 757/423/543 760/176/545 761/334/544
f 758/336/388 762/338/546 761/334/544
f 759/337/390 763/335/387 761/334/544
f 764/339/392 767/343/549 768/340/393
f 765/342/548 769/239/398 768/340/393
f 766/294/550 770/341/547 768/340/393
f 771/424/551 774/347/375 775/345/552
f 772/346/374 776/191/377 775/345/552
f 773/348/376 777/242/553 775/345/552
f 778/349/554 781/249/558 782/350/555
f 779/195/557 783/198/560 782/350/555
f 780/352/559 784/351/556 782/350/555
f 729/313/413 735/141/415 746/132/538
f 735/353/415 731/317/418 744/272/402
f 736/318/531 742/214/533 734/308/530
f 742/201/533 738/322/536 731/317/418
f 750/422/406 756/166/408 741/135/424
f 756/354/408 752/170/542 738/322/536
f 745/326/404 748/327/539 755/171/412
f 748/327/539 744/272/402 752/170/542
f 743/323/399 749/324/401 774/347/375
f 749/355/401 745/326/404 772/346/374
f 778/349/554 784/351/556 753/356/541
f 784/351/556 780/352/559 751/330/540
f 773/348/376 776/191/377 783/198/560
f 776/191/377 772/346/374 780/352/559
f 757/423/543 771/424/551 777/242/553
f 777/242/553 773/348/376 758/336/388
f 764/339/392 770/341/547 781/249/558
f 781/249/558 770/341/547 766/294/550
f 759/337/390 762/338/546 769/239/398
f 762/338/546 758/336/388 766/294/550
f 757/423/543 763/335/387 732/357/417
f 763/335/387 759/337/390 730/315/416
f 737/320/534 739/321/535 767/343/549
f 739/425/535 736/318/531 765/342/548
f 771/424/551 757/423/543 729/313/413
f 738/322/536 752/170/542 744/272/402
f 765/342/548 736/318/531 730/315/416
f 750/422/406 737/320/534 764/339/392
f 751/330/540 780/352/559 772/346/374
f 779/195/557 766/294/550 758/336/388
f 785/426/561 788/311/564 789/260/246
f 786/261/563 790/308/251 789/143/246
f 787/263/565 791/133/562 789/146/246
f 792/265/566 795/312/569 796/266/253
f 793/410/568 797/135/256 796/152/253
f 794/154/255 798/201/567 796/155/253
f 799/427/570 802/132/571 803/90/232
f 800/272/234 804/163/573 803/273/232
f 801/428/572 805/309/233 803/273/232
f 806/429/574 809/310/242 810/277/239
f 807/358/241 811/281/244 810/279/239
f 808/170/576 812/136/575 810/279/239
f 813/412/577 816/286/580 817/283/218
f 814/285/579 818/414/223 817/283/218
f 815/413/581 819/284/578 817/283/218
f 820/415/582 823/417/585 824/290/225
f 821/292/584 825/295/230 824/290/225
f 822/294/586 826/416/583 824/290/225
f 827/360/587 830/300/207 831/297/588
f 828/299/206 832/418/591 831/297/588
f 829/190/590 833/120/589 831/297/588
f 834/419/592 837/306/595 838/420/593
f 835/195/215 839/251/596 838/420/593
f 836/307/210 840/421/594 838/420/593
f 785/426/561 791/75/562 802/132/571
f 802/274/571 791/133/562 787/263/565
f 792/265/566 798/267/567 790/308/251
f 798/201/567 794/154/255 787/263/565
f 806/429/574 812/166/575 797/135/256
f 812/136/575 808/170/576 794/154/255
f 801/428/572 804/163/573 811/281/244
f 804/163/573 800/272/234 808/170/576
f 827/360/587 799/427/570 805/271/233
f 805/309/233 801/428/572 828/299/206
f 834/419/592 840/421/594 809/310/242
f 840/421/594 836/307/210 807/358/241
f 829/190/590 832/418/591 839/251/596
f 832/418/591 828/299/206 836/307/210
f 827/360/587 833/120/589 816/286/580
f 833/120/589 829/190/590 814/285/579
f 834/419/592 820/415/582 826/416/583
f 826/416/583 822/294/586 835/195/215
f 815/413/581 818/414/223 825/295/230
f 818/414/223 814/285/579 822/294/586
f 813/412/577 819/284/578 788/311/564
f 819/284/578 815/413/581 786/261/563
f 793/410/568 795/269/569 823/417/585
f 823/417/585 795/312/569 792/265/566
f 827/360/587 813/412/577 785/426/561
f 794/154/255 808/170/576 800/272/234
f 821/292/584 792/265/566 786/261/563
f 806/429/574 793/410/568 820/415/582
f 807/358/241 836/307/210 828/299/206
f 835/195/215 822/294/586 814/285/579
f 841/313/597 844/357/600 845/314/302
f 842/315/599 846/308/602 845/143/302
f 843/317/601 847/353/598 845/146/302
f 848/318/603 851/425/607 852/319/604
f 849/320/606 853/135/609 852/152/604
f 850/322/608 854/201/605 852/155/604
f 855/430/610 858/132/613 859/90/288
f 856/272/612 860/163/293 859/325/288
f 857/431/614 861/355/611 859/325/288
f 862/422/294 865/356/617 866/329/615
f 863/330/616 867/171/300 866/331/615
f 864/170/618 868/354/296 866/331/615
f 869/423/619 872/176/277 873/334/274
f 870/285/276 874/338/279 873/334/274
f 871/432/621 875/335/620 873/334/274
f 876/364/622 879/343/626 880/340/623
f 877/342/625 881/239/627 880/340/623
f 878/294/285 882/291/624 880/340/623
f 883/424/628 886/347/631 887/345/260
f 884/346/630 888/191/632 887/345/260
f 885/348/264 889/242/629 887/345/260
f 890/349/633 893/249/637 894/350/634
f 891/195/636 895/198/639 894/350/634
f 892/352/638 896/351/635 894/350/634
f 841/313/597 847/141/598 858/132/613
f 847/353/598 843/317/601 856/272/612
f 848/318/603 854/214/605 846/308/602
f 854/201/605 850/322/608 843/317/601
f 862/422/294 868/166/296 853/135/609
f 868/354/296 864/170/618 850/322/608
f 857/431/614 860/163/293 867/171/300
f 860/163/293 856/272/612 864/170/618
f 855/430/610 861/324/611 886/347/631
f 886/347/631 861/355/611 857/431/614
f 862/422/294 890/349/633 896/351/635
f 896/351/635 892/352/638 863/330/616
f 885/348/264 888/191/632 895/198/639
f 888/191/632 884/346/630 892/352/638
f 883/424/628 889/242/629 872/176/277
f 889/242/629 885/348/264 870/285/276
f 890/349/633 876/364/622 882/291/624
f 882/291/624 878/294/285 891/195/636
f 871/432/621 874/338/279 881/239/627
f 874/338/279 870/285/276 878/294/285
f 869/423/619 875/335/620 844/357/600
f 844/316/600 875/335/620 871/432/621
f 876/364/622 849/320/606 851/321/607
f 851/425/607 848/318/603 877/342/625
f 883/424/628 869/423/619 841/313/597
f 850/322/608 864/170/618 856/272/612
f 877/342/625 848/318/603 842/315/599
f 890/349/633 862/422/294 849/320/606
f 863/330/616 892/352/638 884/346/630
f 891/195/636 878/294/285 870/285/276
