# Blender 4.5.0
# www.blender.org
mtllib mesh_020.mtl
o mesh_020
v -0.392738 0.038415 0.960000
v -0.392738 0.036559 0.961856
v -0.394594 0.038415 0.961856
v -0.392738 0.037103 0.960544
v -0.393810 0.037343 0.960785
v -0.394050 0.037103 0.961856
v -0.394050 0.038415 0.960544
v -0.392738 0.036559 0.980144
v -0.392738 0.038415 0.982000
v -0.394594 0.038415 0.980144
v -0.392738 0.037103 0.981456
v -0.393810 0.037343 0.981215
v -0.394050 0.038415 0.981456
v -0.394050 0.037103 0.980144
v -0.392738 0.314632 0.960000
v -0.394594 0.314632 0.961856
v -0.392738 0.316488 0.961856
v -0.394050 0.314632 0.960544
v -0.393810 0.315704 0.960785
v -0.394050 0.315945 0.961856
v -0.392738 0.315945 0.960544
v -0.392738 0.314632 0.982000
v -0.392738 0.316488 0.980144
v -0.394594 0.314632 0.980144
v -0.392738 0.315945 0.981456
v -0.393810 0.315704 0.981215
v -0.394050 0.315945 0.980144
v -0.394050 0.314632 0.981456
v -0.380981 0.038415 0.960000
v -0.379124 0.038415 0.961856
v -0.380981 0.036559 0.961856
v -0.379668 0.038415 0.960544
v -0.379909 0.037343 0.960785
v -0.379668 0.037103 0.961856
v -0.380981 0.037103 0.960544
v -0.380981 0.038415 0.982000
v -0.380981 0.036559 0.980144
v -0.379124 0.038415 0.980144
v -0.380981 0.037103 0.981456
v -0.379909 0.037343 0.981215
v -0.379668 0.037103 0.980144
v -0.379668 0.038415 0.981456
v -0.380981 0.314632 0.960000
v -0.380981 0.316488 0.961856
v -0.379124 0.314632 0.961856
v -0.380981 0.315945 0.960544
v -0.379909 0.315704 0.960785
v -0.379668 0.315945 0.961856
v -0.379668 0.314632 0.960544
v -0.380981 0.314632 0.982000
v -0.379124 0.314632 0.980144
v -0.380981 0.316488 0.980144
v -0.379668 0.314632 0.981456
v -0.379909 0.315704 0.981215
v -0.379668 0.315945 0.980144
v -0.380981 0.315945 0.981456
v -0.377268 0.038415 0.960000
v -0.377268 0.036559 0.961856
v -0.379124 0.038415 0.961856
v -0.377268 0.037103 0.960544
v -0.378340 0.037343 0.960785
v -0.378580 0.037103 0.961856
v -0.378580 0.038415 0.960544
v -0.377268 0.036559 0.980144
v -0.377268 0.038415 0.982000
v -0.379124 0.038415 0.980144
v -0.377268 0.037103 0.981456
v -0.378340 0.037343 0.981215
v -0.378580 0.038415 0.981456
v -0.378580 0.037103 0.980144
v -0.377268 0.050172 0.960000
v -0.379124 0.050172 0.961856
v -0.377268 0.052029 0.961856
v -0.378580 0.050172 0.960544
v -0.378340 0.051244 0.960785
v -0.378580 0.051485 0.961856
v -0.377268 0.051485 0.960544
v -0.377268 0.050172 0.982000
v -0.377268 0.052029 0.980144
v -0.379124 0.050172 0.980144
v -0.377268 0.051485 0.981456
v -0.378340 0.051244 0.981215
v -0.378580 0.051485 0.980144
v -0.378580 0.050172 0.981456
v -0.154172 0.038415 0.960000
v -0.152316 0.038415 0.961856
v -0.154172 0.036559 0.961856
v -0.152860 0.038415 0.960544
v -0.153100 0.037343 0.960785
v -0.152860 0.037103 0.961856
v -0.154172 0.037103 0.960544
v -0.154172 0.038415 0.982000
v -0.154172 0.036559 0.980144
v -0.152316 0.038415 0.980144
v -0.154172 0.037103 0.981456
v -0.153100 0.037343 0.981215
v -0.152860 0.037103 0.980144
v -0.152860 0.038415 0.981456
v -0.154172 0.050172 0.960000
v -0.154172 0.052029 0.961856
v -0.152316 0.050172 0.961856
v -0.154172 0.051485 0.960544
v -0.153100 0.051244 0.960785
v -0.152860 0.051485 0.961856
v -0.152860 0.050172 0.960544
v -0.154172 0.050172 0.982000
v -0.152316 0.050172 0.980144
v -0.154172 0.052029 0.980144
v -0.152860 0.050172 0.981456
v -0.153100 0.051244 0.981215
v -0.152860 0.051485 0.980144
v -0.154172 0.051485 0.981456
v -0.311598 0.179051 0.965940
v -0.311598 0.179850 0.966738
v -0.310799 0.179051 0.966738
v -0.311598 0.179616 0.966174
v -0.311137 0.179512 0.966277
v -0.311033 0.179616 0.966738
v -0.311033 0.179051 0.966174
v -0.311598 0.179850 0.981202
v -0.311598 0.179051 0.982000
v -0.310799 0.179051 0.981202
v -0.311598 0.179616 0.981766
v -0.311137 0.179512 0.981663
v -0.311033 0.179051 0.981766
v -0.311033 0.179616 0.981202
v -0.311598 0.173996 0.965940
v -0.310799 0.173996 0.966738
v -0.311598 0.173198 0.966738
v -0.311033 0.173996 0.966174
v -0.311137 0.173535 0.966277
v -0.311033 0.173431 0.966738
v -0.311598 0.173431 0.966174
v -0.311598 0.173996 0.982000
v -0.311598 0.173198 0.981202
v -0.310799 0.173996 0.981202
v -0.311598 0.173431 0.981766
v -0.311137 0.173535 0.981663
v -0.311033 0.173431 0.981202
v -0.311033 0.173996 0.981766
v -0.386061 0.179051 0.965940
v -0.386859 0.179051 0.966738
v -0.386061 0.179850 0.966738
v -0.386625 0.179051 0.966174
v -0.386522 0.179512 0.966277
v -0.386625 0.179616 0.966738
v -0.386061 0.179616 0.966174
v -0.386061 0.179051 0.982000
v -0.386061 0.179850 0.981202
v -0.386859 0.179051 0.981202
v -0.386061 0.179616 0.981766
v -0.386522 0.179512 0.981663
v -0.386625 0.179616 0.981202
v -0.386625 0.179051 0.981766
v -0.386061 0.173996 0.965940
v -0.386061 0.173198 0.966738
v -0.386859 0.173996 0.966738
v -0.386061 0.173431 0.966174
v -0.386522 0.173535 0.966277
v -0.386625 0.173431 0.966738
v -0.386625 0.173996 0.966174
v -0.386061 0.173996 0.982000
v -0.386859 0.173996 0.981202
v -0.386061 0.173198 0.981202
v -0.386625 0.173996 0.981766
v -0.386522 0.173535 0.981663
v -0.386625 0.173431 0.981202
v -0.386061 0.173431 0.981766
v -0.268248 0.130646 0.965940
v -0.269046 0.130646 0.966738
v -0.268248 0.131444 0.966738
v -0.268812 0.130646 0.966174
v -0.268709 0.131107 0.966277
v -0.268812 0.131210 0.966738
v -0.268248 0.131210 0.966174
v -0.269046 0.130646 0.981202
v -0.268248 0.130646 0.982000
v -0.268248 0.131444 0.981202
v -0.268812 0.130646 0.981766
v -0.268709 0.131107 0.981663
v -0.268248 0.131210 0.981766
v -0.268812 0.131210 0.981202
v -0.263192 0.130646 0.965940
v -0.263192 0.131444 0.966738
v -0.262394 0.130646 0.966738
v -0.263192 0.131210 0.966174
v -0.262731 0.131107 0.966277
v -0.262628 0.131210 0.966738
v -0.262628 0.130646 0.966174
v -0.263192 0.130646 0.982000
v -0.262394 0.130646 0.981202
v -0.263192 0.131444 0.981202
v -0.262628 0.130646 0.981766
v -0.262731 0.131107 0.981663
v -0.262628 0.131210 0.981202
v -0.263192 0.131210 0.981766
v -0.268248 0.045092 0.965940
v -0.268248 0.044294 0.966738
v -0.269046 0.045092 0.966738
v -0.268248 0.044528 0.966174
v -0.268709 0.044631 0.966277
v -0.268812 0.044528 0.966738
v -0.268812 0.045092 0.966174
v -0.268248 0.045092 0.982000
v -0.269046 0.045092 0.981202
v -0.268248 0.044294 0.981202
v -0.268812 0.045092 0.981766
v -0.268709 0.044631 0.981663
v -0.268812 0.044528 0.981202
v -0.268248 0.044528 0.981766
v -0.263192 0.045092 0.965940
v -0.262394 0.045092 0.966738
v -0.263192 0.044294 0.966738
v -0.262628 0.045092 0.966174
v -0.262731 0.044631 0.966277
v -0.262628 0.044528 0.966738
v -0.263192 0.044528 0.966174
v -0.263192 0.045092 0.982000
v -0.263192 0.044294 0.981202
v -0.262394 0.045092 0.981202
v -0.263192 0.044528 0.981766
v -0.262731 0.044631 0.981663
v -0.262628 0.044528 0.981202
v -0.262628 0.045092 0.981766
v -0.299996 0.145774 0.965940
v -0.300582 0.146315 0.966738
v -0.299455 0.146361 0.966738
v -0.300411 0.146157 0.966174
v -0.300022 0.146425 0.966277
v -0.300028 0.146572 0.966738
v -0.299613 0.146189 0.966174
v -0.300582 0.146315 0.981202
v -0.299996 0.145774 0.982000
v -0.299455 0.146361 0.981202
v -0.300411 0.146157 0.981766
v -0.300022 0.146425 0.981663
v -0.299613 0.146189 0.981766
v -0.300028 0.146572 0.981202
v -0.296278 0.142347 0.965940
v -0.295737 0.142934 0.966738
v -0.295692 0.141806 0.966738
v -0.295896 0.142762 0.966174
v -0.295627 0.142374 0.966277
v -0.295481 0.142380 0.966738
v -0.295863 0.141965 0.966174
v -0.296278 0.142347 0.982000
v -0.295692 0.141806 0.981202
v -0.295737 0.142934 0.981202
v -0.295863 0.141965 0.981766
v -0.295627 0.142374 0.981663
v -0.295481 0.142380 0.981202
v -0.295896 0.142762 0.981766
v -0.341785 0.100444 0.965940
v -0.342326 0.099857 0.966738
v -0.342371 0.100985 0.966738
v -0.342167 0.100029 0.966174
v -0.342436 0.100417 0.966277
v -0.342582 0.100411 0.966738
v -0.342200 0.100826 0.966174
v -0.341785 0.100444 0.982000
v -0.342371 0.100985 0.981202
v -0.342326 0.099857 0.981202
v -0.342200 0.100826 0.981766
v -0.342436 0.100417 0.981663
v -0.342582 0.100411 0.981202
v -0.342167 0.100029 0.981766
v -0.338067 0.097017 0.965940
v -0.337481 0.096476 0.966738
v -0.338609 0.096430 0.966738
v -0.337652 0.096634 0.966174
v -0.338041 0.096366 0.966277
v -0.338035 0.096219 0.966738
v -0.338450 0.096602 0.966174
v -0.338067 0.097017 0.982000
v -0.338609 0.096430 0.981202
v -0.337481 0.096476 0.981202
v -0.338450 0.096602 0.981766
v -0.338041 0.096366 0.981663
v -0.338035 0.096219 0.981202
v -0.337652 0.096634 0.981766
v -0.341416 0.100618 0.965940
v -0.341464 0.101415 0.966738
v -0.340619 0.100667 0.966738
v -0.341450 0.101182 0.966174
v -0.340984 0.101106 0.966277
v -0.340887 0.101216 0.966738
v -0.340853 0.100652 0.966174
v -0.341464 0.101415 0.981202
v -0.341416 0.100618 0.982000
v -0.340619 0.100667 0.981202
v -0.341450 0.101182 0.981766
v -0.340984 0.101106 0.981663
v -0.340853 0.100652 0.981766
v -0.340887 0.101216 0.981202
v -0.341112 0.095572 0.965940
v -0.340315 0.095620 0.966738
v -0.341063 0.094775 0.966738
v -0.340548 0.095606 0.966174
v -0.340624 0.095140 0.966277
v -0.340514 0.095043 0.966738
v -0.341078 0.095009 0.966174
v -0.341112 0.095572 0.982000
v -0.341063 0.094775 0.981202
v -0.340315 0.095620 0.981202
v -0.341078 0.095009 0.981766
v -0.340624 0.095140 0.981663
v -0.340514 0.095043 0.981202
v -0.340548 0.095606 0.981766
v -0.386215 0.097915 0.965940
v -0.387011 0.097867 0.966738
v -0.386263 0.098712 0.966738
v -0.386778 0.097881 0.966174
v -0.386702 0.098348 0.966277
v -0.386812 0.098445 0.966738
v -0.386249 0.098479 0.966174
v -0.386215 0.097915 0.982000
v -0.386263 0.098712 0.981202
v -0.387011 0.097867 0.981202
v -0.386249 0.098479 0.981766
v -0.386702 0.098348 0.981663
v -0.386812 0.098445 0.981202
v -0.386778 0.097881 0.981766
v -0.385910 0.092869 0.965940
v -0.385862 0.092072 0.966738
v -0.386707 0.092821 0.966738
v -0.385876 0.092305 0.966174
v -0.386342 0.092381 0.966277
v -0.386440 0.092271 0.966738
v -0.386474 0.092835 0.966174
v -0.385910 0.092869 0.982000
v -0.386707 0.092821 0.981202
v -0.385862 0.092072 0.981202
v -0.386474 0.092835 0.981766
v -0.386342 0.092381 0.981663
v -0.386440 0.092271 0.981202
v -0.385876 0.092305 0.981766
v -0.296278 0.210700 0.965940
v -0.295692 0.211241 0.966738
v -0.295737 0.210113 0.966738
v -0.295863 0.211082 0.966174
v -0.295627 0.210673 0.966277
v -0.295481 0.210667 0.966738
v -0.295896 0.210285 0.966174
v -0.295692 0.211241 0.981202
v -0.296278 0.210700 0.982000
v -0.295737 0.210113 0.981202
v -0.295863 0.211082 0.981766
v -0.295627 0.210673 0.981663
v -0.295896 0.210285 0.981766
v -0.295481 0.210667 0.981202
v -0.299996 0.207273 0.965940
v -0.299455 0.206686 0.966738
v -0.300582 0.206732 0.966738
v -0.299613 0.206858 0.966174
v -0.300022 0.206622 0.966277
v -0.300028 0.206476 0.966738
v -0.300411 0.206891 0.966174
v -0.299996 0.207273 0.982000
v -0.300582 0.206732 0.981202
v -0.299455 0.206686 0.981202
v -0.300411 0.206891 0.981766
v -0.300022 0.206622 0.981663
v -0.300028 0.206476 0.981202
v -0.299613 0.206858 0.981766
v -0.338067 0.256030 0.965940
v -0.338609 0.256617 0.966738
v -0.337481 0.256571 0.966738
v -0.338450 0.256445 0.966174
v -0.338041 0.256682 0.966277
v -0.338035 0.256828 0.966738
v -0.337652 0.256413 0.966174
v -0.338067 0.256030 0.982000
v -0.337481 0.256571 0.981202
v -0.338609 0.256617 0.981202
v -0.337652 0.256413 0.981766
v -0.338041 0.256682 0.981663
v -0.338035 0.256828 0.981202
v -0.338450 0.256445 0.981766
v -0.341785 0.252604 0.965940
v -0.342371 0.252063 0.966738
v -0.342326 0.253191 0.966738
v -0.342200 0.252221 0.966174
v -0.342436 0.252630 0.966277
v -0.342582 0.252636 0.966738
v -0.342167 0.253019 0.966174
v -0.341785 0.252604 0.982000
v -0.342326 0.253191 0.981202
v -0.342371 0.252063 0.981202
v -0.342167 0.253019 0.981766
v -0.342436 0.252630 0.981663
v -0.342582 0.252636 0.981202
v -0.342200 0.252221 0.981766
v -0.341112 0.257475 0.965940
v -0.341063 0.258272 0.966738
v -0.340315 0.257427 0.966738
v -0.341078 0.258039 0.966174
v -0.340624 0.257908 0.966277
v -0.340514 0.258005 0.966738
v -0.340548 0.257441 0.966174
v -0.341063 0.258272 0.981202
v -0.341112 0.257475 0.982000
v -0.340315 0.257427 0.981202
v -0.341078 0.258039 0.981766
v -0.340624 0.257908 0.981663
v -0.340548 0.257441 0.981766
v -0.340514 0.258005 0.981202
v -0.341416 0.252429 0.965940
v -0.340619 0.252381 0.966738
v -0.341464 0.251632 0.966738
v -0.340853 0.252395 0.966174
v -0.340984 0.251941 0.966277
v -0.340887 0.251831 0.966738
v -0.341450 0.251865 0.966174
v -0.341416 0.252429 0.982000
v -0.341464 0.251632 0.981202
v -0.340619 0.252381 0.981202
v -0.341450 0.251865 0.981766
v -0.340984 0.251941 0.981663
v -0.340887 0.251831 0.981202
v -0.340853 0.252395 0.981766
v -0.385910 0.260178 0.965940
v -0.386707 0.260226 0.966738
v -0.385862 0.260975 0.966738
v -0.386474 0.260212 0.966174
v -0.386342 0.260666 0.966277
v -0.386440 0.260776 0.966738
v -0.385876 0.260742 0.966174
v -0.385910 0.260178 0.982000
v -0.385862 0.260975 0.981202
v -0.386707 0.260226 0.981202
v -0.385876 0.260742 0.981766
v -0.386342 0.260666 0.981663
v -0.386440 0.260776 0.981202
v -0.386474 0.260212 0.981766
v -0.386215 0.255132 0.965940
v -0.386263 0.254335 0.966738
v -0.387011 0.255180 0.966738
v -0.386249 0.254569 0.966174
v -0.386702 0.254700 0.966277
v -0.386812 0.254603 0.966738
v -0.386778 0.255166 0.966174
v -0.386215 0.255132 0.982000
v -0.387011 0.255180 0.981202
v -0.386263 0.254335 0.981202
v -0.386778 0.255166 0.981766
v -0.386702 0.254700 0.981663
v -0.386812 0.254603 0.981202
v -0.386249 0.254569 0.981766
v -0.150459 0.038415 0.960000
v -0.150459 0.036559 0.961856
v -0.152316 0.038415 0.961856
v -0.150459 0.037103 0.960544
v -0.151531 0.037343 0.960785
v -0.151772 0.037103 0.961856
v -0.151772 0.038415 0.960544
v -0.150459 0.036559 0.980144
v -0.150459 0.038415 0.982000
v -0.152316 0.038415 0.980144
v -0.150459 0.037103 0.981456
v -0.151531 0.037343 0.981215
v -0.151772 0.038415 0.981456
v -0.151772 0.037103 0.980144
v -0.150459 0.314632 0.960000
v -0.152316 0.314632 0.961856
v -0.150459 0.316488 0.961856
v -0.151772 0.314632 0.960544
v -0.151531 0.315704 0.960785
v -0.151772 0.315945 0.961856
v -0.150459 0.315945 0.960544
v -0.150459 0.314632 0.982000
v -0.150459 0.316488 0.980144
v -0.152316 0.314632 0.980144
v -0.150459 0.315945 0.981456
v -0.151531 0.315704 0.981215
v -0.151772 0.315945 0.980144
v -0.151772 0.314632 0.981456
v -0.138702 0.038415 0.960000
v -0.136846 0.038415 0.961856
v -0.138702 0.036559 0.961856
v -0.137390 0.038415 0.960544
v -0.137630 0.037343 0.960785
v -0.137390 0.037103 0.961856
v -0.138702 0.037103 0.960544
v -0.138702 0.038415 0.982000
v -0.138702 0.036559 0.980144
v -0.136846 0.038415 0.980144
v -0.138702 0.037103 0.981456
v -0.137630 0.037343 0.981215
v -0.137390 0.037103 0.980144
v -0.137390 0.038415 0.981456
v -0.138702 0.314632 0.960000
v -0.138702 0.316488 0.961856
v -0.136846 0.314632 0.961856
v -0.138702 0.315945 0.960544
v -0.137630 0.315704 0.960785
v -0.137390 0.315945 0.961856
v -0.137390 0.314632 0.960544
v -0.138702 0.314632 0.982000
v -0.136846 0.314632 0.980144
v -0.138702 0.316488 0.980144
v -0.137390 0.314632 0.981456
v -0.137630 0.315704 0.981215
v -0.137390 0.315945 0.980144
v -0.138702 0.315945 0.981456
v -0.377268 0.302875 0.960000
v -0.377268 0.301018 0.961856
v -0.379124 0.302875 0.961856
v -0.377268 0.301562 0.960544
v -0.378340 0.301803 0.960785
v -0.378580 0.301562 0.961856
v -0.378580 0.302875 0.960544
v -0.377268 0.301018 0.980144
v -0.377268 0.302875 0.982000
v -0.379124 0.302875 0.980144
v -0.377268 0.301562 0.981456
v -0.378340 0.301803 0.981215
v -0.378580 0.302875 0.981456
v -0.378580 0.301562 0.980144
v -0.377268 0.314632 0.960000
v -0.379124 0.314632 0.961856
v -0.377268 0.316488 0.961856
v -0.378580 0.314632 0.960544
v -0.378340 0.315704 0.960785
v -0.378580 0.315945 0.961856
v -0.377268 0.315945 0.960544
v -0.377268 0.314632 0.982000
v -0.377268 0.316488 0.980144
v -0.379124 0.314632 0.980144
v -0.377268 0.315945 0.981456
v -0.378340 0.315704 0.981215
v -0.378580 0.315945 0.980144
v -0.378580 0.314632 0.981456
v -0.154172 0.302875 0.960000
v -0.152316 0.302875 0.961856
v -0.154172 0.301018 0.961856
v -0.152860 0.302875 0.960544
v -0.153100 0.301803 0.960785
v -0.152860 0.301562 0.961856
v -0.154172 0.301562 0.960544
v -0.154172 0.302875 0.982000
v -0.154172 0.301018 0.980144
v -0.152316 0.302875 0.980144
v -0.154172 0.301562 0.981456
v -0.153100 0.301803 0.981215
v -0.152860 0.301562 0.980144
v -0.152860 0.302875 0.981456
v -0.154172 0.314632 0.960000
v -0.154172 0.316488 0.961856
v -0.152316 0.314632 0.961856
v -0.154172 0.315945 0.960544
v -0.153100 0.315704 0.960785
v -0.152860 0.315945 0.961856
v -0.152860 0.314632 0.960544
v -0.154172 0.314632 0.982000
v -0.152316 0.314632 0.980144
v -0.154172 0.316488 0.980144
v -0.152860 0.314632 0.981456
v -0.153100 0.315704 0.981215
v -0.152860 0.315945 0.980144
v -0.154172 0.315945 0.981456
v -0.219842 0.173996 0.965940
v -0.219842 0.173198 0.966738
v -0.220641 0.173996 0.966738
v -0.219842 0.173431 0.966174
v -0.220303 0.173535 0.966277
v -0.220407 0.173431 0.966738
v -0.220407 0.173996 0.966174
v -0.219842 0.173198 0.981202
v -0.219842 0.173996 0.982000
v -0.220641 0.173996 0.981202
v -0.219842 0.173431 0.981766
v -0.220303 0.173535 0.981663
v -0.220407 0.173996 0.981766
v -0.220407 0.173431 0.981202
v -0.219842 0.179051 0.965940
v -0.220641 0.179051 0.966738
v -0.219842 0.179850 0.966738
v -0.220407 0.179051 0.966174
v -0.220303 0.179512 0.966277
v -0.220407 0.179616 0.966738
v -0.219842 0.179616 0.966174
v -0.219842 0.179051 0.982000
v -0.219842 0.179850 0.981202
v -0.220641 0.179051 0.981202
v -0.219842 0.179616 0.981766
v -0.220303 0.179512 0.981663
v -0.220407 0.179616 0.981202
v -0.220407 0.179051 0.981766
v -0.145379 0.173996 0.965940
v -0.144581 0.173996 0.966738
v -0.145379 0.173198 0.966738
v -0.144815 0.173996 0.966174
v -0.144918 0.173535 0.966277
v -0.144815 0.173431 0.966738
v -0.145379 0.173431 0.966174
v -0.145379 0.173996 0.982000
v -0.145379 0.173198 0.981202
v -0.144581 0.173996 0.981202
v -0.145379 0.173431 0.981766
v -0.144918 0.173535 0.981663
v -0.144815 0.173431 0.981202
v -0.144815 0.173996 0.981766
v -0.145379 0.179051 0.965940
v -0.145379 0.179850 0.966738
v -0.144581 0.179051 0.966738
v -0.145379 0.179616 0.966174
v -0.144918 0.179512 0.966277
v -0.144815 0.179616 0.966738
v -0.144815 0.179051 0.966174
v -0.145379 0.179051 0.982000
v -0.144581 0.179051 0.981202
v -0.145379 0.179850 0.981202
v -0.144815 0.179051 0.981766
v -0.144918 0.179512 0.981663
v -0.144815 0.179616 0.981202
v -0.145379 0.179616 0.981766
v -0.263192 0.222401 0.965940
v -0.262394 0.222401 0.966738
v -0.263192 0.221603 0.966738
v -0.262628 0.222401 0.966174
v -0.262731 0.221940 0.966277
v -0.262628 0.221837 0.966738
v -0.263192 0.221837 0.966174
v -0.262394 0.222401 0.981202
v -0.263192 0.222401 0.982000
v -0.263192 0.221603 0.981202
v -0.262628 0.222401 0.981766
v -0.262731 0.221940 0.981663
v -0.263192 0.221837 0.981766
v -0.262628 0.221837 0.981202
v -0.268248 0.222401 0.965940
v -0.268248 0.221603 0.966738
v -0.269046 0.222401 0.966738
v -0.268248 0.221837 0.966174
v -0.268709 0.221940 0.966277
v -0.268812 0.221837 0.966738
v -0.268812 0.222401 0.966174
v -0.268248 0.222401 0.982000
v -0.269046 0.222401 0.981202
v -0.268248 0.221603 0.981202
v -0.268812 0.222401 0.981766
v -0.268709 0.221940 0.981663
v -0.268812 0.221837 0.981202
v -0.268248 0.221837 0.981766
v -0.263192 0.307955 0.965940
v -0.263192 0.308753 0.966738
v -0.262394 0.307955 0.966738
v -0.263192 0.308520 0.966174
v -0.262731 0.308416 0.966277
v -0.262628 0.308520 0.966738
v -0.262628 0.307955 0.966174
v -0.263192 0.307955 0.982000
v -0.262394 0.307955 0.981202
v -0.263192 0.308753 0.981202
v -0.262628 0.307955 0.981766
v -0.262731 0.308416 0.981663
v -0.262628 0.308520 0.981202
v -0.263192 0.308520 0.981766
v -0.268248 0.307955 0.965940
v -0.269046 0.307955 0.966738
v -0.268248 0.308753 0.966738
v -0.268812 0.307955 0.966174
v -0.268709 0.308416 0.966277
v -0.268812 0.308520 0.966738
v -0.268248 0.308520 0.966174
v -0.268248 0.307955 0.982000
v -0.268248 0.308753 0.981202
v -0.269046 0.307955 0.981202
v -0.268248 0.308520 0.981766
v -0.268709 0.308416 0.981663
v -0.268812 0.308520 0.981202
v -0.268812 0.307955 0.981766
v -0.235162 0.142347 0.965940
v -0.235748 0.141806 0.966738
v -0.235703 0.142934 0.966738
v -0.235577 0.141965 0.966174
v -0.235813 0.142374 0.966277
v -0.235959 0.142380 0.966738
v -0.235544 0.142762 0.966174
v -0.235748 0.141806 0.981202
v -0.235162 0.142347 0.982000
v -0.235703 0.142934 0.981202
v -0.235577 0.141965 0.981766
v -0.235813 0.142374 0.981663
v -0.235544 0.142762 0.981766
v -0.235959 0.142380 0.981202
v -0.231444 0.145774 0.965940
v -0.231986 0.146361 0.966738
v -0.230858 0.146315 0.966738
v -0.231827 0.146189 0.966174
v -0.231418 0.146425 0.966277
v -0.231412 0.146572 0.966738
v -0.231029 0.146157 0.966174
v -0.231444 0.145774 0.982000
v -0.230858 0.146315 0.981202
v -0.231986 0.146361 0.981202
v -0.231029 0.146157 0.981766
v -0.231418 0.146425 0.981663
v -0.231412 0.146572 0.981202
v -0.231827 0.146189 0.981766
v -0.193373 0.097017 0.965940
v -0.192832 0.096430 0.966738
v -0.193959 0.096476 0.966738
v -0.192990 0.096602 0.966174
v -0.193399 0.096366 0.966277
v -0.193405 0.096219 0.966738
v -0.193788 0.096634 0.966174
v -0.193373 0.097017 0.982000
v -0.193959 0.096476 0.981202
v -0.192832 0.096430 0.981202
v -0.193788 0.096634 0.981766
v -0.193399 0.096366 0.981663
v -0.193405 0.096219 0.981202
v -0.192990 0.096602 0.981766
v -0.189655 0.100444 0.965940
v -0.189069 0.100985 0.966738
v -0.189114 0.099857 0.966738
v -0.189240 0.100826 0.966174
v -0.189004 0.100417 0.966277
v -0.188858 0.100411 0.966738
v -0.189273 0.100029 0.966174
v -0.189655 0.100444 0.982000
v -0.189114 0.099857 0.981202
v -0.189069 0.100985 0.981202
v -0.189273 0.100029 0.981766
v -0.189004 0.100417 0.981663
v -0.188858 0.100411 0.981202
v -0.189240 0.100826 0.981766
v -0.190328 0.095572 0.965940
v -0.190376 0.094775 0.966738
v -0.191125 0.095620 0.966738
v -0.190362 0.095009 0.966174
v -0.190816 0.095140 0.966277
v -0.190926 0.095043 0.966738
v -0.190892 0.095606 0.966174
v -0.190376 0.094775 0.981202
v -0.190328 0.095572 0.982000
v -0.191125 0.095620 0.981202
v -0.190362 0.095009 0.981766
v -0.190816 0.095140 0.981663
v -0.190892 0.095606 0.981766
v -0.190926 0.095043 0.981202
v -0.190024 0.100618 0.965940
v -0.190821 0.100667 0.966738
v -0.189976 0.101415 0.966738
v -0.190587 0.100652 0.966174
v -0.190456 0.101106 0.966277
v -0.190553 0.101216 0.966738
v -0.189990 0.101182 0.966174
v -0.190024 0.100618 0.982000
v -0.189976 0.101415 0.981202
v -0.190821 0.100667 0.981202
v -0.189990 0.101182 0.981766
v -0.190456 0.101106 0.981663
v -0.190553 0.101216 0.981202
v -0.190587 0.100652 0.981766
v -0.145530 0.092869 0.965940
v -0.144733 0.092821 0.966738
v -0.145578 0.092072 0.966738
v -0.144966 0.092835 0.966174
v -0.145098 0.092381 0.966277
v -0.145000 0.092272 0.966738
v -0.145564 0.092305 0.966174
v -0.145530 0.092869 0.982000
v -0.145578 0.092072 0.981202
v -0.144733 0.092821 0.981202
v -0.145564 0.092305 0.981766
v -0.145098 0.092381 0.981663
v -0.145000 0.092272 0.981202
v -0.144966 0.092835 0.981766
v -0.145225 0.097915 0.965940
v -0.145177 0.098712 0.966738
v -0.144429 0.097867 0.966738
v -0.145191 0.098479 0.966174
v -0.144738 0.098348 0.966277
v -0.144628 0.098445 0.966738
v -0.144662 0.097881 0.966174
v -0.145225 0.097915 0.982000
v -0.144429 0.097867 0.981202
v -0.145177 0.098712 0.981202
v -0.144662 0.097881 0.981766
v -0.144738 0.098348 0.981663
v -0.144628 0.098445 0.981202
v -0.145191 0.098479 0.981766
v -0.231444 0.207273 0.965940
v -0.230858 0.206732 0.966738
v -0.231986 0.206686 0.966738
v -0.231029 0.206891 0.966174
v -0.231418 0.206622 0.966277
v -0.231412 0.206476 0.966738
v -0.231827 0.206858 0.966174
v -0.230858 0.206732 0.981202
v -0.231444 0.207273 0.982000
v -0.231986 0.206686 0.981202
v -0.231029 0.206891 0.981766
v -0.231418 0.206622 0.981663
v -0.231827 0.206858 0.981766
v -0.231412 0.206476 0.981202
v -0.235162 0.210700 0.965940
v -0.235703 0.210113 0.966738
v -0.235748 0.211241 0.966738
v -0.235544 0.210285 0.966174
v -0.235813 0.210673 0.966277
v -0.235959 0.210667 0.966738
v -0.235577 0.211082 0.966174
v -0.235162 0.210700 0.982000
v -0.235748 0.211241 0.981202
v -0.235703 0.210113 0.981202
v -0.235577 0.211082 0.981766
v -0.235813 0.210673 0.981663
v -0.235959 0.210667 0.981202
v -0.235544 0.210285 0.981766
v -0.189655 0.252604 0.965940
v -0.189114 0.253191 0.966738
v -0.189069 0.252063 0.966738
v -0.189273 0.253019 0.966174
v -0.189004 0.252630 0.966277
v -0.188858 0.252636 0.966738
v -0.189240 0.252221 0.966174
v -0.189655 0.252604 0.982000
v -0.189069 0.252063 0.981202
v -0.189114 0.253191 0.981202
v -0.189240 0.252221 0.981766
v -0.189004 0.252630 0.981663
v -0.188858 0.252636 0.981202
v -0.189273 0.253019 0.981766
v -0.193373 0.256030 0.965940
v -0.193959 0.256571 0.966738
v -0.192832 0.256617 0.966738
v -0.193788 0.256413 0.966174
v -0.193399 0.256682 0.966277
v -0.193405 0.256828 0.966738
v -0.192990 0.256445 0.966174
v -0.193373 0.256030 0.982000
v -0.192832 0.256617 0.981202
v -0.193959 0.256571 0.981202
v -0.192990 0.256445 0.981766
v -0.193399 0.256682 0.981663
v -0.193405 0.256828 0.981202
v -0.193788 0.256413 0.981766
v -0.190024 0.252429 0.965940
v -0.189976 0.251632 0.966738
v -0.190821 0.252381 0.966738
v -0.189990 0.251865 0.966174
v -0.190456 0.251941 0.966277
v -0.190553 0.251831 0.966738
v -0.190587 0.252395 0.966174
v -0.189976 0.251632 0.981202
v -0.190024 0.252429 0.982000
v -0.190821 0.252381 0.981202
v -0.189990 0.251865 0.981766
v -0.190456 0.251941 0.981663
v -0.190587 0.252395 0.981766
v -0.190553 0.251831 0.981202
v -0.190328 0.257475 0.965940
v -0.191125 0.257427 0.966738
v -0.190376 0.258272 0.966738
v -0.190892 0.257441 0.966174
v -0.190816 0.257908 0.966277
v -0.190926 0.258005 0.966738
v -0.190362 0.258039 0.966174
v -0.190328 0.257475 0.982000
v -0.190376 0.258272 0.981202
v -0.191125 0.257427 0.981202
v -0.190362 0.258039 0.981766
v -0.190816 0.257908 0.981663
v -0.190926 0.258005 0.981202
v -0.190892 0.257441 0.981766
v -0.145225 0.255132 0.965940
v -0.144429 0.255180 0.966738
v -0.145177 0.254335 0.966738
v -0.144662 0.255166 0.966174
v -0.144738 0.254700 0.966277
v -0.144628 0.254603 0.966738
v -0.145191 0.254569 0.966174
v -0.145225 0.255132 0.982000
v -0.145177 0.254335 0.981202
v -0.144429 0.255180 0.981202
v -0.145191 0.254569 0.981766
v -0.144738 0.254700 0.981663
v -0.144628 0.254603 0.981202
v -0.144662 0.255166 0.981766
v -0.145530 0.260178 0.965940
v -0.145578 0.260975 0.966738
v -0.144733 0.260226 0.966738
v -0.145564 0.260742 0.966174
v -0.145098 0.260666 0.966277
v -0.145000 0.260776 0.966738
v -0.144966 0.260212 0.966174
v -0.145530 0.260178 0.982000
v -0.144733 0.260226 0.981202
v -0.145578 0.260975 0.981202
v -0.144966 0.260212 0.981766
v -0.145098 0.260666 0.981663
v -0.145000 0.260776 0.981202
v -0.145564 0.260742 0.981766
vn 0.0431 -0.1388 -0.9894
vn -0.5773 -0.5773 -0.5774
vn -0.7082 0.0214 -0.7057
vn -0.1773 -0.9837 0.0299
vn -0.1378 -0.5926 -0.7936
vn -0.9814 0.0565 -0.1836
vn -0.5857 -0.7989 -0.1370
vn 0.0275 -0.9871 0.1580
vn -0.5773 -0.5774 0.5774
vn -0.7082 -0.7060 -0.0032
vn -0.1939 0.0475 0.9799
vn -0.1378 -0.7929 0.5936
vn -0.9876 -0.1477 -0.0535
vn -0.5711 -0.1355 0.8096
vn -0.1940 -0.0475 -0.9799
vn -0.5773 0.5773 -0.5774
vn -0.0068 0.7081 -0.7061
vn -0.9876 0.1477 0.0535
vn -0.5711 0.1355 -0.8096
vn 0.0275 0.9871 -0.1580
vn -0.7989 0.5857 -0.1370
vn 0.0431 0.1388 0.9894
vn -0.5773 0.5773 0.5774
vn -0.7082 -0.0214 0.7057
vn -0.1773 0.9837 -0.0299
vn -0.1378 0.5926 0.7936
vn -0.9814 -0.0565 0.1836
vn -0.5857 0.7989 0.1370
vn 0.1940 0.0474 -0.9799
vn 0.5773 -0.5773 -0.5774
vn 0.0076 -0.7081 -0.7061
vn 0.9876 -0.1477 0.0538
vn 0.5723 -0.1356 -0.8088
vn -0.0275 -0.9871 -0.1580
vn 0.7989 -0.5857 -0.1370
vn -0.0430 -0.1388 0.9894
vn 0.5773 -0.5774 0.5774
vn 0.7081 0.0214 0.7057
vn 0.1773 -0.9837 -0.0299
vn 0.1379 -0.5936 0.7929
vn 0.9814 0.0565 0.1836
vn 0.5857 -0.7989 0.1370
vn -0.0430 0.1388 -0.9894
vn 0.5773 0.5773 -0.5774
vn 0.7081 -0.0236 -0.7057
vn 0.1773 0.9837 0.0299
vn 0.1379 0.5936 -0.7929
vn 0.9814 -0.0561 -0.1836
vn 0.5857 0.7989 -0.1370
vn 0.1940 -0.0474 0.9799
vn 0.5774 0.5773 0.5773
vn 0.0076 0.7081 0.7061
vn 0.9876 0.1477 -0.0535
vn 0.5711 0.1355 0.8096
vn -0.0275 0.9871 0.1580
vn 0.7989 0.5857 0.1370
vn 0.0471 -0.1936 -0.9799
vn -0.7081 -0.0068 -0.7061
vn -0.1480 -0.9875 0.0533
vn -0.1356 -0.5713 -0.8094
vn -0.9871 0.0275 -0.1580
vn -0.5857 -0.7989 -0.1371
vn 0.0561 -0.9815 0.1833
vn -0.1391 0.0429 0.9893
vn -0.1355 -0.8094 0.5714
vn -0.9837 -0.1773 -0.0299
vn -0.5936 -0.1380 0.7929
vn -0.1391 -0.0429 -0.9894
vn 0.0210 0.7082 -0.7057
vn -0.9837 0.1773 0.0299
vn -0.5936 0.1379 -0.7929
vn 0.0561 0.9815 -0.1833
vn 0.0471 0.1936 0.9799
vn -0.5773 0.5774 0.5774
vn -0.7081 0.0068 0.7061
vn -0.1480 0.9875 -0.0533
vn -0.1355 0.5713 0.8094
vn -0.9870 -0.0275 0.1581
vn 0.1391 0.0429 -0.9894
vn -0.0210 -0.7082 -0.7057
vn 0.9837 -0.1773 0.0299
vn 0.5936 -0.1379 -0.7929
vn -0.0561 -0.9815 -0.1833
vn -0.0471 -0.1936 0.9799
vn 0.5773 -0.5773 0.5774
vn 0.7081 -0.0068 0.7061
vn 0.1480 -0.9875 -0.0533
vn 0.1356 -0.5713 0.8094
vn 0.9870 0.0275 0.1581
vn -0.0471 0.1936 -0.9799
vn 0.7081 0.0068 -0.7061
vn 0.1480 0.9875 0.0533
vn 0.1356 0.5713 -0.8094
vn 0.9870 -0.0275 -0.1581
vn 0.1391 -0.0429 0.9893
vn 0.5773 0.5773 0.5774
vn -0.0210 0.7082 0.7057
vn 0.9837 0.1773 -0.0299
vn 0.5936 0.1379 0.7929
vn -0.0561 0.9815 0.1833
vn -0.0466 0.1932 -0.9801
vn 0.1564 0.9857 0.0624
vn 0.1356 0.5718 -0.8091
vn 0.9882 -0.0349 -0.1490
vn 0.5788 0.8040 -0.1363
vn -0.0634 0.9827 0.1737
vn 0.5774 0.5773 0.5774
vn 0.7082 0.7059 -0.0118
vn 0.1396 -0.0424 0.9893
vn 0.1356 0.8091 0.5718
vn 0.9819 0.1852 -0.0383
vn 0.5936 0.1378 0.7929
vn 0.1397 0.0424 -0.9893
vn 0.5773 -0.5774 -0.5774
vn -0.0206 -0.7082 -0.7057
vn 0.9819 -0.1852 0.0383
vn 0.5937 -0.1378 -0.7928
vn -0.0634 -0.9827 -0.1737
vn 0.8040 -0.5787 -0.1364
vn -0.0466 -0.1932 0.9801
vn 0.1564 -0.9857 -0.0624
vn 0.1356 -0.5717 0.8092
vn 0.9882 0.0349 0.1490
vn 0.5787 -0.8040 0.1363
vn -0.1397 -0.0424 -0.9893
vn -0.5773 0.5774 -0.5774
vn 0.0206 0.7082 -0.7057
vn -0.9819 0.1853 0.0383
vn -0.5937 0.1379 -0.7928
vn 0.0634 0.9827 -0.1737
vn -0.8040 0.5788 -0.1364
vn 0.0466 0.1932 0.9801
vn -0.1564 0.9857 -0.0624
vn -0.1356 0.5717 0.8092
vn -0.9882 -0.0349 0.1490
vn -0.5788 0.8040 0.1363
vn 0.0466 -0.1932 -0.9801
vn -0.1564 -0.9857 0.0623
vn -0.1356 -0.5718 -0.8091
vn -0.9882 0.0349 -0.1490
vn -0.5788 -0.8040 -0.1363
vn -0.1396 0.0424 0.9893
vn -0.5774 -0.5773 0.5774
vn 0.0205 -0.7081 0.7058
vn -0.9819 -0.1853 -0.0383
vn -0.5936 -0.1379 0.7928
vn 0.0634 -0.9827 0.1737
vn -0.8040 -0.5788 0.1363
vn -0.1935 -0.0469 -0.9800
vn -0.5774 0.5773 -0.5774
vn -0.9858 0.1561 0.0625
vn -0.5716 0.1355 -0.8093
vn 0.0349 0.9882 -0.1490
vn -0.8040 0.5787 -0.1364
vn -0.9827 -0.0637 0.1740
vn -0.5774 0.5774 0.5773
vn -0.7059 0.7082 -0.0119
vn 0.0427 0.1394 0.9893
vn -0.8093 0.1356 0.5716
vn -0.1852 0.9819 -0.0383
vn -0.1379 0.5936 0.7929
vn -0.0427 0.1394 -0.9893
vn 0.7081 -0.0208 -0.7058
vn 0.1852 0.9819 0.0383
vn 0.1378 0.5936 -0.7928
vn 0.9827 -0.0637 -0.1740
vn 0.5787 0.8040 -0.1363
vn 0.1935 -0.0469 0.9800
vn 0.5773 0.5774 0.5773
vn 0.0068 0.7081 0.7061
vn 0.9858 0.1561 -0.0625
vn 0.5715 0.1356 0.8093
vn -0.0349 0.9882 0.1490
vn 0.8040 0.5787 0.1364
vn 0.0429 -0.1393 -0.9893
vn -0.7082 0.0208 -0.7058
vn -0.1852 -0.9819 0.0383
vn -0.1377 -0.5927 -0.7936
vn -0.9827 0.0637 -0.1740
vn -0.5787 -0.8040 -0.1364
vn -0.1935 0.0467 0.9800
vn -0.5773 -0.5773 0.5774
vn -0.0076 -0.7081 0.7061
vn -0.9858 -0.1561 -0.0625
vn -0.5716 -0.1356 0.8093
vn 0.0349 -0.9882 0.1490
vn -0.8040 -0.5787 0.1363
vn 0.1935 0.0467 -0.9800
vn 0.0075 -0.7081 -0.7061
vn 0.9858 -0.1561 0.0624
vn 0.5716 -0.1355 -0.8093
vn -0.0349 -0.9882 -0.1490
vn 0.8051 -0.5773 -0.1362
vn -0.0429 -0.1393 0.9893
vn 0.5774 -0.5773 0.5773
vn 0.7081 0.0208 0.7058
vn 0.1853 -0.9819 -0.0383
vn 0.1378 -0.5926 0.7936
vn 0.9827 0.0639 0.1740
vn 0.5797 -0.8033 0.1365
vn -0.1730 0.0968 -0.9802
vn -0.0331 0.8158 -0.5774
vn 0.4751 0.5252 -0.7060
vn -0.6184 0.7833 0.0624
vn -0.3295 0.4884 -0.8080
vn 0.6956 0.7028 -0.1490
vn -0.1989 0.9705 -0.1364
vn -0.7653 0.6199 0.1733
vn -0.0331 0.8158 0.5774
vn -0.0390 0.9992 -0.0118
vn 0.1262 0.0742 0.9892
vn -0.5021 0.6475 0.5733
vn 0.5294 0.8475 -0.0383
vn 0.3004 0.5291 0.7936
vn 0.0638 0.1317 -0.9892
vn 0.8158 0.0332 -0.5774
vn 0.5080 -0.4938 -0.7058
vn 0.8017 0.5964 0.0383
vn 0.5037 0.3431 -0.7929
vn 0.6800 -0.7125 -0.1733
vn 0.9705 0.1989 -0.1363
vn 0.1107 -0.1643 0.9802
vn 0.8158 0.0332 0.5774
vn 0.4855 0.5155 0.7061
vn 0.8310 -0.5528 -0.0620
vn 0.5111 -0.2870 0.8102
vn 0.6441 0.7503 0.1490
vn 0.9834 -0.1194 0.1363
vn -0.0641 -0.1315 -0.9892
vn -0.8158 -0.0332 -0.5774
vn -0.5055 0.4964 -0.7057
vn -0.8018 -0.5964 0.0383
vn -0.5037 -0.3430 -0.7928
vn -0.6802 0.7123 -0.1733
vn -0.9705 -0.1989 -0.1364
vn -0.1106 0.1644 0.9802
vn -0.8158 -0.0332 0.5774
vn -0.4849 -0.5160 0.7061
vn -0.8310 0.5528 -0.0620
vn -0.5111 0.2869 0.8102
vn -0.6442 -0.7502 0.1490
vn -0.9834 0.1194 0.1363
vn 0.1729 -0.0969 -0.9802
vn 0.0332 -0.8158 -0.5774
vn -0.4749 -0.5252 -0.7061
vn 0.6185 -0.7834 0.0620
vn 0.3276 -0.4861 -0.8102
vn -0.6955 -0.7029 -0.1490
vn 0.1989 -0.9705 -0.1364
vn -0.1261 -0.0743 0.9892
vn 0.0331 -0.8158 0.5773
vn 0.5333 -0.4663 0.7058
vn -0.5294 -0.8475 -0.0383
vn -0.3009 -0.5299 0.7929
vn 0.7653 -0.6199 0.1733
vn -0.1194 -0.9834 0.1363
vn -0.0567 0.1889 -0.9804
vn 0.5415 0.6111 -0.5774
vn 0.7064 0.0494 -0.7061
vn 0.0981 0.9933 0.0618
vn 0.1011 0.5812 -0.8075
vn 0.9885 0.0247 -0.1490
vn 0.5292 0.8375 -0.1363
vn -0.1210 0.9776 0.1724
vn 0.5415 0.6111 0.5774
vn 0.6644 0.7473 -0.0118
vn 0.1433 -0.0330 0.9891
vn 0.0870 0.8142 0.5741
vn 0.9690 0.2440 -0.0383
vn 0.5842 0.1733 0.7929
vn 0.1384 0.0499 -0.9891
vn 0.6111 -0.5415 -0.5774
vn 0.0235 -0.7080 -0.7058
vn 0.9913 -0.1258 0.0383
vn 0.6009 -0.1019 -0.7928
vn -0.0024 -0.9850 -0.1725
vn 0.8374 -0.5293 -0.1363
vn -0.0336 -0.1943 0.9804
vn 0.6110 -0.5416 0.5774
vn 0.7072 0.0357 0.7061
vn 0.2169 -0.9743 -0.0614
vn 0.1700 -0.5636 0.8084
vn 0.9843 0.0943 0.1489
vn 0.6261 -0.7677 0.1364
vn -0.1384 -0.0498 -0.9891
vn -0.6111 0.5415 -0.5774
vn -0.0213 0.7082 -0.7057
vn -0.9913 0.1257 0.0383
vn -0.5999 0.1018 -0.7936
vn 0.0023 0.9850 -0.1725
vn -0.8374 0.5292 -0.1363
vn 0.0332 0.1942 0.9804
vn -0.6110 0.5415 0.5774
vn -0.7072 -0.0350 0.7061
vn -0.2169 0.9743 -0.0614
vn -0.1697 0.5619 0.8096
vn -0.9843 -0.0943 0.1490
vn -0.6261 0.7677 0.1363
vn 0.0563 -0.1889 -0.9804
vn -0.5415 -0.6111 -0.5774
vn -0.7063 -0.0502 -0.7061
vn -0.0981 -0.9933 0.0618
vn -0.1010 -0.5800 -0.8083
vn -0.9885 -0.0247 -0.1490
vn -0.5292 -0.8375 -0.1363
vn -0.1433 0.0328 0.9891
vn -0.5415 -0.6111 0.5774
vn 0.0618 -0.7057 0.7058
vn -0.9690 -0.2440 -0.0383
vn -0.5832 -0.1732 0.7936
vn 0.1210 -0.9776 0.1724
vn -0.7677 -0.6261 0.1364
vn 0.1107 0.1643 -0.9802
vn 0.8158 -0.0332 -0.5774
vn 0.4856 -0.5155 -0.7060
vn 0.8310 0.5528 0.0620
vn 0.5111 0.2870 -0.8102
vn 0.6441 -0.7503 -0.1490
vn 0.9834 0.1194 -0.1363
vn 0.6800 0.7124 0.1733
vn 0.8158 -0.0332 0.5774
vn 0.9990 -0.0422 -0.0118
vn 0.0639 -0.1317 0.9892
vn 0.6861 0.4478 0.5733
vn 0.8017 -0.5964 -0.0383
vn 0.5042 -0.3434 0.7924
vn 0.1261 -0.0742 -0.9892
vn -0.0331 -0.8158 -0.5774
vn -0.5333 -0.4663 -0.7058
vn 0.5294 -0.8475 0.0383
vn 0.3005 -0.5291 -0.7936
vn -0.7653 -0.6199 -0.1733
vn 0.1194 -0.9834 -0.1363
vn -0.1731 -0.0967 0.9802
vn -0.0331 -0.8158 0.5773
vn 0.4758 -0.5244 0.7061
vn -0.6184 -0.7834 -0.0620
vn -0.3287 -0.4875 0.8089
vn 0.6956 -0.7029 0.1489
vn -0.1989 -0.9705 0.1364
vn -0.1261 0.0742 -0.9892
vn 0.0332 0.8158 -0.5774
vn 0.5334 0.4663 -0.7057
vn -0.5294 0.8475 0.0383
vn -0.3011 0.5299 -0.7928
vn 0.7653 0.6199 -0.1733
vn -0.1194 0.9834 -0.1363
vn 0.1729 0.0969 0.9802
vn 0.0332 0.8158 0.5773
vn -0.4749 0.5252 0.7061
vn 0.6184 0.7834 -0.0620
vn 0.3275 0.4861 0.8102
vn -0.6955 0.7029 0.1490
vn 0.1989 0.9705 0.1364
vn -0.1107 -0.1643 -0.9802
vn -0.8158 0.0332 -0.5774
vn -0.4850 0.5160 -0.7060
vn -0.8310 -0.5528 0.0620
vn -0.5111 -0.2869 -0.8102
vn -0.6441 0.7503 -0.1490
vn -0.9834 -0.1194 -0.1363
vn -0.0641 0.1315 0.9892
vn -0.8158 0.0332 0.5774
vn -0.5070 -0.4948 0.7058
vn -0.8018 0.5964 -0.0383
vn -0.5037 0.3430 0.7928
vn -0.6800 -0.7124 0.1733
vn -0.9705 0.1989 0.1364
vn -0.0335 0.1943 -0.9804
vn 0.6110 0.5415 -0.5774
vn 0.7073 -0.0358 -0.7060
vn 0.2169 0.9742 0.0618
vn 0.1701 0.5648 -0.8075
vn 0.9843 -0.0945 -0.1490
vn 0.6261 0.7677 -0.1364
vn -0.0026 0.9850 0.1724
vn 0.6111 0.5415 0.5773
vn 0.7495 0.6620 -0.0119
vn 0.1384 -0.0499 0.9891
vn 0.1842 0.7978 0.5741
vn 0.9913 0.1258 -0.0383
vn 0.6009 0.1019 0.7928
vn 0.1434 0.0328 -0.9891
vn 0.5414 -0.6111 -0.5774
vn -0.0619 -0.7058 -0.7057
vn 0.9690 -0.2440 0.0383
vn 0.5842 -0.1733 -0.7929
vn -0.1210 -0.9776 -0.1724
vn 0.7677 -0.6261 -0.1364
vn -0.0567 -0.1888 0.9804
vn 0.5416 -0.6111 0.5773
vn 0.7064 -0.0494 0.7061
vn 0.0982 -0.9933 -0.0618
vn 0.1010 -0.5812 0.8075
vn 0.9885 -0.0247 0.1490
vn 0.5293 -0.8374 0.1363
vn -0.1433 -0.0327 -0.9891
vn -0.5414 0.6111 -0.5774
vn 0.0640 0.7056 -0.7057
vn -0.9690 0.2440 0.0383
vn -0.5848 0.1734 -0.7924
vn 0.1208 0.9776 -0.1724
vn -0.7677 0.6261 -0.1364
vn 0.0564 0.1888 0.9804
vn -0.5416 0.6111 0.5773
vn -0.7064 0.0494 0.7061
vn -0.0982 0.9933 -0.0614
vn -0.1009 0.5783 0.8096
vn -0.9885 0.0247 0.1490
vn -0.5293 0.8374 0.1363
vn 0.0336 -0.1943 -0.9804
vn -0.6110 -0.5415 -0.5774
vn -0.7072 0.0370 -0.7060
vn -0.2169 -0.9743 0.0613
vn -0.1699 -0.5636 -0.8083
vn -0.9843 0.0945 -0.1490
vn -0.6261 -0.7677 -0.1363
vn -0.1385 0.0496 0.9891
vn -0.6111 -0.5415 0.5773
vn -0.0214 -0.7081 0.7058
vn -0.9913 -0.1257 -0.0383
vn -0.6009 -0.1019 0.7928
vn 0.0023 -0.9850 0.1725
vn -0.8375 -0.5292 0.1363
vn 0.0429 -0.1388 -0.9894
vn -0.5773 -0.5774 -0.5774
vn -0.1379 -0.5936 -0.7929
vn 0.0275 -0.9870 0.1581
vn 0.0430 0.1388 0.9894
vn 0.1940 0.0475 -0.9799
vn 0.0068 -0.7081 -0.7061
vn 0.5723 -0.1357 -0.8088
vn 0.7081 0.0236 0.7057
vn 0.1378 -0.5936 0.7929
vn 0.9814 0.0561 0.1836
vn -0.0429 0.1388 -0.9894
vn 0.1940 -0.0475 0.9799
vn 0.9876 0.1477 -0.0538
vn 0.5723 0.1356 0.8087
vn -0.9870 0.0275 -0.1581
vn -0.5773 -0.5774 0.5773
vn -0.1356 -0.8094 0.5713
vn -0.1356 0.5713 0.8094
vn -0.9871 -0.0275 0.1580
vn -0.5857 0.7989 0.1371
vn 0.5773 -0.5774 0.5773
vn 0.1356 -0.5714 0.8094
vn 0.9871 0.0275 0.1580
vn 0.1355 0.5713 -0.8094
vn 0.5936 0.1379 0.7928
vn -0.5774 -0.5773 -0.5774
vn 0.0634 -0.9828 0.1737
vn -0.5774 -0.5773 0.5773
vn -0.7082 -0.7059 -0.0118
vn -0.1357 -0.8091 0.5717
vn -0.9819 -0.1852 -0.0383
vn -0.5936 -0.1379 0.7929
vn -0.9819 0.1852 0.0383
vn -0.5937 0.1378 -0.7928
vn -0.5774 0.5773 0.5773
vn -0.5787 0.8040 0.1363
vn 0.8040 -0.5787 -0.1363
vn 0.1357 -0.5717 0.8092
vn 0.5774 0.5773 -0.5774
vn 0.1564 0.9857 0.0623
vn -0.0205 0.7082 0.7058
vn -0.0634 0.9828 0.1737
vn 0.8040 0.5788 0.1364
vn 0.1934 0.0464 -0.9800
vn 0.9858 -0.1561 0.0625
vn 0.5697 -0.1355 -0.8106
vn 0.9827 0.0637 0.1740
vn 0.7059 -0.7082 -0.0118
vn -0.0427 -0.1394 0.9893
vn 0.8093 -0.1356 0.5716
vn 0.1852 -0.9819 -0.0383
vn 0.0431 -0.1393 -0.9893
vn -0.7082 0.0194 -0.7058
vn -0.5787 -0.8040 -0.1363
vn -0.1934 0.0466 0.9800
vn -0.0068 -0.7081 0.7061
vn -0.5697 -0.1354 0.8107
vn -0.0430 0.1393 -0.9893
vn 0.7082 -0.0194 -0.7057
vn 0.1378 0.5936 -0.7929
vn 0.5787 0.8040 -0.1364
vn 0.5716 0.1356 0.8093
vn -0.1934 -0.0466 -0.9800
vn -0.0067 0.7081 -0.7061
vn -0.5697 0.1354 -0.8106
vn -0.8040 0.5787 -0.1363
vn 0.0430 0.1392 0.9893
vn -0.7082 -0.0193 0.7057
vn -0.1378 0.5936 0.7929
vn -0.1105 -0.1646 -0.9802
vn -0.4841 0.5168 -0.7061
vn -0.5126 -0.2881 -0.8089
vn -0.6441 0.7503 -0.1489
vn -0.6800 -0.7125 0.1733
vn -0.9990 0.0423 -0.0118
vn -0.0640 0.1316 0.9892
vn -0.6867 -0.4485 0.5721
vn -0.8017 0.5964 -0.0383
vn -0.5030 0.3424 0.7936
vn -0.1261 0.0743 -0.9892
vn 0.0331 0.8158 -0.5774
vn 0.5344 0.4652 -0.7057
vn -0.3015 0.5304 -0.7923
vn 0.7651 0.6201 -0.1733
vn -0.1195 0.9834 -0.1364
vn 0.1730 0.0968 0.9802
vn 0.0331 0.8158 0.5774
vn -0.4744 0.5258 0.7061
vn 0.3287 0.4875 0.8089
vn 0.1259 -0.0746 -0.9892
vn -0.0332 -0.8158 -0.5774
vn -0.5343 -0.4652 -0.7058
vn 0.3010 -0.5299 -0.7928
vn 0.1195 -0.9834 -0.1363
vn -0.1731 -0.0967 0.9801
vn -0.0331 -0.8158 0.5774
vn 0.4758 -0.5245 0.7061
vn -0.1989 -0.9705 0.1363
vn 0.1106 0.1644 -0.9802
vn 0.4850 -0.5160 -0.7061
vn 0.8310 0.5528 0.0624
vn 0.5125 0.2881 -0.8089
vn 0.6442 -0.7503 -0.1490
vn 0.0640 -0.1315 0.9892
vn 0.5071 0.4948 0.7058
vn 0.9705 -0.1989 0.1363
vn 0.0334 -0.1943 -0.9804
vn -0.7073 0.0351 -0.7060
vn -0.2169 -0.9743 0.0614
vn -0.1699 -0.5637 -0.8083
vn -0.9843 0.0944 -0.1490
vn 0.0026 -0.9850 0.1724
vn -0.7494 -0.6620 -0.0118
vn -0.1384 0.0496 0.9891
vn -0.1842 -0.7987 0.5729
vn -0.6008 -0.1018 0.7929
vn -0.1433 -0.0331 -0.9891
vn -0.5415 0.6111 -0.5774
vn 0.0603 0.7059 -0.7058
vn -0.5833 0.1732 -0.7936
vn 0.1210 0.9776 -0.1724
vn -0.7677 0.6261 -0.1363
vn 0.0568 0.1888 0.9804
vn -0.5415 0.6111 0.5774
vn -0.7064 0.0495 0.7061
vn -0.0982 0.9933 -0.0618
vn -0.1010 0.5812 0.8075
vn -0.5293 0.8374 0.1364
vn 0.1434 0.0327 -0.9891
vn 0.5415 -0.6111 -0.5774
vn -0.0618 -0.7058 -0.7058
vn 0.7677 -0.6261 -0.1363
vn -0.0568 -0.1888 0.9804
vn 0.5415 -0.6111 0.5774
vn 0.7065 -0.0483 0.7061
vn 0.0982 -0.9933 -0.0614
vn 0.1010 -0.5800 0.8083
vn 0.9885 -0.0246 0.1489
vn -0.0333 0.1943 -0.9804
vn 0.7073 -0.0359 -0.7060
vn 0.2169 0.9743 0.0614
vn 0.1696 0.5620 -0.8096
vn 0.9843 -0.0943 -0.1490
vn 0.6261 0.7677 -0.1363
vn 0.1384 -0.0496 0.9891
vn 0.0214 0.7081 0.7057
vn 0.6015 0.1019 0.7924
vn -0.0023 0.9850 0.1724
vn 0.8374 0.5293 0.1363
vn 0.1730 -0.0968 -0.9801
vn 0.0331 -0.8158 -0.5774
vn -0.4744 -0.5258 -0.7060
vn 0.6184 -0.7834 0.0620
vn 0.3288 -0.4875 -0.8089
vn 0.1989 -0.9705 -0.1363
vn 0.0390 -0.9992 -0.0119
vn 0.5021 -0.6475 0.5733
vn -0.3010 -0.5299 0.7929
vn -0.0640 -0.1316 -0.9892
vn -0.5070 0.4948 -0.7058
vn -0.5030 -0.3424 -0.7936
vn -0.6800 0.7125 -0.1733
vn -0.9705 -0.1989 -0.1363
vn -0.1105 0.1646 0.9801
vn -0.4850 -0.5160 0.7061
vn -0.8310 0.5528 -0.0624
vn -0.5135 0.2887 0.8081
vn -0.6442 -0.7503 0.1489
vn 0.0641 0.1315 -0.9892
vn 0.5069 -0.4948 -0.7058
vn 0.5038 0.3430 -0.7928
vn 0.1106 -0.1644 0.9802
vn 0.4850 0.5159 0.7061
vn 0.5111 -0.2869 0.8102
vn -0.1731 0.0967 -0.9801
vn -0.0332 0.8158 -0.5774
vn 0.4750 0.5252 -0.7061
vn -0.6184 0.7834 0.0620
vn -0.3288 0.4874 -0.8089
vn 0.6955 0.7029 -0.1490
vn -0.1989 0.9705 -0.1363
vn 0.1259 0.0745 0.9892
vn -0.0332 0.8158 0.5774
vn -0.5358 0.4636 0.7057
vn 0.3009 0.5299 0.7929
vn -0.7651 0.6202 0.1733
vn 0.1195 0.9834 0.1363
vn 0.0565 -0.1889 -0.9804
vn -0.5414 -0.6111 -0.5774
vn -0.7064 -0.0495 -0.7061
vn -0.0982 -0.9933 0.0613
vn -0.1008 -0.5783 -0.8096
vn -0.5292 -0.8374 -0.1364
vn -0.5415 -0.6111 0.5773
vn -0.6644 -0.7473 -0.0118
vn -0.1434 0.0328 0.9891
vn -0.0868 -0.8150 0.5729
vn -0.5833 -0.1733 0.7936
vn -0.1384 -0.0499 -0.9891
vn -0.0249 0.7080 -0.7058
vn -0.6009 0.1018 -0.7928
vn 0.0026 0.9850 -0.1724
vn -0.8374 0.5293 -0.1363
vn 0.0335 0.1943 0.9804
vn -0.6111 0.5415 0.5773
vn -0.7073 -0.0350 0.7060
vn -0.1699 0.5636 0.8084
vn -0.9843 -0.0944 0.1490
vn -0.6262 0.7677 0.1363
vn 0.0249 -0.7080 -0.7058
vn 0.9913 -0.1257 0.0383
vn 0.6009 -0.1018 -0.7928
vn -0.0026 -0.9850 -0.1724
vn 0.6111 -0.5415 0.5773
vn 0.7073 0.0358 0.7060
vn 0.6261 -0.7677 0.1363
vn -0.0565 0.1889 -0.9804
vn 0.5414 0.6111 -0.5774
vn 0.0982 0.9933 0.0614
vn 0.1008 0.5783 -0.8096
vn 0.5292 0.8375 -0.1364
vn 0.1434 -0.0326 0.9891
vn 0.5415 0.6111 0.5773
vn -0.0618 0.7057 0.7058
vn 0.5842 0.1734 0.7928
vn 0.7677 0.6261 0.1363
vt 0.155000 0.748342
vt 0.137679 0.750000
vt 0.125000 0.748342
vt 0.396095 0.970000
vt 0.383916 1.000000
vt 0.375000 0.970000
vt 0.396096 0.001658
vt 0.375000 0.000701
vt 0.396095 0.000000
vt 0.603905 0.970000
vt 0.625000 0.987321
vt 0.603904 1.000000
vt 0.845000 0.748342
vt 0.875000 0.749299
vt 0.845000 0.750000
vt 0.603905 0.001658
vt 0.616084 0.000000
vt 0.625000 0.001658
vt 0.155000 0.501658
vt 0.125000 0.500701
vt 0.155000 0.500000
vt 0.396095 0.248342
vt 0.379458 0.256340
vt 0.375000 0.248342
vt 0.396095 0.280000
vt 0.396095 0.250000
vt 0.845000 0.501658
vt 0.862321 0.500000
vt 0.875000 0.501658
vt 0.603905 0.280000
vt 0.620542 0.249650
vt 0.625000 0.280000
vt 0.603905 0.248342
vt 0.603904 0.250000
vt 0.345000 0.748342
vt 0.377972 0.753993
vt 0.360000 0.765000
vt 0.396095 0.748342
vt 0.375000 0.748342
vt 0.396095 0.780000
vt 0.396095 0.750000
vt 0.655000 0.748342
vt 0.626255 0.749766
vt 0.625000 0.748342
vt 0.603905 0.780000
vt 0.640000 0.765000
vt 0.603905 0.748342
vt 0.603904 0.750000
vt 0.345000 0.501658
vt 0.373745 0.500234
vt 0.375000 0.501658
vt 0.396095 0.470000
vt 0.360000 0.485000
vt 0.396095 0.501658
vt 0.396095 0.500000
vt 0.655000 0.501658
vt 0.622028 0.496007
vt 0.640000 0.485000
vt 0.603905 0.501658
vt 0.625000 0.501658
vt 0.603905 0.470000
vt 0.603904 0.500000
vt 0.125000 0.501658
vt 0.375000 0.001658
vt 0.396095 1.000000
vt 0.603904 0.000000
vt 0.875000 0.748342
vt 0.625000 0.248342
vt 0.375000 0.280000
vt 0.845000 0.500000
vt 0.155000 0.750000
vt 0.625000 0.970000
vt 0.127046 0.720000
vt 0.125865 0.750000
vt 0.125000 0.720000
vt 0.396095 0.997954
vt 0.375000 0.997954
vt 0.396095 0.030000
vt 0.375000 0.012679
vt 0.396095 0.000000
vt 0.603905 0.997954
vt 0.625000 0.999135
vt 0.603904 1.000000
vt 0.872954 0.720000
vt 0.875000 0.737321
vt 0.872954 0.750000
vt 0.603905 0.030000
vt 0.625000 0.030000
vt 0.127046 0.530000
vt 0.125000 0.512679
vt 0.127046 0.500000
vt 0.396095 0.220000
vt 0.379458 0.250432
vt 0.375000 0.220000
vt 0.396095 0.252046
vt 0.396095 0.250000
vt 0.872954 0.530000
vt 0.874135 0.500000
vt 0.875000 0.530000
vt 0.603904 0.252046
vt 0.620542 0.243660
vt 0.625000 0.252046
vt 0.603905 0.220000
vt 0.603904 0.250000
vt 0.372954 0.720000
vt 0.377972 0.746062
vt 0.373977 0.751023
vt 0.396095 0.720000
vt 0.375000 0.720000
vt 0.396095 0.752046
vt 0.396095 0.750000
vt 0.627046 0.720000
vt 0.622316 0.745773
vt 0.625000 0.720000
vt 0.603905 0.752046
vt 0.626023 0.751023
vt 0.603905 0.720000
vt 0.603904 0.750000
vt 0.372954 0.530000
vt 0.377684 0.504226
vt 0.375000 0.530000
vt 0.396095 0.497954
vt 0.373977 0.498977
vt 0.396096 0.530000
vt 0.396095 0.500000
vt 0.627046 0.530000
vt 0.622028 0.503938
vt 0.626023 0.498977
vt 0.603905 0.530000
vt 0.625000 0.530000
vt 0.603904 0.497954
vt 0.603904 0.500000
vt 0.125000 0.530000
vt 0.375000 0.030000
vt 0.396095 1.000000
vt 0.875000 0.720000
vt 0.625000 0.220000
vt 0.375000 0.252046
vt 0.872954 0.500000
vt 0.127046 0.750000
vt 0.625000 0.997954
vt 0.127624 0.720000
vt 0.126109 0.750000
vt 0.125000 0.720000
vt 0.387426 0.997376
vt 0.380252 1.000000
vt 0.375000 0.997376
vt 0.387426 0.030000
vt 0.375000 0.012679
vt 0.387426 0.000000
vt 0.612574 0.997376
vt 0.625000 0.998891
vt 0.612574 1.000000
vt 0.872376 0.720000
vt 0.875000 0.737320
vt 0.872376 0.750000
vt 0.612574 0.030000
vt 0.619748 0.000000
vt 0.625000 0.030000
vt 0.127624 0.530000
vt 0.127624 0.500000
vt 0.387426 0.220000
vt 0.377626 0.250554
vt 0.375000 0.220000
vt 0.387426 0.252624
vt 0.387426 0.250000
vt 0.872376 0.530000
vt 0.873891 0.500000
vt 0.875000 0.530000
vt 0.612574 0.252624
vt 0.622374 0.243660
vt 0.625000 0.252624
vt 0.612574 0.220000
vt 0.612574 0.250000
vt 0.372376 0.720000
vt 0.376751 0.746143
vt 0.373688 0.751312
vt 0.387426 0.720000
vt 0.375000 0.720000
vt 0.387426 0.752624
vt 0.387426 0.750000
vt 0.627624 0.720000
vt 0.623619 0.745773
vt 0.625000 0.720000
vt 0.612574 0.752624
vt 0.626312 0.751312
vt 0.612574 0.720000
vt 0.612574 0.750000
vt 0.372376 0.530000
vt 0.376381 0.504226
vt 0.387426 0.497376
vt 0.373688 0.498688
vt 0.387426 0.530000
vt 0.387426 0.500000
vt 0.627624 0.530000
vt 0.623249 0.503857
vt 0.626312 0.498688
vt 0.612574 0.530000
vt 0.625000 0.530000
vt 0.612574 0.497376
vt 0.612574 0.500000
vt 0.375000 0.030000
vt 0.387426 1.000000
vt 0.612574 0.000000
vt 0.625000 0.220000
vt 0.375000 0.252624
vt 0.872376 0.500000
vt 0.127624 0.750000
vt 0.625000 0.997376
vt 0.127290 0.720000
vt 0.125968 0.750000
vt 0.387426 0.997710
vt 0.375000 0.997710
vt 0.387426 0.030000
vt 0.612574 0.997710
vt 0.625000 0.999032
vt 0.612574 1.000000
vt 0.872710 0.720000
vt 0.872710 0.750000
vt 0.612574 0.030000
vt 0.625000 0.030000
vt 0.127290 0.530000
vt 0.127290 0.500000
vt 0.377626 0.250484
vt 0.375000 0.220000
vt 0.387426 0.252290
vt 0.872710 0.530000
vt 0.874032 0.500000
vt 0.612574 0.252290
vt 0.622374 0.243660
vt 0.625000 0.252290
vt 0.372710 0.720000
vt 0.376751 0.746096
vt 0.373855 0.751145
vt 0.387426 0.720000
vt 0.387426 0.752290
vt 0.627290 0.720000
vt 0.623572 0.745773
vt 0.625000 0.720000
vt 0.612574 0.752290
vt 0.626145 0.751145
vt 0.612574 0.720000
vt 0.612574 0.750000
vt 0.372710 0.530000
vt 0.376428 0.504226
vt 0.375000 0.530000
vt 0.387426 0.497710
vt 0.373855 0.498855
vt 0.387426 0.500000
vt 0.627290 0.530000
vt 0.623249 0.503904
vt 0.626145 0.498855
vt 0.625000 0.530000
vt 0.612574 0.497710
vt 0.612574 0.500000
vt 0.375000 0.030000
vt 0.875000 0.720000
vt 0.625000 0.220000
vt 0.375000 0.252290
vt 0.872710 0.500000
vt 0.127290 0.750000
vt 0.625000 0.997710
vt 0.128155 0.720000
vt 0.126334 0.750000
vt 0.387426 0.996845
vt 0.375000 0.996845
vt 0.387426 0.000000
vt 0.612574 0.996845
vt 0.625000 0.998666
vt 0.612574 1.000000
vt 0.871845 0.720000
vt 0.871845 0.750000
vt 0.128155 0.530000
vt 0.128155 0.500000
vt 0.387426 0.220000
vt 0.377626 0.250667
vt 0.375000 0.220000
vt 0.387426 0.253155
vt 0.871845 0.530000
vt 0.873666 0.500000
vt 0.612574 0.253155
vt 0.622374 0.243660
vt 0.625000 0.253155
vt 0.612574 0.250000
vt 0.371845 0.720000
vt 0.376751 0.746218
vt 0.373422 0.751577
vt 0.387426 0.720000
vt 0.375000 0.720000
vt 0.387426 0.753155
vt 0.387426 0.750000
vt 0.628155 0.720000
vt 0.623694 0.745774
vt 0.625000 0.720000
vt 0.612574 0.753155
vt 0.626578 0.751578
vt 0.612574 0.720000
vt 0.612574 0.750000
vt 0.371845 0.530000
vt 0.376306 0.504226
vt 0.375000 0.530000
vt 0.387426 0.496845
vt 0.373422 0.498422
vt 0.387426 0.500000
vt 0.628155 0.530000
vt 0.623249 0.503782
vt 0.626578 0.498422
vt 0.612574 0.530000
vt 0.625000 0.530000
vt 0.612574 0.496845
vt 0.387426 1.000000
vt 0.375000 0.253155
vt 0.871845 0.500000
vt 0.128155 0.750000
vt 0.625000 0.996845
vt 0.129294 0.720000
vt 0.126815 0.750000
vt 0.387426 0.995706
vt 0.375000 0.995706
vt 0.387426 0.030000
vt 0.612574 0.995706
vt 0.625000 0.998185
vt 0.870706 0.720000
vt 0.870706 0.750000
vt 0.612574 0.030000
vt 0.129294 0.530000
vt 0.129294 0.500000
vt 0.377626 0.250907
vt 0.387426 0.254294
vt 0.387426 0.250000
vt 0.870706 0.530000
vt 0.873185 0.500000
vt 0.612574 0.254294
vt 0.622374 0.243660
vt 0.625000 0.254294
vt 0.370706 0.720000
vt 0.376751 0.746378
vt 0.372853 0.752147
vt 0.387426 0.720000
vt 0.387426 0.754294
vt 0.387426 0.750000
vt 0.629294 0.720000
vt 0.623854 0.745773
vt 0.625000 0.720000
vt 0.612574 0.754294
vt 0.627147 0.752147
vt 0.370706 0.530000
vt 0.376146 0.504227
vt 0.387426 0.495706
vt 0.372853 0.497853
vt 0.387426 0.530000
vt 0.387426 0.500000
vt 0.629294 0.530000
vt 0.623249 0.503622
vt 0.627147 0.497853
vt 0.612574 0.495706
vt 0.375000 0.030000
vt 0.625000 0.220000
vt 0.870706 0.500000
vt 0.129294 0.750000
vt 0.625000 0.995706
vt 0.128155 0.720000
vt 0.871845 0.720000
vt 0.128155 0.530000
vt 0.387426 0.253155
vt 0.387426 0.250000
vt 0.371845 0.720000
vt 0.387426 0.753155
vt 0.387426 0.750000
vt 0.628155 0.720000
vt 0.625000 0.720000
vt 0.612574 0.753155
vt 0.626577 0.751577
vt 0.623249 0.503782
vt 0.626577 0.498422
vt 0.387426 0.030000
vt 0.870706 0.530000
vt 0.387426 0.754294
vt 0.629294 0.720000
vt 0.627147 0.752147
vt 0.370706 0.530000
vt 0.629294 0.530000
vt 0.623249 0.503622
vt 0.627147 0.497853
vt 0.375000 0.254294
vt 0.396096 0.001658
vt 0.155000 0.501658
vt 0.396095 0.748342
vt 0.625000 0.748342
vt 0.603905 0.748342
vt 0.655000 0.501658
vt 0.640000 0.485000
vt 0.396096 0.030000
vt 0.603904 0.997954
vt 0.603905 0.030000
vt 0.603905 0.252046
vt 0.603905 0.220000
vt 0.372954 0.720000
vt 0.396095 0.720000
vt 0.396095 0.752046
vt 0.626023 0.751023
vt 0.372954 0.530000
vt 0.396095 0.500000
vt 0.622028 0.503938
vt 0.626023 0.498977
vt 0.603905 0.530000
vt 0.127624 0.720000
vt 0.387426 0.997376
vt 0.612574 0.997376
vt 0.872376 0.720000
vt 0.127624 0.530000
vt 0.872376 0.530000
vt 0.612574 0.252624
vt 0.372376 0.720000
vt 0.387426 0.752624
vt 0.623619 0.745773
vt 0.612574 0.752624
vt 0.626312 0.751312
vt 0.372376 0.530000
vt 0.387426 0.497376
vt 0.627624 0.530000
vt 0.626312 0.498688
vt 0.127290 0.530000
vt 0.387426 0.252290
vt 0.612574 0.252290
vt 0.387426 0.752290
vt 0.612574 0.752290
vt 0.612574 0.497710
vt 0.128155 0.530000
vt 0.387426 0.250000
vt 0.129294 0.720000
vt 0.387426 0.254294
vt 0.870706 0.530000
vt 0.612574 0.254294
vt 0.629294 0.720000
vt 0.612574 0.253155
vt 0.626577 0.498422
vt 0.129294 0.720000
vt 0.870706 0.720000
vt 0.129294 0.530000
vt 0.629294 0.720000
vt 0.629294 0.530000
s 1
usemtl grate_rear_left_cast_iron
f 1/1/1 5/2/2 7/3/3
f 2/4/4 5/5/2 4/6/5
f 3/7/6 5/8/2 6/9/7
f 8/10/8 12/11/9 14/12/10
f 9/13/11 12/14/9 11/15/12
f 10/16/13 12/17/9 13/18/14
f 15/19/15 19/20/16 21/21/17
f 16/22/18 19/23/16 18/24/19
f 17/25/20 19/23/16 20/26/21
f 22/27/22 26/28/23 28/29/24
f 23/30/25 26/31/23 25/32/26
f 24/33/27 26/31/23 27/34/28
f 29/35/29 33/36/30 35/37/31
f 30/38/32 33/36/30 32/39/33
f 31/40/34 33/36/30 34/41/35
f 36/42/36 40/43/37 42/44/38
f 37/45/39 40/43/37 39/46/40
f 38/47/41 40/43/37 41/48/42
f 43/49/43 47/50/44 49/51/45
f 44/52/46 47/50/44 46/53/47
f 45/54/48 47/50/44 48/55/49
f 50/56/50 54/57/51 56/58/52
f 51/59/53 54/57/51 53/60/54
f 52/61/55 54/57/51 55/62/56
f 1/1/1 18/63/19 15/19/15
f 7/64/3 16/22/18 18/24/19
f 8/10/8 6/65/7 2/4/4
f 14/66/10 3/7/6 6/9/7
f 22/27/22 13/67/14 9/13/11
f 28/68/24 10/16/13 13/18/14
f 17/25/20 27/34/28 23/30/25
f 20/26/21 24/33/27 27/34/28
f 15/19/15 46/53/47 43/49/43
f 21/69/17 44/52/46 46/53/47
f 22/27/22 56/58/52 25/70/26
f 56/58/52 23/30/25 25/32/26
f 45/54/48 55/62/56 51/59/53
f 48/55/49 52/61/55 55/62/56
f 43/49/43 32/39/33 29/35/29
f 32/39/33 45/54/48 30/38/32
f 36/42/36 53/60/54 50/56/50
f 42/44/38 51/59/53 53/60/54
f 31/40/34 41/48/42 37/45/39
f 34/41/35 38/47/41 41/48/42
f 1/1/1 35/37/31 4/71/5
f 35/37/31 2/4/4 4/6/5
f 9/13/11 39/46/40 36/42/36
f 11/72/12 37/45/39 39/46/40
f 43/49/43 1/1/1 15/19/15
f 10/16/13 16/22/18 3/7/6
f 37/45/39 2/4/4 31/40/34
f 22/27/22 36/42/36 50/56/50
f 23/30/25 44/52/46 17/25/20
f 51/59/53 30/38/32 45/54/48
f 57/73/57 61/74/2 63/75/58
f 58/76/59 61/5/2 60/77/60
f 59/78/61 61/79/2 62/80/62
f 64/81/63 68/82/9 70/83/10
f 65/84/64 68/85/9 67/86/65
f 66/87/66 68/17/9 69/88/67
f 71/89/68 75/90/16 77/91/69
f 72/92/70 75/93/16 74/94/71
f 73/95/72 75/93/16 76/96/21
f 78/97/73 82/98/74 84/99/75
f 79/100/76 82/101/74 81/102/77
f 80/103/78 82/101/74 83/104/28
f 85/105/79 89/106/30 91/107/80
f 86/108/81 89/106/30 88/109/82
f 87/110/83 89/106/30 90/111/35
f 92/112/84 96/113/85 98/114/86
f 93/115/87 96/113/85 95/116/88
f 94/117/89 96/113/85 97/118/42
f 99/119/90 103/120/44 105/121/91
f 100/122/92 103/120/44 102/123/93
f 101/124/94 103/120/44 104/125/49
f 106/126/95 110/127/96 112/128/97
f 107/129/98 110/127/96 109/130/99
f 108/131/100 110/127/96 111/132/56
f 57/73/57 74/133/71 71/89/68
f 63/134/58 72/92/70 74/94/71
f 64/81/63 62/135/62 58/76/59
f 70/66/10 59/78/61 62/80/62
f 78/97/73 69/136/67 65/84/64
f 84/137/75 66/87/66 69/88/67
f 73/95/72 83/104/28 79/100/76
f 76/96/21 80/103/78 83/104/28
f 71/89/68 102/123/93 99/119/90
f 77/138/69 100/122/92 102/123/93
f 106/126/95 81/139/77 78/97/73
f 112/128/97 79/100/76 81/102/77
f 101/124/94 111/132/56 107/129/98
f 104/125/49 108/131/100 111/132/56
f 99/119/90 88/109/82 85/105/79
f 105/121/91 86/108/81 88/109/82
f 92/112/84 109/130/99 106/126/95
f 98/114/86 107/129/98 109/130/99
f 87/110/83 97/118/42 93/115/87
f 90/111/35 94/117/89 97/118/42
f 85/105/79 60/140/60 57/73/57
f 91/107/80 58/76/59 60/77/60
f 65/84/64 95/116/88 92/112/84
f 67/141/65 93/115/87 95/116/88
f 99/119/90 57/73/57 71/89/68
f 66/87/66 72/92/70 59/78/61
f 93/115/87 58/76/59 87/110/83
f 78/97/73 92/112/84 106/126/95
f 79/100/76 100/122/92 73/95/72
f 107/129/98 86/108/81 101/124/94
f 113/142/101 117/143/44 119/144/91
f 114/145/102 117/146/44 116/147/103
f 115/148/104 117/149/44 118/150/105
f 120/151/106 124/152/107 126/153/108
f 121/154/109 124/155/107 123/156/110
f 122/157/111 124/158/107 125/159/112
f 127/160/113 131/90/114 133/161/115
f 128/162/116 131/163/114 130/164/117
f 129/165/118 131/163/114 132/166/119
f 134/167/120 138/168/85 140/169/86
f 135/170/121 138/171/85 137/172/122
f 136/173/123 138/171/85 139/174/124
f 141/175/125 145/176/126 147/177/127
f 142/178/128 145/176/126 144/179/129
f 143/180/130 145/176/126 146/181/131
f 148/182/132 152/183/23 154/184/75
f 149/185/133 152/183/23 151/186/134
f 150/187/135 152/183/23 153/188/136
f 155/189/137 159/190/2 161/121/58
f 156/191/138 159/190/2 158/192/139
f 157/193/140 159/190/2 160/194/141
f 162/195/142 166/196/143 168/197/144
f 163/198/145 166/196/143 165/199/146
f 164/200/147 166/196/143 167/201/148
f 113/142/101 130/133/117 127/160/113
f 119/202/91 128/162/116 130/164/117
f 120/151/106 118/203/105 114/145/102
f 126/204/108 115/148/104 118/150/105
f 134/167/120 125/136/112 121/154/109
f 140/205/86 122/157/111 125/159/112
f 129/165/118 139/174/124 135/170/121
f 132/166/119 136/173/123 139/174/124
f 127/160/113 158/192/139 155/189/137
f 133/206/115 156/191/138 158/192/139
f 162/195/142 137/207/122 134/167/120
f 168/197/144 135/170/121 137/172/122
f 157/193/140 167/201/148 163/198/145
f 160/194/141 164/200/147 167/201/148
f 155/189/137 144/179/129 141/175/125
f 161/121/58 142/178/128 144/179/129
f 148/182/132 165/199/146 162/195/142
f 154/184/75 163/198/145 165/199/146
f 143/180/130 153/188/136 149/185/133
f 146/181/131 150/187/135 153/188/136
f 141/175/125 116/208/103 113/142/101
f 147/177/127 114/145/102 116/147/103
f 121/154/109 151/186/134 148/182/132
f 123/209/110 149/185/133 151/186/134
f 155/189/137 113/142/101 127/160/113
f 122/157/111 128/162/116 115/148/104
f 149/185/133 114/145/102 143/180/130
f 134/167/120 148/182/132 162/195/142
f 135/170/121 156/191/138 129/165/118
f 163/198/145 142/178/128 157/193/140
f 169/210/149 173/211/150 175/75/17
f 170/212/151 173/146/150 172/213/152
f 171/214/153 173/149/150 174/150/154
f 176/215/155 180/216/156 182/217/157
f 177/218/158 180/155/156 179/219/159
f 178/220/160 180/158/156 181/221/161
f 183/222/162 187/90/44 189/223/163
f 184/162/164 187/224/44 186/225/165
f 185/226/166 187/224/44 188/166/167
f 190/227/168 194/228/169 196/169/170
f 191/229/171 194/230/169 193/231/172
f 192/173/173 194/230/169 195/174/174
f 197/232/175 201/233/2 203/234/176
f 198/235/177 201/233/2 200/179/178
f 199/236/179 201/233/2 202/181/180
f 204/237/181 208/238/182 210/239/183
f 205/240/184 208/238/182 207/241/185
f 206/242/186 208/238/182 209/243/187
f 211/244/188 215/245/30 217/246/189
f 212/247/190 215/245/30 214/248/191
f 213/193/192 215/245/30 216/249/193
f 218/250/194 222/251/195 224/252/196
f 219/198/197 222/251/195 221/253/198
f 220/254/199 222/251/195 223/255/200
f 169/210/149 186/133/165 183/222/162
f 175/256/17 184/162/164 186/225/165
f 176/215/155 174/203/154 170/212/151
f 182/204/157 171/214/153 174/150/154
f 190/227/168 181/257/161 177/218/158
f 196/258/170 178/220/160 181/221/161
f 185/226/166 195/174/174 191/229/171
f 188/166/167 192/173/173 195/174/174
f 183/222/162 214/248/191 211/244/188
f 189/259/163 212/247/190 214/248/191
f 218/250/194 193/260/172 190/227/168
f 224/252/196 191/229/171 193/231/172
f 213/193/192 223/255/200 219/198/197
f 223/255/200 212/247/190 220/254/199
f 197/232/175 217/246/189 200/179/178
f 217/246/189 198/235/177 200/179/178
f 218/250/194 210/239/183 221/253/198
f 210/239/183 219/198/197 221/253/198
f 199/236/179 209/243/187 205/240/184
f 202/181/180 206/242/186 209/243/187
f 197/232/175 172/261/152 169/210/149
f 203/234/176 170/212/151 172/213/152
f 177/218/158 207/241/185 204/237/181
f 179/262/159 205/240/184 207/241/185
f 211/244/188 169/210/149 183/222/162
f 178/220/160 184/162/164 171/214/153
f 205/240/184 170/212/151 199/236/179
f 190/227/168 204/237/181 218/250/194
f 191/229/171 212/247/190 185/226/166
f 219/198/197 198/235/177 213/193/192
f 225/263/201 229/264/202 231/75/203
f 226/265/204 229/146/202 228/266/205
f 227/148/206 229/149/202 230/267/207
f 232/268/208 236/269/209 238/270/210
f 233/271/211 236/155/209 235/272/212
f 234/157/213 236/158/209 237/221/214
f 239/273/215 243/90/216 245/274/217
f 240/275/218 243/276/216 242/277/219
f 241/278/220 243/276/216 244/166/221
f 246/279/222 250/280/223 252/169/224
f 247/281/225 250/282/223 249/283/226
f 248/173/227 250/282/223 251/284/228
f 253/285/229 257/286/230 259/287/231
f 254/288/232 257/286/230 256/289/233
f 255/290/234 257/286/230 258/291/235
f 260/292/236 264/293/237 266/294/238
f 261/295/239 264/293/237 263/296/240
f 262/297/241 264/293/237 265/298/242
f 267/299/243 271/300/244 273/301/245
f 268/302/246 271/300/244 270/303/247
f 269/193/248 271/300/244 272/304/249
f 274/305/250 278/306/251 280/307/252
f 275/308/253 278/306/251 277/309/254
f 276/310/255 278/306/251 279/255/256
f 239/273/215 231/75/203 242/133/219
f 242/277/219 227/148/206 240/275/218
f 232/268/208 230/311/207 226/265/204
f 238/204/210 227/148/206 230/267/207
f 233/271/211 252/169/224 237/136/214
f 252/137/224 234/157/213 237/221/214
f 241/278/220 251/284/228 247/281/225
f 244/166/221 248/173/227 251/284/228
f 267/299/243 245/274/217 270/303/247
f 245/312/217 268/302/246 270/303/247
f 246/279/222 280/307/252 249/313/226
f 280/307/252 247/281/225 249/283/226
f 269/193/248 279/255/256 275/308/253
f 272/304/249 276/310/255 279/255/256
f 267/299/243 256/289/233 253/285/229
f 273/301/245 254/288/232 256/289/233
f 260/292/236 277/309/254 274/305/250
f 266/294/238 275/308/253 277/309/254
f 255/290/234 265/298/242 261/295/239
f 258/291/235 262/297/241 265/298/242
f 253/285/229 228/314/205 225/263/201
f 228/266/205 255/290/234 226/265/204
f 260/292/236 235/272/212 263/296/240
f 235/315/212 261/295/239 263/296/240
f 239/273/215 253/285/229 225/263/201
f 234/157/213 240/275/218 227/148/206
f 261/295/239 226/265/204 255/290/234
f 246/279/222 260/292/236 274/305/250
f 247/281/225 268/302/246 241/278/220
f 275/308/253 254/288/232 269/193/248
f 281/316/257 285/317/258 287/144/259
f 282/318/260 285/146/258 284/319/261
f 283/320/262 285/149/258 286/267/263
f 288/321/264 292/322/265 294/217/266
f 289/323/267 292/155/265 291/324/268
f 290/325/269 292/158/265 293/159/270
f 295/326/271 299/90/272 301/327/273
f 296/275/274 299/328/272 298/164/275
f 297/329/276 299/328/272 300/330/277
f 302/331/278 306/332/279 308/169/280
f 303/333/281 306/334/279 305/335/282
f 304/173/283 306/334/279 307/174/284
f 309/336/285 313/337/286 315/338/287
f 310/339/288 313/337/286 312/179/289
f 311/340/290 313/337/286 314/341/291
f 316/342/292 320/343/293 322/344/294
f 317/345/295 320/343/293 319/346/296
f 318/187/297 320/343/293 321/243/298
f 323/347/299 327/348/300 329/246/301
f 324/349/302 327/348/300 326/350/303
f 325/351/304 327/348/300 328/352/305
f 330/353/306 334/354/307 336/355/308
f 331/198/309 334/354/307 333/130/310
f 332/356/311 334/354/307 335/201/312
f 281/316/257 298/133/275 295/326/271
f 287/357/259 296/275/274 298/164/275
f 288/321/264 286/311/263 282/318/260
f 294/204/266 283/320/262 286/267/263
f 302/331/278 293/136/270 289/323/267
f 308/358/280 290/325/269 293/159/270
f 297/329/276 307/174/284 303/333/281
f 300/330/277 304/173/283 307/174/284
f 323/347/299 301/327/273 326/350/303
f 326/350/303 297/329/276 324/349/302
f 330/353/306 305/359/282 302/331/278
f 336/355/308 303/333/281 305/335/282
f 325/351/304 335/201/312 331/198/309
f 328/352/305 332/356/311 335/201/312
f 309/336/285 329/246/301 312/179/289
f 329/246/301 310/339/288 312/179/289
f 330/353/306 322/344/294 333/130/310
f 322/344/294 331/198/309 333/130/310
f 311/340/290 321/243/298 317/345/295
f 314/341/291 318/187/297 321/243/298
f 309/336/285 284/360/261 281/316/257
f 284/319/261 311/340/290 282/318/260
f 316/342/292 291/324/268 319/346/296
f 291/361/268 317/345/295 319/346/296
f 323/347/299 281/316/257 295/326/271
f 290/325/269 296/275/274 283/320/262
f 317/345/295 282/318/260 311/340/290
f 330/353/306 289/323/267 316/342/292
f 303/333/281 324/349/302 297/329/276
f 331/198/309 310/339/288 325/351/304
f 337/362/313 341/264/314 343/75/315
f 338/265/316 341/146/314 340/266/317
f 339/148/318 341/149/314 342/267/319
f 344/268/320 348/269/321 350/270/322
f 345/363/323 348/155/321 347/272/324
f 346/157/325 348/158/321 349/221/326
f 351/364/327 355/90/328 357/274/329
f 352/275/330 355/276/328 354/277/331
f 353/365/332 355/276/328 356/366/333
f 358/279/334 362/280/335 364/169/336
f 359/281/337 362/282/335 361/283/338
f 360/173/339 362/282/335 363/284/340
f 365/367/341 369/286/342 371/287/343
f 366/339/344 369/286/342 368/289/345
f 367/368/346 369/286/342 370/369/347
f 372/370/348 376/293/349 378/371/350
f 373/372/351 376/293/349 375/373/352
f 374/187/353 376/293/349 377/298/354
f 379/299/355 383/300/356 385/121/357
f 380/302/358 383/300/356 382/303/359
f 381/193/360 383/300/356 384/352/361
f 386/305/362 390/374/363 392/375/364
f 387/198/365 390/374/363 389/309/366
f 388/310/367 390/374/363 391/255/368
f 351/364/327 343/75/315 354/133/331
f 343/134/315 352/275/330 354/277/331
f 344/268/320 342/311/319 338/265/316
f 350/204/322 339/148/318 342/267/319
f 358/279/334 349/136/326 345/363/323
f 349/221/326 360/173/339 346/157/325
f 353/365/332 363/284/340 359/281/337
f 356/366/333 360/173/339 363/284/340
f 379/299/355 357/274/329 382/303/359
f 357/312/329 380/302/358 382/303/359
f 386/305/362 361/313/338 358/279/334
f 392/375/364 359/281/337 361/283/338
f 381/193/360 391/255/368 387/198/365
f 384/352/361 388/310/367 391/255/368
f 365/367/341 385/121/357 368/289/345
f 368/289/345 381/193/360 366/339/344
f 372/370/348 389/309/366 386/305/362
f 378/371/350 387/198/365 389/309/366
f 367/368/346 377/298/354 373/372/351
f 370/369/347 374/187/353 377/298/354
f 337/362/313 371/287/343 340/314/317
f 371/287/343 338/265/316 340/266/317
f 372/370/348 347/272/324 375/373/352
f 347/315/324 373/372/351 375/373/352
f 379/299/355 337/362/313 351/364/327
f 346/157/325 352/275/330 339/148/318
f 373/372/351 338/265/316 367/368/346
f 386/305/362 345/363/323 372/370/348
f 359/281/337 380/302/358 353/365/332
f 387/198/365 366/339/344 381/193/360
f 393/316/369 397/317/370 399/144/371
f 394/318/372 397/146/370 396/319/373
f 395/376/374 397/149/370 398/267/375
f 400/321/376 404/322/377 406/217/378
f 401/323/379 404/155/377 403/324/380
f 402/325/381 404/158/377 405/159/382
f 407/326/383 411/90/384 413/327/385
f 408/275/386 411/328/384 410/164/387
f 409/329/388 411/328/384 412/330/389
f 414/377/390 418/332/391 420/169/392
f 415/333/393 418/334/391 417/335/394
f 416/173/395 418/334/391 419/174/396
f 421/336/397 425/337/398 427/338/399
f 422/339/400 425/337/398 424/179/401
f 423/378/402 425/337/398 426/341/403
f 428/379/404 432/343/405 434/344/406
f 429/345/407 432/343/405 431/380/408
f 430/187/409 432/343/405 433/243/410
f 435/381/411 439/348/412 441/246/413
f 436/349/414 439/348/412 438/350/415
f 437/351/416 439/348/412 440/194/417
f 442/382/418 446/383/419 448/384/420
f 443/198/421 446/383/419 445/253/422
f 444/356/423 446/383/419 447/201/424
f 407/326/383 399/144/371 410/133/387
f 410/164/387 395/376/374 408/275/386
f 400/321/376 398/311/375 394/318/372
f 406/204/378 395/376/374 398/267/375
f 414/377/390 405/136/382 401/323/379
f 420/358/392 402/325/381 405/159/382
f 409/329/388 419/174/396 415/333/393
f 412/330/389 416/173/395 419/174/396
f 407/326/383 438/350/415 435/381/411
f 413/385/385 436/349/414 438/350/415
f 442/382/418 417/359/394 414/377/390
f 417/335/394 444/356/423 415/333/393
f 437/351/416 447/201/424 443/198/421
f 440/194/417 444/356/423 447/201/424
f 435/381/411 424/179/401 421/336/397
f 424/179/401 437/351/416 422/339/400
f 428/379/404 445/253/422 442/382/418
f 434/344/406 443/198/421 445/253/422
f 423/378/402 433/243/410 429/345/407
f 426/341/403 430/187/409 433/243/410
f 421/336/397 396/360/373 393/316/369
f 396/319/373 423/378/402 394/318/372
f 428/379/404 403/324/380 431/380/408
f 403/361/380 429/345/407 431/380/408
f 407/326/383 421/336/397 393/316/369
f 402/325/381 408/275/386 395/376/374
f 429/345/407 394/318/372 423/378/402
f 414/377/390 428/379/404 442/382/418
f 415/333/393 436/349/414 409/329/388
f 443/198/421 422/339/400 437/351/416
f 449/1/425 453/2/426 455/3/3
f 450/4/4 453/5/426 452/6/427
f 451/386/6 453/8/426 454/9/7
f 456/10/428 460/11/9 462/12/10
f 457/13/11 460/14/9 459/15/12
f 458/16/13 460/17/9 461/18/14
f 463/387/15 467/20/126 469/21/17
f 464/22/18 467/23/126 466/24/19
f 465/25/20 467/23/126 468/26/21
f 470/27/429 474/28/74 476/29/24
f 471/30/25 474/31/74 473/32/161
f 472/33/27 474/31/74 475/34/28
f 477/35/430 481/36/30 483/37/431
f 478/388/32 481/36/30 480/39/432
f 479/40/34 481/36/30 482/41/35
f 484/42/36 488/43/37 490/389/433
f 485/45/39 488/43/37 487/46/434
f 486/390/435 488/43/37 489/48/42
f 491/49/436 495/50/44 497/51/45
f 492/52/46 495/50/44 494/53/47
f 493/54/48 495/50/44 496/55/49
f 498/391/437 502/57/51 504/392/170
f 499/59/438 502/57/51 501/60/439
f 500/61/55 502/57/51 503/62/56
f 449/1/425 466/63/19 463/387/15
f 455/64/3 464/22/18 466/24/19
f 456/10/428 454/65/7 450/4/4
f 462/66/10 451/386/6 454/9/7
f 470/27/429 461/67/14 457/13/11
f 476/68/24 458/16/13 461/18/14
f 465/25/20 475/34/28 471/30/25
f 468/26/21 472/33/27 475/34/28
f 463/387/15 494/53/47 491/49/436
f 469/69/17 492/52/46 494/53/47
f 498/391/437 473/70/161 470/27/429
f 504/392/170 471/30/25 473/32/161
f 493/54/48 503/62/56 499/59/438
f 496/55/49 500/61/55 503/62/56
f 491/49/436 480/39/432 477/35/430
f 480/39/432 493/54/48 478/388/32
f 484/42/36 501/60/439 498/391/437
f 501/60/439 486/390/435 499/59/438
f 479/40/34 489/48/42 485/45/39
f 482/41/35 486/390/435 489/48/42
f 477/35/430 452/71/427 449/1/425
f 483/37/431 450/4/4 452/6/427
f 457/13/11 487/46/434 484/42/36
f 459/72/12 485/45/39 487/46/434
f 491/49/436 449/1/425 463/387/15
f 458/16/13 464/22/18 451/386/6
f 485/45/39 450/4/4 479/40/34
f 470/27/429 484/42/36 498/391/437
f 471/30/25 492/52/46 465/25/20
f 499/59/438 478/388/32 493/54/48
f 505/73/57 509/74/426 511/75/58
f 506/76/59 509/5/426 508/77/60
f 507/393/440 509/79/426 510/80/62
f 512/394/63 516/82/441 518/83/10
f 513/84/64 516/85/441 515/86/442
f 514/395/66 516/17/441 517/88/146
f 519/89/68 523/90/126 525/91/69
f 520/92/70 523/93/126 522/94/71
f 521/95/72 523/93/126 524/26/21
f 526/97/73 530/98/74 532/99/75
f 527/396/76 530/101/74 529/102/443
f 528/397/444 530/101/74 531/104/445
f 533/398/79 537/106/30 539/107/80
f 534/399/81 537/106/30 536/109/82
f 535/400/83 537/106/30 538/41/35
f 540/112/84 544/113/446 546/344/86
f 541/115/87 544/113/446 543/401/447
f 542/117/448 544/113/446 545/118/42
f 547/402/90 551/120/44 553/121/91
f 548/122/92 551/120/44 550/123/449
f 549/124/94 551/120/44 552/403/49
f 554/126/95 558/404/96 560/405/97
f 555/406/98 558/404/96 557/130/450
f 556/131/100 558/404/96 559/132/56
f 505/73/57 522/133/71 519/89/68
f 511/134/58 520/92/70 522/94/71
f 512/394/63 510/135/62 506/76/59
f 518/66/10 507/393/440 510/80/62
f 526/97/73 517/136/146 513/84/64
f 532/137/75 514/395/66 517/88/146
f 521/95/72 531/104/445 527/396/76
f 524/26/21 528/397/444 531/104/445
f 519/89/68 550/123/449 547/402/90
f 525/138/69 548/122/92 550/123/449
f 554/126/95 529/139/443 526/97/73
f 560/405/97 527/396/76 529/102/443
f 549/124/94 559/132/56 555/406/98
f 552/403/49 556/131/100 559/132/56
f 547/402/90 536/109/82 533/398/79
f 553/121/91 534/399/81 536/109/82
f 540/112/84 557/130/450 554/126/95
f 546/344/86 555/406/98 557/130/450
f 535/400/83 545/118/42 541/115/87
f 538/41/35 542/117/448 545/118/42
f 533/398/79 508/140/60 505/73/57
f 539/107/80 506/76/59 508/77/60
f 513/84/64 543/401/447 540/112/84
f 515/141/442 541/115/87 543/401/447
f 547/402/90 505/73/57 519/89/68
f 514/395/66 520/92/70 507/393/440
f 541/115/87 506/76/59 535/400/83
f 526/97/73 540/112/84 554/126/95
f 527/396/76 548/122/92 521/95/72
f 555/406/98 534/399/81 549/124/94
f 561/407/137 565/143/451 567/144/58
f 562/408/138 565/146/451 564/147/139
f 563/148/140 565/149/451 566/150/141
f 568/409/452 572/152/453 574/153/454
f 569/410/142 572/155/453 571/156/455
f 570/157/456 572/158/453 573/159/457
f 575/411/125 579/90/150 581/161/127
f 576/162/458 579/163/150 578/164/459
f 577/165/130 579/163/150 580/166/154
f 582/412/132 586/168/460 588/169/75
f 583/413/133 586/171/460 585/172/134
f 584/173/135 586/171/460 587/174/461
f 589/414/113 593/176/30 595/177/115
f 590/235/116 593/176/30 592/179/117
f 591/415/118 593/176/30 594/181/462
f 596/182/120 600/416/195 602/294/86
f 597/417/121 600/416/195 599/418/463
f 598/187/123 600/416/195 601/188/124
f 603/419/101 607/190/464 609/121/91
f 604/420/465 607/190/464 606/192/103
f 605/193/104 607/190/464 608/249/105
f 610/421/109 614/196/51 616/422/466
f 611/308/111 614/196/51 613/309/112
f 612/200/467 614/196/51 615/201/468
f 561/407/137 578/133/459 575/411/125
f 567/202/58 576/162/458 578/164/459
f 568/409/452 566/203/141 562/408/138
f 574/204/454 563/148/140 566/150/141
f 582/412/132 573/136/457 569/410/142
f 588/205/75 570/157/456 573/159/457
f 577/165/130 587/174/461 583/413/133
f 580/166/154 584/173/135 587/174/461
f 575/411/125 606/192/103 603/419/101
f 581/206/127 604/420/465 606/192/103
f 610/421/109 585/207/134 582/412/132
f 616/422/466 583/413/133 585/172/134
f 605/193/104 615/201/468 611/308/111
f 608/249/105 612/200/467 615/201/468
f 603/419/101 592/179/117 589/414/113
f 609/121/91 590/235/116 592/179/117
f 596/182/120 613/309/112 610/421/109
f 602/294/86 611/308/111 613/309/112
f 591/415/118 601/188/124 597/417/121
f 594/181/462 598/187/123 601/188/124
f 589/414/113 564/208/139 561/407/137
f 595/177/115 562/408/138 564/147/139
f 569/410/142 599/418/463 596/182/120
f 571/209/455 597/417/121 599/418/463
f 603/419/101 561/407/137 575/411/125
f 570/157/456 576/162/458 563/148/140
f 597/417/121 562/408/138 591/415/118
f 582/412/132 596/182/120 610/421/109
f 583/413/133 604/420/465 577/165/130
f 611/308/111 590/235/116 605/193/104
f 617/210/469 621/211/114 623/75/189
f 618/212/470 621/146/114 620/213/471
f 619/214/192 621/149/114 622/150/462
f 624/215/472 628/216/446 630/217/473
f 625/218/474 628/155/446 627/219/475
f 626/220/476 628/158/446 629/221/40
f 631/423/477 635/90/2 637/223/478
f 632/162/177 635/224/2 634/225/178
f 633/424/179 635/224/2 636/166/479
f 638/227/480 642/228/453 644/169/481
f 639/425/184 642/230/453 641/231/482
f 640/173/186 642/230/453 643/174/148
f 645/232/483 649/233/44 651/234/484
f 646/178/164 649/233/44 648/179/485
f 647/426/166 649/233/44 650/181/486
f 652/237/168 656/238/96 658/344/170
f 653/427/171 656/238/96 655/241/487
f 654/242/173 656/238/96 657/243/468
f 659/244/488 663/245/126 665/246/489
f 660/247/151 663/245/126 662/248/490
f 661/193/153 663/245/126 664/249/491
f 666/250/492 670/251/74 672/252/493
f 667/198/160 670/251/74 669/253/494
f 668/428/155 670/251/74 671/255/461
f 631/423/477 623/75/189 634/133/178
f 623/256/189 632/162/177 634/225/178
f 624/215/472 622/203/462 618/212/470
f 630/204/473 619/214/192 622/150/462
f 638/227/480 629/257/40 625/218/474
f 644/258/481 626/220/476 629/221/40
f 633/424/179 643/174/148 639/425/184
f 636/166/479 640/173/186 643/174/148
f 659/244/488 637/223/478 662/248/490
f 637/259/478 660/247/151 662/248/490
f 638/227/480 672/252/493 641/260/482
f 672/252/493 639/425/184 641/231/482
f 661/193/153 671/255/461 667/198/160
f 664/249/491 668/428/155 671/255/461
f 659/244/488 648/179/485 645/232/483
f 665/246/489 646/178/164 648/179/485
f 652/237/168 669/253/494 666/250/492
f 658/344/170 667/198/160 669/253/494
f 647/426/166 657/243/468 653/427/171
f 650/181/486 654/242/173 657/243/468
f 617/210/469 651/234/484 620/261/471
f 651/234/484 618/212/470 620/213/471
f 625/218/474 655/241/487 652/237/168
f 627/262/475 653/427/171 655/241/487
f 659/244/488 617/210/469 631/423/477
f 626/220/476 632/162/177 619/214/192
f 653/427/171 618/212/470 647/426/166
f 638/227/480 652/237/168 666/250/492
f 639/425/184 660/247/151 633/424/179
f 667/198/160 646/178/164 661/193/153
f 673/362/495 677/264/356 679/75/496
f 674/265/358 677/146/356 676/266/497
f 675/148/498 677/149/356 678/267/361
f 680/268/499 684/269/363 686/270/500
f 681/363/501 684/155/363 683/272/502
f 682/157/503 684/158/363 685/221/504
f 687/429/505 691/90/506 693/274/507
f 688/275/344 691/276/506 690/277/508
f 689/278/509 691/276/506 692/430/510
f 694/279/511 698/280/512 700/169/513
f 695/281/351 698/282/512 697/283/514
f 696/173/353 698/282/512 699/284/354
f 701/367/515 705/286/516 707/287/517
f 702/339/330 705/286/516 704/289/518
f 703/368/332 705/286/516 706/369/519
f 708/370/520 712/293/521 714/371/522
f 709/372/337 712/293/521 711/373/338
f 710/187/339 712/293/521 713/298/523
f 715/299/524 719/300/314 721/121/525
f 716/302/526 719/300/314 718/303/527
f 717/193/528 719/300/314 720/352/319
f 722/305/529 726/374/321 728/375/530
f 723/198/325 726/374/321 725/309/326
f 724/310/320 726/374/321 727/255/531
f 673/362/495 690/133/508 687/429/505
f 690/277/508 675/148/498 688/275/344
f 680/268/499 678/311/361 674/265/358
f 686/204/500 675/148/498 678/267/361
f 681/363/501 700/169/513 685/136/504
f 700/137/513 682/157/503 685/221/504
f 689/278/509 699/284/354 695/281/351
f 692/430/510 696/173/353 699/284/354
f 715/299/524 693/274/507 718/303/527
f 718/303/527 689/278/509 716/302/526
f 722/305/529 697/313/514 694/279/511
f 728/375/530 695/281/351 697/283/514
f 717/193/528 727/255/531 723/198/325
f 720/352/319 724/310/320 727/255/531
f 715/299/524 704/289/518 701/367/515
f 721/121/525 702/339/330 704/289/518
f 708/370/520 725/309/326 722/305/529
f 725/309/326 710/187/339 723/198/325
f 703/368/332 713/298/523 709/372/337
f 706/369/519 710/187/339 713/298/523
f 701/367/515 676/314/497 673/362/495
f 707/287/517 674/265/358 676/266/497
f 681/363/501 711/373/338 708/370/520
f 683/315/502 709/372/337 711/373/338
f 715/299/524 673/362/495 687/429/505
f 682/157/503 688/275/344 675/148/498
f 709/372/337 674/265/358 703/368/332
f 722/305/529 681/363/501 708/370/520
f 695/281/351 716/302/526 689/278/509
f 723/198/325 702/339/330 717/193/528
f 729/431/532 733/317/412 735/144/533
f 730/318/534 733/146/412 732/319/535
f 731/320/536 733/149/412 734/267/417
f 736/321/537 740/322/419 742/217/538
f 737/323/539 740/155/419 739/324/540
f 738/325/421 740/158/419 741/159/541
f 743/326/542 747/90/543 749/327/544
f 744/275/400 747/328/543 746/164/545
f 745/432/546 747/328/543 748/330/547
f 750/433/548 754/332/549 756/169/550
f 751/434/551 754/334/549 753/335/552
f 752/173/409 754/334/549 755/174/553
f 757/336/554 761/337/555 763/338/556
f 758/339/386 761/337/555 760/179/387
f 759/340/388 761/337/555 762/341/557
f 764/435/558 768/343/559 770/344/560
f 765/345/561 768/343/559 767/346/562
f 766/187/563 768/343/559 769/243/396
f 771/347/564 775/348/370 777/246/565
f 772/349/566 775/348/370 774/350/567
f 773/351/568 775/348/370 776/352/569
f 778/353/570 782/354/377 784/355/571
f 779/198/381 782/354/377 781/130/572
f 780/356/573 782/354/377 783/201/574
f 743/326/542 735/144/533 746/133/545
f 735/357/533 744/275/400 746/164/545
f 736/321/537 734/311/417 730/318/534
f 742/204/538 731/320/536 734/267/417
f 750/433/548 741/136/541 737/323/539
f 756/358/550 738/325/421 741/159/541
f 745/432/546 755/174/553 751/434/551
f 748/330/547 752/173/409 755/174/553
f 771/347/564 749/327/544 774/350/567
f 749/385/544 772/349/566 774/350/567
f 778/353/570 753/359/552 750/433/548
f 753/335/552 780/356/573 751/434/551
f 773/351/568 783/201/574 779/198/381
f 776/352/569 780/356/573 783/201/574
f 771/347/564 760/179/387 757/336/554
f 777/246/565 758/339/386 760/179/387
f 764/435/558 781/130/572 778/353/570
f 781/130/572 766/187/563 779/198/381
f 759/340/388 769/243/396 765/345/561
f 762/341/557 766/187/563 769/243/396
f 757/336/554 732/360/535 729/431/532
f 763/338/556 730/318/534 732/319/535
f 737/323/539 767/346/562 764/435/558
f 739/361/540 765/345/561 767/346/562
f 743/326/542 757/336/554 729/431/532
f 738/325/421 744/275/400 731/320/536
f 765/345/561 730/318/534 759/340/388
f 750/433/548 764/435/558 778/353/570
f 751/434/551 772/349/566 745/432/546
f 779/198/381 758/339/386 773/351/568
f 785/362/575 789/264/576 791/75/577
f 786/265/578 789/146/576 788/266/579
f 787/148/248 789/149/576 790/267/580
f 792/268/255 796/269/251 798/270/581
f 793/363/250 796/155/251 795/272/582
f 794/157/253 796/158/251 797/221/583
f 799/273/584 803/90/230 805/274/585
f 800/275/232 803/276/230 802/277/586
f 801/365/587 803/276/230 804/166/588
f 806/279/589 810/280/237 812/169/590
f 807/436/591 810/282/237 809/283/592
f 808/173/593 810/282/237 811/284/242
f 813/367/594 817/286/216 819/287/595
f 814/288/218 817/286/216 816/289/596
f 815/368/220 817/286/216 818/291/221
f 820/292/597 824/293/223 826/294/598
f 821/295/225 824/293/223 823/296/599
f 822/187/227 824/293/223 825/298/228
f 827/299/600 831/300/601 833/301/602
f 828/302/603 831/300/601 830/303/604
f 829/193/605 831/300/601 832/304/606
f 834/305/607 838/306/608 840/437/609
f 835/308/213 838/306/608 837/309/610
f 836/310/611 838/306/608 839/255/612
f 799/273/584 791/75/577 802/133/586
f 791/134/577 800/275/232 802/277/586
f 792/268/255 790/311/580 786/265/578
f 798/204/581 787/148/248 790/267/580
f 806/279/589 797/136/583 793/363/250
f 812/137/590 794/157/253 797/221/583
f 801/365/587 811/284/242 807/436/591
f 804/166/588 808/173/593 811/284/242
f 799/273/584 830/303/604 827/299/600
f 805/312/585 828/302/603 830/303/604
f 834/305/607 809/313/592 806/279/589
f 809/283/592 836/310/611 807/436/591
f 829/193/605 839/255/612 835/308/213
f 832/304/606 836/310/611 839/255/612
f 827/299/600 816/289/596 813/367/594
f 833/301/602 814/288/218 816/289/596
f 820/292/597 837/309/610 834/305/607
f 826/294/598 835/308/213 837/309/610
f 815/368/220 825/298/228 821/295/225
f 818/291/221 822/187/227 825/298/228
f 813/367/594 788/314/579 785/362/575
f 819/287/595 786/265/578 788/266/579
f 820/292/597 795/272/582 823/296/599
f 795/315/582 821/295/225 823/296/599
f 799/273/584 813/367/594 785/362/575
f 794/157/253 800/275/232 787/148/248
f 821/295/225 786/265/578 815/368/220
f 806/279/589 820/292/597 834/305/607
f 807/436/591 828/302/603 801/365/587
f 835/308/213 814/288/218 829/193/605
f 841/438/613 845/317/614 847/144/615
f 842/318/616 845/146/614 844/319/617
f 843/320/304 845/149/614 846/267/618
f 848/321/311 852/322/619 854/217/620
f 849/439/621 852/155/619 851/324/622
f 850/325/309 852/158/619 853/159/623
f 855/440/624 859/90/286 861/327/625
f 856/275/288 859/328/286 858/164/626
f 857/329/627 859/328/286 860/330/628
f 862/331/629 866/332/630 868/169/631
f 863/333/295 866/334/630 865/335/632
f 864/173/633 866/334/630 867/174/634
f 869/336/271 873/337/272 875/338/635
f 870/339/636 873/337/272 872/179/637
f 871/340/638 873/337/272 874/341/277
f 876/441/278 880/343/639 882/344/640
f 877/345/281 880/343/639 879/346/282
f 878/187/283 880/343/639 881/243/641
f 883/347/642 887/348/643 889/246/259
f 884/349/644 887/348/643 886/350/645
f 885/351/262 887/348/643 888/352/646
f 890/442/647 894/354/648 896/384/649
f 891/198/269 894/354/648 893/130/650
f 892/356/264 894/354/648 895/201/651
f 841/438/613 858/133/626 855/440/624
f 847/357/615 856/275/288 858/164/626
f 848/321/311 846/311/618 842/318/616
f 854/204/620 843/320/304 846/267/618
f 849/439/621 868/169/631 853/136/623
f 868/358/631 850/325/309 853/159/623
f 857/329/627 867/174/634 863/333/295
f 860/330/628 864/173/633 867/174/634
f 883/347/642 861/327/625 886/350/645
f 861/385/625 884/349/644 886/350/645
f 890/442/647 865/359/632 862/331/629
f 896/384/649 863/333/295 865/335/632
f 885/351/262 895/201/651 891/198/269
f 888/352/646 892/356/264 895/201/651
f 883/347/642 872/179/637 869/336/271
f 889/246/259 870/339/636 872/179/637
f 876/441/278 893/130/650 890/442/647
f 882/344/640 891/198/269 893/130/650
f 871/340/638 881/243/641 877/345/281
f 874/341/277 878/187/283 881/243/641
f 841/438/613 875/338/635 844/360/617
f 875/338/635 842/318/616 844/319/617
f 849/439/621 879/346/282 876/441/278
f 851/361/622 877/345/281 879/346/282
f 883/347/642 841/438/613 855/440/624
f 850/325/309 856/275/288 843/320/304
f 877/345/281 842/318/616 871/340/638
f 862/331/629 876/441/278 890/442/647
f 863/333/295 884/349/644 857/329/627
f 891/198/269 870/339/636 885/351/262
f 1/1/1 4/71/5 5/2/2
f 2/4/4 6/65/7 5/5/2
f 3/7/6 7/64/3 5/8/2
f 8/10/8 11/72/12 12/11/9
f 9/13/11 13/67/14 12/14/9
f 10/16/13 14/66/10 12/17/9
f 15/19/15 18/63/19 19/20/16
f 16/22/18 20/26/21 19/23/16
f 17/25/20 21/69/17 19/23/16
f 22/27/22 25/70/26 26/28/23
f 23/30/25 27/34/28 26/31/23
f 24/33/27 28/68/24 26/31/23
f 29/35/29 32/39/33 33/36/30
f 30/38/32 34/41/35 33/36/30
f 31/40/34 35/37/31 33/36/30
f 36/42/36 39/46/40 40/43/37
f 37/45/39 41/48/42 40/43/37
f 38/47/41 42/44/38 40/43/37
f 43/49/43 46/53/47 47/50/44
f 44/52/46 48/55/49 47/50/44
f 45/54/48 49/51/45 47/50/44
f 50/56/50 53/60/54 54/57/51
f 51/59/53 55/62/56 54/57/51
f 52/61/55 56/58/52 54/57/51
f 1/1/1 7/3/3 18/63/19
f 7/64/3 3/7/6 16/22/18
f 8/10/8 14/12/10 6/65/7
f 14/66/10 10/16/13 3/7/6
f 22/27/22 28/29/24 13/67/14
f 28/68/24 24/33/27 10/16/13
f 17/25/20 20/26/21 27/34/28
f 20/26/21 16/22/18 24/33/27
f 15/19/15 21/21/17 46/53/47
f 21/69/17 17/25/20 44/52/46
f 22/27/22 50/56/50 56/58/52
f 56/58/52 52/61/55 23/30/25
f 45/54/48 48/55/49 55/62/56
f 48/55/49 44/52/46 52/61/55
f 43/49/43 49/51/45 32/39/33
f 32/39/33 49/51/45 45/54/48
f 36/42/36 42/44/38 53/60/54
f 42/44/38 38/47/41 51/59/53
f 31/40/34 34/41/35 41/48/42
f 34/41/35 30/38/32 38/47/41
f 1/1/1 29/35/29 35/37/31
f 35/37/31 31/40/34 2/4/4
f 9/13/11 11/15/12 39/46/40
f 11/72/12 8/10/8 37/45/39
f 43/49/43 29/35/29 1/1/1
f 10/16/13 24/33/27 16/22/18
f 37/45/39 8/10/8 2/4/4
f 22/27/22 9/13/11 36/42/36
f 23/30/25 52/61/55 44/52/46
f 51/59/53 38/47/41 30/38/32
f 57/73/57 60/140/60 61/74/2
f 58/76/59 62/135/62 61/5/2
f 59/78/61 63/134/58 61/79/2
f 64/81/63 67/141/65 68/82/9
f 65/84/64 69/136/67 68/85/9
f 66/87/66 70/66/10 68/17/9
f 71/89/68 74/133/71 75/90/16
f 72/92/70 76/96/21 75/93/16
f 73/95/72 77/138/69 75/93/16
f 78/97/73 81/139/77 82/98/74
f 79/100/76 83/104/28 82/101/74
f 80/103/78 84/137/75 82/101/74
f 85/105/79 88/109/82 89/106/30
f 86/108/81 90/111/35 89/106/30
f 87/110/83 91/107/80 89/106/30
f 92/112/84 95/116/88 96/113/85
f 93/115/87 97/118/42 96/113/85
f 94/117/89 98/114/86 96/113/85
f 99/119/90 102/123/93 103/120/44
f 100/122/92 104/125/49 103/120/44
f 101/124/94 105/121/91 103/120/44
f 106/126/95 109/130/99 110/127/96
f 107/129/98 111/132/56 110/127/96
f 108/131/100 112/128/97 110/127/96
f 57/73/57 63/75/58 74/133/71
f 63/134/58 59/78/61 72/92/70
f 64/81/63 70/83/10 62/135/62
f 70/66/10 66/87/66 59/78/61
f 78/97/73 84/99/75 69/136/67
f 84/137/75 80/103/78 66/87/66
f 73/95/72 76/96/21 83/104/28
f 76/96/21 72/92/70 80/103/78
f 71/89/68 77/91/69 102/123/93
f 77/138/69 73/95/72 100/122/92
f 106/126/95 112/128/97 81/139/77
f 112/128/97 108/131/100 79/100/76
f 101/124/94 104/125/49 111/132/56
f 104/125/49 100/122/92 108/131/100
f 99/119/90 105/121/91 88/109/82
f 105/121/91 101/124/94 86/108/81
f 92/112/84 98/114/86 109/130/99
f 98/114/86 94/117/89 107/129/98
f 87/110/83 90/111/35 97/118/42
f 90/111/35 86/108/81 94/117/89
f 85/105/79 91/107/80 60/140/60
f 91/107/80 87/110/83 58/76/59
f 65/84/64 67/86/65 95/116/88
f 67/141/65 64/81/63 93/115/87
f 99/119/90 85/105/79 57/73/57
f 66/87/66 80/103/78 72/92/70
f 93/115/87 64/81/63 58/76/59
f 78/97/73 65/84/64 92/112/84
f 79/100/76 108/131/100 100/122/92
f 107/129/98 94/117/89 86/108/81
f 113/142/101 116/208/103 117/143/44
f 114/145/102 118/203/105 117/146/44
f 115/148/104 119/202/91 117/149/44
f 120/151/106 123/209/110 124/152/107
f 121/154/109 125/136/112 124/155/107
f 122/157/111 126/204/108 124/158/107
f 127/160/113 130/133/117 131/90/114
f 128/162/116 132/166/119 131/163/114
f 129/165/118 133/206/115 131/163/114
f 134/167/120 137/207/122 138/168/85
f 135/170/121 139/174/124 138/171/85
f 136/173/123 140/205/86 138/171/85
f 141/175/125 144/179/129 145/176/126
f 142/178/128 146/181/131 145/176/126
f 143/180/130 147/177/127 145/176/126
f 148/182/132 151/186/134 152/183/23
f 149/185/133 153/188/136 152/183/23
f 150/187/135 154/184/75 152/183/23
f 155/189/137 158/192/139 159/190/2
f 156/191/138 160/194/141 159/190/2
f 157/193/140 161/121/58 159/190/2
f 162/195/142 165/199/146 166/196/143
f 163/198/145 167/201/148 166/196/143
f 164/200/147 168/197/144 166/196/143
f 113/142/101 119/144/91 130/133/117
f 119/202/91 115/148/104 128/162/116
f 120/151/106 126/153/108 118/203/105
f 126/204/108 122/157/111 115/148/104
f 134/167/120 140/169/86 125/136/112
f 140/205/86 136/173/123 122/157/111
f 129/165/118 132/166/119 139/174/124
f 132/166/119 128/162/116 136/173/123
f 127/160/113 133/161/115 158/192/139
f 133/206/115 129/165/118 156/191/138
f 162/195/142 168/197/144 137/207/122
f 168/197/144 164/200/147 135/170/121
f 157/193/140 160/194/141 167/201/148
f 160/194/141 156/191/138 164/200/147
f 155/189/137 161/121/58 144/179/129
f 161/121/58 157/193/140 142/178/128
f 148/182/132 154/184/75 165/199/146
f 154/184/75 150/187/135 163/198/145
f 143/180/130 146/181/131 153/188/136
f 146/181/131 142/178/128 150/187/135
f 141/175/125 147/177/127 116/208/103
f 147/177/127 143/180/130 114/145/102
f 121/154/109 123/156/110 151/186/134
f 123/209/110 120/151/106 149/185/133
f 155/189/137 141/175/125 113/142/101
f 122/157/111 136/173/123 128/162/116
f 149/185/133 120/151/106 114/145/102
f 134/167/120 121/154/109 148/182/132
f 135/170/121 164/200/147 156/191/138
f 163/198/145 150/187/135 142/178/128
f 169/210/149 172/261/152 173/211/150
f 170/212/151 174/203/154 173/146/150
f 171/214/153 175/256/17 173/149/150
f 176/215/155 179/262/159 180/216/156
f 177/218/158 181/257/161 180/155/156
f 178/220/160 182/204/157 180/158/156
f 183/222/162 186/133/165 187/90/44
f 184/162/164 188/166/167 187/224/44
f 185/226/166 189/259/163 187/224/44
f 190/227/168 193/260/172 194/228/169
f 191/229/171 195/174/174 194/230/169
f 192/173/173 196/258/170 194/230/169
f 197/232/175 200/179/178 201/233/2
f 198/235/177 202/181/180 201/233/2
f 199/236/179 203/234/176 201/233/2
f 204/237/181 207/241/185 208/238/182
f 205/240/184 209/243/187 208/238/182
f 206/242/186 210/239/183 208/238/182
f 211/244/188 214/248/191 215/245/30
f 212/247/190 216/249/193 215/245/30
f 213/193/192 217/246/189 215/245/30
f 218/250/194 221/253/198 222/251/195
f 219/198/197 223/255/200 222/251/195
f 220/254/199 224/252/196 222/251/195
f 169/210/149 175/75/17 186/133/165
f 175/256/17 171/214/153 184/162/164
f 176/215/155 182/217/157 174/203/154
f 182/204/157 178/220/160 171/214/153
f 190/227/168 196/169/170 181/257/161
f 196/258/170 192/173/173 178/220/160
f 185/226/166 188/166/167 195/174/174
f 188/166/167 184/162/164 192/173/173
f 183/222/162 189/223/163 214/248/191
f 189/259/163 185/226/166 212/247/190
f 218/250/194 224/252/196 193/260/172
f 224/252/196 220/254/199 191/229/171
f 213/193/192 216/249/193 223/255/200
f 223/255/200 216/249/193 212/247/190
f 197/232/175 211/244/188 217/246/189
f 217/246/189 213/193/192 198/235/177
f 218/250/194 204/237/181 210/239/183
f 210/239/183 206/242/186 219/198/197
f 199/236/179 202/181/180 209/243/187
f 202/181/180 198/235/177 206/242/186
f 197/232/175 203/234/176 172/261/152
f 203/234/176 199/236/179 170/212/151
f 177/218/158 179/219/159 207/241/185
f 179/262/159 176/215/155 205/240/184
f 211/244/188 197/232/175 169/210/149
f 178/220/160 192/173/173 184/162/164
f 205/240/184 176/215/155 170/212/151
f 190/227/168 177/218/158 204/237/181
f 191/229/171 220/254/199 212/247/190
f 219/198/197 206/242/186 198/235/177
f 225/263/201 228/314/205 229/264/202
f 226/265/204 230/311/207 229/146/202
f 227/148/206 231/134/203 229/149/202
f 232/268/208 235/315/212 236/269/209
f 233/271/211 237/136/214 236/155/209
f 234/157/213 238/204/210 236/158/209
f 239/273/215 242/133/219 243/90/216
f 240/275/218 244/166/221 243/276/216
f 241/278/220 245/312/217 243/276/216
f 246/279/222 249/313/226 250/280/223
f 247/281/225 251/284/228 250/282/223
f 248/173/227 252/137/224 250/282/223
f 253/285/229 256/289/233 257/286/230
f 254/288/232 258/291/235 257/286/230
f 255/290/234 259/287/231 257/286/230
f 260/292/236 263/296/240 264/293/237
f 261/295/239 265/298/242 264/293/237
f 262/297/241 266/294/238 264/293/237
f 267/299/243 270/303/247 271/300/244
f 268/302/246 272/304/249 271/300/244
f 269/193/248 273/301/245 271/300/244
f 274/305/250 277/309/254 278/306/251
f 275/308/253 279/255/256 278/306/251
f 276/310/255 280/307/252 278/306/251
f 239/273/215 225/263/201 231/75/203
f 242/277/219 231/134/203 227/148/206
f 232/268/208 238/270/210 230/311/207
f 238/204/210 234/157/213 227/148/206
f 233/271/211 246/279/222 252/169/224
f 252/137/224 248/173/227 234/157/213
f 241/278/220 244/166/221 251/284/228
f 244/166/221 240/275/218 248/173/227
f 267/299/243 239/273/215 245/274/217
f 245/312/217 241/278/220 268/302/246
f 246/279/222 274/305/250 280/307/252
f 280/307/252 276/310/255 247/281/225
f 269/193/248 272/304/249 279/255/256
f 272/304/249 268/302/246 276/310/255
f 267/299/243 273/301/245 256/289/233
f 273/301/245 269/193/248 254/288/232
f 260/292/236 266/294/238 277/309/254
f 266/294/238 262/297/241 275/308/253
f 255/290/234 258/291/235 265/298/242
f 258/291/235 254/288/232 262/297/241
f 253/285/229 259/287/231 228/314/205
f 228/266/205 259/287/231 255/290/234
f 260/292/236 233/271/211 235/272/212
f 235/315/212 232/268/208 261/295/239
f 239/273/215 267/299/243 253/285/229
f 234/157/213 248/173/227 240/275/218
f 261/295/239 232/268/208 226/265/204
f 246/279/222 233/271/211 260/292/236
f 247/281/225 276/310/255 268/302/246
f 275/308/253 262/297/241 254/288/232
f 281/316/257 284/360/261 285/317/258
f 282/318/260 286/311/263 285/146/258
f 283/320/262 287/357/259 285/149/258
f 288/321/264 291/361/268 292/322/265
f 289/323/267 293/136/270 292/155/265
f 290/325/269 294/204/266 292/158/265
f 295/326/271 298/133/275 299/90/272
f 296/275/274 300/330/277 299/328/272
f 297/329/276 301/385/273 299/328/272
f 302/331/278 305/359/282 306/332/279
f 303/333/281 307/174/284 306/334/279
f 304/173/283 308/358/280 306/334/279
f 309/336/285 312/179/289 313/337/286
f 310/339/288 314/341/291 313/337/286
f 311/340/290 315/338/287 313/337/286
f 316/342/292 319/346/296 320/343/293
f 317/345/295 321/243/298 320/343/293
f 318/187/297 322/344/294 320/343/293
f 323/347/299 326/350/303 327/348/300
f 324/349/302 328/352/305 327/348/300
f 325/351/304 329/246/301 327/348/300
f 330/353/306 333/130/310 334/354/307
f 331/198/309 335/201/312 334/354/307
f 332/356/311 336/355/308 334/354/307
f 281/316/257 287/144/259 298/133/275
f 287/357/259 283/320/262 296/275/274
f 288/321/264 294/217/266 286/311/263
f 294/204/266 290/325/269 283/320/262
f 302/331/278 308/169/280 293/136/270
f 308/358/280 304/173/283 290/325/269
f 297/329/276 300/330/277 307/174/284
f 300/330/277 296/275/274 304/173/283
f 323/347/299 295/326/271 301/327/273
f 326/350/303 301/385/273 297/329/276
f 330/353/306 336/355/308 305/359/282
f 336/355/308 332/356/311 303/333/281
f 325/351/304 328/352/305 335/201/312
f 328/352/305 324/349/302 332/356/311
f 309/336/285 323/347/299 329/246/301
f 329/246/301 325/351/304 310/339/288
f 330/353/306 316/342/292 322/344/294
f 322/344/294 318/187/297 331/198/309
f 311/340/290 314/341/291 321/243/298
f 314/341/291 310/339/288 318/187/297
f 309/336/285 315/338/287 284/360/261
f 284/319/261 315/338/287 311/340/290
f 316/342/292 289/323/267 291/324/268
f 291/361/268 288/321/264 317/345/295
f 323/347/299 309/336/285 281/316/257
f 290/325/269 304/173/283 296/275/274
f 317/345/295 288/321/264 282/318/260
f 330/353/306 302/331/278 289/323/267
f 303/333/281 332/356/311 324/349/302
f 331/198/309 318/187/297 310/339/288
f 337/362/313 340/314/317 341/264/314
f 338/265/316 342/311/319 341/146/314
f 339/148/318 343/134/315 341/149/314
f 344/268/320 347/315/324 348/269/321
f 345/363/323 349/136/326 348/155/321
f 346/157/325 350/204/322 348/158/321
f 351/364/327 354/133/331 355/90/328
f 352/275/330 356/366/333 355/276/328
f 353/365/332 357/312/329 355/276/328
f 358/279/334 361/313/338 362/280/335
f 359/281/337 363/284/340 362/282/335
f 360/173/339 364/137/336 362/282/335
f 365/367/341 368/289/345 369/286/342
f 366/339/344 370/369/347 369/286/342
f 367/368/346 371/287/343 369/286/342
f 372/370/348 375/373/352 376/293/349
f 373/372/351 377/298/354 376/293/349
f 374/187/353 378/371/350 376/293/349
f 379/299/355 382/303/359 383/300/356
f 380/302/358 384/352/361 383/300/356
f 381/193/360 385/121/357 383/300/356
f 386/305/362 389/309/366 390/374/363
f 387/198/365 391/255/368 390/374/363
f 388/310/367 392/375/364 390/374/363
f 351/364/327 337/362/313 343/75/315
f 343/134/315 339/148/318 352/275/330
f 344/268/320 350/270/322 342/311/319
f 350/204/322 346/157/325 339/148/318
f 358/279/334 364/169/336 349/136/326
f 349/221/326 364/137/336 360/173/339
f 353/365/332 356/366/333 363/284/340
f 356/366/333 352/275/330 360/173/339
f 379/299/355 351/364/327 357/274/329
f 357/312/329 353/365/332 380/302/358
f 386/305/362 392/375/364 361/313/338
f 392/375/364 388/310/367 359/281/337
f 381/193/360 384/352/361 391/255/368
f 384/352/361 380/302/358 388/310/367
f 365/367/341 379/299/355 385/121/357
f 368/289/345 385/121/357 381/193/360
f 372/370/348 378/371/350 389/309/366
f 378/371/350 374/187/353 387/198/365
f 367/368/346 370/369/347 377/298/354
f 370/369/347 366/339/344 374/187/353
f 337/362/313 365/367/341 371/287/343
f 371/287/343 367/368/346 338/265/316
f 372/370/348 345/363/323 347/272/324
f 347/315/324 344/268/320 373/372/351
f 379/299/355 365/367/341 337/362/313
f 346/157/325 360/173/339 352/275/330
f 373/372/351 344/268/320 338/265/316
f 386/305/362 358/279/334 345/363/323
f 359/281/337 388/310/367 380/302/358
f 387/198/365 374/187/353 366/339/344
f 393/316/369 396/360/373 397/317/370
f 394/318/372 398/311/375 397/146/370
f 395/376/374 399/357/371 397/149/370
f 400/321/376 403/361/380 404/322/377
f 401/323/379 405/136/382 404/155/377
f 402/325/381 406/204/378 404/158/377
f 407/326/383 410/133/387 411/90/384
f 408/275/386 412/330/389 411/328/384
f 409/329/388 413/385/385 411/328/384
f 414/377/390 417/359/394 418/332/391
f 415/333/393 419/174/396 418/334/391
f 416/173/395 420/358/392 418/334/391
f 421/336/397 424/179/401 425/337/398
f 422/339/400 426/341/403 425/337/398
f 423/378/402 427/338/399 425/337/398
f 428/379/404 431/380/408 432/343/405
f 429/345/407 433/243/410 432/343/405
f 430/187/409 434/344/406 432/343/405
f 435/381/411 438/350/415 439/348/412
f 436/349/414 440/194/417 439/348/412
f 437/351/416 441/246/413 439/348/412
f 442/382/418 445/253/422 446/383/419
f 443/198/421 447/201/424 446/383/419
f 444/356/423 448/384/420 446/383/419
f 407/326/383 393/316/369 399/144/371
f 410/164/387 399/357/371 395/376/374
f 400/321/376 406/217/378 398/311/375
f 406/204/378 402/325/381 395/376/374
f 414/377/390 420/169/392 405/136/382
f 420/358/392 416/173/395 402/325/381
f 409/329/388 412/330/389 419/174/396
f 412/330/389 408/275/386 416/173/395
f 407/326/383 413/327/385 438/350/415
f 413/385/385 409/329/388 436/349/414
f 442/382/418 448/384/420 417/359/394
f 417/335/394 448/384/420 444/356/423
f 437/351/416 440/194/417 447/201/424
f 440/194/417 436/349/414 444/356/423
f 435/381/411 441/246/413 424/179/401
f 424/179/401 441/246/413 437/351/416
f 428/379/404 434/344/406 445/253/422
f 434/344/406 430/187/409 443/198/421
f 423/378/402 426/341/403 433/243/410
f 426/341/403 422/339/400 430/187/409
f 421/336/397 427/338/399 396/360/373
f 396/319/373 427/338/399 423/378/402
f 428/379/404 401/323/379 403/324/380
f 403/361/380 400/321/376 429/345/407
f 407/326/383 435/381/411 421/336/397
f 402/325/381 416/173/395 408/275/386
f 429/345/407 400/321/376 394/318/372
f 414/377/390 401/323/379 428/379/404
f 415/333/393 444/356/423 436/349/414
f 443/198/421 430/187/409 422/339/400
f 449/1/425 452/71/427 453/2/426
f 450/4/4 454/65/7 453/5/426
f 451/386/6 455/64/3 453/8/426
f 456/10/428 459/72/12 460/11/9
f 457/13/11 461/67/14 460/14/9
f 458/16/13 462/66/10 460/17/9
f 463/387/15 466/63/19 467/20/126
f 464/22/18 468/26/21 467/23/126
f 465/25/20 469/69/17 467/23/126
f 470/27/429 473/70/161 474/28/74
f 471/30/25 475/34/28 474/31/74
f 472/33/27 476/68/24 474/31/74
f 477/35/430 480/39/432 481/36/30
f 478/388/32 482/41/35 481/36/30
f 479/40/34 483/37/431 481/36/30
f 484/42/36 487/46/434 488/43/37
f 485/45/39 489/48/42 488/43/37
f 486/390/435 490/389/433 488/43/37
f 491/49/436 494/53/47 495/50/44
f 492/52/46 496/55/49 495/50/44
f 493/54/48 497/51/45 495/50/44
f 498/391/437 501/60/439 502/57/51
f 499/59/438 503/62/56 502/57/51
f 500/61/55 504/392/170 502/57/51
f 449/1/425 455/3/3 466/63/19
f 455/64/3 451/386/6 464/22/18
f 456/10/428 462/12/10 454/65/7
f 462/66/10 458/16/13 451/386/6
f 470/27/429 476/29/24 461/67/14
f 476/68/24 472/33/27 458/16/13
f 465/25/20 468/26/21 475/34/28
f 468/26/21 464/22/18 472/33/27
f 463/387/15 469/21/17 494/53/47
f 469/69/17 465/25/20 492/52/46
f 498/391/437 504/392/170 473/70/161
f 504/392/170 500/61/55 471/30/25
f 493/54/48 496/55/49 503/62/56
f 496/55/49 492/52/46 500/61/55
f 491/49/436 497/51/45 480/39/432
f 480/39/432 497/51/45 493/54/48
f 484/42/36 490/389/433 501/60/439
f 501/60/439 490/389/433 486/390/435
f 479/40/34 482/41/35 489/48/42
f 482/41/35 478/388/32 486/390/435
f 477/35/430 483/37/431 452/71/427
f 483/37/431 479/40/34 450/4/4
f 457/13/11 459/15/12 487/46/434
f 459/72/12 456/10/428 485/45/39
f 491/49/436 477/35/430 449/1/425
f 458/16/13 472/33/27 464/22/18
f 485/45/39 456/10/428 450/4/4
f 470/27/429 457/13/11 484/42/36
f 471/30/25 500/61/55 492/52/46
f 499/59/438 486/390/435 478/388/32
f 505/73/57 508/140/60 509/74/426
f 506/76/59 510/135/62 509/5/426
f 507/393/440 511/134/58 509/79/426
f 512/394/63 515/141/442 516/82/441
f 513/84/64 517/136/146 516/85/441
f 514/395/66 518/66/10 516/17/441
f 519/89/68 522/133/71 523/90/126
f 520/92/70 524/26/21 523/93/126
f 521/95/72 525/138/69 523/93/126
f 526/97/73 529/139/443 530/98/74
f 527/396/76 531/104/445 530/101/74
f 528/397/444 532/137/75 530/101/74
f 533/398/79 536/109/82 537/106/30
f 534/399/81 538/41/35 537/106/30
f 535/400/83 539/107/80 537/106/30
f 540/112/84 543/401/447 544/113/446
f 541/115/87 545/118/42 544/113/446
f 542/117/448 546/344/86 544/113/446
f 547/402/90 550/123/449 551/120/44
f 548/122/92 552/403/49 551/120/44
f 549/124/94 553/121/91 551/120/44
f 554/126/95 557/130/450 558/404/96
f 555/406/98 559/132/56 558/404/96
f 556/131/100 560/405/97 558/404/96
f 505/73/57 511/75/58 522/133/71
f 511/134/58 507/393/440 520/92/70
f 512/394/63 518/83/10 510/135/62
f 518/66/10 514/395/66 507/393/440
f 526/97/73 532/99/75 517/136/146
f 532/137/75 528/397/444 514/395/66
f 521/95/72 524/26/21 531/104/445
f 524/26/21 520/92/70 528/397/444
f 519/89/68 525/91/69 550/123/449
f 525/138/69 521/95/72 548/122/92
f 554/126/95 560/405/97 529/139/443
f 560/405/97 556/131/100 527/396/76
f 549/124/94 552/403/49 559/132/56
f 552/403/49 548/122/92 556/131/100
f 547/402/90 553/121/91 536/109/82
f 553/121/91 549/124/94 534/399/81
f 540/112/84 546/344/86 557/130/450
f 546/344/86 542/117/448 555/406/98
f 535/400/83 538/41/35 545/118/42
f 538/41/35 534/399/81 542/117/448
f 533/398/79 539/107/80 508/140/60
f 539/107/80 535/400/83 506/76/59
f 513/84/64 515/86/442 543/401/447
f 515/141/442 512/394/63 541/115/87
f 547/402/90 533/398/79 505/73/57
f 514/395/66 528/397/444 520/92/70
f 541/115/87 512/394/63 506/76/59
f 526/97/73 513/84/64 540/112/84
f 527/396/76 556/131/100 548/122/92
f 555/406/98 542/117/448 534/399/81
f 561/407/137 564/208/139 565/143/451
f 562/408/138 566/203/141 565/146/451
f 563/148/140 567/202/58 565/149/451
f 568/409/452 571/209/455 572/152/453
f 569/410/142 573/136/457 572/155/453
f 570/157/456 574/204/454 572/158/453
f 575/411/125 578/133/459 579/90/150
f 576/162/458 580/166/154 579/163/150
f 577/165/130 581/206/127 579/163/150
f 582/412/132 585/207/134 586/168/460
f 583/413/133 587/174/461 586/171/460
f 584/173/135 588/205/75 586/171/460
f 589/414/113 592/179/117 593/176/30
f 590/235/116 594/181/462 593/176/30
f 591/415/118 595/177/115 593/176/30
f 596/182/120 599/418/463 600/416/195
f 597/417/121 601/188/124 600/416/195
f 598/187/123 602/294/86 600/416/195
f 603/419/101 606/192/103 607/190/464
f 604/420/465 608/249/105 607/190/464
f 605/193/104 609/121/91 607/190/464
f 610/421/109 613/309/112 614/196/51
f 611/308/111 615/201/468 614/196/51
f 612/200/467 616/422/466 614/196/51
f 561/407/137 567/144/58 578/133/459
f 567/202/58 563/148/140 576/162/458
f 568/409/452 574/153/454 566/203/141
f 574/204/454 570/157/456 563/148/140
f 582/412/132 588/169/75 573/136/457
f 588/205/75 584/173/135 570/157/456
f 577/165/130 580/166/154 587/174/461
f 580/166/154 576/162/458 584/173/135
f 575/411/125 581/161/127 606/192/103
f 581/206/127 577/165/130 604/420/465
f 610/421/109 616/422/466 585/207/134
f 616/422/466 612/200/467 583/413/133
f 605/193/104 608/249/105 615/201/468
f 608/249/105 604/420/465 612/200/467
f 603/419/101 609/121/91 592/179/117
f 609/121/91 605/193/104 590/235/116
f 596/182/120 602/294/86 613/309/112
f 602/294/86 598/187/123 611/308/111
f 591/415/118 594/181/462 601/188/124
f 594/181/462 590/235/116 598/187/123
f 589/414/113 595/177/115 564/208/139
f 595/177/115 591/415/118 562/408/138
f 569/410/142 571/156/455 599/418/463
f 571/209/455 568/409/452 597/417/121
f 603/419/101 589/414/113 561/407/137
f 570/157/456 584/173/135 576/162/458
f 597/417/121 568/409/452 562/408/138
f 582/412/132 569/410/142 596/182/120
f 583/413/133 612/200/467 604/420/465
f 611/308/111 598/187/123 590/235/116
f 617/210/469 620/261/471 621/211/114
f 618/212/470 622/203/462 621/146/114
f 619/214/192 623/256/189 621/149/114
f 624/215/472 627/262/475 628/216/446
f 625/218/474 629/257/40 628/155/446
f 626/220/476 630/204/473 628/158/446
f 631/423/477 634/133/178 635/90/2
f 632/162/177 636/166/479 635/224/2
f 633/424/179 637/259/478 635/224/2
f 638/227/480 641/260/482 642/228/453
f 639/425/184 643/174/148 642/230/453
f 640/173/186 644/258/481 642/230/453
f 645/232/483 648/179/485 649/233/44
f 646/178/164 650/181/486 649/233/44
f 647/426/166 651/234/484 649/233/44
f 652/237/168 655/241/487 656/238/96
f 653/427/171 657/243/468 656/238/96
f 654/242/173 658/344/170 656/238/96
f 659/244/488 662/248/490 663/245/126
f 660/247/151 664/249/491 663/245/126
f 661/193/153 665/246/489 663/245/126
f 666/250/492 669/253/494 670/251/74
f 667/198/160 671/255/461 670/251/74
f 668/428/155 672/252/493 670/251/74
f 631/423/477 617/210/469 623/75/189
f 623/256/189 619/214/192 632/162/177
f 624/215/472 630/217/473 622/203/462
f 630/204/473 626/220/476 619/214/192
f 638/227/480 644/169/481 629/257/40
f 644/258/481 640/173/186 626/220/476
f 633/424/179 636/166/479 643/174/148
f 636/166/479 632/162/177 640/173/186
f 659/244/488 631/423/477 637/223/478
f 637/259/478 633/424/179 660/247/151
f 638/227/480 666/250/492 672/252/493
f 672/252/493 668/428/155 639/425/184
f 661/193/153 664/249/491 671/255/461
f 664/249/491 660/247/151 668/428/155
f 659/244/488 665/246/489 648/179/485
f 665/246/489 661/193/153 646/178/164
f 652/237/168 658/344/170 669/253/494
f 658/344/170 654/242/173 667/198/160
f 647/426/166 650/181/486 657/243/468
f 650/181/486 646/178/164 654/242/173
f 617/210/469 645/232/483 651/234/484
f 651/234/484 647/426/166 618/212/470
f 625/218/474 627/219/475 655/241/487
f 627/262/475 624/215/472 653/427/171
f 659/244/488 645/232/483 617/210/469
f 626/220/476 640/173/186 632/162/177
f 653/427/171 624/215/472 618/212/470
f 638/227/480 625/218/474 652/237/168
f 639/425/184 668/428/155 660/247/151
f 667/198/160 654/242/173 646/178/164
f 673/362/495 676/314/497 677/264/356
f 674/265/358 678/311/361 677/146/356
f 675/148/498 679/134/496 677/149/356
f 680/268/499 683/315/502 684/269/363
f 681/363/501 685/136/504 684/155/363
f 682/157/503 686/204/500 684/158/363
f 687/429/505 690/133/508 691/90/506
f 688/275/344 692/430/510 691/276/506
f 689/278/509 693/312/507 691/276/506
f 694/279/511 697/313/514 698/280/512
f 695/281/351 699/284/354 698/282/512
f 696/173/353 700/137/513 698/282/512
f 701/367/515 704/289/518 705/286/516
f 702/339/330 706/369/519 705/286/516
f 703/368/332 707/287/517 705/286/516
f 708/370/520 711/373/338 712/293/521
f 709/372/337 713/298/523 712/293/521
f 710/187/339 714/371/522 712/293/521
f 715/299/524 718/303/527 719/300/314
f 716/302/526 720/352/319 719/300/314
f 717/193/528 721/121/525 719/300/314
f 722/305/529 725/309/326 726/374/321
f 723/198/325 727/255/531 726/374/321
f 724/310/320 728/375/530 726/374/321
f 673/362/495 679/75/496 690/133/508
f 690/277/508 679/134/496 675/148/498
f 680/268/499 686/270/500 678/311/361
f 686/204/500 682/157/503 675/148/498
f 681/363/501 694/279/511 700/169/513
f 700/137/513 696/173/353 682/157/503
f 689/278/509 692/430/510 699/284/354
f 692/430/510 688/275/344 696/173/353
f 715/299/524 687/429/505 693/274/507
f 718/303/527 693/312/507 689/278/509
f 722/305/529 728/375/530 697/313/514
f 728/375/530 724/310/320 695/281/351
f 717/193/528 720/352/319 727/255/531
f 720/352/319 716/302/526 724/310/320
f 715/299/524 721/121/525 704/289/518
f 721/121/525 717/193/528 702/339/330
f 708/370/520 714/371/522 725/309/326
f 725/309/326 714/371/522 710/187/339
f 703/368/332 706/369/519 713/298/523
f 706/369/519 702/339/330 710/187/339
f 701/367/515 707/287/517 676/314/497
f 707/287/517 703/368/332 674/265/358
f 681/363/501 683/272/502 711/373/338
f 683/315/502 680/268/499 709/372/337
f 715/299/524 701/367/515 673/362/495
f 682/157/503 696/173/353 688/275/344
f 709/372/337 680/268/499 674/265/358
f 722/305/529 694/279/511 681/363/501
f 695/281/351 724/310/320 716/302/526
f 723/198/325 710/187/339 702/339/330
f 729/431/532 732/360/535 733/317/412
f 730/318/534 734/311/417 733/146/412
f 731/320/536 735/357/533 733/149/412
f 736/321/537 739/361/540 740/322/419
f 737/323/539 741/136/541 740/155/419
f 738/325/421 742/204/538 740/158/419
f 743/326/542 746/133/545 747/90/543
f 744/275/400 748/330/547 747/328/543
f 745/432/546 749/385/544 747/328/543
f 750/433/548 753/359/552 754/332/549
f 751/434/551 755/174/553 754/334/549
f 752/173/409 756/358/550 754/334/549
f 757/336/554 760/179/387 761/337/555
f 758/339/386 762/341/557 761/337/555
f 759/340/388 763/338/556 761/337/555
f 764/435/558 767/346/562 768/343/559
f 765/345/561 769/243/396 768/343/559
f 766/187/563 770/344/560 768/343/559
f 771/347/564 774/350/567 775/348/370
f 772/349/566 776/352/569 775/348/370
f 773/351/568 777/246/565 775/348/370
f 778/353/570 781/130/572 782/354/377
f 779/198/381 783/201/574 782/354/377
f 780/356/573 784/355/571 782/354/377
f 743/326/542 729/431/532 735/144/533
f 735/357/533 731/320/536 744/275/400
f 736/321/537 742/217/538 734/311/417
f 742/204/538 738/325/421 731/320/536
f 750/433/548 756/169/550 741/136/541
f 756/358/550 752/173/409 738/325/421
f 745/432/546 748/330/547 755/174/553
f 748/330/547 744/275/400 752/173/409
f 771/347/564 743/326/542 749/327/544
f 749/385/544 745/432/546 772/349/566
f 778/353/570 784/355/571 753/359/552
f 753/335/552 784/355/571 780/356/573
f 773/351/568 776/352/569 783/201/574
f 776/352/569 772/349/566 780/356/573
f 771/347/564 777/246/565 760/179/387
f 777/246/565 773/351/568 758/339/386
f 764/435/558 770/344/560 781/130/572
f 781/130/572 770/344/560 766/187/563
f 759/340/388 762/341/557 769/243/396
f 762/341/557 758/339/386 766/187/563
f 757/336/554 763/338/556 732/360/535
f 763/338/556 759/340/388 730/318/534
f 737/323/539 739/324/540 767/346/562
f 739/361/540 736/321/537 765/345/561
f 743/326/542 771/347/564 757/336/554
f 738/325/421 752/173/409 744/275/400
f 765/345/561 736/321/537 730/318/534
f 750/433/548 737/323/539 764/435/558
f 751/434/551 780/356/573 772/349/566
f 779/198/381 766/187/563 758/339/386
f 785/362/575 788/314/579 789/264/576
f 786/265/578 790/311/580 789/146/576
f 787/148/248 791/134/577 789/149/576
f 792/268/255 795/315/582 796/269/251
f 793/363/250 797/136/583 796/155/251
f 794/157/253 798/204/581 796/158/251
f 799/273/584 802/133/586 803/90/230
f 800/275/232 804/166/588 803/276/230
f 801/365/587 805/312/585 803/276/230
f 806/279/589 809/313/592 810/280/237
f 807/436/591 811/284/242 810/282/237
f 808/173/593 812/137/590 810/282/237
f 813/367/594 816/289/596 817/286/216
f 814/288/218 818/291/221 817/286/216
f 815/368/220 819/287/595 817/286/216
f 820/292/597 823/296/599 824/293/223
f 821/295/225 825/298/228 824/293/223
f 822/187/227 826/294/598 824/293/223
f 827/299/600 830/303/604 831/300/601
f 828/302/603 832/304/606 831/300/601
f 829/193/605 833/301/602 831/300/601
f 834/305/607 837/309/610 838/306/608
f 835/308/213 839/255/612 838/306/608
f 836/310/611 840/437/609 838/306/608
f 799/273/584 785/362/575 791/75/577
f 791/134/577 787/148/248 800/275/232
f 792/268/255 798/270/581 790/311/580
f 798/204/581 794/157/253 787/148/248
f 806/279/589 812/169/590 797/136/583
f 812/137/590 808/173/593 794/157/253
f 801/365/587 804/166/588 811/284/242
f 804/166/588 800/275/232 808/173/593
f 799/273/584 805/274/585 830/303/604
f 805/312/585 801/365/587 828/302/603
f 834/305/607 840/437/609 809/313/592
f 809/283/592 840/437/609 836/310/611
f 829/193/605 832/304/606 839/255/612
f 832/304/606 828/302/603 836/310/611
f 827/299/600 833/301/602 816/289/596
f 833/301/602 829/193/605 814/288/218
f 820/292/597 826/294/598 837/309/610
f 826/294/598 822/187/227 835/308/213
f 815/368/220 818/291/221 825/298/228
f 818/291/221 814/288/218 822/187/227
f 813/367/594 819/287/595 788/314/579
f 819/287/595 815/368/220 786/265/578
f 820/292/597 793/363/250 795/272/582
f 795/315/582 792/268/255 821/295/225
f 799/273/584 827/299/600 813/367/594
f 794/157/253 808/173/593 800/275/232
f 821/295/225 792/268/255 786/265/578
f 806/279/589 793/363/250 820/292/597
f 807/436/591 836/310/611 828/302/603
f 835/308/213 822/187/227 814/288/218
f 841/438/613 844/360/617 845/317/614
f 842/318/616 846/311/618 845/146/614
f 843/320/304 847/357/615 845/149/614
f 848/321/311 851/361/622 852/322/619
f 849/439/621 853/136/623 852/155/619
f 850/325/309 854/204/620 852/158/619
f 855/440/624 858/133/626 859/90/286
f 856/275/288 860/330/628 859/328/286
f 857/329/627 861/385/625 859/328/286
f 862/331/629 865/359/632 866/332/630
f 863/333/295 867/174/634 866/334/630
f 864/173/633 868/358/631 866/334/630
f 869/336/271 872/179/637 873/337/272
f 870/339/636 874/341/277 873/337/272
f 871/340/638 875/338/635 873/337/272
f 876/441/278 879/346/282 880/343/639
f 877/345/281 881/243/641 880/343/639
f 878/187/283 882/344/640 880/343/639
f 883/347/642 886/350/645 887/348/643
f 884/349/644 888/352/646 887/348/643
f 885/351/262 889/246/259 887/348/643
f 890/442/647 893/130/650 894/354/648
f 891/198/269 895/201/651 894/354/648
f 892/356/264 896/384/649 894/354/648
f 841/438/613 847/144/615 858/133/626
f 847/357/615 843/320/304 856/275/288
f 848/321/311 854/217/620 846/311/618
f 854/204/620 850/325/309 843/320/304
f 849/439/621 862/331/629 868/169/631
f 868/358/631 864/173/633 850/325/309
f 857/329/627 860/330/628 867/174/634
f 860/330/628 856/275/288 864/173/633
f 883/347/642 855/440/624 861/327/625
f 861/385/625 857/329/627 884/349/644
f 890/442/647 896/384/649 865/359/632
f 896/384/649 892/356/264 863/333/295
f 885/351/262 888/352/646 895/201/651
f 888/352/646 884/349/644 892/356/264
f 883/347/642 889/246/259 872/179/637
f 889/246/259 885/351/262 870/339/636
f 876/441/278 882/344/640 893/130/650
f 882/344/640 878/187/283 891/198/269
f 871/340/638 874/341/277 881/243/641
f 874/341/277 870/339/636 878/187/283
f 841/438/613 869/336/271 875/338/635
f 875/338/635 871/340/638 842/318/616
f 849/439/621 851/324/622 879/346/282
f 851/361/622 848/321/311 877/345/281
f 883/347/642 869/336/271 841/438/613
f 850/325/309 864/173/633 856/275/288
f 877/345/281 848/321/311 842/318/616
f 862/331/629 849/439/621 876/441/278
f 863/333/295 892/356/264 884/349/644
f 891/198/269 878/187/283 870/339/636
