# Blender 4.5.0
# www.blender.org
mtllib mesh_002.mtl
o mesh_002
v 0.000000 -0.004477 0.004840
v 0.000000 0.000000 0.004840
v -0.000757 -0.004477 0.004780
v -0.000757 0.000000 0.004780
v -0.001496 -0.004477 0.004603
v -0.001496 -0.000000 0.004603
v -0.002197 -0.004477 0.004312
v -0.002197 -0.000000 0.004312
v -0.002845 -0.004477 0.003916
v -0.002845 -0.000000 0.003916
v -0.003422 -0.004477 0.003422
v -0.003422 -0.000000 0.003422
v -0.003916 -0.004477 0.002845
v -0.003916 -0.000000 0.002845
v -0.004312 -0.004477 0.002197
v -0.004312 -0.000000 0.002197
v -0.004603 -0.004477 0.001496
v -0.004603 -0.000000 0.001496
v -0.004780 -0.004477 0.000757
v -0.004780 -0.000000 0.000757
v -0.004840 -0.004477 0.000000
v -0.004840 -0.000000 0.000000
v -0.004780 -0.004477 -0.000757
v -0.004780 -0.000000 -0.000757
v -0.004603 -0.004477 -0.001496
v -0.004603 -0.000000 -0.001496
v -0.004312 -0.004477 -0.002197
v -0.004312 -0.000000 -0.002197
v -0.003916 -0.004477 -0.002845
v -0.003916 -0.000000 -0.002845
v -0.003422 -0.004477 -0.003422
v -0.003422 -0.000000 -0.003422
v -0.002845 -0.004477 -0.003916
v -0.002845 -0.000000 -0.003916
v -0.002197 -0.004477 -0.004312
v -0.002197 -0.000000 -0.004312
v -0.001496 -0.004477 -0.004603
v -0.001496 -0.000000 -0.004603
v -0.000757 -0.004477 -0.004780
v -0.000757 -0.000000 -0.004780
v -0.000000 -0.004477 -0.004840
v -0.000000 -0.000000 -0.004840
v 0.000757 -0.004477 -0.004780
v 0.000757 -0.000000 -0.004780
v 0.001496 -0.004477 -0.004603
v 0.001496 -0.000000 -0.004603
v 0.002197 -0.004477 -0.004312
v 0.002197 -0.000000 -0.004312
v 0.002845 -0.004477 -0.003916
v 0.002845 -0.000000 -0.003916
v 0.003422 -0.004477 -0.003422
v 0.003422 0.000000 -0.003422
v 0.003916 -0.004477 -0.002845
v 0.003916 0.000000 -0.002845
v 0.004312 -0.004477 -0.002197
v 0.004312 0.000000 -0.002197
v 0.004603 -0.004477 -0.001496
v 0.004603 0.000000 -0.001496
v 0.004780 -0.004477 -0.000757
v 0.004780 0.000000 -0.000757
v 0.004840 -0.004477 -0.000000
v 0.004840 0.000000 -0.000000
v 0.004780 -0.004477 0.000757
v 0.004780 0.000000 0.000757
v 0.004603 -0.004477 0.001496
v 0.004603 0.000000 0.001496
v 0.004312 -0.004477 0.002197
v 0.004312 0.000000 0.002197
v 0.003916 -0.004477 0.002845
v 0.003916 0.000000 0.002845
v 0.003422 -0.004477 0.003422
v 0.003422 0.000000 0.003422
v 0.002845 -0.004477 0.003916
v 0.002845 0.000000 0.003916
v 0.002197 -0.004477 0.004312
v 0.002197 0.000000 0.004312
v 0.001496 -0.004477 0.004603
v 0.001496 0.000000 0.004603
v 0.000757 -0.004477 0.004780
v 0.000757 0.000000 0.004780
v 0.000000 -0.018919 0.009798
v 0.000000 -0.016620 0.012100
v 0.000000 -0.018744 0.010679
v 0.000000 -0.018246 0.011426
v 0.000000 -0.017500 0.011925
v 0.000000 -0.004477 0.009798
v 0.000000 -0.006776 0.012100
v 0.000000 -0.004652 0.010679
v 0.000000 -0.005150 0.011426
v 0.000000 -0.005896 0.011925
v -0.000960 -0.018919 0.009751
v -0.001186 -0.016620 0.012042
v -0.001047 -0.018744 0.010628
v -0.001120 -0.018246 0.011371
v -0.001169 -0.017500 0.011867
v -0.000960 -0.004477 0.009751
v -0.001186 -0.006776 0.012042
v -0.001047 -0.004652 0.010628
v -0.001120 -0.005150 0.011371
v -0.001169 -0.005896 0.011867
v -0.001912 -0.018919 0.009610
v -0.002361 -0.016620 0.011868
v -0.002083 -0.018744 0.010474
v -0.002229 -0.018246 0.011206
v -0.002326 -0.017500 0.011696
v -0.001912 -0.004477 0.009610
v -0.002361 -0.006776 0.011868
v -0.002083 -0.004652 0.010474
v -0.002229 -0.005150 0.011206
v -0.002326 -0.005896 0.011696
v -0.002844 -0.018919 0.009376
v -0.003512 -0.016620 0.011579
v -0.003100 -0.018744 0.010219
v -0.003317 -0.018246 0.010934
v -0.003462 -0.017500 0.011411
v -0.002844 -0.004477 0.009376
v -0.003512 -0.006776 0.011579
v -0.003100 -0.004652 0.010219
v -0.003317 -0.005150 0.010934
v -0.003462 -0.005896 0.011411
v -0.003750 -0.018919 0.009052
v -0.004630 -0.016620 0.011179
v -0.004087 -0.018744 0.009866
v -0.004372 -0.018246 0.010556
v -0.004563 -0.017500 0.011017
v -0.003750 -0.004477 0.009052
v -0.004630 -0.006776 0.011179
v -0.004087 -0.004652 0.009866
v -0.004372 -0.005150 0.010556
v -0.004563 -0.005896 0.011017
v -0.004619 -0.018919 0.008641
v -0.005704 -0.016620 0.010671
v -0.005034 -0.018744 0.009418
v -0.005386 -0.018246 0.010077
v -0.005621 -0.017500 0.010517
v -0.004619 -0.004477 0.008641
v -0.005704 -0.006776 0.010671
v -0.005034 -0.004652 0.009418
v -0.005386 -0.005150 0.010077
v -0.005621 -0.005896 0.010517
v -0.005444 -0.018919 0.008147
v -0.006722 -0.016620 0.010061
v -0.005933 -0.018744 0.008879
v -0.006348 -0.018246 0.009500
v -0.006625 -0.017500 0.009915
v -0.005444 -0.004477 0.008147
v -0.006722 -0.006776 0.010061
v -0.005933 -0.004652 0.008879
v -0.006348 -0.005150 0.009500
v -0.006625 -0.005896 0.009915
v -0.006216 -0.018919 0.007574
v -0.007676 -0.016620 0.009353
v -0.006775 -0.018744 0.008255
v -0.007248 -0.018246 0.008832
v -0.007565 -0.017500 0.009218
v -0.006216 -0.004477 0.007574
v -0.007676 -0.006776 0.009353
v -0.006775 -0.004652 0.008255
v -0.007248 -0.005150 0.008832
v -0.007565 -0.005896 0.009218
v -0.006928 -0.018919 0.006928
v -0.008556 -0.016620 0.008556
v -0.007551 -0.018744 0.007551
v -0.008079 -0.018246 0.008079
v -0.008432 -0.017500 0.008432
v -0.006928 -0.004477 0.006928
v -0.008556 -0.006776 0.008556
v -0.007551 -0.004652 0.007551
v -0.008079 -0.005150 0.008079
v -0.008432 -0.005896 0.008432
v -0.007574 -0.018919 0.006216
v -0.009353 -0.016620 0.007676
v -0.008255 -0.018744 0.006775
v -0.008832 -0.018246 0.007248
v -0.009218 -0.017500 0.007565
v -0.007574 -0.004477 0.006216
v -0.009353 -0.006776 0.007676
v -0.008255 -0.004652 0.006775
v -0.008832 -0.005150 0.007248
v -0.009218 -0.005896 0.007565
v -0.008147 -0.018919 0.005444
v -0.010061 -0.016620 0.006722
v -0.008879 -0.018744 0.005933
v -0.009500 -0.018246 0.006348
v -0.009915 -0.017500 0.006625
v -0.008147 -0.004477 0.005444
v -0.010061 -0.006776 0.006722
v -0.008879 -0.004652 0.005933
v -0.009500 -0.005150 0.006348
v -0.009915 -0.005896 0.006625
v -0.008641 -0.018919 0.004619
v -0.010671 -0.016620 0.005704
v -0.009418 -0.018744 0.005034
v -0.010077 -0.018246 0.005386
v -0.010517 -0.017500 0.005621
v -0.008641 -0.004477 0.004619
v -0.010671 -0.006776 0.005704
v -0.009418 -0.004652 0.005034
v -0.010077 -0.005150 0.005386
v -0.010517 -0.005896 0.005621
v -0.009052 -0.018919 0.003750
v -0.011179 -0.016620 0.004630
v -0.009866 -0.018744 0.004087
v -0.010556 -0.018246 0.004372
v -0.011017 -0.017500 0.004563
v -0.009052 -0.004477 0.003750
v -0.011179 -0.006776 0.004630
v -0.009866 -0.004652 0.004087
v -0.010556 -0.005150 0.004372
v -0.011017 -0.005896 0.004563
v -0.009376 -0.018919 0.002844
v -0.011579 -0.016620 0.003512
v -0.010219 -0.018744 0.003100
v -0.010934 -0.018246 0.003317
v -0.011411 -0.017500 0.003462
v -0.009376 -0.004477 0.002844
v -0.011579 -0.006776 0.003512
v -0.010219 -0.004652 0.003100
v -0.010934 -0.005150 0.003317
v -0.011411 -0.005896 0.003462
v -0.009610 -0.018919 0.001912
v -0.011868 -0.016620 0.002361
v -0.010474 -0.018744 0.002083
v -0.011206 -0.018246 0.002229
v -0.011696 -0.017500 0.002326
v -0.009610 -0.004477 0.001912
v -0.011868 -0.006776 0.002361
v -0.010474 -0.004652 0.002083
v -0.011206 -0.005150 0.002229
v -0.011696 -0.005896 0.002326
v -0.009751 -0.018919 0.000960
v -0.012042 -0.016620 0.001186
v -0.010628 -0.018744 0.001047
v -0.011371 -0.018246 0.001120
v -0.011867 -0.017500 0.001169
v -0.009751 -0.004477 0.000960
v -0.012042 -0.006776 0.001186
v -0.010628 -0.004652 0.001047
v -0.011371 -0.005150 0.001120
v -0.011867 -0.005896 0.001169
v -0.009798 -0.018919 0.000000
v -0.012100 -0.016620 0.000000
v -0.010679 -0.018744 0.000000
v -0.011426 -0.018246 0.000000
v -0.011925 -0.017500 0.000000
v -0.009798 -0.004477 0.000000
v -0.012100 -0.006776 0.000000
v -0.010679 -0.004652 0.000000
v -0.011426 -0.005150 0.000000
v -0.011925 -0.005896 0.000000
v -0.009751 -0.018919 -0.000960
v -0.012042 -0.016620 -0.001186
v -0.010628 -0.018744 -0.001047
v -0.011371 -0.018246 -0.001120
v -0.011867 -0.017500 -0.001169
v -0.009751 -0.004477 -0.000960
v -0.012042 -0.006776 -0.001186
v -0.010628 -0.004652 -0.001047
v -0.011371 -0.005150 -0.001120
v -0.011867 -0.005896 -0.001169
v -0.009610 -0.018919 -0.001912
v -0.011868 -0.016620 -0.002361
v -0.010474 -0.018744 -0.002083
v -0.011206 -0.018246 -0.002229
v -0.011696 -0.017500 -0.002326
v -0.009610 -0.004477 -0.001912
v -0.011868 -0.006776 -0.002361
v -0.010474 -0.004652 -0.002083
v -0.011206 -0.005150 -0.002229
v -0.011696 -0.005896 -0.002326
v -0.009376 -0.018919 -0.002844
v -0.011579 -0.016620 -0.003512
v -0.010219 -0.018744 -0.003100
v -0.010934 -0.018246 -0.003317
v -0.011411 -0.017500 -0.003462
v -0.009376 -0.004477 -0.002844
v -0.011579 -0.006776 -0.003512
v -0.010219 -0.004652 -0.003100
v -0.010934 -0.005150 -0.003317
v -0.011411 -0.005896 -0.003462
v -0.009052 -0.018919 -0.003750
v -0.011179 -0.016620 -0.004630
v -0.009866 -0.018744 -0.004087
v -0.010556 -0.018246 -0.004372
v -0.011017 -0.017500 -0.004563
v -0.009052 -0.004477 -0.003750
v -0.011179 -0.006776 -0.004630
v -0.009866 -0.004652 -0.004087
v -0.010556 -0.005150 -0.004372
v -0.011017 -0.005896 -0.004563
v -0.008641 -0.018919 -0.004619
v -0.010671 -0.016620 -0.005704
v -0.009418 -0.018744 -0.005034
v -0.010077 -0.018246 -0.005386
v -0.010517 -0.017500 -0.005621
v -0.008641 -0.004477 -0.004619
v -0.010671 -0.006776 -0.005704
v -0.009418 -0.004652 -0.005034
v -0.010077 -0.005150 -0.005386
v -0.010517 -0.005896 -0.005621
v -0.008147 -0.018919 -0.005444
v -0.010061 -0.016620 -0.006722
v -0.008879 -0.018744 -0.005933
v -0.009500 -0.018246 -0.006348
v -0.009915 -0.017500 -0.006625
v -0.008147 -0.004477 -0.005444
v -0.010061 -0.006776 -0.006722
v -0.008879 -0.004652 -0.005933
v -0.009500 -0.005150 -0.006348
v -0.009915 -0.005896 -0.006625
v -0.007574 -0.018919 -0.006216
v -0.009353 -0.016620 -0.007676
v -0.008255 -0.018744 -0.006775
v -0.008832 -0.018246 -0.007248
v -0.009218 -0.017500 -0.007565
v -0.007574 -0.004477 -0.006216
v -0.009353 -0.006776 -0.007676
v -0.008255 -0.004652 -0.006775
v -0.008832 -0.005150 -0.007248
v -0.009218 -0.005896 -0.007565
v -0.006928 -0.018919 -0.006928
v -0.008556 -0.016620 -0.008556
v -0.007551 -0.018744 -0.007551
v -0.008079 -0.018246 -0.008079
v -0.008432 -0.017500 -0.008432
v -0.006928 -0.004477 -0.006928
v -0.008556 -0.006776 -0.008556
v -0.007551 -0.004652 -0.007551
v -0.008079 -0.005150 -0.008079
v -0.008432 -0.005896 -0.008432
v -0.006216 -0.018919 -0.007574
v -0.007676 -0.016620 -0.009353
v -0.006775 -0.018744 -0.008255
v -0.007248 -0.018246 -0.008832
v -0.007565 -0.017500 -0.009218
v -0.006216 -0.004477 -0.007574
v -0.007676 -0.006776 -0.009353
v -0.006775 -0.004652 -0.008255
v -0.007248 -0.005150 -0.008832
v -0.007565 -0.005896 -0.009218
v -0.005444 -0.018919 -0.008147
v -0.006722 -0.016620 -0.010061
v -0.005933 -0.018744 -0.008879
v -0.006348 -0.018246 -0.009500
v -0.006625 -0.017500 -0.009915
v -0.005444 -0.004477 -0.008147
v -0.006722 -0.006776 -0.010061
v -0.005933 -0.004652 -0.008879
v -0.006348 -0.005150 -0.009500
v -0.006625 -0.005896 -0.009915
v -0.004619 -0.018919 -0.008641
v -0.005704 -0.016620 -0.010671
v -0.005034 -0.018744 -0.009418
v -0.005386 -0.018246 -0.010077
v -0.005621 -0.017500 -0.010517
v -0.004619 -0.004477 -0.008641
v -0.005704 -0.006776 -0.010671
v -0.005034 -0.004652 -0.009418
v -0.005386 -0.005150 -0.010077
v -0.005621 -0.005896 -0.010517
v -0.003750 -0.018919 -0.009052
v -0.004630 -0.016620 -0.011179
v -0.004087 -0.018744 -0.009866
v -0.004372 -0.018246 -0.010556
v -0.004563 -0.017500 -0.011017
v -0.003750 -0.004477 -0.009052
v -0.004630 -0.006776 -0.011179
v -0.004087 -0.004652 -0.009866
v -0.004372 -0.005150 -0.010556
v -0.004563 -0.005896 -0.011017
v -0.002844 -0.018919 -0.009376
v -0.003512 -0.016620 -0.011579
v -0.003100 -0.018744 -0.010219
v -0.003317 -0.018246 -0.010934
v -0.003462 -0.017500 -0.011411
v -0.002844 -0.004477 -0.009376
v -0.003512 -0.006776 -0.011579
v -0.003100 -0.004652 -0.010219
v -0.003317 -0.005150 -0.010934
v -0.003462 -0.005896 -0.011411
v -0.001912 -0.018919 -0.009610
v -0.002361 -0.016620 -0.011868
v -0.002083 -0.018744 -0.010474
v -0.002229 -0.018246 -0.011206
v -0.002326 -0.017500 -0.011696
v -0.001912 -0.004477 -0.009610
v -0.002361 -0.006776 -0.011868
v -0.002083 -0.004652 -0.010474
v -0.002229 -0.005150 -0.011206
v -0.002326 -0.005896 -0.011696
v -0.000960 -0.018919 -0.009751
v -0.001186 -0.016620 -0.012042
v -0.001047 -0.018744 -0.010628
v -0.001120 -0.018246 -0.011371
v -0.001169 -0.017500 -0.011867
v -0.000960 -0.004477 -0.009751
v -0.001186 -0.006776 -0.012042
v -0.001047 -0.004652 -0.010628
v -0.001120 -0.005150 -0.011371
v -0.001169 -0.005896 -0.011867
v -0.000000 -0.018919 -0.009798
v -0.000000 -0.016620 -0.012100
v -0.000000 -0.018744 -0.010679
v -0.000000 -0.018246 -0.011426
v -0.000000 -0.017500 -0.011925
v -0.000000 -0.004477 -0.009798
v -0.000000 -0.006776 -0.012100
v -0.000000 -0.004652 -0.010679
v -0.000000 -0.005150 -0.011426
v -0.000000 -0.005896 -0.011925
v 0.000960 -0.018919 -0.009751
v 0.001186 -0.016620 -0.012042
v 0.001047 -0.018744 -0.010628
v 0.001120 -0.018246 -0.011371
v 0.001169 -0.017500 -0.011867
v 0.000960 -0.004477 -0.009751
v 0.001186 -0.006776 -0.012042
v 0.001047 -0.004652 -0.010628
v 0.001120 -0.005150 -0.011371
v 0.001169 -0.005896 -0.011867
v 0.001912 -0.018919 -0.009610
v 0.002361 -0.016620 -0.011868
v 0.002083 -0.018744 -0.010474
v 0.002229 -0.018246 -0.011206
v 0.002326 -0.017500 -0.011696
v 0.001912 -0.004477 -0.009610
v 0.002361 -0.006776 -0.011868
v 0.002083 -0.004652 -0.010474
v 0.002229 -0.005150 -0.011206
v 0.002326 -0.005896 -0.011696
v 0.002844 -0.018919 -0.009376
v 0.003512 -0.016620 -0.011579
v 0.003100 -0.018744 -0.010219
v 0.003317 -0.018246 -0.010934
v 0.003462 -0.017500 -0.011411
v 0.002844 -0.004477 -0.009376
v 0.003512 -0.006776 -0.011579
v 0.003100 -0.004652 -0.010219
v 0.003317 -0.005150 -0.010934
v 0.003462 -0.005896 -0.011411
v 0.003750 -0.018919 -0.009052
v 0.004630 -0.016620 -0.011179
v 0.004087 -0.018744 -0.009866
v 0.004372 -0.018246 -0.010556
v 0.004563 -0.017500 -0.011017
v 0.003750 -0.004477 -0.009052
v 0.004630 -0.006776 -0.011179
v 0.004087 -0.004652 -0.009866
v 0.004372 -0.005150 -0.010556
v 0.004563 -0.005896 -0.011017
v 0.004619 -0.018919 -0.008641
v 0.005704 -0.016620 -0.010671
v 0.005034 -0.018744 -0.009418
v 0.005386 -0.018246 -0.010077
v 0.005621 -0.017500 -0.010517
v 0.004619 -0.004477 -0.008641
v 0.005704 -0.006776 -0.010671
v 0.005034 -0.004652 -0.009418
v 0.005386 -0.005150 -0.010077
v 0.005621 -0.005896 -0.010517
v 0.005444 -0.018919 -0.008147
v 0.006722 -0.016620 -0.010061
v 0.005933 -0.018744 -0.008879
v 0.006348 -0.018246 -0.009500
v 0.006625 -0.017500 -0.009915
v 0.005444 -0.004477 -0.008147
v 0.006722 -0.006776 -0.010061
v 0.005933 -0.004652 -0.008879
v 0.006348 -0.005150 -0.009500
v 0.006625 -0.005896 -0.009915
v 0.006216 -0.018919 -0.007574
v 0.007676 -0.016620 -0.009353
v 0.006775 -0.018744 -0.008255
v 0.007248 -0.018246 -0.008832
v 0.007565 -0.017500 -0.009218
v 0.006216 -0.004477 -0.007574
v 0.007676 -0.006776 -0.009353
v 0.006775 -0.004652 -0.008255
v 0.007248 -0.005150 -0.008832
v 0.007565 -0.005896 -0.009218
v 0.006928 -0.018919 -0.006928
v 0.008556 -0.016620 -0.008556
v 0.007551 -0.018744 -0.007551
v 0.008079 -0.018246 -0.008079
v 0.008432 -0.017500 -0.008432
v 0.006928 -0.004477 -0.006928
v 0.008556 -0.006776 -0.008556
v 0.007551 -0.004652 -0.007551
v 0.008079 -0.005150 -0.008079
v 0.008432 -0.005896 -0.008432
v 0.007574 -0.018919 -0.006216
v 0.009353 -0.016620 -0.007676
v 0.008255 -0.018744 -0.006775
v 0.008832 -0.018246 -0.007248
v 0.009218 -0.017500 -0.007565
v 0.007574 -0.004477 -0.006216
v 0.009353 -0.006776 -0.007676
v 0.008255 -0.004652 -0.006775
v 0.008832 -0.005150 -0.007248
v 0.009218 -0.005896 -0.007565
v 0.008147 -0.018919 -0.005444
v 0.010061 -0.016620 -0.006722
v 0.008879 -0.018744 -0.005933
v 0.009500 -0.018246 -0.006348
v 0.009915 -0.017500 -0.006625
v 0.008147 -0.004477 -0.005444
v 0.010061 -0.006776 -0.006722
v 0.008879 -0.004652 -0.005933
v 0.009500 -0.005150 -0.006348
v 0.009915 -0.005896 -0.006625
v 0.008641 -0.018919 -0.004619
v 0.010671 -0.016620 -0.005704
v 0.009418 -0.018744 -0.005034
v 0.010077 -0.018246 -0.005386
v 0.010517 -0.017500 -0.005621
v 0.008641 -0.004477 -0.004619
v 0.010671 -0.006776 -0.005704
v 0.009418 -0.004652 -0.005034
v 0.010077 -0.005150 -0.005386
v 0.010517 -0.005896 -0.005621
v 0.009052 -0.018919 -0.003750
v 0.011179 -0.016620 -0.004630
v 0.009866 -0.018744 -0.004087
v 0.010556 -0.018246 -0.004372
v 0.011017 -0.017500 -0.004563
v 0.009052 -0.004477 -0.003750
v 0.011179 -0.006776 -0.004630
v 0.009866 -0.004652 -0.004087
v 0.010556 -0.005150 -0.004372
v 0.011017 -0.005896 -0.004563
v 0.009376 -0.018919 -0.002844
v 0.011579 -0.016620 -0.003512
v 0.010219 -0.018744 -0.003100
v 0.010934 -0.018246 -0.003317
v 0.011411 -0.017500 -0.003462
v 0.009376 -0.004477 -0.002844
v 0.011579 -0.006776 -0.003512
v 0.010219 -0.004652 -0.003100
v 0.010934 -0.005150 -0.003317
v 0.011411 -0.005896 -0.003462
v 0.009610 -0.018919 -0.001912
v 0.011868 -0.016620 -0.002361
v 0.010474 -0.018744 -0.002083
v 0.011206 -0.018246 -0.002229
v 0.011696 -0.017500 -0.002326
v 0.009610 -0.004477 -0.001912
v 0.011868 -0.006776 -0.002361
v 0.010474 -0.004652 -0.002083
v 0.011206 -0.005150 -0.002229
v 0.011696 -0.005896 -0.002326
v 0.009751 -0.018919 -0.000960
v 0.012042 -0.016620 -0.001186
v 0.010628 -0.018744 -0.001047
v 0.011371 -0.018246 -0.001120
v 0.011867 -0.017500 -0.001169
v 0.009751 -0.004477 -0.000960
v 0.012042 -0.006776 -0.001186
v 0.010628 -0.004652 -0.001047
v 0.011371 -0.005150 -0.001120
v 0.011867 -0.005896 -0.001169
v 0.009798 -0.018919 -0.000000
v 0.012100 -0.016620 -0.000000
v 0.010679 -0.018744 -0.000000
v 0.011426 -0.018246 -0.000000
v 0.011925 -0.017500 -0.000000
v 0.009798 -0.004477 -0.000000
v 0.012100 -0.006776 -0.000000
v 0.010679 -0.004652 -0.000000
v 0.011426 -0.005150 -0.000000
v 0.011925 -0.005896 -0.000000
v 0.009751 -0.018919 0.000960
v 0.012042 -0.016620 0.001186
v 0.010628 -0.018744 0.001047
v 0.011371 -0.018246 0.001120
v 0.011867 -0.017500 0.001169
v 0.009751 -0.004477 0.000960
v 0.012042 -0.006776 0.001186
v 0.010628 -0.004652 0.001047
v 0.011371 -0.005150 0.001120
v 0.011867 -0.005896 0.001169
v 0.009610 -0.018919 0.001912
v 0.011868 -0.016620 0.002361
v 0.010474 -0.018744 0.002083
v 0.011206 -0.018246 0.002229
v 0.011696 -0.017500 0.002326
v 0.009610 -0.004477 0.001912
v 0.011868 -0.006776 0.002361
v 0.010474 -0.004652 0.002083
v 0.011206 -0.005150 0.002229
v 0.011696 -0.005896 0.002326
v 0.009376 -0.018919 0.002844
v 0.011579 -0.016620 0.003512
v 0.010219 -0.018744 0.003100
v 0.010934 -0.018246 0.003317
v 0.011411 -0.017500 0.003462
v 0.009376 -0.004477 0.002844
v 0.011579 -0.006776 0.003512
v 0.010219 -0.004652 0.003100
v 0.010934 -0.005150 0.003317
v 0.011411 -0.005896 0.003462
v 0.009052 -0.018919 0.003750
v 0.011179 -0.016620 0.004630
v 0.009866 -0.018744 0.004087
v 0.010556 -0.018246 0.004372
v 0.011017 -0.017500 0.004563
v 0.009052 -0.004477 0.003750
v 0.011179 -0.006776 0.004630
v 0.009866 -0.004652 0.004087
v 0.010556 -0.005150 0.004372
v 0.011017 -0.005896 0.004563
v 0.008641 -0.018919 0.004619
v 0.010671 -0.016620 0.005704
v 0.009418 -0.018744 0.005034
v 0.010077 -0.018246 0.005386
v 0.010517 -0.017500 0.005621
v 0.008641 -0.004477 0.004619
v 0.010671 -0.006776 0.005704
v 0.009418 -0.004652 0.005034
v 0.010077 -0.005150 0.005386
v 0.010517 -0.005896 0.005621
v 0.008147 -0.018919 0.005444
v 0.010061 -0.016620 0.006722
v 0.008879 -0.018744 0.005933
v 0.009500 -0.018246 0.006348
v 0.009915 -0.017500 0.006625
v 0.008147 -0.004477 0.005444
v 0.010061 -0.006776 0.006722
v 0.008879 -0.004652 0.005933
v 0.009500 -0.005150 0.006348
v 0.009915 -0.005896 0.006625
v 0.007574 -0.018919 0.006216
v 0.009353 -0.016620 0.007676
v 0.008255 -0.018744 0.006775
v 0.008832 -0.018246 0.007248
v 0.009218 -0.017500 0.007565
v 0.007574 -0.004477 0.006216
v 0.009353 -0.006776 0.007676
v 0.008255 -0.004652 0.006775
v 0.008832 -0.005150 0.007248
v 0.009218 -0.005896 0.007565
v 0.006928 -0.018919 0.006928
v 0.008556 -0.016620 0.008556
v 0.007551 -0.018744 0.007551
v 0.008079 -0.018246 0.008079
v 0.008432 -0.017500 0.008432
v 0.006928 -0.004477 0.006928
v 0.008556 -0.006776 0.008556
v 0.007551 -0.004652 0.007551
v 0.008079 -0.005150 0.008079
v 0.008432 -0.005896 0.008432
v 0.006216 -0.018919 0.007574
v 0.007676 -0.016620 0.009353
v 0.006775 -0.018744 0.008255
v 0.007248 -0.018246 0.008832
v 0.007565 -0.017500 0.009218
v 0.006216 -0.004477 0.007574
v 0.007676 -0.006776 0.009353
v 0.006775 -0.004652 0.008255
v 0.007248 -0.005150 0.008832
v 0.007565 -0.005896 0.009218
v 0.005444 -0.018919 0.008147
v 0.006722 -0.016620 0.010061
v 0.005933 -0.018744 0.008879
v 0.006348 -0.018246 0.009500
v 0.006625 -0.017500 0.009915
v 0.005444 -0.004477 0.008147
v 0.006722 -0.006776 0.010061
v 0.005933 -0.004652 0.008879
v 0.006348 -0.005150 0.009500
v 0.006625 -0.005896 0.009915
v 0.004619 -0.018919 0.008641
v 0.005704 -0.016620 0.010671
v 0.005034 -0.018744 0.009418
v 0.005386 -0.018246 0.010077
v 0.005621 -0.017500 0.010517
v 0.004619 -0.004477 0.008641
v 0.005704 -0.006776 0.010671
v 0.005034 -0.004652 0.009418
v 0.005386 -0.005150 0.010077
v 0.005621 -0.005896 0.010517
v 0.003750 -0.018919 0.009052
v 0.004630 -0.016620 0.011179
v 0.004087 -0.018744 0.009866
v 0.004372 -0.018246 0.010556
v 0.004563 -0.017500 0.011017
v 0.003750 -0.004477 0.009052
v 0.004630 -0.006776 0.011179
v 0.004087 -0.004652 0.009866
v 0.004372 -0.005150 0.010556
v 0.004563 -0.005896 0.011017
v 0.002844 -0.018919 0.009376
v 0.003512 -0.016620 0.011579
v 0.003100 -0.018744 0.010219
v 0.003317 -0.018246 0.010934
v 0.003462 -0.017500 0.011411
v 0.002844 -0.004477 0.009376
v 0.003512 -0.006776 0.011579
v 0.003100 -0.004652 0.010219
v 0.003317 -0.005150 0.010934
v 0.003462 -0.005896 0.011411
v 0.001912 -0.018919 0.009610
v 0.002361 -0.016620 0.011868
v 0.002083 -0.018744 0.010474
v 0.002229 -0.018246 0.011206
v 0.002326 -0.017500 0.011696
v 0.001912 -0.004477 0.009610
v 0.002361 -0.006776 0.011868
v 0.002083 -0.004652 0.010474
v 0.002229 -0.005150 0.011206
v 0.002326 -0.005896 0.011696
v 0.000960 -0.018919 0.009751
v 0.001186 -0.016620 0.012042
v 0.001047 -0.018744 0.010628
v 0.001120 -0.018246 0.011371
v 0.001169 -0.017500 0.011867
v 0.000960 -0.004477 0.009751
v 0.001186 -0.006776 0.012042
v 0.001047 -0.004652 0.010628
v 0.001120 -0.005150 0.011371
v 0.001169 -0.005896 0.011867
vn -0.6523 0.6016 0.4611
vn -0.0094 -0.9982 0.0594
vn 0.0001 -0.9989 0.0470
vn -0.0161 0.9986 0.0507
vn -0.0285 -0.9958 0.0876
vn -0.0422 -0.9957 0.0829
vn 0.1145 0.9855 0.1254
vn -0.0276 -0.9989 0.0380
vn 0.0663 0.9835 0.1682
vn -0.0600 -0.9964 0.0600
vn 0.0703 0.9854 0.1549
vn -0.0380 -0.9989 0.0276
vn 0.0038 0.9829 0.1841
vn -0.0726 -0.9967 0.0370
vn 0.0189 0.9855 0.1688
vn -0.0447 -0.9989 0.0145
vn -0.0452 0.9835 0.1751
vn -0.0838 -0.9964 0.0133
vn -0.0342 0.9854 0.1666
vn -0.0199 -0.9998 -0.0000
vn -0.0196 0.9998 -0.0032
vn -0.1173 -0.9929 -0.0186
vn -0.0447 -0.9989 -0.0145
vn -0.1395 0.9835 0.1151
vn -0.0756 -0.9964 -0.0385
vn -0.1254 0.9855 0.1145
vn -0.0380 -0.9989 -0.0276
vn -0.1739 0.9829 0.0605
vn -0.0377 -0.9986 -0.0377
vn -0.1547 0.9855 0.0701
vn -0.0117 -0.9998 -0.0161
vn -0.0090 0.9998 -0.0177
vn -0.0542 -0.9929 -0.1064
vn -0.0145 -0.9989 -0.0447
vn -0.1746 0.9837 -0.0419
vn -0.0145 -0.9957 -0.0919
vn -0.1666 0.9854 -0.0342
vn -0.0000 -0.9998 -0.0199
vn 0.0032 0.9998 -0.0196
vn 0.0187 -0.9929 -0.1179
vn 0.0145 -0.9989 -0.0447
vn -0.1112 0.9829 -0.1467
vn 0.0300 -0.9978 -0.0588
vn 0.0354 0.9982 -0.0486
vn 0.0541 -0.9958 -0.0745
vn 0.0600 -0.9964 -0.0600
vn -0.0702 0.9855 -0.1547
vn 0.0380 -0.9989 -0.0276
vn -0.0394 0.9852 -0.1665
vn 0.0829 -0.9957 -0.0422
vn -0.0190 0.9854 -0.1692
vn 0.0447 -0.9989 -0.0145
vn 0.0452 0.9835 -0.1751
vn 0.0594 -0.9982 -0.0094
vn 0.0729 0.9973 0.0001
vn 0.0921 -0.9958 -0.0000
vn 0.0653 -0.9978 0.0104
vn 0.0839 0.9855 -0.1477
vn 0.0447 -0.9989 0.0145
vn 0.1395 0.9835 -0.1151
vn 0.0756 -0.9964 0.0385
vn 0.1254 0.9855 -0.1145
vn 0.0380 -0.9989 0.0276
vn 0.1658 0.9838 -0.0687
vn 0.0657 -0.9957 0.0658
vn 0.1547 0.9855 -0.0701
vn 0.0276 -0.9989 0.0380
vn 0.1807 0.9835 -0.0112
vn 0.0385 -0.9964 0.0756
vn 0.1690 0.9854 -0.0190
vn 0.0145 -0.9989 0.0447
vn -0.7462 0.2992 -0.5948
vn 0.1762 0.9829 0.0533
vn 0.0103 -0.9978 0.0653
vn 0.7574 0.3575 0.5464
vn -0.0497 -0.0325 0.9982
vn -0.0906 -0.3806 0.9203
vn -0.0000 -0.3803 0.9249
vn -0.0000 -0.7037 0.7105
vn -0.0689 -0.7039 0.7070
vn -0.0000 -0.9211 0.3893
vn -0.0368 -0.9213 0.3871
vn -0.0000 -1.0000 0.0004
vn 0.0651 0.0477 0.9967
vn -0.0906 0.3806 0.9203
vn -0.0980 0.0158 0.9951
vn -0.0000 0.7037 0.7105
vn -0.0696 0.7037 0.7071
vn -0.0000 0.9211 0.3893
vn -0.0382 0.9211 0.3874
vn -0.0000 1.0000 0.0011
vn -0.0001 1.0000 0.0012
vn -0.2584 -0.0476 0.9649
vn -0.0157 -0.0971 0.9952
vn -0.1386 -0.7037 0.6968
vn -0.0760 -0.9211 0.3819
vn -0.0001 -1.0000 0.0007
vn 0.0882 -0.9895 0.1144
vn -0.1804 0.3805 0.9070
vn -0.1951 0.0158 0.9807
vn -0.1386 0.7036 0.6969
vn -0.0759 0.9211 0.3818
vn -0.0001 1.0000 0.0007
vn -0.2684 -0.3806 0.8849
vn -0.1810 -0.3809 0.9067
vn -0.2062 -0.7038 0.6798
vn -0.1130 -0.9211 0.3725
vn -0.0004 -1.0000 0.0012
vn -0.2684 0.3809 0.8848
vn -0.2903 0.0159 0.9568
vn -0.2063 0.7037 0.6799
vn -0.1130 0.9211 0.3725
vn -0.0001 1.0000 0.0004
vn -0.2270 -0.0477 0.9727
vn -0.3539 -0.3803 0.8545
vn -0.2719 -0.7037 0.6565
vn -0.1490 -0.9211 0.3597
vn -0.3360 0.0324 0.9413
vn -0.3539 0.3805 0.8544
vn -0.2719 0.7037 0.6565
vn -0.1490 0.9211 0.3597
vn -0.0007 1.0000 0.0017
vn -0.5273 -0.0477 0.8484
vn -0.3039 -0.0971 0.9478
vn -0.3349 -0.7037 0.6266
vn -0.1835 -0.9211 0.3434
vn -0.0005 -1.0000 0.0009
vn 0.0518 -0.9894 0.1354
vn -0.4359 0.3805 0.8156
vn -0.4713 0.0158 0.8818
vn -0.3350 0.7036 0.6267
vn -0.1835 0.9211 0.3434
vn -0.0003 1.0000 0.0006
vn -0.6079 -0.0477 0.7926
vn -0.4363 -0.3809 0.8152
vn -0.5135 -0.3805 0.7692
vn -0.2163 -0.9211 0.3237
vn -0.5138 0.3803 0.7690
vn -0.5555 0.0159 0.8314
vn -0.3947 0.7037 0.5908
vn -0.2163 0.9211 0.3237
vn -0.0007 1.0000 0.0011
vn -0.6826 -0.0477 0.7292
vn -0.5864 -0.3804 0.7152
vn -0.3952 -0.7045 0.5895
vn -0.4501 -0.7039 0.5495
vn -0.2457 -0.9213 0.3014
vn 0.0248 -0.9894 0.1432
vn -0.5948 0.0325 0.8032
vn -0.5867 0.3806 0.7148
vn -0.4507 0.7037 0.5492
vn -0.2469 0.9211 0.3009
vn -0.0004 1.0000 0.0005
vn -0.7509 -0.0477 0.6587
vn -0.6537 -0.3806 0.6540
vn -0.5018 -0.7038 0.5029
vn -0.2740 -0.9213 0.2759
vn 0.0100 -0.9895 0.1444
vn -0.6707 0.0324 0.7411
vn -0.6539 0.3805 0.6539
vn -0.5024 0.7037 0.5024
vn -0.2753 0.9211 0.2753
vn -0.0013 1.0000 0.0013
vn -0.7149 -0.3805 0.5867
vn -0.5492 -0.7037 0.4507
vn -0.3009 -0.9211 0.2470
vn -0.0011 -1.0000 0.0009
vn -0.0040 -0.9894 0.1449
vn -0.7149 0.3805 0.5867
vn -0.7729 0.0158 0.6343
vn -0.5493 0.7037 0.4508
vn -0.3009 0.9211 0.2470
vn -0.0003 1.0000 0.0002
vn -0.8650 -0.0477 0.4996
vn -0.7148 -0.0971 0.6926
vn -0.7688 -0.3806 0.5139
vn -0.3237 -0.9211 0.2163
vn -0.0006 -1.0000 0.0004
vn -0.7689 0.3805 0.5138
vn -0.8314 0.0158 0.5555
vn -0.5908 0.7037 0.3947
vn -0.3237 0.9211 0.2163
vn -0.0014 1.0000 0.0009
vn -0.8156 -0.3805 0.4359
vn -0.6266 -0.7037 0.3349
vn -0.5907 -0.7045 0.3934
vn -0.3434 -0.9211 0.1835
vn -0.0011 -1.0000 0.0006
vn -0.8156 0.3805 0.4359
vn -0.8818 0.0158 0.4713
vn -0.6266 0.7037 0.3349
vn -0.3433 0.9211 0.1835
vn -0.9458 -0.0477 0.3212
vn -0.8361 -0.0971 0.5398
vn -0.8542 -0.3809 0.3538
vn -0.6560 -0.7038 0.2725
vn -0.3588 -0.9213 0.1500
vn -0.8544 0.3805 0.3539
vn -0.9238 0.0158 0.3826
vn -0.6564 0.7037 0.2719
vn -0.3597 0.9211 0.1490
vn -0.0013 1.0000 0.0005
vn -0.8848 -0.3809 0.2684
vn -0.6796 -0.7038 0.2069
vn -0.3717 -0.9213 0.1141
vn -0.0590 -0.9894 0.1328
vn -0.8849 0.3806 0.2684
vn -0.9568 0.0158 0.2902
vn -0.6799 0.7037 0.2062
vn -0.3725 0.9211 0.1130
vn -0.0007 1.0000 0.0002
vn -0.9903 -0.0477 0.1305
vn -0.9254 -0.0971 0.3664
vn -0.9069 -0.3806 0.1807
vn -0.6965 -0.7039 0.1392
vn -0.3812 -0.9213 0.0772
vn -0.0719 -0.9895 0.1257
vn -0.9068 0.3809 0.1804
vn -0.9807 0.0158 0.1951
vn -0.6969 0.7036 0.1386
vn -0.3818 0.9211 0.0759
vn -0.0019 1.0000 0.0004
vn -0.9203 -0.3806 0.0906
vn -0.7070 -0.7037 0.0696
vn -0.3874 -0.9211 0.0382
vn -0.0009 -1.0000 0.0001
vn -0.0838 -0.9894 0.1183
vn -0.9204 0.3803 0.0907
vn -0.9951 0.0159 0.0980
vn -0.7071 0.7037 0.0696
vn -0.3874 0.9211 0.0382
vn -0.0007 1.0000 0.0001
vn -0.9967 -0.0476 -0.0652
vn -0.9791 -0.0971 0.1788
vn -0.9248 -0.3806 0.0003
vn -0.7103 -0.7039 0.0007
vn -0.3889 -0.9213 0.0013
vn -0.9982 0.0324 0.0498
vn -0.9248 0.3803 -0.0000
vn -0.7106 0.7036 -0.0000
vn -0.3893 0.9211 -0.0000
vn -0.0014 1.0000 -0.0000
vn -0.9203 -0.3805 -0.0906
vn -0.7072 -0.7036 -0.0696
vn -0.3874 -0.9211 -0.0382
vn -0.0011 -1.0000 -0.0001
vn -0.1053 -0.9894 0.0996
vn -0.9203 0.3806 -0.0906
vn -0.9951 0.0158 -0.0980
vn -0.7072 0.7036 -0.0697
vn -0.3874 0.9211 -0.0382
vn -0.0004 1.0000 -0.0000
vn -0.9649 -0.0477 -0.2583
vn -0.9952 -0.0971 -0.0157
vn -0.9071 -0.3804 -0.1800
vn -0.6968 -0.7039 -0.1379
vn -0.3816 -0.9213 -0.0746
vn -0.9070 0.3806 -0.1804
vn -0.9807 0.0158 -0.1951
vn -0.6970 0.7036 -0.1386
vn -0.3818 0.9211 -0.0759
vn -0.0012 1.0000 -0.0002
vn -0.9349 -0.0477 -0.3516
vn -0.6799 -0.7037 -0.2062
vn -0.3725 -0.9211 -0.1130
vn -0.0012 -1.0000 -0.0004
vn -0.1227 -0.9894 0.0772
vn -0.8850 0.3803 -0.2685
vn -0.9568 0.0159 -0.2903
vn -0.6799 0.7037 -0.2063
vn -0.3725 0.9211 -0.1130
vn -0.0004 1.0000 -0.0001
vn -0.8959 -0.0477 -0.4417
vn -0.8847 -0.3809 -0.2687
vn -0.6565 -0.7036 -0.2719
vn -0.3597 -0.9213 -0.1476
vn -0.9413 0.0324 -0.3360
vn -0.8544 0.3806 -0.3539
vn -0.6565 0.7036 -0.2719
vn -0.3597 0.9211 -0.1490
vn -0.0017 1.0000 -0.0007
vn -0.8156 -0.3806 -0.4359
vn -0.8540 -0.3809 -0.3544
vn -0.6266 -0.7037 -0.3349
vn -0.3434 -0.9211 -0.1835
vn -0.0009 -1.0000 -0.0005
vn -0.1354 -0.9894 0.0518
vn -0.8156 0.3805 -0.4359
vn -0.8818 0.0159 -0.4713
vn -0.6266 0.7037 -0.3349
vn -0.3434 0.9211 -0.1835
vn -0.0006 1.0000 -0.0003
vn -0.7925 -0.0476 -0.6079
vn -0.9134 -0.0971 -0.3953
vn -0.7691 -0.3806 -0.5135
vn -0.5910 -0.7039 -0.3941
vn -0.3241 -0.9213 -0.2150
vn -0.8576 0.0325 -0.5133
vn -0.7688 0.3809 -0.5137
vn -0.5908 0.7037 -0.3947
vn -0.3237 0.9211 -0.2163
vn -0.0011 1.0000 -0.0007
vn -0.7149 -0.3805 -0.5867
vn -0.5492 -0.7037 -0.4507
vn -0.3014 -0.9213 -0.2457
vn -0.1432 -0.9894 0.0248
vn -0.8032 0.0325 -0.5948
vn -0.7149 0.3805 -0.5867
vn -0.5493 0.7037 -0.4508
vn -0.3009 0.9211 -0.2470
vn -0.0005 1.0000 -0.0004
vn -0.6587 -0.0477 -0.7509
vn -0.8187 -0.0971 -0.5659
vn -0.6541 -0.3806 -0.6537
vn -0.5028 -0.7038 -0.5018
vn -0.2759 -0.9213 -0.2740
vn -0.1444 -0.9895 0.0100
vn -0.7411 0.0324 -0.6707
vn -0.6539 0.3805 -0.6539
vn -0.5025 0.7036 -0.5025
vn -0.2753 0.9211 -0.2753
vn -0.0013 1.0000 -0.0013
vn -0.5867 -0.3805 -0.7149
vn -0.4507 -0.7037 -0.5492
vn -0.2470 -0.9211 -0.3010
vn -0.0009 -1.0000 -0.0011
vn -0.1449 -0.9894 -0.0040
vn -0.5867 0.3803 -0.7149
vn -0.6343 0.0160 -0.7729
vn -0.4507 0.7037 -0.5492
vn -0.2470 0.9211 -0.3009
vn -0.0004 1.0000 -0.0005
vn -0.6827 -0.0476 -0.7291
vn -0.5138 -0.3803 -0.7690
vn -0.3952 -0.7039 -0.5902
vn -0.0004 -1.0000 -0.0006
vn -0.5138 0.3805 -0.7689
vn -0.5555 0.0156 -0.8314
vn -0.3947 0.7037 -0.5908
vn -0.2163 0.9211 -0.3237
vn -0.0008 1.0000 -0.0012
vn -0.6077 -0.0478 -0.7927
vn -0.4360 -0.3803 -0.8156
vn -0.1835 -0.9211 -0.3433
vn -0.2136 -0.9219 -0.3232
vn -0.0007 -1.0000 -0.0014
vn -0.4359 0.3806 -0.8156
vn -0.4713 0.0158 -0.8818
vn -0.3349 0.7038 -0.6265
vn -0.1835 0.9211 -0.3433
vn -0.0003 1.0000 -0.0006
vn -0.5273 -0.0477 -0.8484
vn -0.3539 -0.3805 -0.8544
vn -0.3336 -0.7045 -0.6264
vn -0.2725 -0.7039 -0.6560
vn -0.0001 -1.0000 -0.0004
vn -0.3539 0.3803 -0.8545
vn -0.3826 0.0159 -0.9238
vn -0.2719 0.7037 -0.6564
vn -0.1490 0.9211 -0.3597
vn -0.0004 1.0000 -0.0010
vn -0.2270 -0.0477 -0.9727
vn -0.4553 -0.0971 -0.8850
vn -0.2687 -0.3806 -0.8849
vn -0.2069 -0.7038 -0.6796
vn -0.1465 -0.9219 -0.3587
vn -0.1142 -0.9213 -0.3718
vn -0.3374 0.0324 -0.9408
vn -0.2685 0.3805 -0.8850
vn -0.2062 0.7037 -0.6799
vn -0.1130 0.9211 -0.3725
vn -0.0002 1.0000 -0.0007
vn -0.1804 -0.3805 -0.9070
vn -0.0760 -0.9211 -0.3819
vn -0.0001 -1.0000 -0.0003
vn -0.1253 -0.9895 -0.0720
vn -0.1804 0.3803 -0.9071
vn -0.1951 0.0159 -0.9807
vn -0.1386 0.7037 -0.6969
vn -0.0759 0.9211 -0.3818
vn -0.0003 1.0000 -0.0015
vn -0.0328 -0.0477 -0.9983
vn -0.2739 -0.0971 -0.9568
vn -0.0906 -0.3809 -0.9202
vn -0.1373 -0.7045 -0.6963
vn -0.0703 -0.7039 -0.7068
vn -0.0394 -0.9213 -0.3869
vn -0.1473 0.0325 -0.9886
vn -0.0906 0.3806 -0.9203
vn -0.0696 0.7037 -0.7071
vn -0.0382 0.9211 -0.3874
vn -0.0001 1.0000 -0.0012
vn -0.0000 -0.3805 -0.9248
vn -0.0000 -0.7037 -0.7105
vn -0.0000 -0.9211 -0.3893
vn -0.0000 -1.0000 -0.0004
vn -0.1098 -0.9894 -0.0950
vn -0.0498 0.0324 -0.9982
vn -0.0000 0.3806 -0.9248
vn -0.0000 0.7037 -0.7105
vn -0.0000 0.9211 -0.3893
vn -0.0000 1.0000 -0.0011
vn 0.1625 -0.0477 -0.9856
vn -0.0819 -0.0971 -0.9919
vn 0.0904 -0.3806 -0.9203
vn 0.0689 -0.7039 -0.7070
vn 0.0368 -0.9213 -0.3871
vn 0.0906 0.3806 -0.9203
vn 0.0980 0.0158 -0.9951
vn 0.0696 0.7037 -0.7071
vn 0.0382 0.9211 -0.3874
vn 0.0001 1.0000 -0.0012
vn 0.2584 -0.0476 -0.9649
vn 0.1386 -0.7037 -0.6969
vn 0.0759 -0.9211 -0.3818
vn 0.0001 -1.0000 -0.0007
vn -0.0882 -0.9895 -0.1145
vn 0.1804 0.3803 -0.9071
vn 0.1951 0.0159 -0.9807
vn 0.1386 0.7037 -0.6969
vn 0.0759 0.9211 -0.3818
vn 0.0001 1.0000 -0.0006
vn 0.2685 -0.3805 -0.8850
vn 0.1808 -0.3809 -0.9068
vn 0.2063 -0.7037 -0.6799
vn 0.1130 -0.9211 -0.3725
vn 0.0004 -1.0000 -0.0012
vn 0.2422 0.0325 -0.9697
vn 0.2684 0.3809 -0.8848
vn 0.2062 0.7037 -0.6799
vn 0.1130 0.9211 -0.3725
vn 0.0002 1.0000 -0.0006
vn 0.2270 -0.0477 -0.9727
vn 0.3538 -0.3809 -0.8542
vn 0.1490 -0.9211 -0.3597
vn 0.3360 0.0324 -0.9413
vn 0.3539 0.3806 -0.8544
vn 0.2719 0.7036 -0.6565
vn 0.1490 0.9211 -0.3597
vn 0.0007 1.0000 -0.0017
vn 0.5273 -0.0477 -0.8484
vn 0.3039 -0.0971 -0.9478
vn 0.3349 -0.7037 -0.6266
vn 0.2726 -0.7045 -0.6553
vn 0.1835 -0.9211 -0.3434
vn 0.0005 -1.0000 -0.0009
vn -0.0518 -0.9894 -0.1354
vn 0.4359 0.3806 -0.8156
vn 0.4713 0.0159 -0.8818
vn 0.3349 0.7037 -0.6266
vn 0.1835 0.9211 -0.3434
vn 0.0003 1.0000 -0.0006
vn 0.6080 -0.0477 -0.7925
vn 0.4364 -0.3809 -0.8151
vn 0.3948 -0.7037 -0.5908
vn 0.2150 -0.9213 -0.3240
vn 0.5133 0.0325 -0.8576
vn 0.5138 0.3805 -0.7689
vn 0.3948 0.7036 -0.5908
vn 0.2163 0.9211 -0.3237
vn 0.0007 1.0000 -0.0011
vn 0.5867 -0.3803 -0.7149
vn 0.5142 -0.3809 -0.7684
vn 0.4501 -0.7038 -0.5496
vn 0.0008 -1.0000 -0.0010
vn -0.0244 -0.9894 -0.1429
vn 0.5948 0.0325 -0.8032
vn 0.5867 0.3803 -0.7149
vn 0.4508 0.7037 -0.5493
vn 0.2470 0.9211 -0.3010
vn 0.0004 1.0000 -0.0005
vn 0.5820 -0.0477 -0.8118
vn 0.6540 -0.3803 -0.6540
vn 0.5018 -0.7038 -0.5029
vn 0.2473 -0.9219 -0.2982
vn 0.2740 -0.9213 -0.2759
vn 0.6707 0.0324 -0.7411
vn 0.6539 0.3805 -0.6539
vn 0.5024 0.7037 -0.5024
vn 0.2753 0.9211 -0.2753
vn 0.0013 1.0000 -0.0013
vn 0.6588 -0.0477 -0.7508
vn 0.7149 -0.3805 -0.5867
vn 0.5492 -0.7037 -0.4507
vn 0.3009 -0.9211 -0.2470
vn 0.0011 -1.0000 -0.0009
vn 0.0040 -0.9894 -0.1449
vn 0.7149 0.3805 -0.5867
vn 0.7729 0.0159 -0.6343
vn 0.5492 0.7037 -0.4507
vn 0.3009 0.9211 -0.2470
vn 0.0003 1.0000 -0.0002
vn 0.8650 -0.0477 -0.4996
vn 0.7148 -0.0971 -0.6926
vn 0.7687 -0.3806 -0.5140
vn 0.5902 -0.7039 -0.3952
vn 0.0006 -1.0000 -0.0004
vn 0.8023 0.0324 -0.5960
vn 0.7690 0.3803 -0.5138
vn 0.5908 0.7037 -0.3948
vn 0.3237 0.9211 -0.2163
vn 0.0014 1.0000 -0.0009
vn 0.8156 -0.3805 -0.4359
vn 0.6266 -0.7037 -0.3349
vn 0.3434 -0.9211 -0.1835
vn 0.3232 -0.9219 -0.2136
vn 0.0011 -1.0000 -0.0006
vn 0.8156 0.3803 -0.4360
vn 0.8818 0.0159 -0.4713
vn 0.6266 0.7037 -0.3349
vn 0.3433 0.9211 -0.1835
vn 0.8484 -0.0477 -0.5273
vn 0.8544 -0.3805 -0.3539
vn 0.6565 -0.7036 -0.2719
vn 0.3597 -0.9211 -0.1490
vn 0.9032 0.0325 -0.4279
vn 0.8544 0.3805 -0.3539
vn 0.6565 0.7036 -0.2719
vn 0.3597 0.9211 -0.1490
vn 0.0013 1.0000 -0.0005
vn 0.9727 -0.0477 -0.2270
vn 0.8850 -0.0971 -0.4553
vn 0.8848 -0.3809 -0.2684
vn 0.6795 -0.7039 -0.2068
vn 0.0010 -1.0000 -0.0003
vn 0.0591 -0.9894 -0.1323
vn 0.9408 0.0325 -0.3373
vn 0.8850 0.3805 -0.2685
vn 0.6800 0.7036 -0.2063
vn 0.3726 0.9211 -0.1130
vn 0.0007 1.0000 -0.0002
vn 0.9903 -0.0477 -0.1306
vn 0.9069 -0.3806 -0.1807
vn 0.6966 -0.7038 -0.1393
vn 0.3713 -0.9219 -0.1106
vn 0.3811 -0.9213 -0.0771
vn 0.9693 0.0324 -0.2436
vn 0.9070 0.3806 -0.1804
vn 0.6970 0.7036 -0.1386
vn 0.3819 0.9211 -0.0760
vn 0.0019 1.0000 -0.0004
vn 0.9983 -0.0477 -0.0329
vn 0.7071 -0.7037 -0.0696
vn 0.3874 -0.9211 -0.0382
vn 0.0009 -1.0000 -0.0001
vn 0.0838 -0.9894 -0.1183
vn 0.9204 0.3803 -0.0907
vn 0.9951 0.0159 -0.0980
vn 0.7071 0.7037 -0.0696
vn 0.3874 0.9211 -0.0382
vn 0.0004 1.0000 -0.0000
vn 0.9967 -0.0476 0.0652
vn 0.9202 -0.3809 -0.0902
vn 0.9248 -0.3805 -0.0004
vn 0.7104 -0.7038 -0.0008
vn 0.3888 -0.9213 -0.0013
vn 0.9982 0.0324 -0.0498
vn 0.9247 0.3806 -0.0000
vn 0.7105 0.7037 -0.0000
vn 0.3893 0.9211 -0.0000
vn 0.0018 1.0000 -0.0000
vn 0.9203 -0.3806 0.0906
vn 0.7071 -0.7037 0.0696
vn 0.3875 -0.9211 0.0382
vn 0.0011 -1.0000 0.0001
vn 0.1053 -0.9894 -0.0996
vn 0.9202 0.3809 0.0906
vn 0.9951 0.0159 0.0980
vn 0.7071 0.7037 0.0696
vn 0.3875 0.9211 0.0382
vn 0.9649 -0.0476 0.2584
vn 0.9952 -0.0971 0.0157
vn 0.9070 -0.3806 0.1802
vn 0.6968 -0.7038 0.1379
vn 0.3817 -0.9213 0.0746
vn 0.9888 0.0325 0.1460
vn 0.9070 0.3805 0.1804
vn 0.6969 0.7037 0.1386
vn 0.3818 0.9211 0.0759
vn 0.0012 1.0000 0.0002
vn 0.8850 -0.3805 0.2685
vn 0.6799 -0.7037 0.2062
vn 0.3725 -0.9211 0.1130
vn 0.0012 -1.0000 0.0004
vn 0.1227 -0.9894 -0.0772
vn 0.9697 0.0324 0.2421
vn 0.8850 0.3805 0.2685
vn 0.6799 0.7037 0.2062
vn 0.3725 0.9211 0.1130
vn 0.0004 1.0000 0.0001
vn 0.8960 -0.0477 0.4416
vn 0.9730 -0.0971 0.2095
vn 0.8545 -0.3806 0.3536
vn 0.6566 -0.7038 0.2712
vn 0.3597 -0.9213 0.1476
vn 0.8544 0.3805 0.3539
vn 0.9238 0.0158 0.3826
vn 0.6564 0.7037 0.2719
vn 0.3597 0.9211 0.1490
vn 0.0017 1.0000 0.0007
vn 0.8484 -0.0477 0.5273
vn 0.6266 -0.7037 0.3349
vn 0.3434 -0.9211 0.1835
vn 0.0009 -1.0000 0.0005
vn 0.1354 -0.9894 -0.0518
vn 0.8156 0.3805 0.4359
vn 0.8818 0.0159 0.4713
vn 0.6266 0.7037 0.3349
vn 0.3433 0.9211 0.1835
vn 0.0003 1.0000 0.0002
vn 0.7925 -0.0477 0.6080
vn 0.8152 -0.3809 0.4363
vn 0.7690 -0.3806 0.5136
vn 0.3237 -0.9211 0.2163
vn 0.8577 0.0324 0.5132
vn 0.7689 0.3805 0.5138
vn 0.5908 0.7037 0.3948
vn 0.3237 0.9211 0.2163
vn 0.0013 1.0000 0.0009
vn 0.7149 -0.3805 0.5867
vn 0.5895 -0.7045 0.3952
vn 0.5495 -0.7039 0.4501
vn 0.3015 -0.9213 0.2457
vn 0.1432 -0.9894 -0.0248
vn 0.7148 0.3806 0.5867
vn 0.7729 0.0159 0.6343
vn 0.5493 0.7037 0.4508
vn 0.3009 0.9211 0.2469
vn 0.0005 1.0000 0.0004
vn 0.6587 -0.0477 0.7509
vn 0.8187 -0.0971 0.5659
vn 0.6541 -0.3806 0.6537
vn 0.5028 -0.7039 0.5018
vn 0.2759 -0.9213 0.2740
vn 0.1444 -0.9895 -0.0100
vn 0.7411 0.0324 0.6707
vn 0.6540 0.3803 0.6540
vn 0.5024 0.7037 0.5024
vn 0.2752 0.9211 0.2752
vn 0.0013 1.0000 0.0013
vn 0.5867 -0.3806 0.7148
vn 0.4507 -0.7037 0.5492
vn 0.2470 -0.9211 0.3009
vn 0.0007 -1.0000 0.0008
vn 0.1449 -0.9894 0.0040
vn 0.5867 0.3803 0.7149
vn 0.6343 0.0158 0.7729
vn 0.4507 0.7037 0.5492
vn 0.2470 0.9211 0.3009
vn 0.0004 1.0000 0.0005
vn 0.6826 -0.0477 0.7292
vn 0.5138 -0.3803 0.7690
vn 0.3953 -0.7038 0.5902
vn 0.2172 -0.9213 0.3226
vn 0.5138 0.3803 0.7690
vn 0.5555 0.0158 0.8314
vn 0.3947 0.7037 0.5908
vn 0.2163 0.9211 0.3237
vn 0.0008 1.0000 0.0012
vn 0.4124 -0.0477 0.9097
vn 0.6192 -0.0972 0.7792
vn 0.4363 -0.3805 0.8154
vn 0.1835 -0.9211 0.3433
vn 0.0006 -1.0000 0.0011
vn 0.1413 -0.9894 0.0322
vn 0.4359 0.3805 0.8156
vn 0.4713 0.0159 0.8818
vn 0.3349 0.7037 0.6266
vn 0.1835 0.9211 0.3434
vn 0.0003 1.0000 0.0006
vn 0.3212 -0.0477 0.9458
vn 0.3538 -0.3809 0.8542
vn 0.3336 -0.7045 0.6264
vn 0.2725 -0.7038 0.6560
vn 0.1500 -0.9213 0.3588
vn 0.4280 0.0324 0.9032
vn 0.3539 0.3805 0.8544
vn 0.2719 0.7037 0.6564
vn 0.1490 0.9211 0.3597
vn 0.0004 1.0000 0.0010
vn 0.2685 -0.3805 0.8850
vn 0.2063 -0.7037 0.6799
vn 0.1130 -0.9211 0.3726
vn 0.0003 -1.0000 0.0010
vn 0.1323 -0.9894 0.0591
vn 0.2684 0.3806 0.8849
vn 0.2902 0.0158 0.9568
vn 0.2062 0.7037 0.6799
vn 0.1130 0.9211 0.3725
vn 0.0003 1.0000 0.0011
vn 0.1306 -0.0477 0.9903
vn 0.3664 -0.0971 0.9254
vn 0.1386 -0.7037 0.6969
vn 0.0771 -0.9213 0.3811
vn 0.1804 0.3803 0.9071
vn 0.1951 0.0158 0.9807
vn 0.1386 0.7037 0.6969
vn 0.0760 0.9211 0.3819
vn 0.0002 1.0000 0.0013
vn 0.0328 -0.0476 0.9983
vn 0.1799 -0.3809 0.9069
vn 0.0909 -0.3806 0.9203
vn 0.0703 -0.7039 0.7068
vn 0.0394 -0.9213 0.3868
vn 0.1188 -0.9894 0.0838
vn 0.0906 0.3805 0.9203
vn 0.0980 0.0158 0.9951
vn 0.0696 0.7037 0.7071
vn 0.0382 0.9211 0.3874
vn 0.0001 1.0000 0.0012
vn 0.1098 -0.9894 0.0950
vn 0.0004 0.3809 0.9246
vn -0.0145 0.9958 0.0909
vn -0.0701 0.9929 -0.0966
vn 0.0001 0.9929 -0.1194
vn 0.0419 0.9958 -0.0820
vn 0.0909 0.9958 -0.0143
vt 1.000000 1.000000
vt 0.975000 0.500000
vt 1.000000 0.500000
vt 0.950000 1.000000
vt 0.950000 0.500000
vt 0.925000 0.500000
vt 0.925000 1.000000
vt 0.900000 0.500000
vt 0.900000 1.000000
vt 0.875000 0.500000
vt 0.875000 1.000000
vt 0.850000 0.500000
vt 0.850000 1.000000
vt 0.825000 0.500000
vt 0.825000 1.000000
vt 0.800000 0.500000
vt 0.800000 1.000000
vt 0.775000 0.500000
vt 0.775000 1.000000
vt 0.750000 0.500000
vt 0.725000 1.000000
vt 0.725000 0.500000
vt 0.700000 0.500000
vt 0.700000 1.000000
vt 0.675000 0.500000
vt 0.675000 1.000000
vt 0.650000 0.500000
vt 0.650000 1.000000
vt 0.625000 0.500000
vt 0.625000 1.000000
vt 0.600000 0.500000
vt 0.575000 1.000000
vt 0.575000 0.500000
vt 0.550000 0.500000
vt 0.550000 1.000000
vt 0.525000 0.500000
vt 0.525000 1.000000
vt 0.500000 0.500000
vt 0.475000 1.000000
vt 0.475000 0.500000
vt 0.450000 0.500000
vt 0.450000 1.000000
vt 0.425000 0.500000
vt 0.400000 1.000000
vt 0.400000 0.500000
vt 0.375000 0.500000
vt 0.375000 1.000000
vt 0.350000 0.500000
vt 0.350000 1.000000
vt 0.325000 0.500000
vt 0.325000 1.000000
vt 0.300000 0.500000
vt 0.300000 1.000000
vt 0.275000 0.500000
vt 0.250000 1.000000
vt 0.250000 0.500000
vt 0.225000 0.500000
vt 0.225000 1.000000
vt 0.200000 0.500000
vt 0.200000 1.000000
vt 0.175000 0.500000
vt 0.175000 1.000000
vt 0.150000 0.500000
vt 0.150000 1.000000
vt 0.125000 0.500000
vt 0.125000 1.000000
vt 0.100000 0.500000
vt 0.100000 1.000000
vt 0.075000 0.500000
vt 0.075000 1.000000
vt 0.050000 0.500000
vt 0.055836 0.108932
vt 0.490000 0.250000
vt 0.324164 0.478254
vt 0.050000 1.000000
vt 0.025000 0.500000
vt 0.025000 1.000000
vt 0.000000 0.500000
vt 0.919706 0.080294
vt 0.512955 0.287544
vt 0.712456 0.487045
vt 1.000000 0.579594
vt 0.984375 0.549135
vt 0.999887 0.549135
vt 0.999565 0.500000
vt 0.773521 0.488812
vt 0.750000 0.461816
vt 0.750000 0.489968
vt 0.770761 0.460796
vt 0.750000 0.444345
vt 1.000000 0.920406
vt 0.984375 0.950865
vt 0.984375 0.920406
vt 0.999565 1.000000
vt 0.984375 1.000000
vt 0.273521 0.488812
vt 0.250000 0.461816
vt 0.270762 0.460796
vt 0.250000 0.444345
vt 0.269049 0.443409
vt 0.968750 0.579594
vt 0.984375 0.579594
vt 0.968750 0.500000
vt 0.984375 0.500000
vt 0.791323 0.457746
vt 0.787914 0.440611
vt 0.769049 0.443409
vt 0.968750 0.950865
vt 0.968750 0.920406
vt 0.968750 1.000000
vt 0.291323 0.457746
vt 0.296815 0.485357
vt 0.287915 0.440611
vt 0.953125 0.549135
vt 0.968750 0.549135
vt 0.953125 0.500000
vt 0.796815 0.485357
vt 0.811487 0.452696
vt 0.806415 0.435977
vt 0.953125 0.950865
vt 0.953125 0.920406
vt 0.953125 1.000000
vt 0.311487 0.452696
vt 0.319659 0.479635
vt 0.306415 0.435977
vt 0.953125 0.579594
vt 0.937500 0.549135
vt 0.937500 0.500000
vt 0.819659 0.479635
vt 0.831059 0.445693
vt 0.937500 0.920406
vt 0.937500 0.950865
vt 0.937500 1.000000
vt 0.331059 0.445693
vt 0.341832 0.471701
vt 0.324373 0.429551
vt 0.921875 0.579594
vt 0.937500 0.579594
vt 0.921875 0.500000
vt 0.841832 0.471701
vt 0.849849 0.436805
vt 0.841614 0.421397
vt 0.824373 0.429551
vt 0.921875 0.950865
vt 0.921875 0.920406
vt 0.921875 1.000000
vt 0.363120 0.461633
vt 0.349850 0.436805
vt 0.341614 0.421397
vt 0.906250 0.579594
vt 0.921875 0.549135
vt 0.906250 0.549135
vt 0.863120 0.461633
vt 0.867679 0.426119
vt 0.906250 0.950865
vt 0.906250 0.920406
vt 0.906250 1.000000
vt 0.367679 0.426119
vt 0.383319 0.449526
vt 0.357972 0.411592
vt 0.890625 0.579594
vt 0.890625 0.549135
vt 0.906250 0.500000
vt 0.902234 0.435498
vt 0.883319 0.449526
vt 0.884374 0.413736
vt 0.857972 0.411592
vt 0.890625 0.920406
vt 0.890625 0.950865
vt 0.890625 1.000000
vt 0.402234 0.435498
vt 0.384375 0.413736
vt 0.373291 0.400231
vt 0.875000 0.579594
vt 0.875000 0.549135
vt 0.890625 0.500000
vt 0.919683 0.419683
vt 0.899777 0.399777
vt 0.873291 0.400231
vt 0.875000 0.920406
vt 0.875000 0.950865
vt 0.875000 1.000000
vt 0.419683 0.419683
vt 0.399777 0.399777
vt 0.387423 0.387423
vt 0.859375 0.549135
vt 0.859375 0.500000
vt 0.875000 0.500000
vt 0.913736 0.384375
vt 0.900230 0.373291
vt 0.887423 0.387423
vt 0.859375 0.950865
vt 0.859375 0.920406
vt 0.859375 1.000000
vt 0.413736 0.384375
vt 0.435498 0.402234
vt 0.400231 0.373291
vt 0.843750 0.579594
vt 0.859375 0.579594
vt 0.843750 0.549135
vt 0.935498 0.402234
vt 0.926119 0.367679
vt 0.911592 0.357972
vt 0.843750 0.950865
vt 0.843750 0.920406
vt 0.843750 1.000000
vt 0.426119 0.367679
vt 0.449526 0.383319
vt 0.411592 0.357972
vt 0.828125 0.549135
vt 0.828125 0.500000
vt 0.843750 0.500000
vt 0.949526 0.383319
vt 0.936805 0.349850
vt 0.921397 0.341614
vt 0.828125 0.950865
vt 0.828125 0.920406
vt 0.828125 1.000000
vt 0.436805 0.349850
vt 0.461633 0.363120
vt 0.421397 0.341614
vt 0.812500 0.579594
vt 0.828125 0.579594
vt 0.812500 0.549135
vt 0.971701 0.341832
vt 0.961633 0.363120
vt 0.945693 0.331059
vt 0.812500 0.950865
vt 0.812500 0.920406
vt 0.812500 1.000000
vt 0.445693 0.331059
vt 0.471701 0.341832
vt 0.429552 0.324373
vt 0.796875 0.549135
vt 0.812500 0.500000
vt 0.979635 0.319659
vt 0.952695 0.311487
vt 0.929551 0.324373
vt 0.796875 0.950865
vt 0.796875 0.920406
vt 0.796875 1.000000
vt 0.479635 0.319659
vt 0.452696 0.311487
vt 0.435977 0.306415
vt 0.781250 0.579594
vt 0.796875 0.579594
vt 0.781250 0.549135
vt 0.796875 0.500000
vt 0.985357 0.296815
vt 0.957746 0.291323
vt 0.935977 0.306416
vt 0.781250 0.950865
vt 0.781250 0.920406
vt 0.781250 1.000000
vt 0.485357 0.296815
vt 0.457746 0.291323
vt 0.440611 0.287915
vt 0.765625 0.549135
vt 0.765625 0.500000
vt 0.781250 0.500000
vt 0.960796 0.270762
vt 0.943409 0.269049
vt 0.940611 0.287915
vt 0.765625 0.950865
vt 0.765625 0.920406
vt 0.765625 1.000000
vt 0.460797 0.270762
vt 0.488812 0.273521
vt 0.443409 0.269049
vt 0.750000 0.579594
vt 0.765625 0.579594
vt 0.750000 0.549135
vt 0.989968 0.250000
vt 0.988812 0.273521
vt 0.961816 0.250000
vt 0.750000 0.920406
vt 0.750000 0.950865
vt 0.750000 1.000000
vt 0.489968 0.250000
vt 0.461816 0.250000
vt 0.444345 0.250000
vt 0.734375 0.549135
vt 0.734375 0.500000
vt 0.750000 0.500000
vt 0.960796 0.229238
vt 0.943409 0.230951
vt 0.944345 0.250000
vt 0.734375 0.950865
vt 0.734375 0.920406
vt 0.734375 1.000000
vt 0.460797 0.229238
vt 0.488812 0.226479
vt 0.443409 0.230951
vt 0.718750 0.579594
vt 0.734375 0.579594
vt 0.718750 0.549135
vt 0.985357 0.203185
vt 0.988812 0.226479
vt 0.957747 0.208677
vt 0.718750 0.950865
vt 0.718750 0.920406
vt 0.718750 1.000000
vt 0.485357 0.203185
vt 0.457746 0.208677
vt 0.440611 0.212085
vt 0.703125 0.579594
vt 0.703125 0.500000
vt 0.718750 0.500000
vt 0.952696 0.188513
vt 0.935976 0.193585
vt 0.940611 0.212085
vt 0.703125 0.950865
vt 0.703125 0.920406
vt 0.703125 1.000000
vt 0.452696 0.188513
vt 0.479635 0.180341
vt 0.435976 0.193585
vt 0.687500 0.579594
vt 0.703125 0.549135
vt 0.687500 0.500000
vt 0.971701 0.158168
vt 0.979635 0.180341
vt 0.945693 0.168941
vt 0.687500 0.920406
vt 0.687500 0.950865
vt 0.687500 1.000000
vt 0.471701 0.158168
vt 0.445693 0.168941
vt 0.429551 0.175627
vt 0.671875 0.549135
vt 0.687500 0.549135
vt 0.671875 0.500000
vt 0.936805 0.150150
vt 0.921397 0.158386
vt 0.929552 0.175627
vt 0.671875 0.950865
vt 0.671875 0.920406
vt 0.671875 1.000000
vt 0.436805 0.150150
vt 0.461633 0.136880
vt 0.421397 0.158386
vt 0.656250 0.579594
vt 0.671875 0.579594
vt 0.656250 0.549135
vt 0.949526 0.116681
vt 0.961633 0.136880
vt 0.926119 0.132321
vt 0.656250 0.920406
vt 0.656250 0.950865
vt 0.656250 1.000000
vt 0.426119 0.132321
vt 0.449526 0.116681
vt 0.411592 0.142028
vt 0.640625 0.549135
vt 0.640625 0.500000
vt 0.656250 0.500000
vt 0.935498 0.097766
vt 0.913736 0.115625
vt 0.911592 0.142028
vt 0.640625 0.920406
vt 0.640625 0.950865
vt 0.640625 1.000000
vt 0.435498 0.097766
vt 0.413736 0.115625
vt 0.400231 0.126709
vt 0.625000 0.579594
vt 0.640625 0.579594
vt 0.625000 0.549135
vt 0.919683 0.080317
vt 0.899777 0.100223
vt 0.900230 0.126709
vt 0.625000 0.920406
vt 0.625000 0.950865
vt 0.625000 1.000000
vt 0.419683 0.080317
vt 0.399777 0.100223
vt 0.387423 0.112577
vt 0.609375 0.549135
vt 0.609375 0.500000
vt 0.625000 0.500000
vt 0.884375 0.086264
vt 0.873291 0.099769
vt 0.887423 0.112577
vt 0.609375 0.950865
vt 0.609375 0.920406
vt 0.609375 1.000000
vt 0.384375 0.086264
vt 0.402234 0.064502
vt 0.373291 0.099769
vt 0.609375 0.579594
vt 0.593750 0.549135
vt 0.883319 0.050474
vt 0.902234 0.064502
vt 0.857972 0.088408
vt 0.593750 0.950865
vt 0.593750 0.920406
vt 0.593750 1.000000
vt 0.367679 0.073881
vt 0.383319 0.050474
vt 0.357972 0.088408
vt 0.593750 0.579594
vt 0.578125 0.549135
vt 0.593750 0.500000
vt 0.849849 0.063195
vt 0.867679 0.073881
vt 0.841614 0.078603
vt 0.578125 0.950865
vt 0.578125 0.920406
vt 0.578125 1.000000
vt 0.349850 0.063195
vt 0.363120 0.038367
vt 0.341614 0.078603
vt 0.578125 0.579594
vt 0.562500 0.549135
vt 0.578125 0.500000
vt 0.841832 0.028299
vt 0.863120 0.038367
vt 0.824372 0.070449
vt 0.562500 0.950865
vt 0.562500 0.920406
vt 0.562500 1.000000
vt 0.341832 0.028299
vt 0.331058 0.054307
vt 0.324372 0.070449
vt 0.546875 0.579594
vt 0.562500 0.579594
vt 0.546875 0.549135
vt 0.562500 0.500000
vt 0.819659 0.020365
vt 0.831059 0.054307
vt 0.811487 0.047304
vt 0.546875 0.920406
vt 0.546875 0.950865
vt 0.546875 1.000000
vt 0.319659 0.020365
vt 0.311487 0.047304
vt 0.306415 0.064023
vt 0.531250 0.549135
vt 0.546875 0.500000
vt 0.791323 0.042254
vt 0.787915 0.059389
vt 0.806415 0.064023
vt 0.531250 0.950865
vt 0.531250 0.920406
vt 0.531250 1.000000
vt 0.296815 0.014643
vt 0.291323 0.042254
vt 0.287915 0.059389
vt 0.515625 0.579594
vt 0.531250 0.579594
vt 0.515625 0.549135
vt 0.531250 0.500000
vt 0.773521 0.011188
vt 0.796815 0.014643
vt 0.770762 0.039204
vt 0.515625 0.920406
vt 0.515625 0.950865
vt 0.515625 1.000000
vt 0.273521 0.011188
vt 0.270762 0.039204
vt 0.269049 0.056591
vt 0.500000 0.549135
vt 0.500000 0.500000
vt 0.515625 0.500000
vt 0.750000 0.038184
vt 0.750000 0.055655
vt 0.769049 0.056591
vt 0.500000 0.920406
vt 0.500000 0.950865
vt 0.500000 1.000000
vt 0.250000 0.038184
vt 0.250000 0.010032
vt 0.250000 0.055655
vt 0.484375 0.579594
vt 0.500000 0.579594
vt 0.484375 0.549135
vt 0.726479 0.011188
vt 0.750000 0.010032
vt 0.729239 0.039204
vt 0.484375 0.950865
vt 0.484375 0.920406
vt 0.484375 1.000000
vt 0.226479 0.011188
vt 0.229238 0.039204
vt 0.230951 0.056591
vt 0.468750 0.579594
vt 0.468750 0.500000
vt 0.484375 0.500000
vt 0.708677 0.042254
vt 0.712085 0.059389
vt 0.730951 0.056591
vt 0.468750 0.950865
vt 0.468750 0.920406
vt 0.468750 1.000000
vt 0.208677 0.042254
vt 0.203185 0.014643
vt 0.212085 0.059389
vt 0.453125 0.549135
vt 0.468750 0.549135
vt 0.453125 0.500000
vt 0.703185 0.014643
vt 0.688513 0.047304
vt 0.693584 0.064023
vt 0.453125 0.920406
vt 0.453125 0.950865
vt 0.453125 1.000000
vt 0.188513 0.047304
vt 0.180341 0.020365
vt 0.193585 0.064023
vt 0.453125 0.579594
vt 0.437500 0.549135
vt 0.680341 0.020365
vt 0.668941 0.054307
vt 0.437500 0.920406
vt 0.437500 0.950865
vt 0.437500 1.000000
vt 0.168941 0.054307
vt 0.158168 0.028299
vt 0.175627 0.070449
vt 0.421875 0.579594
vt 0.437500 0.579594
vt 0.421875 0.500000
vt 0.437500 0.500000
vt 0.658168 0.028299
vt 0.650150 0.063195
vt 0.658386 0.078603
vt 0.675628 0.070449
vt 0.421875 0.950865
vt 0.421875 0.920406
vt 0.421875 1.000000
vt 0.150150 0.063195
vt 0.136880 0.038367
vt 0.158386 0.078603
vt 0.406250 0.579594
vt 0.421875 0.549135
vt 0.406250 0.500000
vt 0.616681 0.050474
vt 0.636880 0.038367
vt 0.632321 0.073881
vt 0.406250 0.920406
vt 0.406250 0.950865
vt 0.406250 1.000000
vt 0.132321 0.073881
vt 0.116681 0.050474
vt 0.142028 0.088408
vt 0.390625 0.549135
vt 0.406250 0.549135
vt 0.597766 0.064502
vt 0.626709 0.099769
vt 0.642027 0.088408
vt 0.390625 0.920406
vt 0.390625 0.950865
vt 0.390625 1.000000
vt 0.097766 0.064502
vt 0.115625 0.086264
vt 0.126709 0.099769
vt 0.390625 0.579594
vt 0.375000 0.549135
vt 0.390625 0.500000
vt 0.580317 0.080317
vt 0.615625 0.086264
vt 0.600223 0.100223
vt 0.375000 0.920406
vt 0.375000 0.950865
vt 0.375000 1.000000
vt 0.080317 0.080317
vt 0.100223 0.100223
vt 0.112577 0.112577
vt 0.375000 0.579594
vt 0.359375 0.549135
vt 0.359375 0.500000
vt 0.375000 0.500000
vt 0.586264 0.115625
vt 0.599769 0.126709
vt 0.612577 0.112577
vt 0.359375 0.950865
vt 0.359375 0.920406
vt 0.359375 1.000000
vt 0.086264 0.115625
vt 0.064502 0.097766
vt 0.099769 0.126709
vt 0.343750 0.579594
vt 0.359375 0.579594
vt 0.343750 0.549135
vt 0.550474 0.116681
vt 0.564502 0.097766
vt 0.588408 0.142028
vt 0.343750 0.920406
vt 0.343750 0.950865
vt 0.343750 1.000000
vt 0.073881 0.132321
vt 0.050474 0.116681
vt 0.088408 0.142028
vt 0.328125 0.549135
vt 0.328125 0.500000
vt 0.343750 0.500000
vt 0.563195 0.150150
vt 0.573881 0.132321
vt 0.578603 0.158386
vt 0.328125 0.950865
vt 0.328125 0.920406
vt 0.328125 1.000000
vt 0.063195 0.150150
vt 0.038367 0.136880
vt 0.078603 0.158386
vt 0.328125 0.579594
vt 0.312500 0.549135
vt 0.312500 0.500000
vt 0.538367 0.136880
vt 0.554307 0.168941
vt 0.312500 0.920406
vt 0.312500 0.950865
vt 0.312500 1.000000
vt 0.028299 0.158168
vt 0.054307 0.168941
vt 0.070449 0.175627
vt 0.296875 0.579594
vt 0.312500 0.579594
vt 0.296875 0.549135
vt 0.520365 0.180341
vt 0.528299 0.158168
vt 0.564023 0.193585
vt 0.570448 0.175627
vt 0.296875 0.920406
vt 0.296875 0.950865
vt 0.296875 1.000000
vt 0.047304 0.188513
vt 0.020365 0.180341
vt 0.064023 0.193585
vt 0.281250 0.579594
vt 0.281250 0.549135
vt 0.296875 0.500000
vt 0.514643 0.203185
vt 0.547304 0.188513
vt 0.542254 0.208677
vt 0.281250 0.920406
vt 0.281250 0.950865
vt 0.281250 1.000000
vt 0.014643 0.203185
vt 0.042254 0.208677
vt 0.059389 0.212085
vt 0.265625 0.579594
vt 0.265625 0.500000
vt 0.281250 0.500000
vt 0.539204 0.229238
vt 0.556591 0.230951
vt 0.559389 0.212085
vt 0.265625 0.950865
vt 0.265625 0.920406
vt 0.265625 1.000000
vt 0.039204 0.229238
vt 0.011188 0.226479
vt 0.056591 0.230951
vt 0.250000 0.579594
vt 0.265625 0.549135
vt 0.250000 0.549135
vt 0.510032 0.250000
vt 0.511188 0.226479
vt 0.538184 0.250000
vt 0.250000 0.920406
vt 0.250000 0.950865
vt 0.250000 1.000000
vt 0.010032 0.250000
vt 0.038184 0.250000
vt 0.055655 0.250000
vt 0.234375 0.549135
vt 0.234375 0.500000
vt 0.250000 0.500000
vt 0.539204 0.270762
vt 0.556591 0.269049
vt 0.555655 0.250000
vt 0.234375 0.950865
vt 0.234375 0.920406
vt 0.234375 1.000000
vt 0.039204 0.270762
vt 0.011188 0.273521
vt 0.056591 0.269049
vt 0.218750 0.579594
vt 0.234375 0.579594
vt 0.218750 0.549135
vt 0.514643 0.296815
vt 0.511188 0.273521
vt 0.542254 0.291323
vt 0.218750 0.920406
vt 0.218750 0.950865
vt 0.218750 1.000000
vt 0.014643 0.296815
vt 0.042254 0.291323
vt 0.059389 0.287915
vt 0.203125 0.549135
vt 0.203125 0.500000
vt 0.218750 0.500000
vt 0.547304 0.311487
vt 0.564023 0.306415
vt 0.559389 0.287915
vt 0.203125 0.920406
vt 0.203125 0.950865
vt 0.203125 1.000000
vt 0.020365 0.319659
vt 0.047304 0.311487
vt 0.064023 0.306416
vt 0.187500 0.579594
vt 0.203125 0.579594
vt 0.187500 0.549135
vt 0.528299 0.341832
vt 0.520365 0.319659
vt 0.554307 0.331059
vt 0.187500 0.950865
vt 0.187500 0.920406
vt 0.187500 1.000000
vt 0.028299 0.341832
vt 0.054307 0.331059
vt 0.070449 0.324373
vt 0.171875 0.579594
vt 0.171875 0.500000
vt 0.187500 0.500000
vt 0.563195 0.349850
vt 0.578603 0.341613
vt 0.570449 0.324373
vt 0.171875 0.950865
vt 0.171875 0.920406
vt 0.171875 1.000000
vt 0.063195 0.349850
vt 0.038367 0.363120
vt 0.078603 0.341614
vt 0.156250 0.579594
vt 0.171875 0.549135
vt 0.156250 0.549135
vt 0.538367 0.363120
vt 0.573881 0.367679
vt 0.156250 0.920406
vt 0.156250 0.950865
vt 0.156250 1.000000
vt 0.073881 0.367679
vt 0.050474 0.383319
vt 0.088408 0.357972
vt 0.140625 0.549135
vt 0.156250 0.500000
vt 0.564502 0.402234
vt 0.550474 0.383319
vt 0.586264 0.384375
vt 0.588408 0.357972
vt 0.140625 0.950865
vt 0.140625 0.920406
vt 0.140625 1.000000
vt 0.086264 0.384375
vt 0.064502 0.402234
vt 0.099769 0.373291
vt 0.125000 0.579594
vt 0.140625 0.579594
vt 0.125000 0.549135
vt 0.140625 0.500000
vt 0.580317 0.419683
vt 0.600223 0.399777
vt 0.599769 0.373291
vt 0.125000 0.920406
vt 0.125000 0.950865
vt 0.125000 1.000000
vt 0.080317 0.419683
vt 0.100223 0.399777
vt 0.112577 0.387423
vt 0.109375 0.549135
vt 0.109375 0.500000
vt 0.125000 0.500000
vt 0.615625 0.413736
vt 0.626709 0.400231
vt 0.612577 0.387423
vt 0.109375 0.950865
vt 0.109375 0.920406
vt 0.109375 1.000000
vt 0.115625 0.413736
vt 0.097766 0.435498
vt 0.126709 0.400231
vt 0.109375 0.579594
vt 0.093750 0.549135
vt 0.616681 0.449526
vt 0.597766 0.435498
vt 0.632321 0.426119
vt 0.093750 0.950865
vt 0.093750 0.920406
vt 0.093750 1.000000
vt 0.132321 0.426119
vt 0.116681 0.449526
vt 0.142028 0.411592
vt 0.078125 0.579594
vt 0.093750 0.579594
vt 0.078125 0.549135
vt 0.093750 0.500000
vt 0.650151 0.436805
vt 0.658386 0.421397
vt 0.642028 0.411592
vt 0.078125 0.950865
vt 0.078125 0.920406
vt 0.078125 1.000000
vt 0.150150 0.436805
vt 0.136880 0.461633
vt 0.158386 0.421397
vt 0.062500 0.579594
vt 0.062500 0.549135
vt 0.078125 0.500000
vt 0.658168 0.471701
vt 0.636880 0.461633
vt 0.668941 0.445693
vt 0.062500 0.920406
vt 0.062500 0.950865
vt 0.062500 1.000000
vt 0.168941 0.445693
vt 0.158168 0.471701
vt 0.175628 0.429551
vt 0.046875 0.549135
vt 0.046875 0.500000
vt 0.062500 0.500000
vt 0.688513 0.452696
vt 0.693585 0.435977
vt 0.675627 0.429551
vt 0.046875 0.950865
vt 0.046875 0.920406
vt 0.046875 1.000000
vt 0.180341 0.479635
vt 0.188513 0.452695
vt 0.193585 0.435977
vt 0.031250 0.579594
vt 0.046875 0.579594
vt 0.031250 0.500000
vt 0.703185 0.485357
vt 0.680341 0.479635
vt 0.708677 0.457747
vt 0.031250 0.950865
vt 0.031250 0.920406
vt 0.031250 1.000000
vt 0.208677 0.457746
vt 0.203185 0.485357
vt 0.212085 0.440611
vt 0.015625 0.579594
vt 0.031250 0.549135
vt 0.015625 0.549135
vt 0.726479 0.488812
vt 0.729238 0.460796
vt 0.712085 0.440611
vt 0.015625 0.950865
vt 0.015625 0.920406
vt 0.015625 1.000000
vt 0.226479 0.488812
vt 0.229238 0.460796
vt 0.230951 0.443409
vt 0.000113 0.549135
vt 0.000435 0.500000
vt 0.015625 0.500000
vt 0.730951 0.443409
vt 0.000113 0.950865
vt 0.000000 0.920406
vt 0.000435 1.000000
vt 0.250000 0.489968
vt 0.000000 0.579594
vt 0.975000 1.000000
vt 0.750000 1.000000
vt 0.600000 1.000000
vt 0.500000 1.000000
vt 0.425000 1.000000
vt 0.275000 1.000000
vt 0.287544 0.487045
vt 0.250000 0.490000
vt 0.212456 0.487045
vt 0.175836 0.478254
vt 0.141042 0.463842
vt 0.108932 0.444164
vt 0.080294 0.419706
vt 0.055836 0.391068
vt 0.036158 0.358958
vt 0.021746 0.324164
vt 0.012955 0.287544
vt 0.010000 0.250000
vt 0.012955 0.212456
vt 0.021746 0.175836
vt 0.036158 0.141042
vt 0.080294 0.080294
vt 0.108932 0.055836
vt 0.141042 0.036158
vt 0.175836 0.021746
vt 0.212456 0.012955
vt 0.250000 0.010000
vt 0.287544 0.012955
vt 0.324164 0.021746
vt 0.358958 0.036158
vt 0.391068 0.055836
vt 0.419706 0.080294
vt 0.444164 0.108932
vt 0.463842 0.141042
vt 0.478254 0.175836
vt 0.487045 0.212456
vt 0.487045 0.287544
vt 0.478254 0.324164
vt 0.463842 0.358958
vt 0.444164 0.391068
vt 0.419706 0.419706
vt 0.391068 0.444164
vt 0.358958 0.463842
vt 0.000000 1.000000
vt 0.750000 0.490000
vt 0.787544 0.487045
vt 0.824164 0.478254
vt 0.858958 0.463842
vt 0.891068 0.444164
vt 0.919706 0.419706
vt 0.944164 0.391068
vt 0.963842 0.358958
vt 0.978254 0.324164
vt 0.987045 0.287544
vt 0.990000 0.250000
vt 0.987045 0.212456
vt 0.978254 0.175836
vt 0.963842 0.141042
vt 0.944164 0.108932
vt 0.891068 0.055836
vt 0.858958 0.036158
vt 0.824164 0.021746
vt 0.787544 0.012955
vt 0.750000 0.010000
vt 0.712456 0.012955
vt 0.675836 0.021746
vt 0.641042 0.036158
vt 0.608932 0.055836
vt 0.580294 0.080294
vt 0.555836 0.108932
vt 0.536158 0.141042
vt 0.521746 0.175836
vt 0.512955 0.212456
vt 0.510000 0.250000
vt 0.521746 0.324164
vt 0.536158 0.358958
vt 0.555836 0.391068
vt 0.580294 0.419706
vt 0.608932 0.444164
vt 0.641042 0.463842
vt 0.675836 0.478254
vt 0.999887 0.950865
s 1
usemtl olive_brass_button
f 2/1/1 3/2/2 1/3/3
f 3/2/2 6/4/4 5/5/5
f 6/4/4 7/6/6 5/5/5
f 8/7/7 9/8/8 7/6/6
f 10/9/9 11/10/10 9/8/8
f 12/11/11 13/12/12 11/10/10
f 14/13/13 15/14/14 13/12/12
f 16/15/15 17/16/16 15/14/14
f 18/17/17 19/18/18 17/16/16
f 20/19/19 21/20/20 19/18/18
f 21/20/20 24/21/21 23/22/22
f 24/21/21 25/23/23 23/22/22
f 26/24/24 27/25/25 25/23/23
f 28/26/26 29/27/27 27/25/25
f 30/28/28 31/29/29 29/27/27
f 32/30/30 33/31/31 31/29/29
f 33/31/31 36/32/32 35/33/33
f 36/32/32 37/34/34 35/33/33
f 38/35/35 39/36/36 37/34/34
f 40/37/37 41/38/38 39/36/36
f 41/38/38 44/39/39 43/40/40
f 44/39/39 45/41/41 43/40/40
f 46/42/42 47/43/43 45/41/41
f 47/43/43 50/44/44 49/45/45
f 50/44/44 51/46/46 49/45/45
f 52/47/47 53/48/48 51/46/46
f 54/49/49 55/50/50 53/48/48
f 56/51/51 57/52/52 55/50/50
f 58/53/53 59/54/54 57/52/52
f 59/54/54 62/55/55 61/56/56
f 62/55/55 63/57/57 61/56/56
f 64/58/58 65/59/59 63/57/57
f 66/60/60 67/61/61 65/59/59
f 68/62/62 69/63/63 67/61/61
f 70/64/64 71/65/65 69/63/63
f 72/66/66 73/67/67 71/65/65
f 74/68/68 75/69/69 73/67/67
f 76/70/70 77/71/71 75/69/69
f 54/72/49 22/73/72 6/74/4
f 78/75/73 79/76/74 77/71/71
f 80/77/75 1/78/3 79/76/74
f 31/79/29 63/80/57 79/81/74
f 82/82/76 95/83/77 85/84/78
f 95/83/77 84/85/79 85/84/78
f 94/86/80 83/87/81 84/88/79
f 93/89/82 81/90/83 83/87/81
f 87/91/84 100/92/85 97/93/86
f 100/92/85 89/94/87 99/95/88
f 99/96/88 88/97/89 98/98/90
f 98/98/90 86/99/91 96/100/92
f 102/101/93 95/83/77 92/102/94
f 95/83/77 104/103/95 94/104/80
f 94/86/80 103/105/96 93/89/82
f 93/89/82 101/106/97 91/107/98
f 97/93/86 110/108/99 107/109/100
f 100/92/85 109/110/101 110/108/99
f 99/96/88 108/111/102 109/112/101
f 98/98/90 106/113/103 108/111/102
f 102/101/93 115/114/104 105/115/105
f 105/115/105 114/116/106 104/103/95
f 104/117/95 113/118/107 103/105/96
f 103/105/96 111/119/108 101/106/97
f 107/109/100 120/120/109 117/121/110
f 110/108/99 119/122/111 120/120/109
f 109/112/101 118/123/112 119/124/111
f 108/111/102 116/125/113 118/123/112
f 112/126/114 125/127/115 115/114/104
f 115/114/104 124/128/116 114/116/106
f 114/129/106 123/130/117 113/118/107
f 123/130/117 111/119/108 113/118/107
f 127/131/118 120/120/109 130/132/119
f 120/120/109 129/133/120 130/132/119
f 119/124/111 128/134/121 129/135/120
f 128/134/121 116/125/113 126/136/122
f 132/137/123 125/127/115 122/138/124
f 125/127/115 134/139/125 124/128/116
f 124/140/116 133/141/126 123/130/117
f 123/130/117 131/142/127 121/143/128
f 127/131/118 140/144/129 137/145/130
f 130/132/119 139/146/131 140/144/129
f 139/147/131 128/134/121 138/148/132
f 128/134/121 136/149/133 138/148/132
f 142/150/134 135/151/135 132/137/123
f 145/152/136 134/139/125 135/151/135
f 134/153/125 143/154/137 133/141/126
f 143/154/137 131/142/127 133/141/126
f 137/145/130 150/155/138 147/156/139
f 140/144/129 149/157/140 150/155/138
f 139/147/131 148/158/141 149/159/140
f 138/148/132 146/160/142 148/158/141
f 152/161/143 145/152/136 142/150/134
f 155/162/144 144/163/145 145/152/136
f 154/164/146 143/154/137 144/165/145
f 153/166/147 141/167/148 143/154/137
f 157/168/149 150/155/138 160/169/150
f 150/155/138 159/170/151 160/169/150
f 159/171/151 148/158/141 158/172/152
f 158/172/152 146/160/142 156/173/153
f 162/174/154 155/162/144 152/161/143
f 165/175/155 154/176/146 155/162/144
f 164/177/156 153/166/147 154/164/146
f 163/178/157 151/179/158 153/166/147
f 167/180/159 160/169/150 170/181/160
f 170/181/160 159/170/151 169/182/161
f 169/183/161 158/172/152 168/184/162
f 168/184/162 156/173/153 166/185/163
f 162/174/154 175/186/164 165/175/155
f 165/175/155 174/187/165 164/188/156
f 164/177/156 173/189/166 163/178/157
f 163/178/157 171/190/167 161/191/168
f 167/180/159 180/192/169 177/193/170
f 170/181/160 179/194/171 180/192/169
f 169/183/161 178/195/172 179/196/171
f 168/184/162 176/197/173 178/195/172
f 182/198/174 175/186/164 172/199/175
f 185/200/176 174/187/165 175/186/164
f 174/201/165 183/202/177 173/189/166
f 173/189/166 181/203/178 171/190/167
f 177/193/170 190/204/179 187/205/180
f 190/204/179 179/194/171 189/206/181
f 179/196/171 188/207/182 189/208/181
f 188/207/182 176/197/173 186/209/183
f 182/198/174 195/210/184 185/200/176
f 185/200/176 194/211/185 184/212/186
f 184/213/186 193/214/187 183/202/177
f 183/202/177 191/215/188 181/203/178
f 187/205/180 200/216/189 197/217/190
f 190/204/179 199/218/191 200/216/189
f 189/208/181 198/219/192 199/220/191
f 188/207/182 196/221/173 198/219/192
f 202/222/193 195/210/184 192/223/194
f 205/224/195 194/211/185 195/210/184
f 204/225/196 193/214/187 194/226/185
f 203/227/197 191/215/188 193/214/187
f 197/217/190 210/228/198 207/229/199
f 200/216/189 209/230/200 210/228/198
f 199/220/191 208/231/201 209/232/200
f 208/231/201 196/221/173 206/233/202
f 202/222/193 215/234/203 205/224/195
f 215/234/203 204/235/196 205/224/195
f 214/236/204 203/227/197 204/225/196
f 213/237/205 201/238/206 203/227/197
f 207/229/199 220/239/207 217/240/208
f 220/239/207 209/230/200 219/241/209
f 219/242/209 208/231/201 218/243/210
f 218/243/210 206/233/202 216/244/211
f 222/245/212 215/234/203 212/246/213
f 225/247/214 214/248/204 215/234/203
f 224/249/215 213/237/205 214/236/204
f 223/250/216 211/251/217 213/237/205
f 217/240/208 230/252/218 227/253/219
f 230/252/218 219/241/209 229/254/220
f 229/255/220 218/243/210 228/256/221
f 228/256/221 216/244/211 226/257/222
f 222/245/212 235/258/223 225/247/214
f 225/247/214 234/259/224 224/260/215
f 224/249/215 233/261/225 223/250/216
f 223/250/216 231/262/226 221/263/227
f 227/253/219 240/264/228 237/265/229
f 230/252/218 239/266/230 240/264/228
f 229/255/220 238/267/231 239/268/230
f 228/256/221 236/269/232 238/267/231
f 242/270/233 235/258/223 232/271/234
f 245/272/235 234/259/224 235/258/223
f 244/273/236 233/261/225 234/274/224
f 243/275/237 231/262/226 233/261/225
f 247/276/238 240/264/228 250/277/239
f 250/277/239 239/266/230 249/278/240
f 249/279/240 238/267/231 248/280/241
f 238/267/231 246/281/242 248/280/241
f 242/270/233 255/282/243 245/272/235
f 245/272/235 254/283/244 244/284/236
f 244/273/236 253/285/245 243/275/237
f 243/275/237 251/286/246 241/287/247
f 247/276/238 260/288/248 257/289/249
f 250/277/239 259/290/250 260/288/248
f 249/279/240 258/291/251 259/292/250
f 248/280/241 256/293/252 258/291/251
f 262/294/253 255/282/243 252/295/254
f 265/296/255 254/283/244 255/282/243
f 264/297/256 253/285/245 254/298/244
f 263/299/257 251/286/246 253/285/245
f 257/289/249 270/300/258 267/301/259
f 270/300/258 259/290/250 269/302/260
f 269/303/260 258/291/251 268/304/261
f 268/304/261 256/293/252 266/305/262
f 272/306/263 265/296/255 262/294/253
f 265/296/255 274/307/264 264/308/256
f 264/297/256 273/309/265 263/299/257
f 263/299/257 271/310/266 261/311/267
f 267/301/259 280/312/268 277/313/269
f 270/300/258 279/314/270 280/312/268
f 269/303/260 278/315/271 279/316/270
f 268/304/261 276/317/272 278/315/271
f 282/318/273 275/319/274 272/306/263
f 275/319/274 284/320/275 274/307/264
f 284/321/275 273/309/265 274/322/264
f 283/323/276 271/310/266 273/309/265
f 287/324/277 280/312/268 290/325/278
f 290/325/278 279/314/270 289/326/279
f 289/327/279 278/315/271 288/328/280
f 288/328/280 276/317/272 286/329/281
f 282/318/273 295/330/282 285/331/283
f 285/331/283 294/332/284 284/320/275
f 284/321/275 293/333/285 283/323/276
f 283/323/276 291/334/286 281/335/287
f 287/324/277 300/336/288 297/337/289
f 290/325/278 299/338/290 300/336/288
f 289/327/279 298/339/291 299/340/290
f 288/328/280 296/341/292 298/339/291
f 302/342/293 295/330/282 292/343/294
f 305/344/295 294/332/284 295/330/282
f 304/345/296 293/333/285 294/346/284
f 303/347/297 291/334/286 293/333/285
f 307/348/298 300/336/288 310/349/299
f 310/349/299 299/338/290 309/350/300
f 299/340/290 308/351/301 309/352/300
f 298/339/291 306/353/302 308/351/301
f 302/342/293 315/354/303 305/344/295
f 305/344/295 314/355/304 304/356/296
f 314/357/304 303/347/297 304/345/296
f 313/358/305 301/359/306 303/347/297
f 317/360/307 310/349/299 320/361/308
f 310/349/299 319/362/309 320/361/308
f 319/363/309 308/351/301 318/364/310
f 318/364/310 306/353/302 316/365/311
f 322/366/312 315/354/303 312/367/313
f 325/368/314 314/355/304 315/354/303
f 324/369/315 313/358/305 314/357/304
f 323/370/316 311/371/317 313/358/305
f 327/372/318 320/361/308 330/373/319
f 330/373/319 319/362/309 329/374/320
f 329/375/320 318/364/310 328/376/321
f 328/376/321 316/365/311 326/377/322
f 322/366/312 335/378/323 325/368/314
f 325/368/314 334/379/324 324/380/315
f 324/369/315 333/381/325 323/370/316
f 323/370/316 331/382/326 321/383/327
f 327/372/318 340/384/328 337/385/329
f 330/373/319 339/386/330 340/384/328
f 329/375/320 338/387/331 339/388/330
f 328/376/321 336/389/332 338/387/331
f 332/390/333 345/391/334 335/378/323
f 345/391/334 334/379/324 335/378/323
f 344/392/335 333/381/325 334/393/324
f 333/381/325 341/394/336 331/382/326
f 337/385/329 350/395/337 347/396/338
f 340/384/328 349/397/339 350/395/337
f 339/388/330 348/398/340 349/399/339
f 338/387/331 346/400/341 348/398/340
f 342/401/342 355/402/343 345/391/334
f 355/402/343 344/403/335 345/391/334
f 344/392/335 353/404/344 343/405/345
f 343/405/345 351/406/346 341/394/336
f 347/396/338 360/407/347 357/408/348
f 350/395/337 359/409/349 360/407/347
f 349/399/339 358/410/350 359/411/349
f 348/398/340 356/412/351 358/410/350
f 352/413/352 365/414/353 355/402/343
f 365/414/353 354/415/354 355/402/343
f 364/416/355 353/404/344 354/417/354
f 353/404/344 361/418/356 351/406/346
f 357/408/348 370/419/357 367/420/358
f 370/419/357 359/409/349 369/421/359
f 369/422/359 358/410/350 368/423/360
f 358/410/350 366/424/361 368/423/360
f 372/425/362 365/414/353 362/426/363
f 375/427/364 364/428/355 365/414/353
f 374/429/365 363/430/366 364/416/355
f 373/431/367 361/418/356 363/430/366
f 377/432/368 370/419/357 380/433/369
f 370/419/357 379/434/370 380/433/369
f 379/435/370 368/423/360 378/436/371
f 378/436/371 366/424/361 376/437/372
f 372/425/362 385/438/373 375/427/364
f 385/438/373 374/439/365 375/427/364
f 374/429/365 383/440/374 373/431/367
f 373/431/367 381/441/375 371/442/376
f 377/432/368 390/443/377 387/444/378
f 380/433/369 389/445/379 390/443/377
f 389/446/379 378/436/371 388/447/380
f 388/447/380 376/437/372 386/448/381
f 392/449/382 385/438/373 382/450/383
f 395/451/384 384/452/385 385/438/373
f 394/453/386 383/440/374 384/454/385
f 393/455/387 381/441/375 383/440/374
f 397/456/388 390/443/377 400/457/389
f 400/457/389 389/445/379 399/458/390
f 399/459/390 388/447/380 398/460/391
f 398/460/391 386/448/381 396/461/392
f 392/449/382 405/462/393 395/451/384
f 395/451/384 404/463/394 394/464/386
f 394/453/386 403/465/395 393/455/387
f 393/455/387 401/466/396 391/467/397
f 407/468/398 400/457/389 410/469/399
f 400/457/389 409/470/400 410/469/399
f 399/459/390 408/471/401 409/472/400
f 398/460/391 406/473/402 408/471/401
f 412/474/403 405/462/393 402/475/404
f 415/476/405 404/463/394 405/462/393
f 414/477/406 403/465/395 404/478/394
f 413/479/407 401/466/396 403/465/395
f 407/468/398 420/480/408 417/481/409
f 410/469/399 419/482/410 420/480/408
f 419/483/410 408/471/401 418/484/411
f 418/484/411 406/473/402 416/485/412
f 422/486/413 415/476/405 412/474/403
f 415/476/405 424/487/414 414/488/406
f 414/477/406 423/489/415 413/479/407
f 413/479/407 421/490/416 411/491/417
f 417/481/409 430/492/418 427/493/419
f 420/480/408 429/494/420 430/492/418
f 419/483/410 428/495/421 429/496/420
f 418/484/411 426/497/422 428/495/421
f 422/486/413 435/498/423 425/499/424
f 425/499/424 434/500/425 424/487/414
f 424/501/414 433/502/426 423/489/415
f 423/489/415 431/503/427 421/490/416
f 437/504/428 430/492/418 440/505/429
f 430/492/418 439/506/430 440/505/429
f 429/496/420 438/507/431 439/508/430
f 438/507/431 426/497/422 436/509/432
f 432/510/433 445/511/434 435/498/423
f 445/511/434 434/500/425 435/498/423
f 434/512/425 443/513/435 433/502/426
f 443/513/435 431/503/427 433/502/426
f 447/514/436 440/505/429 450/515/437
f 440/505/429 449/516/438 450/515/437
f 439/508/430 448/517/439 449/518/438
f 448/517/439 436/509/432 446/519/440
f 452/520/441 445/511/434 442/521/442
f 445/511/434 454/522/443 444/523/444
f 444/524/444 453/525/445 443/513/435
f 443/513/435 451/526/446 441/527/447
f 447/514/436 460/528/448 457/529/449
f 450/515/437 459/530/450 460/528/448
f 449/518/438 458/531/451 459/532/450
f 448/517/439 456/533/452 458/531/451
f 462/534/453 455/535/454 452/520/441
f 455/535/454 464/536/455 454/522/443
f 464/537/455 453/525/445 454/538/443
f 463/539/456 451/526/446 453/525/445
f 467/540/457 460/528/448 470/541/458
f 460/528/448 469/542/459 470/541/458
f 459/532/450 468/543/460 469/544/459
f 458/531/451 466/545/461 468/543/460
f 462/534/453 475/546/462 465/547/463
f 475/546/462 464/536/455 465/547/463
f 474/548/464 463/539/456 464/537/455
f 463/539/456 471/549/465 461/550/466
f 477/551/467 470/541/458 480/552/468
f 480/552/468 469/542/459 479/553/469
f 479/554/469 468/543/460 478/555/470
f 478/555/470 466/545/461 476/556/471
f 472/557/472 485/558/473 475/546/462
f 485/558/473 474/559/464 475/546/462
f 484/560/474 473/561/475 474/548/464
f 483/562/476 471/549/465 473/561/475
f 487/563/477 480/552/468 490/564/478
f 490/564/478 479/553/469 489/565/479
f 489/566/479 478/555/470 488/567/480
f 488/567/480 476/556/471 486/568/481
f 482/569/482 495/570/483 485/558/473
f 485/558/473 494/571/484 484/572/474
f 484/560/474 493/573/485 483/562/476
f 483/562/476 491/574/486 481/575/487
f 487/563/477 500/576/488 497/577/489
f 490/564/478 499/578/490 500/576/488
f 489/566/479 498/579/491 499/580/490
f 488/567/480 496/581/492 498/579/491
f 502/582/493 495/570/483 492/583/494
f 505/584/495 494/571/484 495/570/483
f 504/585/496 493/573/485 494/586/484
f 493/573/485 501/587/497 491/574/486
f 507/588/498 500/576/488 510/589/499
f 500/576/488 509/590/500 510/589/499
f 499/580/490 508/591/501 509/592/500
f 508/591/501 496/581/492 506/593/502
f 502/582/493 515/594/503 505/584/495
f 505/584/495 514/595/504 504/596/496
f 504/585/496 513/597/505 503/598/506
f 503/598/506 511/599/507 501/587/497
f 507/588/498 520/600/508 517/601/509
f 510/589/499 519/602/510 520/600/508
f 509/592/500 518/603/511 519/604/510
f 508/591/501 516/605/492 518/603/511
f 512/606/512 525/607/513 515/594/503
f 515/594/503 524/608/514 514/595/504
f 514/609/504 523/610/515 513/597/505
f 523/610/515 511/599/507 513/597/505
f 527/611/516 520/600/508 530/612/517
f 520/600/508 529/613/518 530/612/517
f 529/614/518 518/603/511 528/615/519
f 528/615/519 516/605/492 526/616/520
f 532/617/521 525/607/513 522/618/522
f 535/619/523 524/608/514 525/607/513
f 534/620/524 523/610/515 524/621/514
f 523/610/515 531/622/525 521/623/526
f 537/624/527 530/612/517 540/625/528
f 530/612/517 539/626/529 540/625/528
f 529/614/518 538/627/530 539/628/529
f 538/627/530 526/616/520 536/629/531
f 542/630/532 535/619/523 532/617/521
f 545/631/533 534/632/524 535/619/523
f 544/633/534 533/634/535 534/620/524
f 543/635/536 531/622/525 533/634/535
f 547/636/537 540/625/528 550/637/538
f 550/637/538 539/626/529 549/638/539
f 549/639/539 538/627/530 548/640/540
f 548/640/540 536/629/531 546/641/541
f 552/642/542 545/631/533 542/630/532
f 545/631/533 554/643/543 544/644/534
f 544/633/534 553/645/544 543/635/536
f 543/635/536 551/646/545 541/647/546
f 547/636/537 560/648/547 557/649/548
f 550/637/538 559/650/549 560/648/547
f 549/639/539 558/651/550 559/652/549
f 548/640/540 556/653/551 558/651/550
f 562/654/552 555/655/553 552/642/542
f 565/656/554 554/643/543 555/655/553
f 564/657/555 553/645/544 554/658/543
f 563/659/556 551/646/545 553/645/544
f 567/660/557 560/648/547 570/661/558
f 560/648/547 569/662/559 570/661/558
f 569/663/559 558/651/550 568/664/560
f 568/664/560 556/653/551 566/665/561
f 562/654/552 575/666/562 565/656/554
f 565/656/554 574/667/563 564/668/555
f 564/657/555 573/669/564 563/659/556
f 563/659/556 571/670/565 561/671/566
f 567/660/557 580/672/567 577/673/568
f 580/672/567 569/662/559 579/674/569
f 569/663/559 578/675/570 579/676/569
f 568/664/560 576/677/551 578/675/570
f 582/678/571 575/666/562 572/679/572
f 585/680/573 574/667/563 575/666/562
f 584/681/574 573/669/564 574/682/563
f 583/683/575 571/670/565 573/669/564
f 587/684/576 580/672/567 590/685/577
f 590/685/577 579/674/569 589/686/578
f 589/687/578 578/675/570 588/688/579
f 588/688/579 576/677/551 586/689/580
f 582/678/571 595/690/581 585/680/573
f 585/680/573 594/691/582 584/692/574
f 584/681/574 593/693/583 583/683/575
f 583/683/575 591/694/584 581/695/585
f 597/696/586 590/685/577 600/697/587
f 600/697/587 589/686/578 599/698/588
f 599/699/588 588/688/579 598/700/589
f 588/688/579 596/701/590 598/700/589
f 602/702/591 595/690/581 592/703/592
f 605/704/593 594/691/582 595/690/581
f 604/705/594 593/693/583 594/706/582
f 603/707/595 591/694/584 593/693/583
f 597/696/586 610/708/596 607/709/597
f 610/708/596 599/698/588 609/710/598
f 609/711/598 598/700/589 608/712/599
f 608/712/599 596/701/590 606/713/600
f 612/714/601 605/704/593 602/702/591
f 605/704/593 614/715/602 604/716/594
f 604/705/594 613/717/603 603/707/595
f 603/707/595 611/718/604 601/719/605
f 607/709/597 620/720/606 617/721/607
f 610/708/596 619/722/608 620/720/606
f 609/711/598 618/723/609 619/724/608
f 608/712/599 616/725/610 618/723/609
f 622/726/611 615/727/612 612/714/601
f 625/728/613 614/715/602 615/727/612
f 614/729/602 623/730/614 613/717/603
f 623/730/614 611/718/604 613/717/603
f 627/731/615 620/720/606 630/732/616
f 620/720/606 629/733/617 630/732/616
f 619/724/608 628/734/618 629/735/617
f 628/734/618 616/725/610 626/736/619
f 622/726/611 635/737/620 625/728/613
f 635/737/620 624/738/621 625/728/613
f 634/739/622 623/730/614 624/740/621
f 633/741/623 621/742/624 623/730/614
f 627/731/615 640/743/625 637/744/626
f 630/732/616 639/745/627 640/743/625
f 629/735/617 638/746/628 639/747/627
f 638/746/628 626/736/619 636/748/629
f 642/749/630 635/737/620 632/750/631
f 645/751/632 634/752/622 635/737/620
f 644/753/633 633/741/623 634/739/622
f 643/754/634 631/755/635 633/741/623
f 647/756/636 640/743/625 650/757/637
f 650/757/637 639/745/627 649/758/638
f 649/759/638 638/746/628 648/760/639
f 648/760/639 636/748/629 646/761/640
f 642/749/630 655/762/641 645/751/632
f 645/751/632 654/763/642 644/764/633
f 644/753/633 653/765/643 643/754/634
f 643/754/634 651/766/644 641/767/645
f 647/756/636 660/768/646 657/769/647
f 650/757/637 659/770/648 660/768/646
f 649/759/638 658/771/649 659/772/648
f 648/760/639 656/773/650 658/771/649
f 652/774/651 665/775/652 655/762/641
f 665/775/652 654/763/642 655/762/641
f 664/776/653 653/765/643 654/777/642
f 663/778/654 651/766/644 653/765/643
f 657/769/647 670/779/655 667/780/656
f 670/779/655 659/770/648 669/781/657
f 659/772/648 668/782/658 669/783/657
f 658/771/649 666/784/659 668/782/658
f 672/785/660 665/775/652 662/786/661
f 675/787/662 664/788/653 665/775/652
f 664/776/653 673/789/663 663/778/654
f 663/778/654 671/790/664 661/791/665
f 667/780/656 680/792/666 677/793/667
f 680/792/666 669/781/657 679/794/668
f 669/783/657 678/795/669 679/796/668
f 668/782/658 676/797/670 678/795/669
f 682/798/671 675/787/662 672/785/660
f 685/799/672 674/800/673 675/787/662
f 684/801/674 673/789/663 674/802/673
f 683/803/675 671/790/664 673/789/663
f 687/804/676 680/792/666 690/805/677
f 690/805/677 679/794/668 689/806/678
f 679/796/668 688/807/679 689/808/678
f 678/795/669 686/809/680 688/807/679
f 682/798/671 695/810/681 685/799/672
f 685/799/672 694/811/682 684/812/674
f 684/801/674 693/813/683 683/803/675
f 683/803/675 691/814/684 681/815/685
f 687/804/676 700/816/686 697/817/687
f 690/805/677 699/818/688 700/816/686
f 699/819/688 688/807/679 698/820/689
f 698/820/689 686/809/680 696/821/690
f 702/822/691 695/810/681 692/823/692
f 695/810/681 704/824/693 694/811/682
f 704/825/693 693/813/683 694/826/682
f 703/827/694 691/814/684 693/813/683
f 697/817/687 710/828/695 707/829/696
f 700/816/686 709/830/697 710/828/695
f 699/819/688 708/831/698 709/832/697
f 698/820/689 706/833/699 708/831/698
f 712/834/700 705/835/701 702/822/691
f 715/836/702 704/824/693 705/835/701
f 714/837/703 703/827/694 704/825/693
f 713/838/704 701/839/705 703/827/694
f 707/829/696 720/840/706 717/841/707
f 720/840/706 709/830/697 719/842/708
f 719/843/708 708/831/698 718/844/709
f 718/844/709 706/833/699 716/845/710
f 712/834/700 85/846/78 715/836/702
f 715/836/702 84/847/79 714/848/703
f 714/837/703 83/87/81 713/838/704
f 713/838/704 81/90/83 711/849/711
f 717/841/707 90/850/712 87/851/84
f 720/840/706 89/852/87 90/850/712
f 719/843/708 88/97/89 89/853/87
f 718/844/709 86/99/91 88/97/89
f 391/467/397 551/646/545 711/849/711
f 87/91/84 92/102/94 82/82/76
f 717/841/707 82/854/76 712/834/700
f 426/497/422 266/305/262 106/113/103
f 97/93/86 102/101/93 92/102/94
f 107/109/100 112/126/114 102/101/93
f 117/121/110 122/138/124 112/126/114
f 127/131/118 132/137/123 122/138/124
f 137/145/130 142/150/134 132/137/123
f 147/156/139 152/161/143 142/150/134
f 157/168/149 162/174/154 152/161/143
f 167/180/159 172/199/175 162/174/154
f 177/193/170 182/198/174 172/199/175
f 187/205/180 192/223/194 182/198/174
f 197/217/190 202/222/193 192/223/194
f 207/229/199 212/246/213 202/222/193
f 217/240/208 222/245/212 212/246/213
f 227/253/219 232/271/234 222/245/212
f 237/265/229 242/270/233 232/271/234
f 247/276/238 252/295/254 242/270/233
f 257/289/249 262/294/253 252/295/254
f 267/301/259 272/306/263 262/294/253
f 277/313/269 282/318/273 272/306/263
f 287/324/277 292/343/294 282/318/273
f 297/337/289 302/342/293 292/343/294
f 307/348/298 312/367/313 302/342/293
f 317/360/307 322/366/312 312/367/313
f 327/372/318 332/390/333 322/366/312
f 332/390/333 347/396/338 342/401/342
f 347/396/338 352/413/352 342/401/342
f 357/408/348 362/426/363 352/413/352
f 367/420/358 372/425/362 362/426/363
f 377/432/368 382/450/383 372/425/362
f 387/444/378 392/449/382 382/450/383
f 397/456/388 402/475/404 392/449/382
f 407/468/398 412/474/403 402/475/404
f 417/481/409 422/486/413 412/474/403
f 427/493/419 432/510/433 422/486/413
f 437/504/428 442/521/442 432/510/433
f 447/514/436 452/520/441 442/521/442
f 457/529/449 462/534/453 452/520/441
f 467/540/457 472/557/472 462/534/453
f 477/551/467 482/569/482 472/557/472
f 487/563/477 492/583/494 482/569/482
f 497/577/489 502/582/493 492/583/494
f 507/588/498 512/606/512 502/582/493
f 517/601/509 522/618/522 512/606/512
f 527/611/516 532/617/521 522/618/522
f 537/624/527 542/630/532 532/617/521
f 547/636/537 552/642/542 542/630/532
f 557/649/548 562/654/552 552/642/542
f 567/660/557 572/679/572 562/654/552
f 577/673/568 582/678/571 572/679/572
f 587/684/576 592/703/592 582/678/571
f 597/696/586 602/702/591 592/703/592
f 607/709/597 612/714/601 602/702/591
f 617/721/607 622/726/611 612/714/601
f 627/731/615 632/750/631 622/726/611
f 637/744/626 642/749/630 632/750/631
f 647/756/636 652/774/651 642/749/630
f 657/769/647 662/786/661 652/774/651
f 667/780/656 672/785/660 662/786/661
f 677/793/667 682/798/671 672/785/660
f 687/804/676 692/823/692 682/798/671
f 697/817/687 702/822/691 692/823/692
f 707/829/696 712/834/700 702/822/691
f 2/1/1 4/855/713 3/2/2
f 3/2/2 4/855/713 6/4/4
f 6/4/4 8/7/7 7/6/6
f 8/7/7 10/9/9 9/8/8
f 10/9/9 12/11/11 11/10/10
f 12/11/11 14/13/13 13/12/12
f 14/13/13 16/15/15 15/14/14
f 16/15/15 18/17/17 17/16/16
f 18/17/17 20/19/19 19/18/18
f 20/19/19 22/856/72 21/20/20
f 21/20/20 22/856/72 24/21/21
f 24/21/21 26/24/24 25/23/23
f 26/24/24 28/26/26 27/25/25
f 28/26/26 30/28/28 29/27/27
f 30/28/28 32/30/30 31/29/29
f 32/30/30 34/857/714 33/31/31
f 33/31/31 34/857/714 36/32/32
f 36/32/32 38/35/35 37/34/34
f 38/35/35 40/37/37 39/36/36
f 40/37/37 42/858/715 41/38/38
f 41/38/38 42/858/715 44/39/39
f 44/39/39 46/42/42 45/41/41
f 46/42/42 48/859/716 47/43/43
f 47/43/43 48/859/716 50/44/44
f 50/44/44 52/47/47 51/46/46
f 52/47/47 54/49/49 53/48/48
f 54/49/49 56/51/51 55/50/50
f 56/51/51 58/53/53 57/52/52
f 58/53/53 60/860/717 59/54/54
f 59/54/54 60/860/717 62/55/55
f 62/55/55 64/58/58 63/57/57
f 64/58/58 66/60/60 65/59/59
f 66/60/60 68/62/62 67/61/61
f 68/62/62 70/64/64 69/63/63
f 70/64/64 72/66/66 71/65/65
f 72/66/66 74/68/68 73/67/67
f 74/68/68 76/70/70 75/69/69
f 76/70/70 78/75/73 77/71/71
f 6/74/4 4/861/713 2/862/1
f 2/862/1 80/863/75 78/864/73
f 78/864/73 76/865/70 74/866/68
f 74/866/68 72/867/66 70/868/64
f 70/868/64 68/869/62 66/870/60
f 66/870/60 64/871/58 62/872/55
f 62/872/55 60/873/717 58/874/53
f 58/874/53 56/875/51 54/72/49
f 54/72/49 52/876/47 50/877/44
f 50/877/44 48/878/716 46/879/42
f 46/879/42 44/880/39 42/881/715
f 42/881/715 40/882/37 38/883/35
f 38/883/35 36/884/32 34/885/714
f 34/885/714 32/886/30 30/887/28
f 30/887/28 28/888/26 26/889/24
f 26/889/24 24/890/21 22/73/72
f 22/73/72 20/891/19 18/892/17
f 18/892/17 16/893/15 14/894/13
f 14/894/13 12/895/11 10/896/9
f 10/896/9 8/897/7 6/74/4
f 6/74/4 2/862/1 78/864/73
f 78/864/73 74/866/68 70/868/64
f 70/868/64 66/870/60 62/872/55
f 62/872/55 58/874/53 54/72/49
f 54/72/49 50/877/44 46/879/42
f 46/879/42 42/881/715 38/883/35
f 38/883/35 34/885/714 30/887/28
f 30/887/28 26/889/24 22/73/72
f 22/73/72 18/892/17 14/894/13
f 14/894/13 10/896/9 6/74/4
f 6/74/4 78/864/73 70/868/64
f 70/868/64 62/872/55 54/72/49
f 54/72/49 46/879/42 38/883/35
f 38/883/35 30/887/28 22/73/72
f 22/73/72 14/894/13 6/74/4
f 6/74/4 70/868/64 54/72/49
f 54/72/49 38/883/35 22/73/72
f 78/75/73 80/77/75 79/76/74
f 80/77/75 2/898/1 1/78/3
f 79/81/74 1/899/3 3/900/2
f 3/900/2 5/901/5 7/902/6
f 7/902/6 9/903/8 11/904/10
f 11/904/10 13/905/12 15/906/14
f 15/906/14 17/907/16 19/908/18
f 19/908/18 21/909/20 23/910/22
f 23/910/22 25/911/23 27/912/25
f 27/912/25 29/913/27 31/79/29
f 31/79/29 33/914/31 35/915/33
f 35/915/33 37/916/34 39/917/36
f 39/917/36 41/918/38 43/919/40
f 43/919/40 45/920/41 47/921/43
f 47/921/43 49/922/45 51/923/46
f 51/923/46 53/924/48 55/925/50
f 55/925/50 57/926/52 59/927/54
f 59/927/54 61/928/56 63/80/57
f 63/80/57 65/929/59 67/930/61
f 67/930/61 69/931/63 71/932/65
f 71/932/65 73/933/67 75/934/69
f 75/934/69 77/935/71 79/81/74
f 79/81/74 3/900/2 7/902/6
f 7/902/6 11/904/10 15/906/14
f 15/906/14 19/908/18 23/910/22
f 23/910/22 27/912/25 31/79/29
f 31/79/29 35/915/33 39/917/36
f 39/917/36 43/919/40 47/921/43
f 47/921/43 51/923/46 55/925/50
f 55/925/50 59/927/54 63/80/57
f 63/80/57 67/930/61 71/932/65
f 71/932/65 75/934/69 79/81/74
f 79/81/74 7/902/6 15/906/14
f 15/906/14 23/910/22 31/79/29
f 31/79/29 39/917/36 47/921/43
f 47/921/43 55/925/50 63/80/57
f 63/80/57 71/932/65 79/81/74
f 79/81/74 15/906/14 31/79/29
f 31/79/29 47/921/43 63/80/57
f 82/82/76 92/102/94 95/83/77
f 95/83/77 94/104/80 84/85/79
f 94/86/80 93/89/82 83/87/81
f 93/89/82 91/107/98 81/90/83
f 87/91/84 90/936/712 100/92/85
f 100/92/85 90/936/712 89/94/87
f 99/96/88 89/853/87 88/97/89
f 98/98/90 88/97/89 86/99/91
f 102/101/93 105/115/105 95/83/77
f 95/83/77 105/115/105 104/103/95
f 94/86/80 104/117/95 103/105/96
f 93/89/82 103/105/96 101/106/97
f 97/93/86 100/92/85 110/108/99
f 100/92/85 99/95/88 109/110/101
f 99/96/88 98/98/90 108/111/102
f 98/98/90 96/100/92 106/113/103
f 102/101/93 112/126/114 115/114/104
f 105/115/105 115/114/104 114/116/106
f 104/117/95 114/129/106 113/118/107
f 103/105/96 113/118/107 111/119/108
f 107/109/100 110/108/99 120/120/109
f 110/108/99 109/110/101 119/122/111
f 109/112/101 108/111/102 118/123/112
f 108/111/102 106/113/103 116/125/113
f 112/126/114 122/138/124 125/127/115
f 115/114/104 125/127/115 124/128/116
f 114/129/106 124/140/116 123/130/117
f 123/130/117 121/143/128 111/119/108
f 127/131/118 117/121/110 120/120/109
f 120/120/109 119/122/111 129/133/120
f 119/124/111 118/123/112 128/134/121
f 128/134/121 118/123/112 116/125/113
f 132/137/123 135/151/135 125/127/115
f 125/127/115 135/151/135 134/139/125
f 124/140/116 134/153/125 133/141/126
f 123/130/117 133/141/126 131/142/127
f 127/131/118 130/132/119 140/144/129
f 130/132/119 129/133/120 139/146/131
f 139/147/131 129/135/120 128/134/121
f 128/134/121 126/136/122 136/149/133
f 142/150/134 145/152/136 135/151/135
f 145/152/136 144/163/145 134/139/125
f 134/153/125 144/165/145 143/154/137
f 143/154/137 141/167/148 131/142/127
f 137/145/130 140/144/129 150/155/138
f 140/144/129 139/146/131 149/157/140
f 139/147/131 138/148/132 148/158/141
f 138/148/132 136/149/133 146/160/142
f 152/161/143 155/162/144 145/152/136
f 155/162/144 154/176/146 144/163/145
f 154/164/146 153/166/147 143/154/137
f 153/166/147 151/179/158 141/167/148
f 157/168/149 147/156/139 150/155/138
f 150/155/138 149/157/140 159/170/151
f 159/171/151 149/159/140 148/158/141
f 158/172/152 148/158/141 146/160/142
f 162/174/154 165/175/155 155/162/144
f 165/175/155 164/188/156 154/176/146
f 164/177/156 163/178/157 153/166/147
f 163/178/157 161/191/168 151/179/158
f 167/180/159 157/168/149 160/169/150
f 170/181/160 160/169/150 159/170/151
f 169/183/161 159/171/151 158/172/152
f 168/184/162 158/172/152 156/173/153
f 162/174/154 172/199/175 175/186/164
f 165/175/155 175/186/164 174/187/165
f 164/177/156 174/201/165 173/189/166
f 163/178/157 173/189/166 171/190/167
f 167/180/159 170/181/160 180/192/169
f 170/181/160 169/182/161 179/194/171
f 169/183/161 168/184/162 178/195/172
f 168/184/162 166/185/163 176/197/173
f 182/198/174 185/200/176 175/186/164
f 185/200/176 184/212/186 174/187/165
f 174/201/165 184/213/186 183/202/177
f 173/189/166 183/202/177 181/203/178
f 177/193/170 180/192/169 190/204/179
f 190/204/179 180/192/169 179/194/171
f 179/196/171 178/195/172 188/207/182
f 188/207/182 178/195/172 176/197/173
f 182/198/174 192/223/194 195/210/184
f 185/200/176 195/210/184 194/211/185
f 184/213/186 194/226/185 193/214/187
f 183/202/177 193/214/187 191/215/188
f 187/205/180 190/204/179 200/216/189
f 190/204/179 189/206/181 199/218/191
f 189/208/181 188/207/182 198/219/192
f 188/207/182 186/209/183 196/221/173
f 202/222/193 205/224/195 195/210/184
f 205/224/195 204/235/196 194/211/185
f 204/225/196 203/227/197 193/214/187
f 203/227/197 201/238/206 191/215/188
f 197/217/190 200/216/189 210/228/198
f 200/216/189 199/218/191 209/230/200
f 199/220/191 198/219/192 208/231/201
f 208/231/201 198/219/192 196/221/173
f 202/222/193 212/246/213 215/234/203
f 215/234/203 214/248/204 204/235/196
f 214/236/204 213/237/205 203/227/197
f 213/237/205 211/251/217 201/238/206
f 207/229/199 210/228/198 220/239/207
f 220/239/207 210/228/198 209/230/200
f 219/242/209 209/232/200 208/231/201
f 218/243/210 208/231/201 206/233/202
f 222/245/212 225/247/214 215/234/203
f 225/247/214 224/260/215 214/248/204
f 224/249/215 223/250/216 213/237/205
f 223/250/216 221/263/227 211/251/217
f 217/240/208 220/239/207 230/252/218
f 230/252/218 220/239/207 219/241/209
f 229/255/220 219/242/209 218/243/210
f 228/256/221 218/243/210 216/244/211
f 222/245/212 232/271/234 235/258/223
f 225/247/214 235/258/223 234/259/224
f 224/249/215 234/274/224 233/261/225
f 223/250/216 233/261/225 231/262/226
f 227/253/219 230/252/218 240/264/228
f 230/252/218 229/254/220 239/266/230
f 229/255/220 228/256/221 238/267/231
f 228/256/221 226/257/222 236/269/232
f 242/270/233 245/272/235 235/258/223
f 245/272/235 244/284/236 234/259/224
f 244/273/236 243/275/237 233/261/225
f 243/275/237 241/287/247 231/262/226
f 247/276/238 237/265/229 240/264/228
f 250/277/239 240/264/228 239/266/230
f 249/279/240 239/268/230 238/267/231
f 238/267/231 236/269/232 246/281/242
f 242/270/233 252/295/254 255/282/243
f 245/272/235 255/282/243 254/283/244
f 244/273/236 254/298/244 253/285/245
f 243/275/237 253/285/245 251/286/246
f 247/276/238 250/277/239 260/288/248
f 250/277/239 249/278/240 259/290/250
f 249/279/240 248/280/241 258/291/251
f 248/280/241 246/281/242 256/293/252
f 262/294/253 265/296/255 255/282/243
f 265/296/255 264/308/256 254/283/244
f 264/297/256 263/299/257 253/285/245
f 263/299/257 261/311/267 251/286/246
f 257/289/249 260/288/248 270/300/258
f 270/300/258 260/288/248 259/290/250
f 269/303/260 259/292/250 258/291/251
f 268/304/261 258/291/251 256/293/252
f 272/306/263 275/319/274 265/296/255
f 265/296/255 275/319/274 274/307/264
f 264/297/256 274/322/264 273/309/265
f 263/299/257 273/309/265 271/310/266
f 267/301/259 270/300/258 280/312/268
f 270/300/258 269/302/260 279/314/270
f 269/303/260 268/304/261 278/315/271
f 268/304/261 266/305/262 276/317/272
f 282/318/273 285/331/283 275/319/274
f 275/319/274 285/331/283 284/320/275
f 284/321/275 283/323/276 273/309/265
f 283/323/276 281/335/287 271/310/266
f 287/324/277 277/313/269 280/312/268
f 290/325/278 280/312/268 279/314/270
f 289/327/279 279/316/270 278/315/271
f 288/328/280 278/315/271 276/317/272
f 282/318/273 292/343/294 295/330/282
f 285/331/283 295/330/282 294/332/284
f 284/321/275 294/346/284 293/333/285
f 283/323/276 293/333/285 291/334/286
f 287/324/277 290/325/278 300/336/288
f 290/325/278 289/326/279 299/338/290
f 289/327/279 288/328/280 298/339/291
f 288/328/280 286/329/281 296/341/292
f 302/342/293 305/344/295 295/330/282
f 305/344/295 304/356/296 294/332/284
f 304/345/296 303/347/297 293/333/285
f 303/347/297 301/359/306 291/334/286
f 307/348/298 297/337/289 300/336/288
f 310/349/299 300/336/288 299/338/290
f 299/340/290 298/339/291 308/351/301
f 298/339/291 296/341/292 306/353/302
f 302/342/293 312/367/313 315/354/303
f 305/344/295 315/354/303 314/355/304
f 314/357/304 313/358/305 303/347/297
f 313/358/305 311/371/317 301/359/306
f 317/360/307 307/348/298 310/349/299
f 310/349/299 309/350/300 319/362/309
f 319/363/309 309/352/300 308/351/301
f 318/364/310 308/351/301 306/353/302
f 322/366/312 325/368/314 315/354/303
f 325/368/314 324/380/315 314/355/304
f 324/369/315 323/370/316 313/358/305
f 323/370/316 321/383/327 311/371/317
f 327/372/318 317/360/307 320/361/308
f 330/373/319 320/361/308 319/362/309
f 329/375/320 319/363/309 318/364/310
f 328/376/321 318/364/310 316/365/311
f 322/366/312 332/390/333 335/378/323
f 325/368/314 335/378/323 334/379/324
f 324/369/315 334/393/324 333/381/325
f 323/370/316 333/381/325 331/382/326
f 327/372/318 330/373/319 340/384/328
f 330/373/319 329/374/320 339/386/330
f 329/375/320 328/376/321 338/387/331
f 328/376/321 326/377/322 336/389/332
f 332/390/333 342/401/342 345/391/334
f 345/391/334 344/403/335 334/379/324
f 344/392/335 343/405/345 333/381/325
f 333/381/325 343/405/345 341/394/336
f 337/385/329 340/384/328 350/395/337
f 340/384/328 339/386/330 349/397/339
f 339/388/330 338/387/331 348/398/340
f 338/387/331 336/389/332 346/400/341
f 342/401/342 352/413/352 355/402/343
f 355/402/343 354/415/354 344/403/335
f 344/392/335 354/417/354 353/404/344
f 343/405/345 353/404/344 351/406/346
f 347/396/338 350/395/337 360/407/347
f 350/395/337 349/397/339 359/409/349
f 349/399/339 348/398/340 358/410/350
f 348/398/340 346/400/341 356/412/351
f 352/413/352 362/426/363 365/414/353
f 365/414/353 364/428/355 354/415/354
f 364/416/355 363/430/366 353/404/344
f 353/404/344 363/430/366 361/418/356
f 357/408/348 360/407/347 370/419/357
f 370/419/357 360/407/347 359/409/349
f 369/422/359 359/411/349 358/410/350
f 358/410/350 356/412/351 366/424/361
f 372/425/362 375/427/364 365/414/353
f 375/427/364 374/439/365 364/428/355
f 374/429/365 373/431/367 363/430/366
f 373/431/367 371/442/376 361/418/356
f 377/432/368 367/420/358 370/419/357
f 370/419/357 369/421/359 379/434/370
f 379/435/370 369/422/359 368/423/360
f 378/436/371 368/423/360 366/424/361
f 372/425/362 382/450/383 385/438/373
f 385/438/373 384/452/385 374/439/365
f 374/429/365 384/454/385 383/440/374
f 373/431/367 383/440/374 381/441/375
f 377/432/368 380/433/369 390/443/377
f 380/433/369 379/434/370 389/445/379
f 389/446/379 379/435/370 378/436/371
f 388/447/380 378/436/371 376/437/372
f 392/449/382 395/451/384 385/438/373
f 395/451/384 394/464/386 384/452/385
f 394/453/386 393/455/387 383/440/374
f 393/455/387 391/467/397 381/441/375
f 397/456/388 387/444/378 390/443/377
f 400/457/389 390/443/377 389/445/379
f 399/459/390 389/446/379 388/447/380
f 398/460/391 388/447/380 386/448/381
f 392/449/382 402/475/404 405/462/393
f 395/451/384 405/462/393 404/463/394
f 394/453/386 404/478/394 403/465/395
f 393/455/387 403/465/395 401/466/396
f 407/468/398 397/456/388 400/457/389
f 400/457/389 399/458/390 409/470/400
f 399/459/390 398/460/391 408/471/401
f 398/460/391 396/461/392 406/473/402
f 412/474/403 415/476/405 405/462/393
f 415/476/405 414/488/406 404/463/394
f 414/477/406 413/479/407 403/465/395
f 413/479/407 411/491/417 401/466/396
f 407/468/398 410/469/399 420/480/408
f 410/469/399 409/470/400 419/482/410
f 419/483/410 409/472/400 408/471/401
f 418/484/411 408/471/401 406/473/402
f 422/486/413 425/499/424 415/476/405
f 415/476/405 425/499/424 424/487/414
f 414/477/406 424/501/414 423/489/415
f 413/479/407 423/489/415 421/490/416
f 417/481/409 420/480/408 430/492/418
f 420/480/408 419/482/410 429/494/420
f 419/483/410 418/484/411 428/495/421
f 418/484/411 416/485/412 426/497/422
f 422/486/413 432/510/433 435/498/423
f 425/499/424 435/498/423 434/500/425
f 424/501/414 434/512/425 433/502/426
f 423/489/415 433/502/426 431/503/427
f 437/504/428 427/493/419 430/492/418
f 430/492/418 429/494/420 439/506/430
f 429/496/420 428/495/421 438/507/431
f 438/507/431 428/495/421 426/497/422
f 432/510/433 442/521/442 445/511/434
f 445/511/434 444/523/444 434/500/425
f 434/512/425 444/524/444 443/513/435
f 443/513/435 441/527/447 431/503/427
f 447/514/436 437/504/428 440/505/429
f 440/505/429 439/506/430 449/516/438
f 439/508/430 438/507/431 448/517/439
f 448/517/439 438/507/431 436/509/432
f 452/520/441 455/535/454 445/511/434
f 445/511/434 455/535/454 454/522/443
f 444/524/444 454/538/443 453/525/445
f 443/513/435 453/525/445 451/526/446
f 447/514/436 450/515/437 460/528/448
f 450/515/437 449/516/438 459/530/450
f 449/518/438 448/517/439 458/531/451
f 448/517/439 446/519/440 456/533/452
f 462/534/453 465/547/463 455/535/454
f 455/535/454 465/547/463 464/536/455
f 464/537/455 463/539/456 453/525/445
f 463/539/456 461/550/466 451/526/446
f 467/540/457 457/529/449 460/528/448
f 460/528/448 459/530/450 469/542/459
f 459/532/450 458/531/451 468/543/460
f 458/531/451 456/533/452 466/545/461
f 462/534/453 472/557/472 475/546/462
f 475/546/462 474/559/464 464/536/455
f 474/548/464 473/561/475 463/539/456
f 463/539/456 473/561/475 471/549/465
f 477/551/467 467/540/457 470/541/458
f 480/552/468 470/541/458 469/542/459
f 479/554/469 469/544/459 468/543/460
f 478/555/470 468/543/460 466/545/461
f 472/557/472 482/569/482 485/558/473
f 485/558/473 484/572/474 474/559/464
f 484/560/474 483/562/476 473/561/475
f 483/562/476 481/575/487 471/549/465
f 487/563/477 477/551/467 480/552/468
f 490/564/478 480/552/468 479/553/469
f 489/566/479 479/554/469 478/555/470
f 488/567/480 478/555/470 476/556/471
f 482/569/482 492/583/494 495/570/483
f 485/558/473 495/570/483 494/571/484
f 484/560/474 494/586/484 493/573/485
f 483/562/476 493/573/485 491/574/486
f 487/563/477 490/564/478 500/576/488
f 490/564/478 489/565/479 499/578/490
f 489/566/479 488/567/480 498/579/491
f 488/567/480 486/568/481 496/581/492
f 502/582/493 505/584/495 495/570/483
f 505/584/495 504/596/496 494/571/484
f 504/585/496 503/598/506 493/573/485
f 493/573/485 503/598/506 501/587/497
f 507/588/498 497/577/489 500/576/488
f 500/576/488 499/578/490 509/590/500
f 499/580/490 498/579/491 508/591/501
f 508/591/501 498/579/491 496/581/492
f 502/582/493 512/606/512 515/594/503
f 505/584/495 515/594/503 514/595/504
f 504/585/496 514/609/504 513/597/505
f 503/598/506 513/597/505 511/599/507
f 507/588/498 510/589/499 520/600/508
f 510/589/499 509/590/500 519/602/510
f 509/592/500 508/591/501 518/603/511
f 508/591/501 506/593/502 516/605/492
f 512/606/512 522/618/522 525/607/513
f 515/594/503 525/607/513 524/608/514
f 514/609/504 524/621/514 523/610/515
f 523/610/515 521/623/526 511/599/507
f 527/611/516 517/601/509 520/600/508
f 520/600/508 519/602/510 529/613/518
f 529/614/518 519/604/510 518/603/511
f 528/615/519 518/603/511 516/605/492
f 532/617/521 535/619/523 525/607/513
f 535/619/523 534/632/524 524/608/514
f 534/620/524 533/634/535 523/610/515
f 523/610/515 533/634/535 531/622/525
f 537/624/527 527/611/516 530/612/517
f 530/612/517 529/613/518 539/626/529
f 529/614/518 528/615/519 538/627/530
f 538/627/530 528/615/519 526/616/520
f 542/630/532 545/631/533 535/619/523
f 545/631/533 544/644/534 534/632/524
f 544/633/534 543/635/536 533/634/535
f 543/635/536 541/647/546 531/622/525
f 547/636/537 537/624/527 540/625/528
f 550/637/538 540/625/528 539/626/529
f 549/639/539 539/628/529 538/627/530
f 548/640/540 538/627/530 536/629/531
f 552/642/542 555/655/553 545/631/533
f 545/631/533 555/655/553 554/643/543
f 544/633/534 554/658/543 553/645/544
f 543/635/536 553/645/544 551/646/545
f 547/636/537 550/637/538 560/648/547
f 550/637/538 549/638/539 559/650/549
f 549/639/539 548/640/540 558/651/550
f 548/640/540 546/641/541 556/653/551
f 562/654/552 565/656/554 555/655/553
f 565/656/554 564/668/555 554/643/543
f 564/657/555 563/659/556 553/645/544
f 563/659/556 561/671/566 551/646/545
f 567/660/557 557/649/548 560/648/547
f 560/648/547 559/650/549 569/662/559
f 569/663/559 559/652/549 558/651/550
f 568/664/560 558/651/550 556/653/551
f 562/654/552 572/679/572 575/666/562
f 565/656/554 575/666/562 574/667/563
f 564/657/555 574/682/563 573/669/564
f 563/659/556 573/669/564 571/670/565
f 567/660/557 570/661/558 580/672/567
f 580/672/567 570/661/558 569/662/559
f 569/663/559 568/664/560 578/675/570
f 568/664/560 566/665/561 576/677/551
f 582/678/571 585/680/573 575/666/562
f 585/680/573 584/692/574 574/667/563
f 584/681/574 583/683/575 573/669/564
f 583/683/575 581/695/585 571/670/565
f 587/684/576 577/673/568 580/672/567
f 590/685/577 580/672/567 579/674/569
f 589/687/578 579/676/569 578/675/570
f 588/688/579 578/675/570 576/677/551
f 582/678/571 592/703/592 595/690/581
f 585/680/573 595/690/581 594/691/582
f 584/681/574 594/706/582 593/693/583
f 583/683/575 593/693/583 591/694/584
f 597/696/586 587/684/576 590/685/577
f 600/697/587 590/685/577 589/686/578
f 599/699/588 589/687/578 588/688/579
f 588/688/579 586/689/580 596/701/590
f 602/702/591 605/704/593 595/690/581
f 605/704/593 604/716/594 594/691/582
f 604/705/594 603/707/595 593/693/583
f 603/707/595 601/719/605 591/694/584
f 597/696/586 600/697/587 610/708/596
f 610/708/596 600/697/587 599/698/588
f 609/711/598 599/699/588 598/700/589
f 608/712/599 598/700/589 596/701/590
f 612/714/601 615/727/612 605/704/593
f 605/704/593 615/727/612 614/715/602
f 604/705/594 614/729/602 613/717/603
f 603/707/595 613/717/603 611/718/604
f 607/709/597 610/708/596 620/720/606
f 610/708/596 609/710/598 619/722/608
f 609/711/598 608/712/599 618/723/609
f 608/712/599 606/713/600 616/725/610
f 622/726/611 625/728/613 615/727/612
f 625/728/613 624/738/621 614/715/602
f 614/729/602 624/740/621 623/730/614
f 623/730/614 621/742/624 611/718/604
f 627/731/615 617/721/607 620/720/606
f 620/720/606 619/722/608 629/733/617
f 619/724/608 618/723/609 628/734/618
f 628/734/618 618/723/609 616/725/610
f 622/726/611 632/750/631 635/737/620
f 635/737/620 634/752/622 624/738/621
f 634/739/622 633/741/623 623/730/614
f 633/741/623 631/755/635 621/742/624
f 627/731/615 630/732/616 640/743/625
f 630/732/616 629/733/617 639/745/627
f 629/735/617 628/734/618 638/746/628
f 638/746/628 628/734/618 626/736/619
f 642/749/630 645/751/632 635/737/620
f 645/751/632 644/764/633 634/752/622
f 644/753/633 643/754/634 633/741/623
f 643/754/634 641/767/645 631/755/635
f 647/756/636 637/744/626 640/743/625
f 650/757/637 640/743/625 639/745/627
f 649/759/638 639/747/627 638/746/628
f 648/760/639 638/746/628 636/748/629
f 642/749/630 652/774/651 655/762/641
f 645/751/632 655/762/641 654/763/642
f 644/753/633 654/777/642 653/765/643
f 643/754/634 653/765/643 651/766/644
f 647/756/636 650/757/637 660/768/646
f 650/757/637 649/758/638 659/770/648
f 649/759/638 648/760/639 658/771/649
f 648/760/639 646/761/640 656/773/650
f 652/774/651 662/786/661 665/775/652
f 665/775/652 664/788/653 654/763/642
f 664/776/653 663/778/654 653/765/643
f 663/778/654 661/791/665 651/766/644
f 657/769/647 660/768/646 670/779/655
f 670/779/655 660/768/646 659/770/648
f 659/772/648 658/771/649 668/782/658
f 658/771/649 656/773/650 666/784/659
f 672/785/660 675/787/662 665/775/652
f 675/787/662 674/800/673 664/788/653
f 664/776/653 674/802/673 673/789/663
f 663/778/654 673/789/663 671/790/664
f 667/780/656 670/779/655 680/792/666
f 680/792/666 670/779/655 669/781/657
f 669/783/657 668/782/658 678/795/669
f 668/782/658 666/784/659 676/797/670
f 682/798/671 685/799/672 675/787/662
f 685/799/672 684/812/674 674/800/673
f 684/801/674 683/803/675 673/789/663
f 683/803/675 681/815/685 671/790/664
f 687/804/676 677/793/667 680/792/666
f 690/805/677 680/792/666 679/794/668
f 679/796/668 678/795/669 688/807/679
f 678/795/669 676/797/670 686/809/680
f 682/798/671 692/823/692 695/810/681
f 685/799/672 695/810/681 694/811/682
f 684/801/674 694/826/682 693/813/683
f 683/803/675 693/813/683 691/814/684
f 687/804/676 690/805/677 700/816/686
f 690/805/677 689/806/678 699/818/688
f 699/819/688 689/808/678 688/807/679
f 698/820/689 688/807/679 686/809/680
f 702/822/691 705/835/701 695/810/681
f 695/810/681 705/835/701 704/824/693
f 704/825/693 703/827/694 693/813/683
f 703/827/694 701/839/705 691/814/684
f 697/817/687 700/816/686 710/828/695
f 700/816/686 699/818/688 709/830/697
f 699/819/688 698/820/689 708/831/698
f 698/820/689 696/821/690 706/833/699
f 712/834/700 715/836/702 705/835/701
f 715/836/702 714/848/703 704/824/693
f 714/837/703 713/838/704 703/827/694
f 713/838/704 711/849/711 701/839/705
f 707/829/696 710/828/695 720/840/706
f 720/840/706 710/828/695 709/830/697
f 719/843/708 709/832/697 708/831/698
f 718/844/709 708/831/698 706/833/699
f 712/834/700 82/854/76 85/846/78
f 715/836/702 85/846/78 84/847/79
f 714/837/703 84/88/79 83/87/81
f 713/838/704 83/87/81 81/90/83
f 717/841/707 720/840/706 90/850/712
f 720/840/706 719/842/708 89/852/87
f 719/843/708 718/844/709 88/97/89
f 718/844/709 716/845/710 86/99/91
f 711/849/711 81/90/83 91/107/98
f 91/107/98 101/106/97 111/119/108
f 111/119/108 121/143/128 131/142/127
f 131/142/127 141/167/148 151/179/158
f 151/179/158 161/191/168 171/190/167
f 171/190/167 181/203/178 191/215/188
f 191/215/188 201/238/206 211/251/217
f 211/251/217 221/263/227 231/262/226
f 231/262/226 241/287/247 251/286/246
f 251/286/246 261/311/267 271/310/266
f 271/310/266 281/335/287 291/334/286
f 291/334/286 301/359/306 311/371/317
f 311/371/317 321/383/327 331/382/326
f 331/382/326 341/394/336 351/406/346
f 351/406/346 361/418/356 371/442/376
f 371/442/376 381/441/375 391/467/397
f 391/467/397 401/466/396 411/491/417
f 411/491/417 421/490/416 431/503/427
f 431/503/427 441/527/447 451/526/446
f 451/526/446 461/550/466 471/549/465
f 471/549/465 481/575/487 491/574/486
f 491/574/486 501/587/497 511/599/507
f 511/599/507 521/623/526 531/622/525
f 531/622/525 541/647/546 551/646/545
f 551/646/545 561/671/566 571/670/565
f 571/670/565 581/695/585 591/694/584
f 591/694/584 601/719/605 611/718/604
f 611/718/604 621/742/624 631/755/635
f 631/755/635 641/767/645 651/766/644
f 651/766/644 661/791/665 671/790/664
f 671/790/664 681/815/685 691/814/684
f 691/814/684 701/839/705 711/849/711
f 711/849/711 91/107/98 111/119/108
f 111/119/108 131/142/127 151/179/158
f 151/179/158 171/190/167 191/215/188
f 191/215/188 211/251/217 231/262/226
f 231/262/226 251/286/246 271/310/266
f 271/310/266 291/334/286 311/371/317
f 311/371/317 331/382/326 351/406/346
f 351/406/346 371/442/376 391/467/397
f 391/467/397 411/491/417 431/503/427
f 431/503/427 451/526/446 471/549/465
f 471/549/465 491/574/486 511/599/507
f 511/599/507 531/622/525 551/646/545
f 551/646/545 571/670/565 591/694/584
f 591/694/584 611/718/604 631/755/635
f 631/755/635 651/766/644 671/790/664
f 671/790/664 691/814/684 711/849/711
f 711/849/711 111/119/108 151/179/158
f 151/179/158 191/215/188 231/262/226
f 231/262/226 271/310/266 311/371/317
f 311/371/317 351/406/346 391/467/397
f 391/467/397 431/503/427 471/549/465
f 471/549/465 511/599/507 551/646/545
f 551/646/545 591/694/584 631/755/635
f 631/755/635 671/790/664 711/849/711
f 711/849/711 151/179/158 231/262/226
f 231/262/226 311/371/317 391/467/397
f 391/467/397 471/549/465 551/646/545
f 551/646/545 631/755/635 711/849/711
f 711/849/711 231/262/226 391/467/397
f 87/91/84 97/93/86 92/102/94
f 717/841/707 87/851/84 82/854/76
f 106/113/103 96/100/92 86/99/91
f 86/99/91 716/845/710 706/833/699
f 706/833/699 696/821/690 686/809/680
f 686/809/680 676/797/670 666/784/659
f 666/784/659 656/773/650 646/761/640
f 646/761/640 636/748/629 626/736/619
f 626/736/619 616/725/610 606/713/600
f 606/713/600 596/701/590 586/689/580
f 586/689/580 576/677/551 566/665/561
f 566/665/561 556/653/551 546/641/541
f 546/641/541 536/629/531 526/616/520
f 526/616/520 516/605/492 506/593/502
f 506/593/502 496/581/492 486/568/481
f 486/568/481 476/556/471 466/545/461
f 466/545/461 456/533/452 446/519/440
f 446/519/440 436/509/432 426/497/422
f 426/497/422 416/485/412 406/473/402
f 406/473/402 396/461/392 386/448/381
f 386/448/381 376/437/372 366/424/361
f 366/424/361 356/412/351 346/400/341
f 346/400/341 336/389/332 326/377/322
f 326/377/322 316/365/311 306/353/302
f 306/353/302 296/341/292 286/329/281
f 286/329/281 276/317/272 266/305/262
f 266/305/262 256/293/252 246/281/242
f 246/281/242 236/269/232 226/257/222
f 226/257/222 216/244/211 206/233/202
f 206/233/202 196/221/173 186/209/183
f 186/209/183 176/197/173 166/185/163
f 166/185/163 156/173/153 146/160/142
f 146/160/142 136/149/133 126/136/122
f 126/136/122 116/125/113 106/113/103
f 106/113/103 86/99/91 706/833/699
f 706/833/699 686/809/680 666/784/659
f 666/784/659 646/761/640 626/736/619
f 626/736/619 606/713/600 586/689/580
f 586/689/580 566/665/561 546/641/541
f 546/641/541 526/616/520 506/593/502
f 506/593/502 486/568/481 466/545/461
f 466/545/461 446/519/440 426/497/422
f 426/497/422 406/473/402 386/448/381
f 386/448/381 366/424/361 346/400/341
f 346/400/341 326/377/322 306/353/302
f 306/353/302 286/329/281 266/305/262
f 266/305/262 246/281/242 226/257/222
f 226/257/222 206/233/202 186/209/183
f 186/209/183 166/185/163 146/160/142
f 146/160/142 126/136/122 106/113/103
f 106/113/103 706/833/699 666/784/659
f 666/784/659 626/736/619 586/689/580
f 586/689/580 546/641/541 506/593/502
f 506/593/502 466/545/461 426/497/422
f 426/497/422 386/448/381 346/400/341
f 346/400/341 306/353/302 266/305/262
f 266/305/262 226/257/222 186/209/183
f 186/209/183 146/160/142 106/113/103
f 106/113/103 666/784/659 586/689/580
f 586/689/580 506/593/502 426/497/422
f 426/497/422 346/400/341 266/305/262
f 266/305/262 186/209/183 106/113/103
f 106/113/103 586/689/580 426/497/422
f 97/93/86 107/109/100 102/101/93
f 107/109/100 117/121/110 112/126/114
f 117/121/110 127/131/118 122/138/124
f 127/131/118 137/145/130 132/137/123
f 137/145/130 147/156/139 142/150/134
f 147/156/139 157/168/149 152/161/143
f 157/168/149 167/180/159 162/174/154
f 167/180/159 177/193/170 172/199/175
f 177/193/170 187/205/180 182/198/174
f 187/205/180 197/217/190 192/223/194
f 197/217/190 207/229/199 202/222/193
f 207/229/199 217/240/208 212/246/213
f 217/240/208 227/253/219 222/245/212
f 227/253/219 237/265/229 232/271/234
f 237/265/229 247/276/238 242/270/233
f 247/276/238 257/289/249 252/295/254
f 257/289/249 267/301/259 262/294/253
f 267/301/259 277/313/269 272/306/263
f 277/313/269 287/324/277 282/318/273
f 287/324/277 297/337/289 292/343/294
f 297/337/289 307/348/298 302/342/293
f 307/348/298 317/360/307 312/367/313
f 317/360/307 327/372/318 322/366/312
f 327/372/318 337/385/329 332/390/333
f 332/390/333 337/385/329 347/396/338
f 347/396/338 357/408/348 352/413/352
f 357/408/348 367/420/358 362/426/363
f 367/420/358 377/432/368 372/425/362
f 377/432/368 387/444/378 382/450/383
f 387/444/378 397/456/388 392/449/382
f 397/456/388 407/468/398 402/475/404
f 407/468/398 417/481/409 412/474/403
f 417/481/409 427/493/419 422/486/413
f 427/493/419 437/504/428 432/510/433
f 437/504/428 447/514/436 442/521/442
f 447/514/436 457/529/449 452/520/441
f 457/529/449 467/540/457 462/534/453
f 467/540/457 477/551/467 472/557/472
f 477/551/467 487/563/477 482/569/482
f 487/563/477 497/577/489 492/583/494
f 497/577/489 507/588/498 502/582/493
f 507/588/498 517/601/509 512/606/512
f 517/601/509 527/611/516 522/618/522
f 527/611/516 537/624/527 532/617/521
f 537/624/527 547/636/537 542/630/532
f 547/636/537 557/649/548 552/642/542
f 557/649/548 567/660/557 562/654/552
f 567/660/557 577/673/568 572/679/572
f 577/673/568 587/684/576 582/678/571
f 587/684/576 597/696/586 592/703/592
f 597/696/586 607/709/597 602/702/591
f 607/709/597 617/721/607 612/714/601
f 617/721/607 627/731/615 622/726/611
f 627/731/615 637/744/626 632/750/631
f 637/744/626 647/756/636 642/749/630
f 647/756/636 657/769/647 652/774/651
f 657/769/647 667/780/656 662/786/661
f 667/780/656 677/793/667 672/785/660
f 677/793/667 687/804/676 682/798/671
f 687/804/676 697/817/687 692/823/692
f 697/817/687 707/829/696 702/822/691
f 707/829/696 717/841/707 712/834/700
