# Blender 4.5.0
# www.blender.org
mtllib link_temple_left_hinge.mtl
o temple_left
v -0.000980 0.000000 0.006146
v -0.001185 0.000000 0.010673
v -0.001787 0.000000 0.014892
v -0.002743 0.000000 0.018514
v -0.003990 0.000000 0.021294
v -0.005442 0.000000 0.023041
v -0.007000 0.000000 0.023637
v -0.008558 0.000000 0.023041
v -0.010010 0.000000 0.021294
v -0.011257 0.000000 0.018514
v -0.012213 0.000000 0.014892
v -0.012815 0.000000 0.010673
v -0.013020 0.000000 0.006146
v -0.012815 0.000000 0.001619
v -0.012213 0.000000 -0.002600
v -0.011257 0.000000 -0.006223
v -0.010010 0.000000 -0.009003
v -0.008558 0.000000 -0.010750
v -0.007000 0.000000 -0.011346
v -0.005442 0.000000 -0.010750
v -0.003990 0.000000 -0.009003
v -0.002743 0.000000 -0.006223
v -0.001787 0.000000 -0.002600
v -0.001185 0.000000 0.001619
v -0.000973 0.007076 0.006088
v -0.001178 0.007076 0.010667
v -0.001780 0.007076 0.014934
v -0.002738 0.007076 0.018599
v -0.003987 0.007076 0.021410
v -0.005440 0.007076 0.023178
v -0.007000 0.007076 0.023781
v -0.008560 0.007076 0.023178
v -0.010013 0.007076 0.021410
v -0.011262 0.007076 0.018599
v -0.012220 0.007076 0.014934
v -0.012822 0.007076 0.010667
v -0.013027 0.007076 0.006088
v -0.012822 0.007076 0.001508
v -0.012220 0.007076 -0.002759
v -0.011262 0.007076 -0.006423
v -0.010013 0.007076 -0.009235
v -0.008560 0.007076 -0.011003
v -0.007000 0.007076 -0.011605
v -0.005440 0.007076 -0.011003
v -0.003987 0.007076 -0.009235
v -0.002738 0.007076 -0.006423
v -0.001780 0.007076 -0.002759
v -0.001178 0.007076 0.001508
v -0.000956 0.014152 0.006024
v -0.001162 0.014152 0.010684
v -0.001766 0.014152 0.015026
v -0.002726 0.014152 0.018755
v -0.003978 0.014152 0.021616
v -0.005436 0.014152 0.023415
v -0.007000 0.014152 0.024028
v -0.008564 0.014152 0.023415
v -0.010022 0.014152 0.021616
v -0.011274 0.014152 0.018755
v -0.012234 0.014152 0.015026
v -0.012838 0.014152 0.010684
v -0.013044 0.014152 0.006024
v -0.012838 0.014152 0.001364
v -0.012234 0.014152 -0.002978
v -0.011274 0.014152 -0.006707
v -0.010022 0.014152 -0.009568
v -0.008564 0.014152 -0.011367
v -0.007000 0.014152 -0.011980
v -0.005436 0.014152 -0.011367
v -0.003978 0.014152 -0.009568
v -0.002726 0.014152 -0.006707
v -0.001766 0.014152 -0.002978
v -0.001162 0.014152 0.001364
v -0.000935 0.021229 0.005950
v -0.001142 0.021229 0.010707
v -0.001748 0.021229 0.015139
v -0.002711 0.021229 0.018946
v -0.003968 0.021229 0.021867
v -0.005430 0.021229 0.023703
v -0.007000 0.021229 0.024329
v -0.008570 0.021229 0.023703
v -0.010032 0.021229 0.021867
v -0.011289 0.021229 0.018946
v -0.012252 0.021229 0.015139
v -0.012858 0.021229 0.010707
v -0.013065 0.021229 0.005950
v -0.012858 0.021229 0.001193
v -0.012252 0.021229 -0.003239
v -0.011289 0.021229 -0.007046
v -0.010032 0.021229 -0.009966
v -0.008570 0.021229 -0.011803
v -0.007000 0.021229 -0.012429
v -0.005430 0.021229 -0.011803
v -0.003968 0.021229 -0.009966
v -0.002711 0.021229 -0.007046
v -0.001748 0.021229 -0.003239
v -0.001142 0.021229 0.001193
v -0.000916 0.028305 0.005860
v -0.001123 0.028305 0.010718
v -0.001731 0.028305 0.015245
v -0.002698 0.028305 0.019133
v -0.003958 0.028305 0.022116
v -0.005425 0.028305 0.023991
v -0.007000 0.028305 0.024631
v -0.008575 0.028305 0.023991
v -0.010042 0.028305 0.022116
v -0.011302 0.028305 0.019133
v -0.012269 0.028305 0.015245
v -0.012877 0.028305 0.010718
v -0.013084 0.028305 0.005860
v -0.012877 0.028305 0.001002
v -0.012269 0.028305 -0.003526
v -0.011302 0.028305 -0.007413
v -0.010042 0.028305 -0.010396
v -0.008575 0.028305 -0.012271
v -0.007000 0.028305 -0.012911
v -0.005425 0.028305 -0.012271
v -0.003958 0.028305 -0.010396
v -0.002698 0.028305 -0.007413
v -0.001731 0.028305 -0.003526
v -0.001123 0.028305 0.001002
v -0.000905 0.035381 0.005748
v -0.001113 0.035381 0.010700
v -0.001722 0.035381 0.015315
v -0.002690 0.035381 0.019278
v -0.003953 0.035381 0.022319
v -0.005423 0.035381 0.024230
v -0.007000 0.035381 0.024882
v -0.008577 0.035381 0.024230
v -0.010047 0.035381 0.022319
v -0.011310 0.035381 0.019278
v -0.012278 0.035381 0.015315
v -0.012887 0.035381 0.010700
v -0.013095 0.035381 0.005748
v -0.012887 0.035381 0.000796
v -0.012278 0.035381 -0.003819
v -0.011310 0.035381 -0.007782
v -0.010047 0.035381 -0.010823
v -0.008577 0.035381 -0.012734
v -0.007000 0.035381 -0.013386
v -0.005423 0.035381 -0.012734
v -0.003953 0.035381 -0.010823
v -0.002690 0.035381 -0.007782
v -0.001722 0.035381 -0.003819
v -0.001113 0.035381 0.000796
v -0.000908 0.042457 0.005610
v -0.001116 0.042457 0.010637
v -0.001724 0.042457 0.015321
v -0.002692 0.042457 0.019344
v -0.003954 0.042457 0.022430
v -0.005423 0.042457 0.024370
v -0.007000 0.042457 0.025032
v -0.008577 0.042457 0.024370
v -0.010046 0.042457 0.022430
v -0.011308 0.042457 0.019344
v -0.012276 0.042457 0.015321
v -0.012884 0.042457 0.010637
v -0.013092 0.042457 0.005610
v -0.012884 0.042457 0.000583
v -0.012276 0.042457 -0.004102
v -0.011308 0.042457 -0.008124
v -0.010046 0.042457 -0.011211
v -0.008577 0.042457 -0.013151
v -0.007000 0.042457 -0.013813
v -0.005423 0.042457 -0.013151
v -0.003954 0.042457 -0.011211
v -0.002692 0.042457 -0.008124
v -0.001724 0.042457 -0.004102
v -0.001116 0.042457 0.000583
v -0.000931 0.049534 0.005439
v -0.001138 0.049534 0.010509
v -0.001744 0.049534 0.015234
v -0.002709 0.049534 0.019291
v -0.003966 0.049534 0.022405
v -0.005429 0.049534 0.024362
v -0.007000 0.049534 0.025029
v -0.008571 0.049534 0.024362
v -0.010034 0.049534 0.022405
v -0.011291 0.049534 0.019291
v -0.012256 0.049534 0.015234
v -0.012862 0.049534 0.010509
v -0.013069 0.049534 0.005439
v -0.012862 0.049534 0.000369
v -0.012256 0.049534 -0.004356
v -0.011291 0.049534 -0.008413
v -0.010034 0.049534 -0.011527
v -0.008571 0.049534 -0.013484
v -0.007000 0.049534 -0.014151
v -0.005429 0.049534 -0.013484
v -0.003966 0.049534 -0.011527
v -0.002709 0.049534 -0.008413
v -0.001744 0.049534 -0.004356
v -0.001138 0.049534 0.000369
v -0.000980 0.056610 0.005231
v -0.001185 0.056610 0.010301
v -0.001787 0.056610 0.015026
v -0.002743 0.056610 0.019084
v -0.003990 0.056610 0.022197
v -0.005442 0.056610 0.024154
v -0.007000 0.056610 0.024822
v -0.008558 0.056610 0.024154
v -0.010010 0.056610 0.022197
v -0.011257 0.056610 0.019084
v -0.012213 0.056610 0.015026
v -0.012815 0.056610 0.010301
v -0.013020 0.056610 0.005231
v -0.012815 0.056610 0.000160
v -0.012213 0.056610 -0.004565
v -0.011257 0.056610 -0.008622
v -0.010010 0.056610 -0.011735
v -0.008558 0.056610 -0.013692
v -0.007000 0.056610 -0.014360
v -0.005442 0.056610 -0.013692
v -0.003990 0.056610 -0.011735
v -0.002743 0.056610 -0.008622
v -0.001787 0.056610 -0.004565
v -0.001185 0.056610 0.000160
v -0.001064 0.078625 0.004902
v -0.001266 0.078625 0.009930
v -0.001859 0.078625 0.014615
v -0.002803 0.078625 0.018638
v -0.004032 0.078625 0.021725
v -0.005464 0.078625 0.023666
v -0.007000 0.078625 0.024328
v -0.008536 0.078625 0.023666
v -0.009968 0.078625 0.021725
v -0.011197 0.078625 0.018638
v -0.012141 0.078625 0.014615
v -0.012734 0.078625 0.009930
v -0.012936 0.078625 0.004902
v -0.012734 0.078625 -0.000126
v -0.012141 0.078625 -0.004811
v -0.011197 0.078625 -0.008834
v -0.009968 0.078625 -0.011921
v -0.008536 0.078625 -0.013862
v -0.007000 0.078625 -0.014524
v -0.005464 0.078625 -0.013862
v -0.004032 0.078625 -0.011921
v -0.002803 0.078625 -0.008834
v -0.001859 0.078625 -0.004811
v -0.001266 0.078625 -0.000126
v -0.001181 0.100640 0.004423
v -0.001379 0.100640 0.009377
v -0.001960 0.100640 0.013993
v -0.002885 0.100640 0.017957
v -0.004090 0.100640 0.020999
v -0.005494 0.100640 0.022911
v -0.007000 0.100640 0.023563
v -0.008506 0.100640 0.022911
v -0.009910 0.100640 0.020999
v -0.011115 0.100640 0.017957
v -0.012040 0.100640 0.013993
v -0.012621 0.100640 0.009377
v -0.012819 0.100640 0.004423
v -0.012621 0.100640 -0.000531
v -0.012040 0.100640 -0.005147
v -0.011115 0.100640 -0.009111
v -0.009910 0.100640 -0.012153
v -0.008506 0.100640 -0.014065
v -0.007000 0.100640 -0.014717
v -0.005494 0.100640 -0.014065
v -0.004090 0.100640 -0.012153
v -0.002885 0.100640 -0.009111
v -0.001960 0.100640 -0.005147
v -0.001379 0.100640 -0.000531
v -0.001321 0.122655 0.003866
v -0.001514 0.122655 0.008719
v -0.002081 0.122655 0.013242
v -0.002984 0.122655 0.017126
v -0.004160 0.122655 0.020105
v -0.005530 0.122655 0.021979
v -0.007000 0.122655 0.022618
v -0.008470 0.122655 0.021979
v -0.009840 0.122655 0.020105
v -0.011016 0.122655 0.017126
v -0.011919 0.122655 0.013242
v -0.012486 0.122655 0.008719
v -0.012679 0.122655 0.003866
v -0.012486 0.122655 -0.000987
v -0.011919 0.122655 -0.005509
v -0.011016 0.122655 -0.009393
v -0.009840 0.122655 -0.012373
v -0.008470 0.122655 -0.014246
v -0.007000 0.122655 -0.014885
v -0.005530 0.122655 -0.014246
v -0.004160 0.122655 -0.012373
v -0.002984 0.122655 -0.009393
v -0.002081 0.122655 -0.005509
v -0.001514 0.122655 -0.000987
v -0.001473 0.144670 0.003305
v -0.001661 0.144670 0.008036
v -0.002213 0.144670 0.012445
v -0.003092 0.144670 0.016231
v -0.004236 0.144670 0.019135
v -0.005569 0.144670 0.020961
v -0.007000 0.144670 0.021584
v -0.008431 0.144670 0.020961
v -0.009764 0.144670 0.019135
v -0.010908 0.144670 0.016231
v -0.011787 0.144670 0.012445
v -0.012339 0.144670 0.008036
v -0.012527 0.144670 0.003305
v -0.012339 0.144670 -0.001425
v -0.011787 0.144670 -0.005834
v -0.010908 0.144670 -0.009620
v -0.009764 0.144670 -0.012525
v -0.008431 0.144670 -0.014351
v -0.007000 0.144670 -0.014973
v -0.005569 0.144670 -0.014351
v -0.004236 0.144670 -0.012525
v -0.003092 0.144670 -0.009620
v -0.002213 0.144670 -0.005834
v -0.001661 0.144670 -0.001425
v -0.001628 0.166685 0.002814
v -0.001811 0.166685 0.007405
v -0.002347 0.166685 0.011684
v -0.003201 0.166685 0.015358
v -0.004314 0.166685 0.018178
v -0.005610 0.166685 0.019950
v -0.007000 0.166685 0.020554
v -0.008390 0.166685 0.019950
v -0.009686 0.166685 0.018178
v -0.010799 0.166685 0.015358
v -0.011653 0.166685 0.011684
v -0.012189 0.166685 0.007405
v -0.012372 0.166685 0.002814
v -0.012189 0.166685 -0.001778
v -0.011653 0.166685 -0.006057
v -0.010799 0.166685 -0.009731
v -0.009686 0.166685 -0.012550
v -0.008390 0.166685 -0.014323
v -0.007000 0.166685 -0.014927
v -0.005610 0.166685 -0.014323
v -0.004314 0.166685 -0.012550
v -0.003201 0.166685 -0.009731
v -0.002347 0.166685 -0.006057
v -0.001811 0.166685 -0.001778
v -0.001774 0.188700 0.002464
v -0.001952 0.188700 0.006904
v -0.002474 0.188700 0.011042
v -0.003305 0.188700 0.014595
v -0.004387 0.188700 0.017321
v -0.005648 0.188700 0.019035
v -0.007000 0.188700 0.019620
v -0.008352 0.188700 0.019035
v -0.009613 0.188700 0.017321
v -0.010695 0.188700 0.014595
v -0.011526 0.188700 0.011042
v -0.012048 0.188700 0.006904
v -0.012226 0.188700 0.002464
v -0.012048 0.188700 -0.001976
v -0.011526 0.188700 -0.006113
v -0.010695 0.188700 -0.009667
v -0.009613 0.188700 -0.012393
v -0.008352 0.188700 -0.014107
v -0.007000 0.188700 -0.014691
v -0.005648 0.188700 -0.014107
v -0.004387 0.188700 -0.012393
v -0.003305 0.188700 -0.009667
v -0.002474 0.188700 -0.006113
v -0.001952 0.188700 -0.001976
v -0.001903 0.210715 0.002331
v -0.002077 0.210715 0.006612
v -0.002586 0.210715 0.010601
v -0.003396 0.210715 0.014027
v -0.004452 0.210715 0.016656
v -0.005681 0.210715 0.018309
v -0.007000 0.210715 0.018872
v -0.008319 0.210715 0.018309
v -0.009548 0.210715 0.016656
v -0.010604 0.210715 0.014027
v -0.011414 0.210715 0.010601
v -0.011923 0.210715 0.006612
v -0.012097 0.210715 0.002331
v -0.011923 0.210715 -0.001951
v -0.011414 0.210715 -0.005940
v -0.010604 0.210715 -0.009366
v -0.009548 0.210715 -0.011995
v -0.008319 0.210715 -0.013647
v -0.007000 0.210715 -0.014211
v -0.005681 0.210715 -0.013647
v -0.004452 0.210715 -0.011995
v -0.003396 0.210715 -0.009366
v -0.002586 0.210715 -0.005940
v -0.002077 0.210715 -0.001951
v -0.002003 0.232730 0.002486
v -0.002174 0.232730 0.006605
v -0.002673 0.232730 0.010444
v -0.003467 0.232730 0.013741
v -0.004502 0.232730 0.016271
v -0.005707 0.232730 0.017861
v -0.007000 0.232730 0.018403
v -0.008293 0.232730 0.017861
v -0.009498 0.232730 0.016271
v -0.010533 0.232730 0.013741
v -0.011327 0.232730 0.010444
v -0.011826 0.232730 0.006605
v -0.011997 0.232730 0.002486
v -0.011826 0.232730 -0.001634
v -0.011327 0.232730 -0.005473
v -0.010533 0.232730 -0.008770
v -0.009498 0.232730 -0.011299
v -0.008293 0.232730 -0.012889
v -0.007000 0.232730 -0.013432
v -0.005707 0.232730 -0.012889
v -0.004502 0.232730 -0.011299
v -0.003467 0.232730 -0.008770
v -0.002673 0.232730 -0.005473
v -0.002174 0.232730 -0.001634
v -0.002082 0.257104 0.003075
v -0.002250 0.257104 0.007000
v -0.002741 0.257104 0.010658
v -0.003523 0.257104 0.013799
v -0.004541 0.257104 0.016209
v -0.005727 0.257104 0.017724
v -0.007000 0.257104 0.018241
v -0.008273 0.257104 0.017724
v -0.009459 0.257104 0.016209
v -0.010477 0.257104 0.013799
v -0.011259 0.257104 0.010658
v -0.011750 0.257104 0.007000
v -0.011918 0.257104 0.003075
v -0.011750 0.257104 -0.000851
v -0.011259 0.257104 -0.004509
v -0.010477 0.257104 -0.007650
v -0.009459 0.257104 -0.010060
v -0.008273 0.257104 -0.011575
v -0.007000 0.257104 -0.012092
v -0.005727 0.257104 -0.011575
v -0.004541 0.257104 -0.010060
v -0.003523 0.257104 -0.007650
v -0.002741 0.257104 -0.004509
v -0.002250 0.257104 -0.000851
v -0.002152 0.281478 0.004089
v -0.002317 0.281478 0.007770
v -0.002802 0.281478 0.011200
v -0.003572 0.281478 0.014145
v -0.004576 0.281478 0.016404
v -0.005745 0.281478 0.017825
v -0.007000 0.281478 0.018310
v -0.008255 0.281478 0.017825
v -0.009424 0.281478 0.016404
v -0.010428 0.281478 0.014145
v -0.011198 0.281478 0.011200
v -0.011683 0.281478 0.007770
v -0.011848 0.281478 0.004089
v -0.011683 0.281478 0.000409
v -0.011198 0.281478 -0.003021
v -0.010428 0.281478 -0.005966
v -0.009424 0.281478 -0.008226
v -0.008255 0.281478 -0.009646
v -0.007000 0.281478 -0.010131
v -0.005745 0.281478 -0.009646
v -0.004576 0.281478 -0.008226
v -0.003572 0.281478 -0.005966
v -0.002802 0.281478 -0.003021
v -0.002317 0.281478 0.000409
v -0.002212 0.305851 0.005375
v -0.002375 0.305851 0.008784
v -0.002853 0.305851 0.011960
v -0.003614 0.305851 0.014688
v -0.004606 0.305851 0.016782
v -0.005761 0.305851 0.018098
v -0.007000 0.305851 0.018546
v -0.008239 0.305851 0.018098
v -0.009394 0.305851 0.016782
v -0.010386 0.305851 0.014688
v -0.011147 0.305851 0.011960
v -0.011625 0.305851 0.008784
v -0.011788 0.305851 0.005375
v -0.011625 0.305851 0.001966
v -0.011147 0.305851 -0.001211
v -0.010386 0.305851 -0.003939
v -0.009394 0.305851 -0.006032
v -0.008239 0.305851 -0.007348
v -0.007000 0.305851 -0.007797
v -0.005761 0.305851 -0.007348
v -0.004606 0.305851 -0.006032
v -0.003614 0.305851 -0.003939
v -0.002853 0.305851 -0.001211
v -0.002375 0.305851 0.001966
v -0.002259 0.330225 0.006775
v -0.002421 0.330225 0.009910
v -0.002894 0.330225 0.012831
v -0.003648 0.330225 0.015340
v -0.004630 0.330225 0.017265
v -0.005773 0.330225 0.018475
v -0.007000 0.330225 0.018888
v -0.008227 0.330225 0.018475
v -0.009370 0.330225 0.017265
v -0.010352 0.330225 0.015340
v -0.011106 0.330225 0.012831
v -0.011579 0.330225 0.009910
v -0.011741 0.330225 0.006775
v -0.011579 0.330225 0.003640
v -0.011106 0.330225 0.000718
v -0.010352 0.330225 -0.001790
v -0.009370 0.330225 -0.003715
v -0.008227 0.330225 -0.004925
v -0.007000 0.330225 -0.005338
v -0.005773 0.330225 -0.004925
v -0.004630 0.330225 -0.003715
v -0.003648 0.330225 -0.001790
v -0.002894 0.330225 0.000718
v -0.002421 0.330225 0.003640
v -0.002294 0.354599 0.008135
v -0.002454 0.354599 0.011017
v -0.002924 0.354599 0.013703
v -0.003672 0.354599 0.016009
v -0.004647 0.354599 0.017779
v -0.005782 0.354599 0.018891
v -0.007000 0.354599 0.019271
v -0.008218 0.354599 0.018891
v -0.009353 0.354599 0.017779
v -0.010328 0.354599 0.016009
v -0.011076 0.354599 0.013703
v -0.011546 0.354599 0.011017
v -0.011706 0.354599 0.008135
v -0.011546 0.354599 0.005252
v -0.011076 0.354599 0.002566
v -0.010328 0.354599 0.000260
v -0.009353 0.354599 -0.001510
v -0.008218 0.354599 -0.002622
v -0.007000 0.354599 -0.003002
v -0.005782 0.354599 -0.002622
v -0.004647 0.354599 -0.001510
v -0.003672 0.354599 0.000260
v -0.002924 0.354599 0.002566
v -0.002454 0.354599 0.005252
v -0.002314 0.378973 0.009298
v -0.002473 0.378973 0.011973
v -0.002942 0.378973 0.014465
v -0.003686 0.378973 0.016605
v -0.004657 0.378973 0.018248
v -0.005787 0.378973 0.019280
v -0.007000 0.378973 0.019632
v -0.008213 0.378973 0.019280
v -0.009343 0.378973 0.018248
v -0.010314 0.378973 0.016605
v -0.011058 0.378973 0.014465
v -0.011527 0.378973 0.011973
v -0.011686 0.378973 0.009298
v -0.011527 0.378973 0.006624
v -0.011058 0.378973 0.004131
v -0.010314 0.378973 0.001991
v -0.009343 0.378973 0.000349
v -0.008213 0.378973 -0.000683
v -0.007000 0.378973 -0.001036
v -0.005787 0.378973 -0.000683
v -0.004657 0.378973 0.000349
v -0.003686 0.378973 0.001991
v -0.002942 0.378973 0.004131
v -0.002473 0.378973 0.006624
v -0.002318 0.403346 0.010110
v -0.002477 0.403346 0.012646
v -0.002945 0.403346 0.015009
v -0.003689 0.403346 0.017039
v -0.004659 0.403346 0.018596
v -0.005788 0.403346 0.019574
v -0.007000 0.403346 0.019908
v -0.008212 0.403346 0.019574
v -0.009341 0.403346 0.018596
v -0.010311 0.403346 0.017039
v -0.011055 0.403346 0.015009
v -0.011523 0.403346 0.012646
v -0.011682 0.403346 0.010110
v -0.011523 0.403346 0.007575
v -0.011055 0.403346 0.005212
v -0.010311 0.403346 0.003182
v -0.009341 0.403346 0.001625
v -0.008212 0.403346 0.000647
v -0.007000 0.403346 0.000313
v -0.005788 0.403346 0.000647
v -0.004659 0.403346 0.001625
v -0.003689 0.403346 0.003182
v -0.002945 0.403346 0.005212
v -0.002477 0.403346 0.007575
v -0.002304 0.427720 0.010416
v -0.002464 0.427720 0.012906
v -0.002933 0.427720 0.015226
v -0.003680 0.427720 0.017218
v -0.004652 0.427720 0.018747
v -0.005785 0.427720 0.019708
v -0.007000 0.427720 0.020036
v -0.008215 0.427720 0.019708
v -0.009348 0.427720 0.018747
v -0.010320 0.427720 0.017218
v -0.011067 0.427720 0.015226
v -0.011536 0.427720 0.012906
v -0.011696 0.427720 0.010416
v -0.011536 0.427720 0.007926
v -0.011067 0.427720 0.005606
v -0.010320 0.427720 0.003613
v -0.009348 0.427720 0.002084
v -0.008215 0.427720 0.001123
v -0.007000 0.427720 0.000795
v -0.005785 0.427720 0.001123
v -0.004652 0.427720 0.002084
v -0.003680 0.427720 0.003613
v -0.002933 0.427720 0.005606
v -0.002464 0.427720 0.007926
v -0.002269 0.434796 0.010302
v -0.002430 0.434796 0.012833
v -0.002902 0.434796 0.015191
v -0.003654 0.434796 0.017216
v -0.004634 0.434796 0.018770
v -0.005775 0.434796 0.019746
v -0.007000 0.434796 0.020080
v -0.008225 0.434796 0.019746
v -0.009366 0.434796 0.018770
v -0.010346 0.434796 0.017216
v -0.011098 0.434796 0.015191
v -0.011570 0.434796 0.012833
v -0.011731 0.434796 0.010302
v -0.011570 0.434796 0.007772
v -0.011098 0.434796 0.005414
v -0.010346 0.434796 0.003389
v -0.009366 0.434796 0.001835
v -0.008225 0.434796 0.000858
v -0.007000 0.434796 0.000525
v -0.005775 0.434796 0.000858
v -0.004634 0.434796 0.001835
v -0.003654 0.434796 0.003389
v -0.002902 0.434796 0.005414
v -0.002430 0.434796 0.007772
v -0.002209 0.441873 0.009956
v -0.002373 0.441873 0.012588
v -0.002851 0.441873 0.015041
v -0.003613 0.441873 0.017147
v -0.004605 0.441873 0.018763
v -0.005760 0.441873 0.019779
v -0.007000 0.441873 0.020126
v -0.008240 0.441873 0.019779
v -0.009395 0.441873 0.018763
v -0.010387 0.441873 0.017147
v -0.011149 0.441873 0.015041
v -0.011627 0.441873 0.012588
v -0.011791 0.441873 0.009956
v -0.011627 0.441873 0.007324
v -0.011149 0.441873 0.004871
v -0.010387 0.441873 0.002765
v -0.009395 0.441873 0.001149
v -0.008240 0.441873 0.000133
v -0.007000 0.441873 -0.000214
v -0.005760 0.441873 0.000133
v -0.004605 0.441873 0.001149
v -0.003613 0.441873 0.002765
v -0.002851 0.441873 0.004871
v -0.002373 0.441873 0.007324
v -0.002132 0.448949 0.009368
v -0.002298 0.448949 0.012158
v -0.002784 0.448949 0.014757
v -0.003558 0.448949 0.016990
v -0.004566 0.448949 0.018703
v -0.005740 0.448949 0.019780
v -0.007000 0.448949 0.020147
v -0.008260 0.448949 0.019780
v -0.009434 0.448949 0.018703
v -0.010442 0.448949 0.016990
v -0.011216 0.448949 0.014757
v -0.011702 0.448949 0.012158
v -0.011868 0.448949 0.009368
v -0.011702 0.448949 0.006578
v -0.011216 0.448949 0.003978
v -0.010442 0.448949 0.001745
v -0.009434 0.448949 0.000032
v -0.008260 0.448949 -0.001045
v -0.007000 0.448949 -0.001412
v -0.005740 0.448949 -0.001045
v -0.004566 0.448949 0.000032
v -0.003558 0.448949 0.001745
v -0.002784 0.448949 0.003978
v -0.002298 0.448949 0.006578
v -0.002041 0.456025 0.008529
v -0.002210 0.456025 0.011528
v -0.002705 0.456025 0.014323
v -0.003493 0.456025 0.016723
v -0.004521 0.456025 0.018564
v -0.005717 0.456025 0.019722
v -0.007000 0.456025 0.020117
v -0.008283 0.456025 0.019722
v -0.009479 0.456025 0.018564
v -0.010507 0.456025 0.016723
v -0.011295 0.456025 0.014323
v -0.011790 0.456025 0.011528
v -0.011959 0.456025 0.008529
v -0.011790 0.456025 0.005529
v -0.011295 0.456025 0.002734
v -0.010507 0.456025 0.000334
v -0.009479 0.456025 -0.001507
v -0.008283 0.456025 -0.002665
v -0.007000 0.456025 -0.003060
v -0.005717 0.456025 -0.002665
v -0.004521 0.456025 -0.001507
v -0.003493 0.456025 0.000334
v -0.002705 0.456025 0.002734
v -0.002210 0.456025 0.005529
v -0.001942 0.463101 0.007430
v -0.002114 0.463101 0.010685
v -0.002619 0.463101 0.013718
v -0.003423 0.463101 0.016323
v -0.004471 0.463101 0.018322
v -0.005691 0.463101 0.019579
v -0.007000 0.463101 0.020007
v -0.008309 0.463101 0.019579
v -0.009529 0.463101 0.018322
v -0.010577 0.463101 0.016323
v -0.011381 0.463101 0.013718
v -0.011886 0.463101 0.010685
v -0.012058 0.463101 0.007430
v -0.011886 0.463101 0.004175
v -0.011381 0.463101 0.001141
v -0.010577 0.463101 -0.001464
v -0.009529 0.463101 -0.003462
v -0.008309 0.463101 -0.004719
v -0.007000 0.463101 -0.005148
v -0.005691 0.463101 -0.004719
v -0.004471 0.463101 -0.003462
v -0.003423 0.463101 -0.001464
v -0.002619 0.463101 0.001141
v -0.002114 0.463101 0.004175
v -0.001839 0.470178 0.006062
v -0.002015 0.470178 0.009615
v -0.002530 0.470178 0.012926
v -0.003350 0.470178 0.015770
v -0.004419 0.470178 0.017951
v -0.005664 0.470178 0.019323
v -0.007000 0.470178 0.019791
v -0.008336 0.470178 0.019323
v -0.009581 0.470178 0.017951
v -0.010650 0.470178 0.015770
v -0.011470 0.470178 0.012926
v -0.011985 0.470178 0.009615
v -0.012161 0.470178 0.006062
v -0.011985 0.470178 0.002509
v -0.011470 0.470178 -0.000802
v -0.010650 0.470178 -0.003645
v -0.009581 0.470178 -0.005827
v -0.008336 0.470178 -0.007198
v -0.007000 0.470178 -0.007666
v -0.005664 0.470178 -0.007198
v -0.004419 0.470178 -0.005827
v -0.003350 0.470178 -0.003645
v -0.002530 0.470178 -0.000802
v -0.002015 0.470178 0.002509
v -0.001737 0.477254 0.004417
v -0.001917 0.477254 0.008305
v -0.002442 0.477254 0.011929
v -0.003279 0.477254 0.015040
v -0.004369 0.477254 0.017427
v -0.005638 0.477254 0.018928
v -0.007000 0.477254 0.019440
v -0.008362 0.477254 0.018928
v -0.009631 0.477254 0.017427
v -0.010721 0.477254 0.015040
v -0.011558 0.477254 0.011929
v -0.012083 0.477254 0.008305
v -0.012263 0.477254 0.004417
v -0.012083 0.477254 0.000529
v -0.011558 0.477254 -0.003094
v -0.010721 0.477254 -0.006205
v -0.009631 0.477254 -0.008593
v -0.008362 0.477254 -0.010094
v -0.007000 0.477254 -0.010605
v -0.005638 0.477254 -0.010094
v -0.004369 0.477254 -0.008593
v -0.003279 0.477254 -0.006205
v -0.002442 0.477254 -0.003094
v -0.001917 0.477254 0.000529
v -0.001642 0.484330 0.002486
v -0.001825 0.484330 0.006741
v -0.002360 0.484330 0.010707
v -0.003211 0.484330 0.014112
v -0.004321 0.484330 0.016725
v -0.005613 0.484330 0.018368
v -0.007000 0.484330 0.018928
v -0.008387 0.484330 0.018368
v -0.009679 0.484330 0.016725
v -0.010789 0.484330 0.014112
v -0.011640 0.484330 0.010707
v -0.012175 0.484330 0.006741
v -0.012358 0.484330 0.002486
v -0.012175 0.484330 -0.001770
v -0.011640 0.484330 -0.005735
v -0.010789 0.484330 -0.009141
v -0.009679 0.484330 -0.011754
v -0.008387 0.484330 -0.013396
v -0.007000 0.484330 -0.013957
v -0.005613 0.484330 -0.013396
v -0.004321 0.484330 -0.011754
v -0.003211 0.484330 -0.009141
v -0.002360 0.484330 -0.005735
v -0.001825 0.484330 -0.001770
v -0.001546 0.490620 0.000272
v -0.001731 0.490620 0.004960
v -0.002276 0.490620 0.009329
v -0.003143 0.490620 0.013080
v -0.004273 0.490620 0.015959
v -0.005588 0.490620 0.017768
v -0.007000 0.490620 0.018385
v -0.008412 0.490620 0.017768
v -0.009727 0.490620 0.015959
v -0.010857 0.490620 0.013080
v -0.011724 0.490620 0.009329
v -0.012269 0.490620 0.004960
v -0.012454 0.490620 0.000272
v -0.012269 0.490620 -0.004416
v -0.011724 0.490620 -0.008784
v -0.010857 0.490620 -0.012536
v -0.009727 0.490620 -0.015414
v -0.008412 0.490620 -0.017224
v -0.007000 0.490620 -0.017841
v -0.005588 0.490620 -0.017224
v -0.004273 0.490620 -0.015414
v -0.003143 0.490620 -0.012536
v -0.002276 0.490620 -0.008784
v -0.001731 0.490620 -0.004416
v -0.001439 0.496910 -0.002213
v -0.001629 0.496910 0.002991
v -0.002184 0.496910 0.007840
v -0.003068 0.496910 0.012005
v -0.004220 0.496910 0.015200
v -0.005561 0.496910 0.017209
v -0.007000 0.496910 0.017894
v -0.008439 0.496910 0.017209
v -0.009780 0.496910 0.015200
v -0.010932 0.496910 0.012005
v -0.011816 0.496910 0.007840
v -0.012371 0.496910 0.002991
v -0.012561 0.496910 -0.002213
v -0.012371 0.496910 -0.007417
v -0.011816 0.496910 -0.012267
v -0.010932 0.496910 -0.016431
v -0.009780 0.496910 -0.019627
v -0.008439 0.496910 -0.021635
v -0.007000 0.496910 -0.022320
v -0.005561 0.496910 -0.021635
v -0.004220 0.496910 -0.019627
v -0.003068 0.496910 -0.016431
v -0.002184 0.496910 -0.012267
v -0.001629 0.496910 -0.007417
v -0.001328 0.503200 -0.004970
v -0.001522 0.503200 0.000808
v -0.002088 0.503200 0.006192
v -0.002990 0.503200 0.010816
v -0.004164 0.503200 0.014363
v -0.005532 0.503200 0.016593
v -0.007000 0.503200 0.017354
v -0.008468 0.503200 0.016593
v -0.009836 0.503200 0.014363
v -0.011010 0.503200 0.010816
v -0.011912 0.503200 0.006192
v -0.012478 0.503200 0.000808
v -0.012672 0.503200 -0.004970
v -0.012478 0.503200 -0.010748
v -0.011912 0.503200 -0.016132
v -0.011010 0.503200 -0.020756
v -0.009836 0.503200 -0.024303
v -0.008468 0.503200 -0.026534
v -0.007000 0.503200 -0.027294
v -0.005532 0.503200 -0.026534
v -0.004164 0.503200 -0.024303
v -0.002990 0.503200 -0.020756
v -0.002088 0.503200 -0.016132
v -0.001522 0.503200 -0.010748
v -0.001217 0.509490 -0.007999
v -0.001414 0.509490 -0.001615
v -0.001992 0.509490 0.004333
v -0.002911 0.509490 0.009441
v -0.004109 0.509490 0.013360
v -0.005503 0.509490 0.015824
v -0.007000 0.509490 0.016665
v -0.008497 0.509490 0.015824
v -0.009891 0.509490 0.013360
v -0.011089 0.509490 0.009441
v -0.012008 0.509490 0.004333
v -0.012586 0.509490 -0.001615
v -0.012783 0.509490 -0.007999
v -0.012586 0.509490 -0.014382
v -0.012008 0.509490 -0.020330
v -0.011089 0.509490 -0.025438
v -0.009891 0.509490 -0.029358
v -0.008497 0.509490 -0.031822
v -0.007000 0.509490 -0.032662
v -0.005503 0.509490 -0.031822
v -0.004109 0.509490 -0.029358
v -0.002911 0.509490 -0.025438
v -0.001992 0.509490 -0.020330
v -0.001414 0.509490 -0.014382
v -0.001110 0.515780 -0.011299
v -0.001311 0.515780 -0.004304
v -0.001899 0.515780 0.002213
v -0.002835 0.515780 0.007810
v -0.004055 0.515780 0.012105
v -0.005476 0.515780 0.014805
v -0.007000 0.515780 0.015726
v -0.008524 0.515780 0.014805
v -0.009945 0.515780 0.012105
v -0.011165 0.515780 0.007810
v -0.012101 0.515780 0.002213
v -0.012689 0.515780 -0.004304
v -0.012890 0.515780 -0.011299
v -0.012689 0.515780 -0.018293
v -0.012101 0.515780 -0.024811
v -0.011165 0.515780 -0.030408
v -0.009945 0.515780 -0.034703
v -0.008524 0.515780 -0.037402
v -0.007000 0.515780 -0.038323
v -0.005476 0.515780 -0.037402
v -0.004055 0.515780 -0.034703
v -0.002835 0.515780 -0.030408
v -0.001899 0.515780 -0.024811
v -0.001311 0.515780 -0.018293
v -0.001012 0.522070 -0.014871
v -0.001216 0.522070 -0.007285
v -0.001814 0.522070 -0.000217
v -0.002765 0.522070 0.005852
v -0.004006 0.522070 0.010510
v -0.005450 0.522070 0.013438
v -0.007000 0.522070 0.014436
v -0.008550 0.522070 0.013438
v -0.009994 0.522070 0.010510
v -0.011235 0.522070 0.005852
v -0.012186 0.522070 -0.000217
v -0.012784 0.522070 -0.007285
v -0.012988 0.522070 -0.014871
v -0.012784 0.522070 -0.022456
v -0.012186 0.522070 -0.029524
v -0.011235 0.522070 -0.035594
v -0.009994 0.522070 -0.040251
v -0.008550 0.522070 -0.043179
v -0.007000 0.522070 -0.044178
v -0.005450 0.522070 -0.043179
v -0.004006 0.522070 -0.040251
v -0.002765 0.522070 -0.035594
v -0.001814 0.522070 -0.029524
v -0.001216 0.522070 -0.022456
v -0.000927 0.528360 -0.018714
v -0.001134 0.528360 -0.010585
v -0.001740 0.528360 -0.003009
v -0.002705 0.528360 0.003496
v -0.003963 0.528360 0.008488
v -0.005428 0.528360 0.011626
v -0.007000 0.528360 0.012696
v -0.008572 0.528360 0.011626
v -0.010037 0.528360 0.008488
v -0.011295 0.528360 0.003496
v -0.012260 0.528360 -0.003009
v -0.012866 0.528360 -0.010585
v -0.013073 0.528360 -0.018714
v -0.012866 0.528360 -0.026844
v -0.012260 0.528360 -0.034419
v -0.011295 0.528360 -0.040925
v -0.010037 0.528360 -0.045916
v -0.008572 0.528360 -0.049054
v -0.007000 0.528360 -0.050124
v -0.005428 0.528360 -0.049054
v -0.003963 0.528360 -0.045916
v -0.002705 0.528360 -0.040925
v -0.001740 0.528360 -0.034419
v -0.001134 0.528360 -0.026844
v -0.000860 0.534650 -0.022829
v -0.001069 0.534650 -0.014228
v -0.001682 0.534650 -0.006212
v -0.002658 0.534650 0.000671
v -0.003930 0.534650 0.005953
v -0.005411 0.534650 0.009273
v -0.007000 0.534650 0.010405
v -0.008589 0.534650 0.009273
v -0.010070 0.534650 0.005953
v -0.011342 0.534650 0.000671
v -0.012318 0.534650 -0.006212
v -0.012931 0.534650 -0.014228
v -0.013140 0.534650 -0.022829
v -0.012931 0.534650 -0.031431
v -0.012318 0.534650 -0.039446
v -0.011342 0.534650 -0.046329
v -0.010070 0.534650 -0.051611
v -0.008589 0.534650 -0.054931
v -0.007000 0.534650 -0.056064
v -0.005411 0.534650 -0.054931
v -0.003930 0.534650 -0.051611
v -0.002658 0.534650 -0.046329
v -0.001682 0.534650 -0.039446
v -0.001069 0.534650 -0.031431
v -0.000803 0.540547 -0.027429
v -0.001014 0.540547 -0.018371
v -0.001633 0.540547 -0.009930
v -0.002618 0.540547 -0.002682
v -0.003901 0.540547 0.002880
v -0.005396 0.540547 0.006376
v -0.007000 0.540547 0.007569
v -0.008604 0.540547 0.006376
v -0.010099 0.540547 0.002880
v -0.011382 0.540547 -0.002682
v -0.012367 0.540547 -0.009930
v -0.012986 0.540547 -0.018371
v -0.013197 0.540547 -0.027429
v -0.012986 0.540547 -0.036487
v -0.012367 0.540547 -0.044928
v -0.011382 0.540547 -0.052176
v -0.010099 0.540547 -0.057738
v -0.008604 0.540547 -0.061234
v -0.007000 0.540547 -0.062426
v -0.005396 0.540547 -0.061234
v -0.003901 0.540547 -0.057738
v -0.002618 0.540547 -0.052176
v -0.001633 0.540547 -0.044928
v -0.001014 0.540547 -0.036487
v -0.000748 0.546444 -0.032604
v -0.000961 0.546444 -0.023056
v -0.001585 0.546444 -0.014159
v -0.002579 0.546444 -0.006519
v -0.003874 0.546444 -0.000656
v -0.005382 0.546444 0.003029
v -0.007000 0.546444 0.004286
v -0.008618 0.546444 0.003029
v -0.010126 0.546444 -0.000656
v -0.011421 0.546444 -0.006519
v -0.012415 0.546444 -0.014159
v -0.013039 0.546444 -0.023056
v -0.013252 0.546444 -0.032604
v -0.013039 0.546444 -0.042151
v -0.012415 0.546444 -0.051048
v -0.011421 0.546444 -0.058689
v -0.010126 0.546444 -0.064551
v -0.008618 0.546444 -0.068236
v -0.007000 0.546444 -0.069493
v -0.005382 0.546444 -0.068236
v -0.003874 0.546444 -0.064551
v -0.002579 0.546444 -0.058689
v -0.001585 0.546444 -0.051048
v -0.000961 0.546444 -0.042151
v -0.000700 0.552341 -0.038172
v -0.000914 0.552341 -0.028138
v -0.001544 0.552341 -0.018788
v -0.002545 0.552341 -0.010760
v -0.003850 0.552341 -0.004599
v -0.005369 0.552341 -0.000726
v -0.007000 0.552341 0.000595
v -0.008631 0.552341 -0.000726
v -0.010150 0.552341 -0.004599
v -0.011455 0.552341 -0.010760
v -0.012456 0.552341 -0.018788
v -0.013086 0.552341 -0.028138
v -0.013300 0.552341 -0.038172
v -0.013086 0.552341 -0.048205
v -0.012456 0.552341 -0.057555
v -0.011455 0.552341 -0.065583
v -0.010150 0.552341 -0.071744
v -0.008631 0.552341 -0.075617
v -0.007000 0.552341 -0.076938
v -0.005369 0.552341 -0.075617
v -0.003850 0.552341 -0.071744
v -0.002545 0.552341 -0.065583
v -0.001544 0.552341 -0.057555
v -0.000914 0.552341 -0.048205
v -0.000664 0.558237 -0.043951
v -0.000880 0.558237 -0.033473
v -0.001513 0.558237 -0.023709
v -0.002520 0.558237 -0.015325
v -0.003832 0.558237 -0.008892
v -0.005360 0.558237 -0.004847
v -0.007000 0.558237 -0.003468
v -0.008640 0.558237 -0.004847
v -0.010168 0.558237 -0.008892
v -0.011480 0.558237 -0.015325
v -0.012487 0.558237 -0.023709
v -0.013120 0.558237 -0.033473
v -0.013336 0.558237 -0.043951
v -0.013120 0.558237 -0.054428
v -0.012487 0.558237 -0.064192
v -0.011480 0.558237 -0.072576
v -0.010168 0.558237 -0.079009
v -0.008640 0.558237 -0.083054
v -0.007000 0.558237 -0.084433
v -0.005360 0.558237 -0.083054
v -0.003832 0.558237 -0.079009
v -0.002520 0.558237 -0.072576
v -0.001513 0.558237 -0.064192
v -0.000880 0.558237 -0.054428
v -0.000645 0.564134 -0.049758
v -0.000862 0.564134 -0.038915
v -0.001496 0.564134 -0.028811
v -0.002506 0.564134 -0.020135
v -0.003823 0.564134 -0.013477
v -0.005355 0.564134 -0.009292
v -0.007000 0.564134 -0.007864
v -0.008645 0.564134 -0.009292
v -0.010177 0.564134 -0.013477
v -0.011494 0.564134 -0.020135
v -0.012504 0.564134 -0.028811
v -0.013138 0.564134 -0.038915
v -0.013355 0.564134 -0.049758
v -0.013138 0.564134 -0.060601
v -0.012504 0.564134 -0.070705
v -0.011494 0.564134 -0.079382
v -0.010177 0.564134 -0.086039
v -0.008645 0.564134 -0.090224
v -0.007000 0.564134 -0.091652
v -0.005355 0.564134 -0.090224
v -0.003823 0.564134 -0.086039
v -0.002506 0.564134 -0.079382
v -0.001496 0.564134 -0.070705
v -0.000862 0.564134 -0.060601
v -0.000648 0.570031 -0.055412
v -0.000864 0.570031 -0.044320
v -0.001499 0.570031 -0.033984
v -0.002508 0.570031 -0.025108
v -0.003824 0.570031 -0.018297
v -0.005356 0.570031 -0.014016
v -0.007000 0.570031 -0.012556
v -0.008644 0.570031 -0.014016
v -0.010176 0.570031 -0.018297
v -0.011492 0.570031 -0.025108
v -0.012501 0.570031 -0.033984
v -0.013136 0.570031 -0.044320
v -0.013352 0.570031 -0.055412
v -0.013136 0.570031 -0.066504
v -0.012501 0.570031 -0.076840
v -0.011492 0.570031 -0.085716
v -0.010176 0.570031 -0.092526
v -0.008644 0.570031 -0.096808
v -0.007000 0.570031 -0.098268
v -0.005356 0.570031 -0.096808
v -0.003824 0.570031 -0.092526
v -0.002508 0.570031 -0.085716
v -0.001499 0.570031 -0.076840
v -0.000864 0.570031 -0.066504
v -0.000678 0.575928 -0.060730
v -0.000893 0.575928 -0.049542
v -0.001525 0.575928 -0.039117
v -0.002529 0.575928 -0.030165
v -0.003839 0.575928 -0.023296
v -0.005364 0.575928 -0.018978
v -0.007000 0.575928 -0.017505
v -0.008636 0.575928 -0.018978
v -0.010161 0.575928 -0.023296
v -0.011471 0.575928 -0.030165
v -0.012475 0.575928 -0.039117
v -0.013107 0.575928 -0.049542
v -0.013322 0.575928 -0.060730
v -0.013107 0.575928 -0.071917
v -0.012475 0.575928 -0.082342
v -0.011471 0.575928 -0.091294
v -0.010161 0.575928 -0.098163
v -0.008636 0.575928 -0.102481
v -0.007000 0.575928 -0.103954
v -0.005364 0.575928 -0.102481
v -0.003839 0.575928 -0.098163
v -0.002529 0.575928 -0.091294
v -0.001525 0.575928 -0.082342
v -0.000893 0.575928 -0.071917
v -0.000739 0.581825 -0.065529
v -0.000953 0.581825 -0.054438
v -0.001578 0.581825 -0.044102
v -0.002573 0.581825 -0.035226
v -0.003870 0.581825 -0.028416
v -0.005380 0.581825 -0.024135
v -0.007000 0.581825 -0.022674
v -0.008620 0.581825 -0.024135
v -0.010130 0.581825 -0.028416
v -0.011427 0.581825 -0.035226
v -0.012422 0.581825 -0.044102
v -0.013047 0.581825 -0.054438
v -0.013261 0.581825 -0.065529
v -0.013047 0.581825 -0.076621
v -0.012422 0.581825 -0.086957
v -0.011427 0.581825 -0.095832
v -0.010130 0.581825 -0.102643
v -0.008620 0.581825 -0.106924
v -0.007000 0.581825 -0.108384
v -0.005380 0.581825 -0.106924
v -0.003870 0.581825 -0.102643
v -0.002573 0.581825 -0.095832
v -0.001578 0.581825 -0.086957
v -0.000953 0.581825 -0.076621
v -0.000823 0.586464 -0.069964
v -0.001033 0.586464 -0.059207
v -0.001650 0.586464 -0.049182
v -0.002632 0.586464 -0.040574
v -0.003911 0.586464 -0.033969
v -0.005401 0.586464 -0.029816
v -0.007000 0.586464 -0.028400
v -0.008599 0.586464 -0.029816
v -0.010089 0.586464 -0.033969
v -0.011368 0.586464 -0.040574
v -0.012350 0.586464 -0.049182
v -0.012967 0.586464 -0.059207
v -0.013177 0.586464 -0.069964
v -0.012967 0.586464 -0.080722
v -0.012350 0.586464 -0.090746
v -0.011368 0.586464 -0.099355
v -0.010089 0.586464 -0.105960
v -0.008599 0.586464 -0.110112
v -0.007000 0.586464 -0.111529
v -0.005401 0.586464 -0.110112
v -0.003911 0.586464 -0.105960
v -0.002632 0.586464 -0.099355
v -0.001650 0.586464 -0.090746
v -0.001033 0.586464 -0.080722
v -0.000919 0.591103 -0.074274
v -0.001126 0.591103 -0.064073
v -0.001734 0.591103 -0.054568
v -0.002700 0.591103 -0.046405
v -0.003959 0.591103 -0.040142
v -0.005426 0.591103 -0.036205
v -0.007000 0.591103 -0.034862
v -0.008574 0.591103 -0.036205
v -0.010041 0.591103 -0.040142
v -0.011300 0.591103 -0.046405
v -0.012266 0.591103 -0.054568
v -0.012874 0.591103 -0.064073
v -0.013081 0.591103 -0.074274
v -0.012874 0.591103 -0.084475
v -0.012266 0.591103 -0.093980
v -0.011300 0.591103 -0.102143
v -0.010041 0.591103 -0.108406
v -0.008574 0.591103 -0.112344
v -0.007000 0.591103 -0.113687
v -0.005426 0.591103 -0.112344
v -0.003959 0.591103 -0.108406
v -0.002700 0.591103 -0.102143
v -0.001734 0.591103 -0.093980
v -0.001126 0.591103 -0.084475
v -0.001034 0.595742 -0.078405
v -0.001238 0.595742 -0.068928
v -0.001834 0.595742 -0.060097
v -0.002782 0.595742 -0.052513
v -0.004017 0.595742 -0.046694
v -0.005456 0.595742 -0.043035
v -0.007000 0.595742 -0.041788
v -0.008544 0.595742 -0.043035
v -0.009983 0.595742 -0.046694
v -0.011218 0.595742 -0.052513
v -0.012166 0.595742 -0.060097
v -0.012762 0.595742 -0.068928
v -0.012966 0.595742 -0.078405
v -0.012762 0.595742 -0.087883
v -0.012166 0.595742 -0.096714
v -0.011218 0.595742 -0.104298
v -0.009983 0.595742 -0.110117
v -0.008544 0.595742 -0.113775
v -0.007000 0.595742 -0.115023
v -0.005456 0.595742 -0.113775
v -0.004017 0.595742 -0.110117
v -0.002782 0.595742 -0.104298
v -0.001834 0.595742 -0.096714
v -0.001238 0.595742 -0.087883
v -0.001176 0.600380 -0.082304
v -0.001374 0.600380 -0.073660
v -0.001956 0.600380 -0.065605
v -0.002882 0.600380 -0.058688
v -0.004088 0.600380 -0.053380
v -0.005493 0.600380 -0.050044
v -0.007000 0.600380 -0.048906
v -0.008507 0.600380 -0.050044
v -0.009912 0.600380 -0.053380
v -0.011118 0.600380 -0.058688
v -0.012044 0.600380 -0.065605
v -0.012626 0.600380 -0.073660
v -0.012824 0.600380 -0.082304
v -0.012626 0.600380 -0.090948
v -0.012044 0.600380 -0.099003
v -0.011118 0.600380 -0.105920
v -0.009912 0.600380 -0.111228
v -0.008507 0.600380 -0.114565
v -0.007000 0.600380 -0.115703
v -0.005493 0.600380 -0.114565
v -0.004088 0.600380 -0.111228
v -0.002882 0.600380 -0.105920
v -0.001956 0.600380 -0.099003
v -0.001374 0.600380 -0.090948
v -0.001349 0.605019 -0.085917
v -0.001541 0.605019 -0.078160
v -0.002106 0.605019 -0.070931
v -0.003004 0.605019 -0.064723
v -0.004174 0.605019 -0.059960
v -0.005537 0.605019 -0.056966
v -0.007000 0.605019 -0.055945
v -0.008463 0.605019 -0.056966
v -0.009826 0.605019 -0.059960
v -0.010996 0.605019 -0.064723
v -0.011894 0.605019 -0.070931
v -0.012459 0.605019 -0.078160
v -0.012651 0.605019 -0.085917
v -0.012459 0.605019 -0.093675
v -0.011894 0.605019 -0.100903
v -0.010996 0.605019 -0.107111
v -0.009826 0.605019 -0.111874
v -0.008463 0.605019 -0.114868
v -0.007000 0.605019 -0.115890
v -0.005537 0.605019 -0.114868
v -0.004174 0.605019 -0.111874
v -0.003004 0.605019 -0.107111
v -0.002106 0.605019 -0.100903
v -0.001541 0.605019 -0.093675
v -0.001560 0.609658 -0.089191
v -0.001746 0.609658 -0.082317
v -0.002289 0.609658 -0.075911
v -0.003154 0.609658 -0.070411
v -0.004280 0.609658 -0.066190
v -0.005592 0.609658 -0.063537
v -0.007000 0.609658 -0.062632
v -0.008408 0.609658 -0.063537
v -0.009720 0.609658 -0.066190
v -0.010846 0.609658 -0.070411
v -0.011711 0.609658 -0.075911
v -0.012254 0.609658 -0.082317
v -0.012440 0.609658 -0.089191
v -0.012254 0.609658 -0.096064
v -0.011711 0.609658 -0.102470
v -0.010846 0.609658 -0.107970
v -0.009720 0.609658 -0.112191
v -0.008408 0.609658 -0.114844
v -0.007000 0.609658 -0.115749
v -0.005592 0.609658 -0.114844
v -0.004280 0.609658 -0.112191
v -0.003154 0.609658 -0.107970
v -0.002289 0.609658 -0.102470
v -0.001746 0.609658 -0.096064
v -0.001817 0.614297 -0.092071
v -0.001993 0.614297 -0.086021
v -0.002511 0.614297 -0.080383
v -0.003335 0.614297 -0.075542
v -0.004408 0.614297 -0.071827
v -0.005658 0.614297 -0.069492
v -0.007000 0.614297 -0.068696
v -0.008342 0.614297 -0.069492
v -0.009592 0.614297 -0.071827
v -0.010665 0.614297 -0.075542
v -0.011489 0.614297 -0.080383
v -0.012007 0.614297 -0.086021
v -0.012183 0.614297 -0.092071
v -0.012007 0.614297 -0.098121
v -0.011489 0.614297 -0.103758
v -0.010665 0.614297 -0.108600
v -0.009592 0.614297 -0.112314
v -0.008342 0.614297 -0.114650
v -0.007000 0.614297 -0.115446
v -0.005658 0.614297 -0.114650
v -0.004408 0.614297 -0.112314
v -0.003335 0.614297 -0.108600
v -0.002511 0.614297 -0.103758
v -0.001993 0.614297 -0.098121
v -0.002124 0.618936 -0.094504
v -0.002290 0.618936 -0.089162
v -0.002777 0.618936 -0.084184
v -0.003552 0.618936 -0.079909
v -0.004562 0.618936 -0.076629
v -0.005738 0.618936 -0.074567
v -0.007000 0.618936 -0.073864
v -0.008262 0.618936 -0.074567
v -0.009438 0.618936 -0.076629
v -0.010448 0.618936 -0.079909
v -0.011223 0.618936 -0.084184
v -0.011710 0.618936 -0.089162
v -0.011876 0.618936 -0.094504
v -0.011710 0.618936 -0.099846
v -0.011223 0.618936 -0.104824
v -0.010448 0.618936 -0.109099
v -0.009438 0.618936 -0.112379
v -0.008262 0.618936 -0.114441
v -0.007000 0.618936 -0.115145
v -0.005738 0.618936 -0.114441
v -0.004562 0.618936 -0.112379
v -0.003552 0.618936 -0.109099
v -0.002777 0.618936 -0.104824
v -0.002290 0.618936 -0.099846
v -0.002524 0.620194 -0.096403
v -0.002676 0.620194 -0.091701
v -0.003123 0.620194 -0.087320
v -0.003835 0.620194 -0.083557
v -0.004762 0.620194 -0.080670
v -0.005841 0.620194 -0.078855
v -0.007000 0.620194 -0.078236
v -0.008159 0.620194 -0.078855
v -0.009238 0.620194 -0.080670
v -0.010165 0.620194 -0.083557
v -0.010877 0.620194 -0.087320
v -0.011324 0.620194 -0.091701
v -0.011476 0.620194 -0.096403
v -0.011324 0.620194 -0.101105
v -0.010877 0.620194 -0.105487
v -0.010165 0.620194 -0.109249
v -0.009238 0.620194 -0.112136
v -0.008159 0.620194 -0.113951
v -0.007000 0.620194 -0.114570
v -0.005841 0.620194 -0.113951
v -0.004762 0.620194 -0.112136
v -0.003835 0.620194 -0.109249
v -0.003123 0.620194 -0.105487
v -0.002676 0.620194 -0.101105
v -0.003028 0.621452 -0.097781
v -0.003164 0.621452 -0.093726
v -0.003560 0.621452 -0.089947
v -0.004192 0.621452 -0.086702
v -0.005014 0.621452 -0.084212
v -0.005972 0.621452 -0.082647
v -0.007000 0.621452 -0.082113
v -0.008028 0.621452 -0.082647
v -0.008986 0.621452 -0.084212
v -0.009808 0.621452 -0.086702
v -0.010440 0.621452 -0.089947
v -0.010836 0.621452 -0.093726
v -0.010972 0.621452 -0.097781
v -0.010836 0.621452 -0.101836
v -0.010440 0.621452 -0.105614
v -0.009808 0.621452 -0.108859
v -0.008986 0.621452 -0.111349
v -0.008028 0.621452 -0.112914
v -0.007000 0.621452 -0.113448
v -0.005972 0.621452 -0.112914
v -0.005014 0.621452 -0.111349
v -0.004192 0.621452 -0.108859
v -0.003560 0.621452 -0.105614
v -0.003164 0.621452 -0.101836
v -0.003599 0.622710 -0.098735
v -0.003715 0.622710 -0.095317
v -0.004054 0.622710 -0.092131
v -0.004595 0.622710 -0.089396
v -0.005299 0.622710 -0.087297
v -0.006120 0.622710 -0.085977
v -0.007000 0.622710 -0.085527
v -0.007880 0.622710 -0.085977
v -0.008701 0.622710 -0.087297
v -0.009405 0.622710 -0.089396
v -0.009946 0.622710 -0.092131
v -0.010285 0.622710 -0.095317
v -0.010401 0.622710 -0.098735
v -0.010285 0.622710 -0.102154
v -0.009946 0.622710 -0.105339
v -0.009405 0.622710 -0.108075
v -0.008701 0.622710 -0.110174
v -0.007880 0.622710 -0.111493
v -0.007000 0.622710 -0.111943
v -0.006120 0.622710 -0.111493
v -0.005299 0.622710 -0.110174
v -0.004595 0.622710 -0.108075
v -0.004054 0.622710 -0.105339
v -0.003715 0.622710 -0.102154
v -0.004197 0.623968 -0.099365
v -0.004292 0.623968 -0.096556
v -0.004572 0.623968 -0.093937
v -0.005018 0.623968 -0.091689
v -0.005598 0.623968 -0.089964
v -0.006275 0.623968 -0.088879
v -0.007000 0.623968 -0.088509
v -0.007725 0.623968 -0.088879
v -0.008402 0.623968 -0.089964
v -0.008982 0.623968 -0.091689
v -0.009428 0.623968 -0.093937
v -0.009708 0.623968 -0.096556
v -0.009803 0.623968 -0.099365
v -0.009708 0.623968 -0.102175
v -0.009428 0.623968 -0.104793
v -0.008982 0.623968 -0.107041
v -0.008402 0.623968 -0.108767
v -0.007725 0.623968 -0.109851
v -0.007000 0.623968 -0.110221
v -0.006275 0.623968 -0.109851
v -0.005598 0.623968 -0.108767
v -0.005018 0.623968 -0.107041
v -0.004572 0.623968 -0.104793
v -0.004292 0.623968 -0.102175
v -0.004784 0.625226 -0.099769
v -0.004860 0.625226 -0.097523
v -0.005081 0.625226 -0.095430
v -0.005433 0.625226 -0.093633
v -0.005892 0.625226 -0.092254
v -0.006427 0.625226 -0.091387
v -0.007000 0.625226 -0.091092
v -0.007573 0.625226 -0.091387
v -0.008108 0.625226 -0.092254
v -0.008567 0.625226 -0.093633
v -0.008919 0.625226 -0.095430
v -0.009140 0.625226 -0.097523
v -0.009216 0.625226 -0.099769
v -0.009140 0.625226 -0.102015
v -0.008919 0.625226 -0.104107
v -0.008567 0.625226 -0.105904
v -0.008108 0.625226 -0.107283
v -0.007573 0.625226 -0.108150
v -0.007000 0.625226 -0.108446
v -0.006427 0.625226 -0.108150
v -0.005892 0.625226 -0.107283
v -0.005433 0.625226 -0.105904
v -0.005081 0.625226 -0.104107
v -0.004860 0.625226 -0.102015
v -0.005322 0.626484 -0.100044
v -0.005380 0.626484 -0.098300
v -0.005547 0.626484 -0.096675
v -0.005814 0.626484 -0.095280
v -0.006161 0.626484 -0.094209
v -0.006566 0.626484 -0.093535
v -0.007000 0.626484 -0.093306
v -0.007434 0.626484 -0.093535
v -0.007839 0.626484 -0.094209
v -0.008186 0.626484 -0.095280
v -0.008453 0.626484 -0.096675
v -0.008620 0.626484 -0.098300
v -0.008678 0.626484 -0.100044
v -0.008620 0.626484 -0.101788
v -0.008453 0.626484 -0.103414
v -0.008186 0.626484 -0.104809
v -0.007839 0.626484 -0.105880
v -0.007434 0.626484 -0.106553
v -0.007000 0.626484 -0.106783
v -0.006566 0.626484 -0.106553
v -0.006161 0.626484 -0.105880
v -0.005814 0.626484 -0.104809
v -0.005547 0.626484 -0.103414
v -0.005380 0.626484 -0.101788
v -0.005773 0.627742 -0.100290
v -0.005815 0.627742 -0.098968
v -0.005937 0.627742 -0.097737
v -0.006132 0.627742 -0.096679
v -0.006386 0.627742 -0.095868
v -0.006682 0.627742 -0.095357
v -0.007000 0.627742 -0.095183
v -0.007318 0.627742 -0.095357
v -0.007614 0.627742 -0.095868
v -0.007868 0.627742 -0.096679
v -0.008063 0.627742 -0.097737
v -0.008185 0.627742 -0.098968
v -0.008227 0.627742 -0.100290
v -0.008185 0.627742 -0.101612
v -0.008063 0.627742 -0.102843
v -0.007868 0.627742 -0.103901
v -0.007614 0.627742 -0.104712
v -0.007318 0.627742 -0.105223
v -0.007000 0.627742 -0.105397
v -0.006682 0.627742 -0.105223
v -0.006386 0.627742 -0.104712
v -0.006132 0.627742 -0.103901
v -0.005937 0.627742 -0.102843
v -0.005815 0.627742 -0.101612
v -0.006097 0.629000 -0.100604
v -0.006128 0.629000 -0.099608
v -0.006218 0.629000 -0.098680
v -0.006361 0.629000 -0.097883
v -0.006548 0.629000 -0.097272
v -0.006766 0.629000 -0.096887
v -0.007000 0.629000 -0.096756
v -0.007234 0.629000 -0.096887
v -0.007451 0.629000 -0.097272
v -0.007639 0.629000 -0.097883
v -0.007782 0.629000 -0.098680
v -0.007872 0.629000 -0.099608
v -0.007903 0.629000 -0.100604
v -0.007872 0.629000 -0.101600
v -0.007782 0.629000 -0.102528
v -0.007639 0.629000 -0.103325
v -0.007451 0.629000 -0.103937
v -0.007234 0.629000 -0.104321
v -0.007000 0.629000 -0.104452
v -0.006766 0.629000 -0.104321
v -0.006548 0.629000 -0.103937
v -0.006361 0.629000 -0.103325
v -0.006218 0.629000 -0.102528
v -0.006128 0.629000 -0.101600
vn 1.0000 -0.0011 0.0002
vn 0.9957 -0.0018 0.0925
vn 0.9956 -0.0009 0.0933
vn 0.9802 -0.0017 0.1981
vn 0.9805 -0.0033 0.1965
vn 0.9431 -0.0042 0.3325
vn 0.9439 -0.0067 0.3301
vn 0.8495 -0.0085 0.5276
vn 0.8512 -0.0125 0.5247
vn 0.5840 -0.0151 0.8116
vn 0.5863 -0.0213 0.8098
vn -0.0000 -0.0195 0.9998
vn -0.5863 -0.0213 0.8098
vn -0.5840 -0.0151 0.8116
vn -0.8512 -0.0125 0.5247
vn -0.8495 -0.0085 0.5276
vn -0.9439 -0.0067 0.3301
vn -0.9431 -0.0042 0.3325
vn -0.9805 -0.0033 0.1965
vn -0.9802 -0.0017 0.1981
vn -0.9957 -0.0018 0.0925
vn -0.9956 -0.0009 0.0933
vn -1.0000 -0.0011 0.0002
vn -1.0000 -0.0018 -0.0001
vn -0.9957 -0.0023 -0.0927
vn -0.9957 -0.0034 -0.0924
vn -0.9803 -0.0050 -0.1975
vn -0.9805 -0.0067 -0.1965
vn -0.9433 -0.0096 -0.3317
vn -0.9439 -0.0124 -0.3301
vn -0.8500 -0.0171 -0.5265
vn -0.8511 -0.0215 -0.5246
vn -0.5851 -0.0284 -0.8105
vn -0.5861 -0.0352 -0.8095
vn -0.0000 -0.0359 -0.9994
vn 0.5861 -0.0352 -0.8095
vn 0.5851 -0.0284 -0.8105
vn 0.8511 -0.0215 -0.5246
vn 0.8500 -0.0171 -0.5265
vn 0.9439 -0.0124 -0.3301
vn 0.9433 -0.0096 -0.3317
vn 0.9805 -0.0067 -0.1965
vn 0.9803 -0.0050 -0.1975
vn 0.9957 -0.0034 -0.0924
vn 0.9957 -0.0023 -0.0927
vn 1.0000 -0.0018 -0.0001
vn 0.9958 -0.0030 0.0913
vn 0.9810 -0.0052 0.1939
vn 0.9453 -0.0098 0.3261
vn 0.8542 -0.0178 0.5196
vn 0.5908 -0.0300 0.8063
vn -0.0000 -0.0271 0.9996
vn -0.5908 -0.0300 0.8063
vn -0.8542 -0.0178 0.5196
vn -0.9453 -0.0098 0.3261
vn -0.9810 -0.0052 0.1939
vn -0.9958 -0.0030 0.0913
vn -1.0000 -0.0028 -0.0001
vn -0.9958 -0.0047 -0.0911
vn -0.9810 -0.0089 -0.1939
vn -0.9452 -0.0162 -0.3260
vn -0.8541 -0.0279 -0.5193
vn -0.5906 -0.0456 -0.8057
vn -0.0000 -0.0443 -0.9990
vn 0.5906 -0.0456 -0.8057
vn 0.8541 -0.0279 -0.5193
vn 0.9452 -0.0162 -0.3260
vn 0.9810 -0.0089 -0.1939
vn 0.9958 -0.0047 -0.0911
vn 1.0000 -0.0028 -0.0001
vn 0.9960 -0.0031 0.0898
vn 0.9816 -0.0055 0.1909
vn 0.9469 -0.0106 0.3213
vn 0.8579 -0.0193 0.5135
vn 0.5962 -0.0328 0.8022
vn -0.0000 -0.0381 0.9993
vn -0.5962 -0.0328 0.8022
vn -0.8579 -0.0193 0.5135
vn -0.9469 -0.0106 0.3213
vn -0.9816 -0.0055 0.1909
vn -0.9960 -0.0031 0.0898
vn -1.0000 -0.0030 -0.0001
vn -0.9960 -0.0052 -0.0896
vn -0.9816 -0.0099 -0.1908
vn -0.9468 -0.0180 -0.3212
vn -0.8577 -0.0312 -0.5132
vn -0.5960 -0.0514 -0.8014
vn -0.0000 -0.0575 -0.9983
vn 0.5960 -0.0514 -0.8014
vn 0.8577 -0.0312 -0.5132
vn 0.9468 -0.0180 -0.3212
vn 0.9816 -0.0099 -0.1908
vn 0.9960 -0.0052 -0.0896
vn 1.0000 -0.0030 -0.0001
vn 0.9961 -0.0022 0.0883
vn 0.9822 -0.0043 0.1877
vn 0.9486 -0.0090 0.3164
vn 0.8616 -0.0172 0.5072
vn 0.6019 -0.0298 0.7980
vn -0.0000 -0.0418 0.9991
vn -0.6019 -0.0298 0.7980
vn -0.8616 -0.0172 0.5072
vn -0.9486 -0.0090 0.3164
vn -0.9822 -0.0043 0.1877
vn -0.9961 -0.0022 0.0883
vn -1.0000 -0.0023 -0.0001
vn -0.9961 -0.0047 -0.0880
vn -0.9822 -0.0097 -0.1876
vn -0.9485 -0.0180 -0.3162
vn -0.8615 -0.0316 -0.5068
vn -0.6017 -0.0525 -0.7970
vn -0.0000 -0.0650 -0.9979
vn 0.6017 -0.0525 -0.7970
vn 0.8615 -0.0316 -0.5068
vn 0.9485 -0.0180 -0.3162
vn 0.9822 -0.0097 -0.1876
vn 0.9961 -0.0047 -0.0880
vn 1.0000 -0.0023 -0.0001
vn 0.9962 -0.0004 0.0866
vn 0.9828 -0.0019 0.1849
vn 0.9502 -0.0052 0.3117
vn 0.8653 -0.0115 0.5012
vn 0.6075 -0.0212 0.7940
vn -0.0000 -0.0384 0.9993
vn -0.6075 -0.0212 0.7940
vn -0.8653 -0.0115 0.5012
vn -0.9502 -0.0052 0.3117
vn -0.9828 -0.0019 0.1849
vn -0.9962 -0.0004 0.0866
vn -1.0000 -0.0007 -0.0001
vn -0.9962 -0.0033 -0.0866
vn -0.9828 -0.0082 -0.1845
vn -0.9501 -0.0162 -0.3115
vn -0.8651 -0.0292 -0.5008
vn -0.6073 -0.0492 -0.7929
vn -0.0000 -0.0668 -0.9978
vn 0.6073 -0.0492 -0.7929
vn 0.8651 -0.0292 -0.5008
vn 0.9501 -0.0162 -0.3115
vn 0.9828 -0.0082 -0.1845
vn 0.9962 -0.0033 -0.0866
vn 1.0000 -0.0007 -0.0001
vn 0.9964 0.0028 0.0852
vn 0.9833 0.0022 0.1821
vn 0.9516 0.0001 0.3075
vn 0.8684 -0.0031 0.4958
vn 0.6122 -0.0073 0.7907
vn -0.0000 -0.0277 0.9996
vn -0.6122 -0.0073 0.7907
vn -0.8684 -0.0031 0.4958
vn -0.9516 0.0001 0.3075
vn -0.9833 0.0022 0.1821
vn -0.9964 0.0028 0.0852
vn -1.0000 0.0017 -0.0001
vn -0.9964 -0.0010 -0.0853
vn -0.9833 -0.0055 -0.1819
vn -0.9515 -0.0127 -0.3073
vn -0.8683 -0.0240 -0.4954
vn -0.6124 -0.0414 -0.7895
vn -0.0000 -0.0629 -0.9980
vn 0.6124 -0.0414 -0.7895
vn 0.8683 -0.0240 -0.4954
vn 0.9515 -0.0127 -0.3073
vn 0.9833 -0.0055 -0.1819
vn 0.9964 -0.0010 -0.0853
vn 1.0000 0.0017 -0.0001
vn 0.9964 0.0068 0.0842
vn 0.9837 0.0081 0.1798
vn 0.9526 0.0090 0.3042
vn 0.8708 0.0104 0.4916
vn 0.6158 0.0129 0.7878
vn -0.0000 -0.0099 1.0000
vn -0.6158 0.0129 0.7878
vn -0.8708 0.0104 0.4916
vn -0.9526 0.0090 0.3042
vn -0.9837 0.0081 0.1798
vn -0.9964 0.0068 0.0842
vn -1.0000 0.0050 -0.0000
vn -0.9964 0.0022 -0.0842
vn -0.9837 -0.0017 -0.1798
vn -0.9526 -0.0075 -0.3040
vn -0.8709 -0.0162 -0.4912
vn -0.6164 -0.0292 -0.7869
vn -0.0000 -0.0534 -0.9986
vn 0.6164 -0.0292 -0.7869
vn 0.8709 -0.0162 -0.4912
vn 0.9526 -0.0075 -0.3040
vn 0.9837 -0.0017 -0.1798
vn 0.9964 0.0022 -0.0842
vn 1.0000 0.0050 -0.0000
vn 0.9965 0.0071 0.0833
vn 0.9840 0.0089 0.1780
vn 0.9534 0.0112 0.3014
vn 0.8729 0.0149 0.4877
vn 0.6199 0.0213 0.7844
vn -0.0000 0.0262 0.9997
vn -0.0000 0.0148 0.9999
vn -0.6199 0.0213 0.7844
vn -0.8729 0.0149 0.4877
vn -0.9534 0.0112 0.3014
vn -0.9840 0.0089 0.1780
vn -0.9965 0.0071 0.0833
vn -1.0000 0.0053 -0.0002
vn -0.9965 0.0033 -0.0837
vn -0.9839 0.0008 -0.1786
vn -0.9533 -0.0025 -0.3021
vn -0.8725 -0.0071 -0.4886
vn -0.6189 -0.0138 -0.7853
vn -0.0000 -0.0382 -0.9993
vn 0.6189 -0.0138 -0.7853
vn 0.8725 -0.0071 -0.4886
vn 0.9533 -0.0025 -0.3021
vn 0.9839 0.0008 -0.1786
vn 0.9965 0.0033 -0.0837
vn 1.0000 0.0053 -0.0002
vn 0.9965 0.0061 0.0831
vn 0.9841 0.0080 0.1773
vn 0.9538 0.0108 0.3002
vn 0.8738 0.0152 0.4861
vn 0.6211 0.0229 0.7834
vn -0.0000 0.0286 0.9996
vn -0.6211 0.0229 0.7834
vn -0.8738 0.0152 0.4861
vn -0.9538 0.0108 0.3002
vn -0.9841 0.0080 0.1773
vn -0.9965 0.0061 0.0831
vn -1.0000 0.0045 0.0001
vn -0.9966 0.0031 -0.0829
vn -0.9842 0.0015 -0.1771
vn -0.9540 -0.0003 -0.2999
vn -0.8741 -0.0026 -0.4857
vn -0.6219 -0.0059 -0.7831
vn -0.0000 -0.0183 -0.9998
vn 0.6219 -0.0059 -0.7831
vn 0.8741 -0.0026 -0.4857
vn 0.9540 -0.0003 -0.2999
vn 0.9842 0.0015 -0.1771
vn 0.9966 0.0031 -0.0829
vn 1.0000 0.0045 0.0001
vn 0.9966 0.0079 0.0826
vn 0.9843 0.0105 0.1764
vn 0.9542 0.0142 0.2987
vn 0.8748 0.0204 0.4841
vn 0.6228 0.0309 0.7817
vn -0.0000 0.0388 0.9992
vn -0.6228 0.0309 0.7817
vn -0.8748 0.0204 0.4841
vn -0.9542 0.0142 0.2987
vn -0.9843 0.0105 0.1764
vn -0.9966 0.0079 0.0826
vn -1.0000 0.0058 -0.0000
vn -0.9966 0.0040 -0.0825
vn -0.9843 0.0021 -0.1763
vn -0.9544 0.0001 -0.2986
vn -0.8751 -0.0024 -0.4840
vn -0.6234 -0.0059 -0.7819
vn -0.0000 -0.0080 -1.0000
vn 0.6234 -0.0059 -0.7819
vn 0.8751 -0.0024 -0.4840
vn 0.9544 0.0001 -0.2986
vn 0.9843 0.0021 -0.1763
vn 0.9966 0.0040 -0.0825
vn 1.0000 0.0058 -0.0000
vn 0.9966 0.0089 0.0822
vn 0.9844 0.0118 0.1757
vn 0.9546 0.0162 0.2976
vn 0.8755 0.0234 0.4826
vn 0.6242 0.0357 0.7805
vn -0.0000 0.0449 0.9990
vn -0.6242 0.0357 0.7805
vn -0.8755 0.0234 0.4826
vn -0.9546 0.0162 0.2976
vn -0.9844 0.0118 0.1757
vn -0.9966 0.0089 0.0822
vn -1.0000 0.0066 -0.0000
vn -0.9966 0.0047 -0.0823
vn -0.9844 0.0029 -0.1757
vn -0.9547 0.0010 -0.2976
vn -0.8758 -0.0012 -0.4827
vn -0.6245 -0.0040 -0.7810
vn -0.0000 -0.0082 -1.0000
vn 0.6245 -0.0040 -0.7810
vn 0.8758 -0.0012 -0.4827
vn 0.9547 0.0010 -0.2976
vn 0.9844 0.0029 -0.1757
vn 0.9966 0.0047 -0.0823
vn 1.0000 0.0066 -0.0000
vn 0.9966 0.0092 0.0821
vn 0.9844 0.0122 0.1754
vn 0.9547 0.0167 0.2971
vn 0.8759 0.0242 0.4819
vn 0.6249 0.0371 0.7799
vn -0.0000 0.0468 0.9989
vn -0.6249 0.0371 0.7799
vn -0.8759 0.0242 0.4819
vn -0.9547 0.0167 0.2971
vn -0.9844 0.0122 0.1754
vn -0.9966 0.0092 0.0821
vn -1.0000 0.0070 -0.0000
vn -0.9966 0.0052 -0.0822
vn -0.9845 0.0037 -0.1755
vn -0.9548 0.0024 -0.2973
vn -0.8760 0.0011 -0.4822
vn -0.6250 -0.0003 -0.7806
vn -0.0000 -0.0058 -1.0000
vn 0.6250 -0.0003 -0.7806
vn 0.8760 0.0011 -0.4822
vn 0.9548 0.0024 -0.2973
vn 0.9845 0.0037 -0.1755
vn 0.9966 0.0052 -0.0822
vn 1.0000 0.0070 -0.0000
vn 0.9966 0.0087 0.0822
vn 0.9844 0.0115 0.1756
vn 0.9546 0.0157 0.2974
vn 0.8757 0.0229 0.4823
vn 0.6246 0.0353 0.7802
vn -0.0000 0.0446 0.9990
vn -0.6246 0.0353 0.7802
vn -0.8757 0.0229 0.4823
vn -0.9546 0.0157 0.2974
vn -0.9844 0.0115 0.1756
vn -0.9966 0.0087 0.0822
vn -1.0000 0.0069 -0.0001
vn -0.9966 0.0056 -0.0823
vn -0.9844 0.0047 -0.1758
vn -0.9546 0.0043 -0.2978
vn -0.8757 0.0045 -0.4829
vn -0.6244 0.0055 -0.7811
vn -0.0000 -0.0010 -1.0000
vn 0.6244 0.0055 -0.7811
vn 0.8757 0.0045 -0.4829
vn 0.9546 0.0043 -0.2978
vn 0.9844 0.0047 -0.1758
vn 0.9966 0.0056 -0.0823
vn 1.0000 0.0069 -0.0001
vn 0.9966 0.0076 0.0826
vn 0.9842 0.0097 0.1765
vn 0.9542 0.0133 0.2989
vn 0.8747 0.0195 0.4843
vn 0.6229 0.0302 0.7817
vn -0.0000 0.0381 0.9993
vn -0.6229 0.0302 0.7817
vn -0.8747 0.0195 0.4843
vn -0.9542 0.0133 0.2989
vn -0.9842 0.0097 0.1765
vn -0.9966 0.0076 0.0826
vn -1.0000 0.0063 -0.0001
vn -0.9965 0.0058 -0.0829
vn -0.9842 0.0059 -0.1768
vn -0.8745 0.0089 -0.4850
vn -0.6223 0.0130 -0.7827
vn -0.0000 0.0162 -0.9999
vn -0.0000 0.0064 -1.0000
vn 0.6223 0.0130 -0.7827
vn 0.8745 0.0089 -0.4850
vn 0.9842 0.0059 -0.1768
vn 0.9965 0.0058 -0.0829
vn 1.0000 0.0063 -0.0001
vn 0.9965 0.0056 0.0835
vn 0.9839 0.0069 0.1784
vn 0.9533 0.0094 0.3020
vn 0.8725 0.0140 0.4884
vn 0.6194 0.0217 0.7848
vn -0.0000 0.0275 0.9996
vn -0.6194 0.0217 0.7848
vn -0.8725 0.0140 0.4884
vn -0.9533 0.0094 0.3020
vn -0.9839 0.0069 0.1784
vn -0.9965 0.0056 0.0835
vn -0.9838 0.0071 -0.1789
vn -0.9531 0.0098 -0.3025
vn -0.9541 0.0068 -0.2994
vn -0.8720 0.0145 -0.4892
vn -0.6183 0.0225 -0.7856
vn -0.0000 0.0284 -0.9996
vn 0.6183 0.0225 -0.7856
vn 0.8720 0.0145 -0.4892
vn 0.9541 0.0068 -0.2994
vn 0.9531 0.0098 -0.3025
vn 0.9838 0.0071 -0.1789
vn 1.0000 0.0040 -0.0003
vn 0.9834 0.0029 0.1816
vn 0.9517 0.0039 0.3070
vn 0.8687 0.0065 0.4953
vn 0.6135 0.0108 0.7897
vn -0.0000 0.0138 0.9999
vn -0.6135 0.0108 0.7897
vn -0.8687 0.0065 0.4953
vn -0.9517 0.0039 0.3070
vn -0.9834 0.0029 0.1816
vn -1.0000 0.0040 -0.0003
vn -0.9963 0.0059 -0.0855
vn -0.9965 0.0058 -0.0839
vn -0.9832 0.0090 -0.1822
vn -0.9514 0.0140 -0.3078
vn -0.8680 0.0223 -0.4960
vn -0.6118 0.0355 -0.7902
vn -0.0000 0.0448 -0.9990
vn 0.6118 0.0355 -0.7902
vn 0.8680 0.0223 -0.4960
vn 0.9514 0.0140 -0.3078
vn 0.9832 0.0090 -0.1822
vn 0.9965 0.0058 -0.0839
vn 0.9963 0.0059 -0.0855
vn 1.0000 0.0032 -0.0003
vn 0.9964 0.0030 0.0850
vn 0.9961 0.0009 0.0877
vn 0.9823 -0.0003 0.1873
vn 0.9487 -0.0006 0.3161
vn 0.6024 0.0003 0.7982
vn -0.0000 0.0011 1.0000
vn -0.6024 0.0003 0.7982
vn -0.9487 -0.0006 0.3161
vn -0.9823 -0.0003 0.1873
vn -0.9961 0.0009 0.0877
vn -0.9964 0.0030 0.0850
vn -1.0000 0.0032 -0.0003
vn -0.9961 0.0068 -0.0884
vn -0.9821 0.0123 -0.1880
vn -0.9482 0.0205 -0.3169
vn -0.8608 0.0335 -0.5078
vn -0.6004 0.0534 -0.7979
vn -0.0000 0.0670 -0.9978
vn 0.6004 0.0534 -0.7979
vn 0.8608 0.0335 -0.5078
vn 0.9482 0.0205 -0.3169
vn 0.9821 0.0123 -0.1880
vn 0.9961 0.0068 -0.0884
vn 1.0000 0.0029 -0.0003
vn 0.9957 -0.0007 0.0922
vn 0.9805 -0.0029 0.1966
vn 0.9438 -0.0042 0.3304
vn 0.8618 -0.0005 0.5072
vn 0.8509 -0.0051 0.5254
vn 0.5855 -0.0061 0.8107
vn -0.5855 -0.0061 0.8107
vn -0.8509 -0.0051 0.5254
vn -0.8618 -0.0005 0.5072
vn -0.9438 -0.0042 0.3304
vn -0.9805 -0.0029 0.1966
vn -0.9957 -0.0007 0.0922
vn -1.0000 0.0029 -0.0003
vn -0.9957 0.0081 -0.0928
vn -0.9803 0.0158 -0.1971
vn -0.9433 0.0272 -0.3309
vn -0.8496 0.0447 -0.5255
vn -0.5836 0.0703 -0.8090
vn -0.0000 0.0871 -0.9962
vn 0.5836 0.0703 -0.8090
vn 0.8496 0.0447 -0.5255
vn 0.9433 0.0272 -0.3309
vn 0.9803 0.0158 -0.1971
vn 0.9957 0.0081 -0.0928
vn 1.0000 0.0024 -0.0002
vn 0.9952 -0.0020 0.0983
vn 0.9779 -0.0050 0.2090
vn 0.9369 -0.0070 0.3495
vn 0.8357 -0.0088 0.5491
vn 0.5637 -0.0110 0.8259
vn -0.0000 -0.0069 1.0000
vn -0.5637 -0.0110 0.8259
vn -0.8357 -0.0088 0.5491
vn -0.9369 -0.0070 0.3495
vn -0.9779 -0.0050 0.2090
vn -0.9952 -0.0020 0.0983
vn -1.0000 0.0024 -0.0002
vn -0.9951 0.0089 -0.0987
vn -0.9777 0.0181 -0.2094
vn -0.9363 0.0316 -0.3497
vn -0.8345 0.0517 -0.5485
vn -0.5622 0.0797 -0.8232
vn -0.0000 0.0972 -0.9953
vn 0.5622 0.0797 -0.8232
vn 0.8345 0.0517 -0.5485
vn 0.9363 0.0316 -0.3497
vn 0.9777 0.0181 -0.2094
vn 0.9951 0.0089 -0.0987
vn 1.0000 0.0019 -0.0001
vn 0.9944 -0.0030 0.1058
vn 0.9745 -0.0064 0.2242
vn 0.9280 -0.0088 0.3724
vn 0.8171 -0.0111 0.5764
vn 0.5387 -0.0138 0.8424
vn -0.0000 -0.0125 0.9999
vn -0.5387 -0.0138 0.8424
vn -0.8171 -0.0111 0.5764
vn -0.9280 -0.0088 0.3724
vn -0.9745 -0.0064 0.2242
vn -0.9944 -0.0030 0.1058
vn -1.0000 0.0019 -0.0001
vn -0.9943 0.0090 -0.1060
vn -0.9743 0.0190 -0.2243
vn -0.9275 0.0333 -0.3722
vn -0.8161 0.0540 -0.5753
vn -0.5377 0.0812 -0.8392
vn -0.0000 0.0973 -0.9953
vn 0.5377 0.0812 -0.8392
vn 0.8161 0.0540 -0.5753
vn 0.9275 0.0333 -0.3722
vn 0.9743 0.0190 -0.2243
vn 0.9943 0.0090 -0.1060
vn 1.0000 0.0013 -0.0000
vn 0.9935 -0.0035 0.1141
vn 0.9705 -0.0069 0.2410
vn 0.9177 -0.0094 0.3972
vn 0.7964 -0.0117 0.6047
vn 0.5128 -0.0143 0.8584
vn -0.0000 -0.0155 0.9999
vn -0.5128 -0.0143 0.8584
vn -0.7964 -0.0117 0.6047
vn -0.9177 -0.0094 0.3972
vn -0.9705 -0.0069 0.2410
vn -0.9935 -0.0035 0.1141
vn -1.0000 0.0013 -0.0000
vn -0.9934 0.0082 -0.1141
vn -0.9704 0.0179 -0.2408
vn -0.9174 0.0315 -0.3967
vn -0.7958 0.0506 -0.6034
vn -0.5125 0.0742 -0.8555
vn -0.0000 0.0874 -0.9962
vn 0.5125 0.0742 -0.8555
vn 0.7958 0.0506 -0.6034
vn 0.9174 0.0315 -0.3967
vn 0.9704 0.0179 -0.2408
vn 0.9934 0.0082 -0.1141
vn 1.0000 0.0007 0.0001
vn 0.9925 -0.0034 0.1224
vn 0.9663 -0.0062 0.2574
vn 0.9071 -0.0083 0.4208
vn 0.7761 -0.0102 0.6305
vn 0.4891 -0.0123 0.8721
vn -0.0000 -0.0158 0.9999
vn -0.4891 -0.0123 0.8721
vn -0.7761 -0.0102 0.6305
vn -0.9071 -0.0083 0.4208
vn -0.9663 -0.0062 0.2574
vn -0.9925 -0.0034 0.1224
vn -1.0000 0.0007 0.0001
vn -0.9925 0.0064 -0.1221
vn -0.9663 0.0143 -0.2569
vn -0.9072 0.0254 -0.4200
vn -0.7762 0.0404 -0.6292
vn -0.4896 0.0581 -0.8700
vn -0.0000 0.0675 -0.9977
vn 0.4896 0.0581 -0.8700
vn 0.7762 0.0404 -0.6292
vn 0.9072 0.0254 -0.4200
vn 0.9663 0.0143 -0.2569
vn 0.9925 0.0064 -0.1221
vn 1.0000 -0.0001 0.0003
vn 0.9916 -0.0024 0.1290
vn 0.9628 -0.0041 0.2702
vn 0.8985 -0.0053 0.4389
vn 0.7603 -0.0065 0.6495
vn 0.4717 -0.0078 0.8817
vn -0.0000 -0.0134 0.9999
vn -0.4717 -0.0078 0.8817
vn -0.7603 -0.0065 0.6495
vn -0.8985 -0.0053 0.4389
vn -0.9628 -0.0041 0.2702
vn -0.9916 -0.0024 0.1290
vn -1.0000 -0.0001 0.0003
vn -0.9917 0.0032 -0.1283
vn -0.9630 0.0079 -0.2693
vn -0.8990 0.0142 -0.4378
vn -0.7611 0.0227 -0.6482
vn -0.4729 0.0323 -0.8805
vn -0.0000 0.0373 -0.9993
vn 0.4729 0.0323 -0.8805
vn 0.7611 0.0227 -0.6482
vn 0.8990 0.0142 -0.4378
vn 0.9630 0.0079 -0.2693
vn 0.9917 0.0032 -0.1283
vn 1.0000 -0.0028 0.0005
vn 0.9913 -0.0027 0.1317
vn 0.9613 -0.0029 0.2754
vn 0.8950 -0.0034 0.4461
vn 0.7538 -0.0040 0.6570
vn 0.4650 -0.0049 0.8853
vn -0.0000 -0.0084 1.0000
vn -0.4650 -0.0049 0.8853
vn -0.7538 -0.0040 0.6570
vn -0.8950 -0.0034 0.4461
vn -0.9613 -0.0029 0.2754
vn -0.9913 -0.0027 0.1317
vn -1.0000 -0.0028 0.0005
vn -0.9914 -0.0032 -0.1306
vn -0.9617 -0.0038 -0.2742
vn -0.8957 -0.0049 -0.4447
vn -0.7553 -0.0064 -0.6553
vn -0.4667 -0.0082 -0.8844
vn -0.0000 -0.0092 -1.0000
vn 0.4667 -0.0082 -0.8844
vn 0.7553 -0.0064 -0.6553
vn 0.8957 -0.0049 -0.4447
vn 0.9617 -0.0038 -0.2742
vn 0.9914 -0.0032 -0.1306
vn 0.9914 -0.0038 0.1306
vn 0.9619 -0.0025 0.2732
vn 0.8965 -0.0025 0.4431
vn 0.7565 -0.0039 0.6539
vn 0.4677 -0.0053 0.8839
vn -0.0000 -0.0055 1.0000
vn -0.4677 -0.0053 0.8839
vn -0.7565 -0.0039 0.6539
vn -0.8965 -0.0025 0.4431
vn -0.9619 -0.0025 0.2732
vn -0.9914 -0.0038 0.1306
vn -1.0000 -0.0068 0.0005
vn -0.9915 -0.0119 -0.1295
vn -0.9621 -0.0194 -0.2718
vn -0.8969 -0.0303 -0.4412
vn -0.7575 -0.0450 -0.6513
vn -0.4691 -0.0620 -0.8809
vn 0.4691 -0.0620 -0.8809
vn 0.7575 -0.0450 -0.6513
vn 0.8969 -0.0303 -0.4412
vn 0.9621 -0.0194 -0.2718
vn 0.9915 -0.0119 -0.1295
vn 1.0000 -0.0068 0.0005
vn 0.9919 -0.0036 0.1272
vn 0.9638 -0.0004 0.2666
vn 0.9010 0.0002 0.4338
vn 0.7648 -0.0010 0.6443
vn 0.4763 -0.0034 0.8793
vn -0.0000 -0.0057 1.0000
vn -0.4763 -0.0034 0.8793
vn -0.7648 -0.0010 0.6443
vn -0.9010 0.0002 0.4338
vn -0.9638 -0.0004 0.2665
vn -0.9919 -0.0036 0.1272
vn -1.0000 -0.0099 0.0004
vn -0.9918 -0.0200 -0.1262
vn -0.9636 -0.0348 -0.2652
vn -0.9004 -0.0558 -0.4315
vn -0.7638 -0.0845 -0.6399
vn -0.4760 -0.1178 -0.8715
vn -0.0000 -0.0709 -0.9975
vn 0.4760 -0.1178 -0.8715
vn 0.7638 -0.0845 -0.6399
vn 0.9004 -0.0558 -0.4315
vn 0.9636 -0.0348 -0.2652
vn 0.9918 -0.0200 -0.1262
vn 1.0000 -0.0099 0.0004
vn 0.9925 -0.0028 0.1220
vn 0.9666 0.0024 0.2564
vn 0.9078 0.0043 0.4194
vn 0.7773 0.0039 0.6292
vn 0.4902 0.0024 0.8716
vn -0.0000 0.0016 1.0000
vn -0.0000 -0.0048 1.0000
vn -0.4902 0.0024 0.8716
vn -0.7773 0.0039 0.6292
vn -0.9078 0.0043 0.4194
vn -0.9666 0.0024 0.2564
vn -0.9925 -0.0028 0.1220
vn -0.9999 -0.0123 0.0003
vn -0.9923 -0.0270 -0.1212
vn -0.9657 -0.0484 -0.2550
vn -0.9057 -0.0787 -0.4165
vn -0.7735 -0.1206 -0.6222
vn -0.4867 -0.1702 -0.8568
vn -0.0000 -0.1353 -0.9908
vn 0.4867 -0.1702 -0.8568
vn 0.7735 -0.1206 -0.6222
vn 0.9057 -0.0787 -0.4165
vn 0.9657 -0.0484 -0.2550
vn 0.9923 -0.0270 -0.1212
vn 0.9999 -0.0123 0.0003
vn 0.9933 -0.0015 0.1157
vn 0.9698 0.0059 0.2439
vn 0.9158 0.0096 0.4014
vn 0.7927 0.0108 0.6096
vn 0.5080 0.0110 0.8613
vn -0.0000 0.0112 0.9999
vn -0.5080 0.0110 0.8613
vn -0.7927 0.0108 0.6096
vn -0.9158 0.0096 0.4014
vn -0.9698 0.0059 0.2439
vn -0.9933 -0.0015 0.1157
vn -0.9999 -0.0139 0.0002
vn -0.9928 -0.0327 -0.1150
vn -0.9683 -0.0599 -0.2425
vn -0.9121 -0.0985 -0.3979
vn -0.7854 -0.1526 -0.5998
vn -0.5002 -0.2184 -0.8379
vn -0.0000 -0.1968 -0.9805
vn 0.5002 -0.2184 -0.8379
vn 0.7854 -0.1526 -0.5998
vn 0.9121 -0.0985 -0.3979
vn 0.9683 -0.0599 -0.2425
vn 0.9928 -0.0327 -0.1150
vn 0.9999 -0.0139 0.0002
vn 0.9941 0.0003 0.1088
vn 0.9731 0.0100 0.2301
vn 0.9244 0.0157 0.3812
vn 0.8095 0.0193 0.5868
vn 0.5286 0.0226 0.8486
vn -0.0000 0.0246 0.9997
vn -0.5286 0.0226 0.8486
vn -0.8095 0.0193 0.5868
vn -0.9244 0.0157 0.3812
vn -0.9731 0.0100 0.2301
vn -0.9941 0.0003 0.1088
vn -0.9999 -0.0148 0.0001
vn -0.9934 -0.0372 -0.1083
vn -0.9710 -0.0693 -0.2288
vn -0.9190 -0.1150 -0.3771
vn -0.7985 -0.1802 -0.5743
vn -0.5156 -0.2623 -0.8157
vn -0.0000 -0.2548 -0.9670
vn 0.5156 -0.2623 -0.8157
vn 0.7985 -0.1802 -0.5743
vn 0.9190 -0.1150 -0.3771
vn 0.9710 -0.0693 -0.2288
vn 0.9934 -0.0372 -0.1083
vn 0.9999 -0.0148 0.0001
vn 0.9948 0.0026 0.1018
vn 0.9763 0.0144 0.2159
vn 0.9327 0.0225 0.3600
vn 0.8267 0.0293 0.5618
vn 0.5509 0.0370 0.8337
vn -0.0000 0.0418 0.9991
vn -0.5509 0.0370 0.8337
vn -0.8267 0.0293 0.5618
vn -0.9327 0.0225 0.3600
vn -0.9763 0.0144 0.2159
vn -0.9948 0.0026 0.1018
vn -0.9999 -0.0150 0.0001
vn -0.9940 -0.0404 -0.1014
vn -0.9737 -0.0766 -0.2146
vn -0.9258 -0.1283 -0.3556
vn -0.8120 -0.2034 -0.5471
vn -0.5321 -0.3014 -0.7912
vn -0.0000 -0.3091 -0.9510
vn 0.5321 -0.3014 -0.7912
vn 0.8120 -0.2034 -0.5471
vn 0.9258 -0.1283 -0.3556
vn 0.9737 -0.0766 -0.2146
vn 0.9940 -0.0404 -0.1014
vn 0.9999 -0.0150 0.0001
vn 0.9955 0.0052 0.0949
vn 0.9792 0.0192 0.2019
vn 0.9404 0.0298 0.3386
vn 0.8435 0.0402 0.5357
vn 0.5741 0.0539 0.8170
vn -0.0000 0.0628 0.9980
vn -0.5741 0.0539 0.8170
vn -0.8435 0.0402 0.5357
vn -0.9404 0.0298 0.3386
vn -0.9792 0.0192 0.2019
vn -0.9955 0.0052 0.0949
vn -0.9999 -0.0145 -0.0000
vn -0.9946 -0.0424 -0.0947
vn -0.9762 -0.0819 -0.2007
vn -0.9323 -0.1387 -0.3340
vn -0.8252 -0.2224 -0.5193
vn -0.5490 -0.3360 -0.7653
vn -0.0000 -0.3595 -0.9331
vn 0.5490 -0.3360 -0.7653
vn 0.8252 -0.2224 -0.5193
vn 0.9323 -0.1387 -0.3340
vn 0.9762 -0.0819 -0.2007
vn 0.9946 -0.0424 -0.0947
vn 0.9999 -0.0145 -0.0000
vn 0.9961 0.0077 0.0884
vn 0.9818 0.0237 0.1883
vn 0.9476 0.0362 0.3174
vn 0.8596 0.0493 0.5086
vn 0.5982 0.0681 0.7984
vn -0.0000 0.0813 0.9967
vn -0.5982 0.0681 0.7984
vn -0.8596 0.0493 0.5086
vn -0.9476 0.0362 0.3174
vn -0.9818 0.0237 0.1883
vn -0.9961 0.0077 0.0884
vn -0.9999 -0.0148 0.0003
vn -0.9951 -0.0466 -0.0875
vn -0.9783 -0.0916 -0.1861
vn -0.9374 -0.1566 -0.3110
vn -0.8355 -0.2542 -0.4872
vn -0.5624 -0.3919 -0.7281
vn -0.0000 -0.4060 -0.9139
vn 0.5624 -0.3919 -0.7281
vn 0.8355 -0.2542 -0.4872
vn 0.9374 -0.1566 -0.3110
vn 0.9783 -0.0916 -0.1861
vn 0.9951 -0.0466 -0.0875
vn 0.9999 -0.0148 0.0003
vn 0.9967 0.0078 0.0813
vn 0.9844 0.0249 0.1740
vn 0.9547 0.0376 0.2952
vn 0.8761 0.0504 0.4795
vn 0.6249 0.0700 0.7776
vn -0.0000 0.0851 0.9964
vn -0.6249 0.0700 0.7776
vn -0.8761 0.0504 0.4795
vn -0.9547 0.0376 0.2952
vn -0.9844 0.0249 0.1740
vn -0.9967 0.0078 0.0813
vn -0.9999 -0.0169 -0.0003
vn -0.9953 -0.0526 -0.0816
vn -0.9794 -0.1036 -0.1731
vn -0.9405 -0.1779 -0.2896
vn -0.8416 -0.2902 -0.4556
vn -0.5702 -0.4505 -0.6869
vn -0.0000 -0.4808 -0.8769
vn 0.5702 -0.4505 -0.6869
vn 0.8415 -0.2902 -0.4556
vn 0.9405 -0.1779 -0.2896
vn 0.9794 -0.1036 -0.1731
vn 0.9953 -0.0526 -0.0816
vn 0.9999 -0.0169 -0.0003
vn 0.9972 0.0072 0.0747
vn 0.9868 0.0244 0.1604
vn 0.9612 0.0366 0.2734
vn 0.8917 0.0488 0.4499
vn 0.6519 0.0686 0.7552
vn -0.0000 0.0854 0.9964
vn -0.6519 0.0686 0.7552
vn -0.8917 0.0488 0.4499
vn -0.9612 0.0366 0.2734
vn -0.9868 0.0244 0.1604
vn -0.9972 0.0072 0.0747
vn -0.9998 -0.0182 -0.0003
vn -0.9957 -0.0551 -0.0751
vn -0.9812 -0.1083 -0.1595
vn -0.9453 -0.1863 -0.2678
vn -0.8519 -0.3062 -0.4248
vn -0.5850 -0.4829 -0.6516
vn -0.0000 -0.5545 -0.8322
vn 0.5850 -0.4829 -0.6516
vn 0.8519 -0.3062 -0.4248
vn 0.9453 -0.1863 -0.2678
vn 0.9812 -0.1083 -0.1595
vn 0.9957 -0.0551 -0.0751
vn 0.9998 -0.0182 -0.0003
vn 0.9976 0.0074 0.0687
vn 0.9887 0.0253 0.1478
vn 0.9667 0.0388 0.2531
vn 0.9054 0.0531 0.4212
vn 0.6777 0.0784 0.7312
vn -0.0000 0.1010 0.9949
vn -0.6777 0.0784 0.7312
vn -0.9054 0.0531 0.4212
vn -0.9667 0.0388 0.2531
vn -0.9887 0.0253 0.1478
vn -0.9976 0.0074 0.0687
vn -0.9998 -0.0186 -0.0004
vn -0.9960 -0.0560 -0.0692
vn -0.9830 -0.1099 -0.1471
vn -0.9501 -0.1894 -0.2477
vn -0.8629 -0.3134 -0.3964
vn -0.6016 -0.5031 -0.6204
vn -0.0000 -0.6012 -0.7991
vn 0.6016 -0.5031 -0.6204
vn 0.8629 -0.3134 -0.3964
vn 0.9501 -0.1894 -0.2477
vn 0.9830 -0.1099 -0.1471
vn 0.9960 -0.0560 -0.0692
vn 0.9998 -0.0186 -0.0004
vn 0.9979 0.0085 0.0635
vn 0.9902 0.0278 0.1368
vn 0.9710 0.0436 0.2350
vn 0.9166 0.0625 0.3949
vn 0.7006 0.0983 0.7067
vn -0.0000 0.1318 0.9913
vn -0.7006 0.0983 0.7067
vn -0.9166 0.0625 0.3949
vn -0.9710 0.0436 0.2350
vn -0.9902 0.0278 0.1368
vn -0.9979 0.0085 0.0635
vn -0.9998 -0.0182 -0.0004
vn -0.9964 -0.0558 -0.0640
vn -0.9846 -0.1095 -0.1362
vn -0.9547 -0.1888 -0.2301
vn -0.8737 -0.3142 -0.3714
vn -0.6190 -0.5140 -0.5939
vn -0.0000 -0.6351 -0.7724
vn 0.6190 -0.5140 -0.5939
vn 0.8737 -0.3142 -0.3714
vn 0.9547 -0.1888 -0.2301
vn 0.9846 -0.1095 -0.1362
vn 0.9964 -0.0558 -0.0640
vn 0.9998 -0.0182 -0.0004
vn 0.9982 0.0104 0.0591
vn 0.9913 0.0316 0.1275
vn 0.9743 0.0509 0.2195
vn 0.9253 0.0764 0.3716
vn 0.7197 0.1274 0.6825
vn -0.0000 0.1771 0.9842
vn -0.7197 0.1274 0.6825
vn -0.9253 0.0764 0.3716
vn -0.9743 0.0509 0.2195
vn -0.9913 0.0316 0.1275
vn -0.9982 0.0104 0.0591
vn -0.9999 -0.0171 -0.0003
vn -0.9967 -0.0546 -0.0596
vn -0.9861 -0.1075 -0.1269
vn -0.9588 -0.1854 -0.2151
vn -0.8838 -0.3104 -0.3501
vn -0.6362 -0.5175 -0.5722
vn -0.0000 -0.6589 -0.7523
vn 0.6362 -0.5175 -0.5722
vn 0.8838 -0.3104 -0.3501
vn 0.9588 -0.1854 -0.2151
vn 0.9861 -0.1075 -0.1269
vn 0.9967 -0.0546 -0.0596
vn 0.9999 -0.0171 -0.0003
vn 0.9984 0.0133 0.0555
vn 0.9921 0.0369 0.1197
vn 0.9766 0.0605 0.2066
vn 0.9314 0.0942 0.3515
vn 0.7342 0.1646 0.6587
vn -0.0000 0.2353 0.9719
vn -0.7342 0.1646 0.6587
vn -0.9314 0.0942 0.3515
vn -0.9766 0.0605 0.2066
vn -0.9921 0.0369 0.1197
vn -0.9984 0.0133 0.0555
vn -0.9999 -0.0152 -0.0003
vn -0.9971 -0.0526 -0.0559
vn -0.9874 -0.1043 -0.1192
vn -0.9625 -0.1802 -0.2027
vn -0.8930 -0.3033 -0.3325
vn -0.6530 -0.5152 -0.5552
vn -0.0000 -0.6744 -0.7384
vn 0.6530 -0.5152 -0.5552
vn 0.8930 -0.3033 -0.3325
vn 0.9625 -0.1802 -0.2027
vn 0.9874 -0.1043 -0.1192
vn 0.9971 -0.0526 -0.0559
vn 0.9999 -0.0152 -0.0003
vn 0.9985 0.0172 0.0526
vn 0.9926 0.0436 0.1135
vn 0.9779 0.0723 0.1960
vn 0.9352 0.1158 0.3346
vn 0.7436 0.2089 0.6351
vn -0.0000 0.3042 0.9526
vn -0.7436 0.2089 0.6351
vn -0.9352 0.1158 0.3346
vn -0.9779 0.0723 0.1960
vn -0.9926 0.0436 0.1135
vn -0.9985 0.0172 0.0526
vn -0.9999 -0.0125 -0.0002
vn -0.9974 -0.0499 -0.0529
vn -0.9885 -0.1003 -0.1130
vn -0.9658 -0.1736 -0.1927
vn -0.9014 -0.2936 -0.3183
vn -0.6689 -0.5079 -0.5427
vn -0.0000 -0.6829 -0.7305
vn 0.6689 -0.5079 -0.5427
vn 0.9014 -0.2936 -0.3183
vn 0.9658 -0.1736 -0.1927
vn 0.9885 -0.1003 -0.1130
vn 0.9974 -0.0499 -0.0529
vn 0.9999 -0.0125 -0.0002
vn 0.9985 0.0227 0.0506
vn 0.9926 0.0532 0.1087
vn 0.9782 0.0885 0.1876
vn 0.9363 0.1437 0.3206
vn 0.7463 0.2631 0.6113
vn -0.0000 0.3849 0.9230
vn -0.7463 0.2631 0.6113
vn -0.9363 0.1437 0.3206
vn -0.9782 0.0885 0.1876
vn -0.9926 0.0532 0.1087
vn -0.9985 0.0227 0.0506
vn -1.0000 -0.0098 0.0002
vn -0.9975 -0.0492 -0.0500
vn -0.9891 -0.1011 -0.1073
vn -0.9672 -0.1758 -0.1833
vn -0.9049 -0.2981 -0.3038
vn -0.6747 -0.5221 -0.5216
vn -0.0000 -0.6850 -0.7285
vn 0.6747 -0.5221 -0.5216
vn 0.9049 -0.2981 -0.3038
vn 0.9672 -0.1758 -0.1833
vn 0.9891 -0.1011 -0.1073
vn 0.9975 -0.0492 -0.0500
vn 1.0000 -0.0098 0.0002
vn 0.9985 0.0269 0.0482
vn 0.9927 0.0616 0.1038
vn 0.9784 0.1025 0.1793
vn 0.9371 0.1673 0.3065
vn 0.7492 0.3090 0.5858
vn -0.0000 0.4584 0.8887
vn -0.7492 0.3090 0.5858
vn -0.9371 0.1673 0.3065
vn -0.9784 0.1025 0.1793
vn -0.9927 0.0616 0.1038
vn -0.9985 0.0269 0.0482
vn -1.0000 -0.0094 -0.0000
vn -0.9975 -0.0527 -0.0481
vn -0.9887 -0.1091 -0.1030
vn -0.9660 -0.1899 -0.1757
vn -0.9015 -0.3210 -0.2903
vn -0.6677 -0.5569 -0.4940
vn -0.0000 -0.7152 -0.6989
vn 0.6677 -0.5569 -0.4940
vn 0.9015 -0.3210 -0.2903
vn 0.9660 -0.1899 -0.1757
vn 0.9887 -0.1091 -0.1030
vn 0.9975 -0.0527 -0.0481
vn 1.0000 -0.0094 -0.0000
vn 0.9985 0.0296 0.0460
vn 0.9928 0.0669 0.0993
vn 0.9789 0.1113 0.1716
vn 0.9384 0.1822 0.2937
vn 0.7530 0.3389 0.5640
vn -0.0000 0.5072 0.8618
vn -0.7530 0.3389 0.5640
vn -0.9384 0.1822 0.2937
vn -0.9789 0.1113 0.1716
vn -0.9928 0.0669 0.0993
vn -0.9985 0.0296 0.0460
vn -1.0000 -0.0090 -0.0001
vn -0.9974 -0.0545 -0.0462
vn -0.9886 -0.1134 -0.0988
vn -0.9657 -0.1975 -0.1684
vn -0.9008 -0.3336 -0.2781
vn -0.6666 -0.5764 -0.4727
vn -0.0000 -0.7546 -0.6562
vn 0.6666 -0.5764 -0.4727
vn 0.9008 -0.3336 -0.2781
vn 0.9657 -0.1975 -0.1684
vn 0.9886 -0.1134 -0.0988
vn 0.9974 -0.0545 -0.0462
vn 1.0000 -0.0090 -0.0001
vn 0.9985 0.0319 0.0441
vn 0.9929 0.0708 0.0952
vn 0.9793 0.1179 0.1646
vn 0.9397 0.1937 0.2819
vn 0.7566 0.3630 0.5439
vn -0.0000 0.5478 0.8366
vn -0.7566 0.3630 0.5439
vn -0.9397 0.1937 0.2819
vn -0.9793 0.1179 0.1646
vn -0.9929 0.0708 0.0952
vn -0.9985 0.0319 0.0441
vn -1.0000 -0.0076 -0.0002
vn -0.9976 -0.0535 -0.0445
vn -0.9891 -0.1126 -0.0950
vn -0.9670 -0.1964 -0.1620
vn -0.9041 -0.3325 -0.2683
vn -0.6737 -0.5782 -0.4602
vn -0.0000 -0.7771 -0.6294
vn 0.6737 -0.5782 -0.4602
vn 0.9041 -0.3325 -0.2683
vn 0.9670 -0.1964 -0.1620
vn 0.9891 -0.1126 -0.0950
vn 0.9976 -0.0535 -0.0445
vn 1.0000 -0.0076 -0.0002
vn 0.9985 0.0341 0.0424
vn 0.9931 0.0738 0.0917
vn 0.9797 0.1228 0.1585
vn 0.9408 0.2027 0.2718
vn 0.7596 0.3824 0.5261
vn -0.0000 0.5814 0.8136
vn -0.7596 0.3824 0.5261
vn -0.9408 0.2027 0.2718
vn -0.9797 0.1228 0.1585
vn -0.9931 0.0738 0.0917
vn -0.9985 0.0341 0.0424
vn -1.0000 -0.0053 -0.0003
vn -0.9978 -0.0502 -0.0430
vn -0.9900 -0.1072 -0.0918
vn -0.9696 -0.1879 -0.1568
vn -0.9108 -0.3199 -0.2610
vn -0.6877 -0.5650 -0.4560
vn -0.0000 -0.7840 -0.6207
vn 0.6877 -0.5650 -0.4560
vn 0.9108 -0.3199 -0.2610
vn 0.9696 -0.1879 -0.1568
vn 0.9900 -0.1072 -0.0918
vn 0.9978 -0.0502 -0.0430
vn 1.0000 -0.0053 -0.0003
vn 0.9985 0.0363 0.0411
vn 0.9931 0.0761 0.0888
vn 0.9800 0.1266 0.1537
vn 0.9415 0.2100 0.2636
vn 0.7616 0.3983 0.5112
vn -0.0000 0.6090 0.7932
vn -0.7616 0.3983 0.5112
vn -0.9415 0.2100 0.2636
vn -0.9800 0.1266 0.1537
vn -0.9931 0.0761 0.0888
vn -0.9985 0.0363 0.0411
vn -1.0000 -0.0021 -0.0003
vn -0.9981 -0.0447 -0.0418
vn -0.9912 -0.0980 -0.0893
vn -0.9730 -0.1730 -0.1529
vn -0.9198 -0.2969 -0.2565
vn -0.7073 -0.5367 -0.4601
vn -0.0000 -0.7772 -0.6293
vn 0.7073 -0.5367 -0.4601
vn 0.9198 -0.2969 -0.2565
vn 0.9730 -0.1730 -0.1529
vn 0.9912 -0.0980 -0.0893
vn 0.9981 -0.0447 -0.0418
vn 1.0000 -0.0021 -0.0003
vn 0.9984 0.0386 0.0402
vn 0.9931 0.0782 0.0868
vn 0.9801 0.1298 0.1502
vn 0.9418 0.2163 0.2575
vn 0.7621 0.4119 0.4995
vn -0.0000 0.6315 0.7754
vn -0.7621 0.4119 0.4995
vn -0.9418 0.2163 0.2575
vn -0.9801 0.1298 0.1502
vn -0.9931 0.0782 0.0868
vn -0.9984 0.0386 0.0402
vn -1.0000 0.0020 -0.0004
vn -0.9985 -0.0373 -0.0409
vn -0.9925 -0.0852 -0.0875
vn -0.9769 -0.1520 -0.1505
vn -0.9304 -0.2635 -0.2548
vn -0.7315 -0.4914 -0.4726
vn -0.0000 -0.7551 -0.6556
vn 0.7315 -0.4914 -0.4726
vn 0.9304 -0.2635 -0.2548
vn 0.9769 -0.1520 -0.1505
vn 0.9925 -0.0852 -0.0875
vn 0.9985 -0.0373 -0.0409
vn 1.0000 0.0020 -0.0004
vn 0.9984 0.0413 0.0397
vn 0.9931 0.0802 0.0857
vn 0.9800 0.1329 0.1483
vn 0.9413 0.2222 0.2539
vn 0.7609 0.4240 0.4912
vn -0.0000 0.6496 0.7603
vn -0.7609 0.4240 0.4912
vn -0.9413 0.2222 0.2539
vn -0.9800 0.1329 0.1483
vn -0.9931 0.0802 0.0857
vn -0.9984 0.0413 0.0397
vn -1.0000 0.0070 -0.0004
vn -0.9988 -0.0280 -0.0405
vn -0.9938 -0.0690 -0.0868
vn -0.9808 -0.1250 -0.1497
vn -0.9415 -0.2192 -0.2561
vn -0.7588 -0.4241 -0.4944
vn -0.0000 -0.7119 -0.7022
vn 0.7588 -0.4241 -0.4944
vn 0.9415 -0.2192 -0.2561
vn 0.9808 -0.1250 -0.1497
vn 0.9938 -0.0690 -0.0868
vn 0.9988 -0.0280 -0.0405
vn 1.0000 0.0070 -0.0004
vn 0.9978 0.0528 0.0407
vn 0.9913 0.0986 0.0869
vn 0.9752 0.1633 0.1493
vn 0.9282 0.2730 0.2527
vn 0.7302 0.4961 0.4698
vn -0.0000 0.7024 0.7118
vn -0.7302 0.4961 0.4698
vn -0.9282 0.2730 0.2527
vn -0.9752 0.1633 0.1493
vn -0.9913 0.0986 0.0869
vn -0.9978 0.0528 0.0407
vn -0.9999 0.0154 0.0006
vn -0.9990 -0.0193 -0.0396
vn -0.9947 -0.0565 -0.0859
vn -0.9833 -0.1045 -0.1489
vn -0.9489 -0.1838 -0.2567
vn -0.7792 -0.3656 -0.5091
vn -0.0000 -0.6355 -0.7721
vn 0.7792 -0.3656 -0.5091
vn 0.9489 -0.1838 -0.2567
vn 0.9833 -0.1045 -0.1489
vn 0.9947 -0.0565 -0.0859
vn 0.9990 -0.0193 -0.0396
vn 0.9999 0.0154 0.0006
vn 0.9972 0.0618 0.0410
vn 0.9893 0.1168 0.0876
vn 0.9691 0.1962 0.1496
vn 0.9113 0.3277 0.2492
vn 0.6918 0.5739 0.4381
vn -0.0000 0.7880 0.6156
vn -0.6918 0.5739 0.4381
vn -0.9113 0.3277 0.2492
vn -0.9691 0.1962 0.1496
vn -0.9893 0.1168 0.0876
vn -0.9972 0.0618 0.0410
vn -0.9998 0.0197 0.0002
vn -0.9990 -0.0160 -0.0407
vn -0.9948 -0.0506 -0.0880
vn -0.9840 -0.0915 -0.1527
vn -0.9515 -0.1571 -0.2644
vn -0.7866 -0.3102 -0.5340
vn -0.0000 -0.5775 -0.8164
vn 0.7866 -0.3102 -0.5340
vn 0.9515 -0.1571 -0.2644
vn 0.9840 -0.0915 -0.1527
vn 0.9948 -0.0506 -0.0880
vn 0.9990 -0.0160 -0.0407
vn 0.9998 0.0197 0.0002
vn 0.9968 0.0673 0.0426
vn 0.9877 0.1277 0.0907
vn 0.9641 0.2164 0.1540
vn 0.8976 0.3608 0.2532
vn 0.6633 0.6135 0.4285
vn -0.0000 0.8171 0.5765
vn -0.6633 0.6135 0.4285
vn -0.8976 0.3608 0.2532
vn -0.9641 0.2164 0.1540
vn -0.9877 0.1277 0.0907
vn -0.9968 0.0673 0.0426
vn -0.9997 0.0234 0.0003
vn -0.9991 -0.0104 -0.0420
vn -0.9951 -0.0391 -0.0911
vn -0.9850 -0.0688 -0.1583
vn -0.9547 -0.1132 -0.2751
vn -0.7960 -0.2195 -0.5641
vn -0.0000 -0.4824 -0.8760
vn 0.7960 -0.2195 -0.5641
vn 0.9547 -0.1132 -0.2751
vn 0.9850 -0.0688 -0.1583
vn 0.9951 -0.0391 -0.0911
vn 0.9991 -0.0104 -0.0420
vn 0.9997 0.0234 0.0003
vn 0.9963 0.0738 0.0449
vn 0.9858 0.1385 0.0953
vn 0.9587 0.2344 0.1611
vn 0.8836 0.3880 0.2619
vn 0.6368 0.6412 0.4283
vn -0.0000 0.8315 0.5555
vn -0.6368 0.6412 0.4283
vn -0.8836 0.3880 0.2619
vn -0.9587 0.2344 0.1611
vn -0.9858 0.1385 0.0953
vn -0.9963 0.0738 0.0449
vn -0.9996 0.0284 0.0004
vn -0.9990 -0.0040 -0.0442
vn -0.9950 -0.0280 -0.0959
vn -0.9848 -0.0485 -0.1667
vn -0.9542 -0.0748 -0.2896
vn -0.7942 -0.1368 -0.5920
vn -0.0000 -0.3456 -0.9384
vn 0.7942 -0.1368 -0.5920
vn 0.9542 -0.0748 -0.2896
vn 0.9848 -0.0485 -0.1667
vn 0.9950 -0.0280 -0.0959
vn 0.9990 -0.0040 -0.0442
vn 0.9996 0.0284 0.0004
vn 0.9956 0.0810 0.0479
vn 0.9837 0.1487 0.1015
vn 0.9532 0.2495 0.1709
vn 0.8703 0.4086 0.2750
vn 0.6133 0.6581 0.4367
vn -0.0000 0.8351 0.5501
vn -0.6133 0.6581 0.4367
vn -0.8703 0.4086 0.2750
vn -0.9532 0.2495 0.1709
vn -0.9837 0.1487 0.1015
vn -0.9956 0.0810 0.0479
vn -0.9994 0.0347 0.0005
vn -0.9989 0.0036 -0.0472
vn -0.9946 -0.0167 -0.1024
vn -0.9836 -0.0298 -0.1778
vn -0.9506 -0.0415 -0.3076
vn -0.7832 -0.0664 -0.6183
vn -0.0000 -0.2125 -0.9772
vn 0.7832 -0.0664 -0.6183
vn 0.9506 -0.0415 -0.3076
vn 0.9836 -0.0298 -0.1778
vn 0.9946 -0.0167 -0.1024
vn 0.9989 0.0036 -0.0472
vn 0.9994 0.0347 0.0005
vn 0.9947 0.0886 0.0516
vn 0.9815 0.1574 0.1092
vn 0.9480 0.2601 0.1833
vn 0.8588 0.4205 0.2925
vn 0.5946 0.6634 0.4542
vn -0.0000 0.8286 0.5598
vn -0.5946 0.6634 0.4542
vn -0.8588 0.4205 0.2925
vn -0.9480 0.2601 0.1833
vn -0.9815 0.1574 0.1092
vn -0.9947 0.0886 0.0516
vn -0.9991 0.0423 0.0005
vn -0.9986 0.0124 -0.0510
vn -0.9939 -0.0049 -0.1104
vn -0.9815 -0.0127 -0.1913
vn -0.9442 -0.0136 -0.3290
vn -0.7640 -0.0087 -0.6452
vn -0.0000 -0.0978 -0.9952
vn 0.7640 -0.0087 -0.6452
vn 0.9442 -0.0136 -0.3290
vn 0.9815 -0.0127 -0.1913
vn 0.9939 -0.0049 -0.1104
vn 0.9986 0.0124 -0.0510
vn 0.9991 0.0423 0.0005
vn 0.9938 0.0959 0.0556
vn 0.9796 0.1630 0.1179
vn 0.9442 0.2635 0.1978
vn 0.8513 0.4204 0.3141
vn 0.5832 0.6542 0.4816
vn -0.0000 0.8102 0.5862
vn -0.5832 0.6542 0.4816
vn -0.8513 0.4204 0.3141
vn -0.9442 0.2635 0.1978
vn -0.9796 0.1630 0.1179
vn -0.9938 0.0959 0.0556
vn -0.9987 0.0511 0.0003
vn -0.9982 0.0227 -0.0553
vn -0.9928 0.0074 -0.1195
vn -0.9784 0.0028 -0.2066
vn -0.9358 0.0081 -0.3525
vn -0.0000 0.0407 -0.9992
vn -0.0000 -0.0050 -1.0000
vn 0.9358 0.0081 -0.3525
vn 0.9784 0.0028 -0.2066
vn 0.9928 0.0074 -0.1195
vn 0.9982 0.0227 -0.0553
vn 0.9987 0.0511 0.0003
vn 0.9930 0.1021 0.0596
vn 0.9783 0.1636 0.1268
vn 0.9428 0.2564 0.2131
vn 0.8503 0.4026 0.3389
vn 0.5827 0.6242 0.5203
vn -0.0000 0.7743 0.6328
vn -0.5827 0.6242 0.5203
vn -0.8503 0.4026 0.3389
vn -0.9428 0.2564 0.2131
vn -0.9783 0.1636 0.1268
vn -0.9930 0.1021 0.0596
vn -0.9981 0.0610 0.0001
vn -0.9976 0.0348 -0.0599
vn -0.9914 0.0204 -0.1290
vn -0.9749 0.0162 -0.2222
vn -0.9256 0.0243 -0.3778
vn -0.7410 0.0249 -0.6711
vn -0.0000 0.0591 -0.9983
vn 0.7410 0.0249 -0.6711
vn 0.9256 0.0243 -0.3778
vn 0.9749 0.0162 -0.2222
vn 0.9914 0.0204 -0.1290
vn 0.9976 0.0348 -0.0599
vn 0.9981 0.0610 0.0001
vn 0.9601 0.2716 0.0665
vn 0.9195 0.3703 0.1316
vn 0.8462 0.4914 0.2060
vn 0.7174 0.6290 0.2996
vn 0.4777 0.7669 0.4287
vn -0.0000 0.8432 0.5377
vn -0.4777 0.7669 0.4287
vn -0.7174 0.6290 0.2996
vn -0.8462 0.4914 0.2060
vn -0.9195 0.3703 0.1316
vn -0.9601 0.2716 0.0665
vn -0.9804 0.1969 0.0049
vn -0.9877 0.1450 -0.0589
vn -0.9845 0.1141 -0.1333
vn -0.9665 0.1047 -0.2342
vn -0.6828 0.1811 -0.7078
vn -0.7210 0.0432 -0.6915
vn -0.0000 0.2277 -0.9737
vn 0.7210 0.0432 -0.6915
vn 0.6828 0.1811 -0.7078
vn 0.9665 0.1047 -0.2342
vn 0.9845 0.1141 -0.1333
vn 0.9877 0.1450 -0.0589
vn 0.9804 0.1969 0.0049
vn 0.9069 0.4172 0.0591
vn 0.8402 0.5291 0.1191
vn 0.7271 0.6627 0.1793
vn 0.5485 0.8022 0.2357
vn 0.2963 0.9142 0.2763
vn -0.0000 0.9574 0.2888
vn -0.2963 0.9142 0.2763
vn -0.5485 0.8022 0.2357
vn -0.7271 0.6627 0.1793
vn -0.8402 0.5291 0.1191
vn -0.9069 0.4172 0.0591
vn -0.9430 0.3329 -0.0016
vn -0.9585 0.2772 -0.0665
vn -0.9570 0.2520 -0.1434
vn -0.9337 0.2624 -0.2435
vn -0.9069 0.1227 -0.4030
vn -0.6211 0.4361 -0.6512
vn -0.0000 0.5226 -0.8526
vn 0.6211 0.4361 -0.6512
vn 0.9069 0.1227 -0.4030
vn 0.9337 0.2624 -0.2435
vn 0.9570 0.2520 -0.1434
vn 0.9585 0.2772 -0.0665
vn 0.9430 0.3329 -0.0016
vn 0.8910 0.4500 0.0596
vn 0.8343 0.5377 0.1220
vn 0.7351 0.6516 0.1873
vn 0.5689 0.7825 0.2531
vn 0.3155 0.8986 0.3048
vn -0.0000 0.9465 0.3226
vn -0.3155 0.8986 0.3048
vn -0.5689 0.7825 0.2530
vn -0.7351 0.6516 0.1873
vn -0.8343 0.5377 0.1220
vn -0.8910 0.4500 0.0596
vn -0.9211 0.3893 -0.0019
vn -0.9323 0.3554 -0.0668
vn -0.8939 0.3806 -0.2369
vn -0.8046 0.4620 -0.3730
vn -0.8598 0.3179 -0.3997
vn -0.5533 0.6065 -0.5709
vn -0.0000 0.7057 -0.7085
vn 0.5533 0.6065 -0.5710
vn 0.8598 0.3179 -0.3997
vn 0.8046 0.4620 -0.3730
vn 0.8939 0.3806 -0.2369
vn 0.9323 0.3554 -0.0668
vn 0.9211 0.3893 -0.0019
vn 0.8847 0.4623 0.0602
vn 0.8378 0.5315 0.1247
vn 0.7518 0.6297 0.1954
vn 0.5974 0.7546 0.2714
vn 0.3406 0.8777 0.3370
vn -0.0000 0.9323 0.3617
vn -0.3406 0.8777 0.3370
vn -0.5974 0.7546 0.2714
vn -0.7518 0.6297 0.1954
vn -0.8378 0.5315 0.1247
vn -0.8847 0.4623 0.0602
vn -0.9079 0.4192 -0.0019
vn -0.9138 0.4008 -0.0662
vn -0.9257 0.3502 -0.1429
vn -0.8632 0.4497 -0.2295
vn -0.7626 0.5408 -0.3549
vn -0.5059 0.6879 -0.5204
vn -0.0000 0.7824 -0.6228
vn 0.5059 0.6879 -0.5204
vn 0.7626 0.5408 -0.3549
vn 0.8632 0.4497 -0.2295
vn 0.9257 0.3502 -0.1429
vn 0.9138 0.4008 -0.0662
vn 0.9079 0.4192 -0.0019
vn 0.8880 0.4559 0.0607
vn 0.8501 0.5110 0.1272
vn 0.7762 0.5968 0.2031
vn 0.6334 0.7173 0.2902
vn 0.3724 0.8499 0.3728
vn -0.0000 0.9135 0.4068
vn -0.3724 0.8499 0.3728
vn -0.6334 0.7173 0.2902
vn -0.7762 0.5968 0.2031
vn -0.8501 0.5110 0.1272
vn -0.8880 0.4559 0.0607
vn -0.9051 0.4252 -0.0016
vn -0.8921 0.4308 -0.1362
vn -0.9021 0.4085 -0.1391
vn -0.8495 0.4772 -0.2252
vn -0.7438 0.5720 -0.3458
vn -0.4848 0.7191 -0.4978
vn -0.0000 0.8106 -0.5855
vn 0.4848 0.7191 -0.4978
vn 0.7438 0.5720 -0.3458
vn 0.8495 0.4772 -0.2252
vn 0.9021 0.4085 -0.1391
vn 0.8921 0.4308 -0.1362
vn 0.9051 0.4252 -0.0016
vn 0.9005 0.4305 0.0613
vn 0.8701 0.4756 0.1292
vn 0.8074 0.5515 0.2097
vn 0.6766 0.6687 0.3083
vn 0.4115 0.8132 0.4116
vn -0.0000 0.8888 0.4584
vn -0.4115 0.8132 0.4116
vn -0.6766 0.6687 0.3083
vn -0.8074 0.5515 0.2097
vn -0.8701 0.4756 0.1292
vn -0.9005 0.4305 0.0612
vn -0.9131 0.4078 -0.0011
vn -0.9069 0.4163 -0.0650
vn -0.8971 0.4209 -0.1346
vn -0.8550 0.4680 -0.2236
vn -0.7507 0.5632 -0.3452
vn -0.4904 0.7140 -0.4997
vn -0.0000 0.8094 -0.5873
vn 0.4904 0.7140 -0.4997
vn 0.7507 0.5632 -0.3452
vn 0.8550 0.4680 -0.2236
vn 0.8971 0.4209 -0.1346
vn 0.9069 0.4163 -0.0650
vn 0.9131 0.4078 -0.0011
vn 0.9212 0.3841 0.0616
vn 0.8966 0.4231 0.1305
vn 0.8438 0.4920 0.2146
vn 0.7258 0.6066 0.3244
vn 0.4584 0.7649 0.4525
vn -0.0000 0.8562 0.5167
vn -0.4584 0.7649 0.4525
vn -0.7258 0.6066 0.3244
vn -0.8438 0.4920 0.2146
vn -0.8966 0.4231 0.1304
vn -0.9212 0.3841 0.0616
vn -0.9309 0.3652 -0.0005
vn -0.9126 0.4039 -0.0636
vn -0.9162 0.3778 -0.1334
vn -0.8791 0.4209 -0.2237
vn -0.7838 0.5118 -0.3518
vn -0.5248 0.6690 -0.5263
vn -0.0000 0.7772 -0.6292
vn 0.5248 0.6690 -0.5263
vn 0.7838 0.5118 -0.3518
vn 0.8791 0.4209 -0.2237
vn 0.9162 0.3778 -0.1334
vn 0.9126 0.4039 -0.0636
vn 0.9309 0.3652 -0.0005
vn 0.9476 0.3135 0.0620
vn 0.9272 0.3510 0.1311
vn 0.8826 0.4166 0.2176
vn 0.7779 0.5301 0.3375
vn 0.5116 0.7032 0.4938
vn -0.0000 0.8136 0.5815
vn -0.5116 0.7032 0.4938
vn -0.7779 0.5301 0.3375
vn -0.8826 0.4166 0.2176
vn -0.9272 0.3510 0.1311
vn -0.9476 0.3135 0.0620
vn -0.9559 0.2938 0.0003
vn -0.9299 0.3624 -0.0623
vn -0.9455 0.2977 -0.1322
vn -0.9168 0.3302 -0.2244
vn -0.8386 0.4064 -0.3628
vn -0.5912 0.5615 -0.5789
vn -0.0000 0.6896 -0.7242
vn 0.5912 0.5615 -0.5789
vn 0.8386 0.4064 -0.3628
vn 0.9168 0.3302 -0.2244
vn 0.9455 0.2977 -0.1322
vn 0.9299 0.3624 -0.0623
vn 0.9559 0.2938 0.0003
vn 0.9623 0.2667 0.0527
vn 0.9469 0.2997 0.1167
vn 0.9135 0.3563 0.1965
vn 0.8342 0.4560 0.3101
vn 0.6023 0.6334 0.4859
vn -0.0000 0.7816 0.6238
vn -0.6023 0.6334 0.4859
vn -0.8342 0.4560 0.3101
vn -0.9135 0.3563 0.1965
vn -0.9469 0.2997 0.1167
vn -0.9623 0.2667 0.0527
vn -0.9687 0.2482 -0.0048
vn -0.9556 0.2881 -0.0611
vn -0.9605 0.2471 -0.1282
vn -0.9386 0.2704 -0.2142
vn -0.8789 0.3285 -0.3460
vn -0.6691 0.4632 -0.5811
vn -0.0000 0.6018 -0.7987
vn 0.6691 0.4632 -0.5811
vn 0.8789 0.3285 -0.3459
vn 0.9386 0.2704 -0.2142
vn 0.9605 0.2471 -0.1282
vn 0.9556 0.2881 -0.0611
vn 0.9687 0.2482 -0.0048
vn -0.0000 -1.0000 -0.0000
vn -0.0000 1.0000 -0.0000
vn -0.9684 0.2416 -0.0621
vn 0.9684 0.2416 -0.0621
vn -0.0000 1.0000 0.0002
vn -0.0000 1.0000 0.0001
vn -0.0000 1.0000 -0.0002
vn -0.0000 1.0000 -0.0001
s 1
usemtl temple_left_blue_with_print
f 1//1 26//2 2//3
f 26//2 3//4 2//3
f 27//5 4//6 3//4
f 28//7 5//8 4//6
f 29//9 6//10 5//8
f 30//11 7//12 6//10
f 7//12 32//13 8//14
f 8//14 33//15 9//16
f 9//16 34//17 10//18
f 10//18 35//19 11//20
f 11//20 36//21 12//22
f 36//21 13//23 12//22
f 37//24 14//25 13//23
f 38//26 15//27 14//25
f 39//28 16//29 15//27
f 40//30 17//31 16//29
f 41//32 18//33 17//31
f 42//34 19//35 18//33
f 19//35 44//36 20//37
f 20//37 45//38 21//39
f 21//39 46//40 22//41
f 22//41 47//42 23//43
f 23//43 48//44 24//45
f 24//45 25//46 1//1
f 25//46 50//47 26//2
f 50//47 27//5 26//2
f 51//48 28//7 27//5
f 52//49 29//9 28//7
f 53//50 30//11 29//9
f 54//51 31//52 30//11
f 31//52 56//53 32//13
f 32//13 57//54 33//15
f 33//15 58//55 34//17
f 34//17 59//56 35//19
f 35//19 60//57 36//21
f 60//57 37//24 36//21
f 61//58 38//26 37//24
f 62//59 39//28 38//26
f 63//60 40//30 39//28
f 64//61 41//32 40//30
f 65//62 42//34 41//32
f 66//63 43//64 42//34
f 43//64 68//65 44//36
f 44//36 69//66 45//38
f 45//38 70//67 46//40
f 46//40 71//68 47//42
f 47//42 72//69 48//44
f 48//44 49//70 25//46
f 49//70 74//71 50//47
f 74//71 51//48 50//47
f 75//72 52//49 51//48
f 76//73 53//50 52//49
f 77//74 54//51 53//50
f 78//75 55//76 54//51
f 55//76 80//77 56//53
f 56//53 81//78 57//54
f 57//54 82//79 58//55
f 58//55 83//80 59//56
f 59//56 84//81 60//57
f 84//81 61//58 60//57
f 85//82 62//59 61//58
f 86//83 63//60 62//59
f 87//84 64//61 63//60
f 88//85 65//62 64//61
f 89//86 66//63 65//62
f 90//87 67//88 66//63
f 67//88 92//89 68//65
f 68//65 93//90 69//66
f 69//66 94//91 70//67
f 70//67 95//92 71//68
f 71//68 96//93 72//69
f 72//69 73//94 49//70
f 73//94 98//95 74//71
f 98//95 75//72 74//71
f 99//96 76//73 75//72
f 100//97 77//74 76//73
f 101//98 78//75 77//74
f 102//99 79//100 78//75
f 79//100 104//101 80//77
f 80//77 105//102 81//78
f 81//78 106//103 82//79
f 82//79 107//104 83//80
f 83//80 108//105 84//81
f 108//105 85//82 84//81
f 109//106 86//83 85//82
f 110//107 87//84 86//83
f 111//108 88//85 87//84
f 112//109 89//86 88//85
f 113//110 90//87 89//86
f 114//111 91//112 90//87
f 91//112 116//113 92//89
f 92//89 117//114 93//90
f 93//90 118//115 94//91
f 94//91 119//116 95//92
f 95//92 120//117 96//93
f 96//93 97//118 73//94
f 97//118 122//119 98//95
f 122//119 99//96 98//95
f 123//120 100//97 99//96
f 124//121 101//98 100//97
f 125//122 102//99 101//98
f 126//123 103//124 102//99
f 103//124 128//125 104//101
f 104//101 129//126 105//102
f 105//102 130//127 106//103
f 106//103 131//128 107//104
f 107//104 132//129 108//105
f 132//129 109//106 108//105
f 133//130 110//107 109//106
f 134//131 111//108 110//107
f 135//132 112//109 111//108
f 136//133 113//110 112//109
f 137//134 114//111 113//110
f 138//135 115//136 114//111
f 115//136 140//137 116//113
f 116//113 141//138 117//114
f 117//114 142//139 118//115
f 118//115 143//140 119//116
f 119//116 144//141 120//117
f 120//117 121//142 97//118
f 121//142 146//143 122//119
f 122//119 147//144 123//120
f 147//144 124//121 123//120
f 148//145 125//122 124//121
f 149//146 126//123 125//122
f 150//147 127//148 126//123
f 127//148 152//149 128//125
f 128//125 153//150 129//126
f 129//126 154//151 130//127
f 130//127 155//152 131//128
f 155//152 132//129 131//128
f 156//153 133//130 132//129
f 157//154 134//131 133//130
f 158//155 135//132 134//131
f 159//156 136//133 135//132
f 160//157 137//134 136//133
f 161//158 138//135 137//134
f 162//159 139//160 138//135
f 139//160 164//161 140//137
f 140//137 165//162 141//138
f 141//138 166//163 142//139
f 142//139 167//164 143//140
f 143//140 168//165 144//141
f 144//141 145//166 121//142
f 145//166 170//167 146//143
f 146//143 171//168 147//144
f 147//144 172//169 148//145
f 148//145 173//170 149//146
f 149//146 174//171 150//147
f 174//171 151//172 150//147
f 151//172 176//173 152//149
f 176//173 153//150 152//149
f 177//174 154//151 153//150
f 178//175 155//152 154//151
f 179//176 156//153 155//152
f 180//177 157//154 156//153
f 181//178 158//155 157//154
f 182//179 159//156 158//155
f 183//180 160//157 159//156
f 184//181 161//158 160//157
f 185//182 162//159 161//158
f 186//183 163//184 162//159
f 163//184 188//185 164//161
f 164//161 189//186 165//162
f 165//162 190//187 166//163
f 166//163 191//188 167//164
f 167//164 192//189 168//165
f 168//165 169//190 145//166
f 169//190 194//191 170//167
f 170//167 195//192 171//168
f 171//168 196//193 172//169
f 172//169 197//194 173//170
f 173//170 198//195 174//171
f 174//171 199//196 175//197
f 199//196 176//173 175//197
f 200//198 177//174 176//173
f 201//199 178//175 177//174
f 202//200 179//176 178//175
f 203//201 180//177 179//176
f 204//202 181//178 180//177
f 205//203 182//179 181//178
f 206//204 183//180 182//179
f 207//205 184//181 183//180
f 208//206 185//182 184//181
f 209//207 186//183 185//182
f 210//208 187//209 186//183
f 187//209 212//210 188//185
f 188//185 213//211 189//186
f 189//186 214//212 190//187
f 190//187 215//213 191//188
f 191//188 216//214 192//189
f 192//189 193//215 169//190
f 193//215 218//216 194//191
f 194//191 219//217 195//192
f 195//192 220//218 196//193
f 196//193 221//219 197//194
f 197//194 222//220 198//195
f 198//195 223//221 199//196
f 223//221 200//198 199//196
f 224//222 201//199 200//198
f 225//223 202//200 201//199
f 226//224 203//201 202//200
f 227//225 204//202 203//201
f 228//226 205//203 204//202
f 229//227 206//204 205//203
f 230//228 207//205 206//204
f 231//229 208//206 207//205
f 232//230 209//207 208//206
f 233//231 210//208 209//207
f 234//232 211//233 210//208
f 211//233 236//234 212//210
f 212//210 237//235 213//211
f 213//211 238//236 214//212
f 214//212 239//237 215//213
f 215//213 240//238 216//214
f 216//214 217//239 193//215
f 217//239 242//240 218//216
f 218//216 243//241 219//217
f 219//217 244//242 220//218
f 220//218 245//243 221//219
f 221//219 246//244 222//220
f 222//220 247//245 223//221
f 247//245 224//222 223//221
f 248//246 225//223 224//222
f 249//247 226//224 225//223
f 250//248 227//225 226//224
f 251//249 228//226 227//225
f 252//250 229//227 228//226
f 253//251 230//228 229//227
f 254//252 231//229 230//228
f 255//253 232//230 231//229
f 256//254 233//231 232//230
f 257//255 234//232 233//231
f 258//256 235//257 234//232
f 235//257 260//258 236//234
f 236//234 261//259 237//235
f 237//235 262//260 238//236
f 238//236 263//261 239//237
f 239//237 264//262 240//238
f 240//238 241//263 217//239
f 241//263 266//264 242//240
f 242//240 267//265 243//241
f 243//241 268//266 244//242
f 244//242 269//267 245//243
f 245//243 270//268 246//244
f 246//244 271//269 247//245
f 271//269 248//246 247//245
f 272//270 249//247 248//246
f 273//271 250//248 249//247
f 274//272 251//249 250//248
f 275//273 252//250 251//249
f 276//274 253//251 252//250
f 277//275 254//252 253//251
f 278//276 255//253 254//252
f 279//277 256//254 255//253
f 280//278 257//255 256//254
f 281//279 258//256 257//255
f 282//280 259//281 258//256
f 259//281 284//282 260//258
f 260//258 285//283 261//259
f 261//259 286//284 262//260
f 262//260 287//285 263//261
f 263//261 288//286 264//262
f 264//262 265//287 241//263
f 265//287 290//288 266//264
f 266//264 291//289 267//265
f 267//265 292//290 268//266
f 268//266 293//291 269//267
f 269//267 294//292 270//268
f 270//268 295//293 271//269
f 295//293 272//270 271//269
f 296//294 273//271 272//270
f 297//295 274//272 273//271
f 298//296 275//273 274//272
f 299//297 276//274 275//273
f 300//298 277//275 276//274
f 301//299 278//276 277//275
f 302//300 279//277 278//276
f 303//301 280//278 279//277
f 304//302 281//279 280//278
f 305//303 282//280 281//279
f 306//304 283//305 282//280
f 283//305 308//306 284//282
f 284//282 309//307 285//283
f 285//283 310//308 286//284
f 286//284 311//309 287//285
f 287//285 312//310 288//286
f 288//286 289//311 265//287
f 289//311 314//312 290//288
f 290//288 315//313 291//289
f 291//289 316//314 292//290
f 292//290 317//315 293//291
f 293//291 318//316 294//292
f 294//292 319//317 295//293
f 319//317 296//294 295//293
f 320//318 297//295 296//294
f 321//319 298//296 297//295
f 322//320 299//297 298//296
f 323//321 300//298 299//297
f 324//322 301//299 300//298
f 325//323 302//300 301//299
f 326//324 303//301 302//300
f 327//325 304//302 303//301
f 328//326 305//303 304//302
f 329//327 306//304 305//303
f 330//328 307//329 306//304
f 307//329 332//330 308//306
f 308//306 333//331 309//307
f 309//307 334//332 310//308
f 310//308 335//333 311//309
f 311//309 336//334 312//310
f 312//310 313//335 289//311
f 313//335 338//336 314//312
f 314//312 339//337 315//313
f 315//313 340//338 316//314
f 316//314 341//339 317//315
f 317//315 342//340 318//316
f 318//316 343//341 319//317
f 343//341 320//318 319//317
f 344//342 321//319 320//318
f 345//343 322//320 321//319
f 346//344 323//321 322//320
f 347//345 324//322 323//321
f 348//346 325//323 324//322
f 349//347 326//324 325//323
f 350//348 327//325 326//324
f 351//349 328//326 327//325
f 328//326 353//350 329//327
f 329//327 354//351 330//328
f 330//328 355//352 331//353
f 355//352 332//330 331//353
f 356//354 333//331 332//330
f 357//355 334//332 333//331
f 334//332 359//356 335//333
f 335//333 360//357 336//334
f 336//334 337//358 313//335
f 337//358 362//359 338//336
f 338//336 363//360 339//337
f 339//337 364//361 340//338
f 340//338 365//362 341//339
f 341//339 366//363 342//340
f 342//340 367//364 343//341
f 367//364 344//342 343//341
f 368//365 345//343 344//342
f 369//366 346//344 345//343
f 370//367 347//345 346//344
f 371//368 348//346 347//345
f 372//369 349//347 348//346
f 373//203 350//348 349//347
f 350//348 375//370 351//349
f 351//349 376//371 352//372
f 352//372 377//373 353//350
f 353//350 378//374 354//351
f 354//351 379//375 355//352
f 379//375 356//354 355//352
f 380//376 357//355 356//354
f 381//377 358//378 357//355
f 382//379 359//356 358//378
f 383//380 360//357 359//356
f 360//357 361//215 337//358
f 385//381 362//359 361//215
f 362//359 387//382 363//360
f 363//360 388//383 364//361
f 364//361 389//384 365//362
f 365//362 390//385 366//363
f 366//363 391//386 367//364
f 391//386 368//365 367//364
f 392//387 369//366 368//365
f 393//388 370//367 369//366
f 394//389 371//368 370//367
f 395//390 372//369 371//368
f 372//369 397//391 373//203
f 373//203 398//392 374//393
f 374//393 399//394 375//370
f 375//370 400//395 376//371
f 376//371 401//396 377//373
f 377//373 402//397 378//374
f 378//374 403//398 379//375
f 403//398 380//376 379//375
f 404//399 381//377 380//376
f 405//400 382//379 381//377
f 406//401 383//380 382//379
f 407//402 384//403 383//380
f 408//404 361//215 384//403
f 409//405 386//406 385//381
f 410//407 387//382 386//406
f 411//408 388//383 387//382
f 412//409 389//384 388//383
f 389//384 414//410 390//385
f 390//385 415//411 391//386
f 415//411 392//387 391//386
f 416//412 393//388 392//387
f 393//388 418//413 394//389
f 394//389 419//414 395//390
f 395//390 420//415 396//416
f 396//416 421//417 397//391
f 397//391 422//418 398//392
f 398//392 423//419 399//394
f 399//394 424//420 400//395
f 400//395 425//421 401//396
f 401//396 426//422 402//397
f 402//397 427//423 403//398
f 427//423 404//399 403//398
f 428//424 405//400 404//399
f 429//425 406//401 405//400
f 430//426 407//402 406//401
f 431//427 408//404 407//402
f 432//428 385//381 408//404
f 433//429 410//407 409//405
f 434//430 411//408 410//407
f 435//431 412//409 411//408
f 436//432 413//433 412//409
f 437//434 414//410 413//433
f 438//435 415//411 414//410
f 415//411 440//436 416//412
f 416//412 441//437 417//438
f 417//438 442//439 418//413
f 418//413 443//440 419//414
f 419//414 444//441 420//415
f 420//415 445//442 421//417
f 421//417 446//443 422//418
f 422//418 447//444 423//419
f 423//419 448//445 424//420
f 424//420 449//446 425//421
f 425//421 450//447 426//422
f 426//422 451//448 427//423
f 451//448 428//424 427//423
f 452//449 429//425 428//424
f 453//450 430//426 429//425
f 454//451 431//427 430//426
f 455//452 432//428 431//427
f 456//453 409//405 432//428
f 457//454 434//430 433//429
f 458//455 435//431 434//430
f 459//456 436//432 435//431
f 460//457 437//434 436//432
f 461//458 438//435 437//434
f 462//459 439//460 438//435
f 439//460 464//461 440//436
f 440//436 465//462 441//437
f 441//437 466//463 442//439
f 442//439 467//464 443//440
f 443//440 468//465 444//441
f 444//441 469//466 445//442
f 445//442 470//467 446//443
f 446//443 471//468 447//444
f 447//444 472//469 448//445
f 448//445 473//470 449//446
f 449//446 474//471 450//447
f 450//447 475//472 451//448
f 475//472 452//449 451//448
f 476//473 453//450 452//449
f 477//474 454//451 453//450
f 478//475 455//452 454//451
f 479//476 456//453 455//452
f 480//477 433//429 456//453
f 481//478 458//455 457//454
f 482//479 459//456 458//455
f 483//480 460//457 459//456
f 484//481 461//458 460//457
f 485//482 462//459 461//458
f 486//483 463//484 462//459
f 463//484 488//485 464//461
f 464//461 489//486 465//462
f 465//462 490//487 466//463
f 466//463 491//488 467//464
f 467//464 492//489 468//465
f 468//465 493//490 469//466
f 469//466 494//491 470//467
f 470//467 495//492 471//468
f 471//468 496//493 472//469
f 472//469 497//494 473//470
f 473//470 498//495 474//471
f 474//471 499//496 475//472
f 499//496 476//473 475//472
f 500//497 477//474 476//473
f 501//498 478//475 477//474
f 502//499 479//476 478//475
f 503//500 480//477 479//476
f 504//501 457//454 480//477
f 505//502 482//479 481//478
f 506//503 483//480 482//479
f 507//504 484//481 483//480
f 508//505 485//482 484//481
f 509//506 486//483 485//482
f 510//507 487//508 486//483
f 487//508 512//509 488//485
f 488//485 513//510 489//486
f 489//486 514//511 490//487
f 490//487 515//512 491//488
f 491//488 516//513 492//489
f 492//489 517//514 493//490
f 493//490 518//515 494//491
f 494//491 519//516 495//492
f 495//492 520//517 496//493
f 496//493 521//518 497//494
f 497//494 522//519 498//495
f 498//495 523//520 499//496
f 523//520 500//497 499//496
f 524//521 501//498 500//497
f 525//522 502//499 501//498
f 526//523 503//500 502//499
f 527//524 504//501 503//500
f 528//525 481//478 504//501
f 529//526 506//503 505//502
f 530//527 507//504 506//503
f 531//528 508//505 507//504
f 532//529 509//506 508//505
f 533//530 510//507 509//506
f 534//531 511//532 510//507
f 511//532 536//533 512//509
f 512//509 537//534 513//510
f 513//510 538//535 514//511
f 514//511 539//536 515//512
f 515//512 540//537 516//513
f 516//513 541//538 517//514
f 517//514 542//539 518//515
f 518//515 543//540 519//516
f 519//516 544//541 520//517
f 520//517 545//542 521//518
f 521//518 546//543 522//519
f 522//519 547//544 523//520
f 547//544 524//521 523//520
f 548//545 525//522 524//521
f 549//546 526//523 525//522
f 550//547 527//524 526//523
f 551//548 528//525 527//524
f 552//549 505//502 528//525
f 553//550 530//527 529//526
f 554//551 531//528 530//527
f 555//552 532//529 531//528
f 556//553 533//530 532//529
f 557//554 534//531 533//530
f 558//555 535//556 534//531
f 535//556 560//557 536//533
f 536//533 561//558 537//534
f 537//534 562//559 538//535
f 538//535 563//560 539//536
f 539//536 564//561 540//537
f 540//537 565//562 541//538
f 541//538 566//563 542//539
f 542//539 567//564 543//540
f 543//540 568//565 544//541
f 544//541 569//566 545//542
f 545//542 570//567 546//543
f 546//543 571//568 547//544
f 571//568 548//545 547//544
f 572//569 549//546 548//545
f 573//570 550//547 549//546
f 574//571 551//548 550//547
f 575//572 552//549 551//548
f 576//573 529//526 552//549
f 577//574 554//551 553//550
f 578//575 555//552 554//551
f 579//576 556//553 555//552
f 580//577 557//554 556//553
f 581//578 558//555 557//554
f 582//579 559//580 558//555
f 559//580 584//581 560//557
f 560//557 585//582 561//558
f 561//558 586//583 562//559
f 562//559 587//584 563//560
f 563//560 588//585 564//561
f 564//561 589//586 565//562
f 565//562 590//587 566//563
f 566//563 591//588 567//564
f 567//564 592//589 568//565
f 568//565 593//590 569//566
f 569//566 594//591 570//567
f 570//567 595//592 571//568
f 595//592 572//569 571//568
f 596//593 573//570 572//569
f 597//594 574//571 573//570
f 598//595 575//572 574//571
f 599//596 576//573 575//572
f 600//597 553//550 576//573
f 577//574 602//598 578//575
f 578//575 603//599 579//576
f 579//576 604//600 580//577
f 580//577 605//601 581//578
f 605//601 582//579 581//578
f 606//602 583//603 582//579
f 583//603 608//604 584//581
f 584//581 609//605 585//582
f 609//605 586//583 585//582
f 610//606 587//584 586//583
f 611//607 588//585 587//584
f 612//608 589//586 588//585
f 613//609 590//587 589//586
f 614//610 591//588 590//587
f 615//611 592//589 591//588
f 616//612 593//590 592//589
f 617//613 594//591 593//590
f 618//614 595//592 594//591
f 595//592 620//615 596//593
f 596//593 621//616 597//594
f 597//594 622//617 598//595
f 598//595 623//618 599//596
f 599//596 624//619 600//597
f 600//597 601//620 577//574
f 601//620 626//621 602//598
f 602//598 627//622 603//599
f 603//599 628//623 604//600
f 604//600 629//624 605//601
f 605//601 630//625 606//602
f 630//625 607//626 606//602
f 607//626 632//627 608//604
f 632//627 609//605 608//604
f 633//628 610//606 609//605
f 634//629 611//607 610//606
f 635//630 612//608 611//607
f 636//631 613//609 612//608
f 637//632 614//610 613//609
f 638//633 615//611 614//610
f 639//634 616//612 615//611
f 640//635 617//613 616//612
f 641//636 618//614 617//613
f 642//637 619//638 618//614
f 619//638 644//639 620//615
f 620//615 645//640 621//616
f 621//616 646//641 622//617
f 622//617 647//642 623//618
f 623//618 648//643 624//619
f 624//619 625//644 601//620
f 625//644 650//645 626//621
f 626//621 651//646 627//622
f 627//622 652//647 628//623
f 628//623 653//648 629//624
f 629//624 654//649 630//625
f 630//625 655//650 631//651
f 655//650 632//627 631//651
f 656//652 633//628 632//627
f 657//653 634//629 633//628
f 658//654 635//630 634//629
f 659//655 636//631 635//630
f 660//656 637//632 636//631
f 661//657 638//633 637//632
f 662//658 639//634 638//633
f 663//659 640//635 639//634
f 664//660 641//636 640//635
f 665//661 642//637 641//636
f 666//662 643//663 642//637
f 643//663 668//664 644//639
f 644//639 669//665 645//640
f 645//640 670//666 646//641
f 646//641 671//667 647//642
f 647//642 672//668 648//643
f 648//643 649//669 625//644
f 649//669 674//670 650//645
f 650//645 675//671 651//646
f 651//646 676//672 652//647
f 652//647 677//673 653//648
f 653//648 678//674 654//649
f 654//649 679//675 655//650
f 679//675 656//652 655//650
f 680//676 657//653 656//652
f 681//677 658//654 657//653
f 682//678 659//655 658//654
f 683//679 660//656 659//655
f 684//680 661//657 660//656
f 685//681 662//658 661//657
f 686//682 663//659 662//658
f 687//683 664//660 663//659
f 688//684 665//661 664//660
f 689//685 666//662 665//661
f 690//686 667//687 666//662
f 667//687 692//688 668//664
f 668//664 693//689 669//665
f 669//665 694//690 670//666
f 670//666 695//691 671//667
f 671//667 696//692 672//668
f 672//668 673//693 649//669
f 673//693 698//694 674//670
f 674//670 699//695 675//671
f 675//671 700//696 676//672
f 676//672 701//697 677//673
f 677//673 702//698 678//674
f 678//674 703//699 679//675
f 703//699 680//676 679//675
f 704//700 681//677 680//676
f 705//701 682//678 681//677
f 706//702 683//679 682//678
f 707//703 684//680 683//679
f 708//704 685//681 684//680
f 709//705 686//682 685//681
f 710//706 687//683 686//682
f 711//707 688//684 687//683
f 712//708 689//685 688//684
f 713//709 690//686 689//685
f 714//710 691//711 690//686
f 691//711 716//712 692//688
f 692//688 717//713 693//689
f 693//689 718//714 694//690
f 694//690 719//715 695//691
f 695//691 720//716 696//692
f 696//692 697//717 673//693
f 697//717 722//718 698//694
f 698//694 723//719 699//695
f 699//695 724//720 700//696
f 700//696 725//721 701//697
f 701//697 726//722 702//698
f 702//698 727//723 703//699
f 727//723 704//700 703//699
f 728//724 705//701 704//700
f 729//725 706//702 705//701
f 730//726 707//703 706//702
f 731//727 708//704 707//703
f 732//728 709//705 708//704
f 733//729 710//706 709//705
f 734//730 711//707 710//706
f 735//731 712//708 711//707
f 736//732 713//709 712//708
f 737//733 714//710 713//709
f 738//734 715//735 714//710
f 715//735 740//736 716//712
f 716//712 741//737 717//713
f 717//713 742//738 718//714
f 718//714 743//739 719//715
f 719//715 744//740 720//716
f 720//716 721//741 697//717
f 721//741 746//742 722//718
f 722//718 747//743 723//719
f 723//719 748//744 724//720
f 724//720 749//745 725//721
f 725//721 750//746 726//722
f 726//722 751//747 727//723
f 751//747 728//724 727//723
f 752//748 729//725 728//724
f 753//749 730//726 729//725
f 754//750 731//727 730//726
f 755//751 732//728 731//727
f 756//752 733//729 732//728
f 757//753 734//730 733//729
f 758//754 735//731 734//730
f 759//755 736//732 735//731
f 760//756 737//733 736//732
f 761//757 738//734 737//733
f 762//758 739//759 738//734
f 739//759 764//760 740//736
f 740//736 765//761 741//737
f 741//737 766//762 742//738
f 742//738 767//763 743//739
f 743//739 768//764 744//740
f 744//740 745//765 721//741
f 745//765 770//766 746//742
f 746//742 771//767 747//743
f 747//743 772//768 748//744
f 748//744 773//769 749//745
f 749//745 774//770 750//746
f 750//746 775//771 751//747
f 775//771 752//748 751//747
f 776//772 753//749 752//748
f 777//773 754//750 753//749
f 778//774 755//751 754//750
f 779//775 756//752 755//751
f 780//776 757//753 756//752
f 781//777 758//754 757//753
f 782//778 759//755 758//754
f 783//779 760//756 759//755
f 784//780 761//757 760//756
f 785//781 762//758 761//757
f 786//782 763//783 762//758
f 763//783 788//784 764//760
f 764//760 789//785 765//761
f 765//761 790//786 766//762
f 766//762 791//787 767//763
f 767//763 792//788 768//764
f 768//764 769//789 745//765
f 769//789 794//790 770//766
f 770//766 795//791 771//767
f 771//767 796//792 772//768
f 772//768 797//793 773//769
f 773//769 798//794 774//770
f 774//770 799//795 775//771
f 799//795 776//772 775//771
f 800//796 777//773 776//772
f 801//797 778//774 777//773
f 802//798 779//775 778//774
f 803//799 780//776 779//775
f 804//800 781//777 780//776
f 805//801 782//778 781//777
f 806//802 783//779 782//778
f 807//803 784//780 783//779
f 808//804 785//781 784//780
f 809//805 786//782 785//781
f 810//806 787//807 786//782
f 787//807 812//808 788//784
f 788//784 813//809 789//785
f 789//785 814//810 790//786
f 790//786 815//811 791//787
f 791//787 816//812 792//788
f 792//788 793//813 769//789
f 793//813 818//814 794//790
f 794//790 819//815 795//791
f 795//791 820//816 796//792
f 796//792 821//817 797//793
f 797//793 822//818 798//794
f 798//794 823//819 799//795
f 823//819 800//796 799//795
f 824//820 801//797 800//796
f 825//821 802//798 801//797
f 826//822 803//799 802//798
f 827//823 804//800 803//799
f 828//824 805//801 804//800
f 829//825 806//802 805//801
f 830//826 807//803 806//802
f 831//827 808//804 807//803
f 832//828 809//805 808//804
f 833//829 810//806 809//805
f 834//830 811//831 810//806
f 811//831 836//832 812//808
f 812//808 837//833 813//809
f 813//809 838//834 814//810
f 814//810 839//835 815//811
f 815//811 840//836 816//812
f 816//812 817//837 793//813
f 817//837 842//838 818//814
f 818//814 843//839 819//815
f 819//815 844//840 820//816
f 820//816 845//841 821//817
f 821//817 846//842 822//818
f 822//818 847//843 823//819
f 847//843 824//820 823//819
f 848//844 825//821 824//820
f 849//845 826//822 825//821
f 850//846 827//823 826//822
f 851//847 828//824 827//823
f 852//848 829//825 828//824
f 853//849 830//826 829//825
f 854//850 831//827 830//826
f 855//851 832//828 831//827
f 856//852 833//829 832//828
f 857//853 834//830 833//829
f 858//854 835//855 834//830
f 835//855 860//856 836//832
f 836//832 861//857 837//833
f 837//833 862//858 838//834
f 838//834 863//859 839//835
f 839//835 864//860 840//836
f 840//836 841//861 817//837
f 841//861 866//862 842//838
f 842//838 867//863 843//839
f 843//839 868//864 844//840
f 844//840 869//865 845//841
f 845//841 870//866 846//842
f 846//842 871//867 847//843
f 871//867 848//844 847//843
f 872//868 849//845 848//844
f 873//869 850//846 849//845
f 874//870 851//847 850//846
f 875//871 852//848 851//847
f 876//872 853//849 852//848
f 877//873 854//850 853//849
f 878//874 855//851 854//850
f 879//875 856//852 855//851
f 880//876 857//853 856//852
f 881//877 858//854 857//853
f 882//878 859//879 858//854
f 859//879 884//880 860//856
f 860//856 885//881 861//857
f 861//857 886//882 862//858
f 862//858 887//883 863//859
f 863//859 888//884 864//860
f 864//860 865//885 841//861
f 865//885 890//886 866//862
f 866//862 891//887 867//863
f 867//863 892//888 868//864
f 868//864 893//889 869//865
f 869//865 894//890 870//866
f 870//866 895//891 871//867
f 895//891 872//868 871//867
f 896//892 873//869 872//868
f 897//893 874//870 873//869
f 898//894 875//871 874//870
f 899//895 876//872 875//871
f 900//896 877//873 876//872
f 901//897 878//874 877//873
f 902//898 879//875 878//874
f 903//899 880//876 879//875
f 904//900 881//877 880//876
f 905//901 882//878 881//877
f 906//902 883//903 882//878
f 883//903 908//904 884//880
f 884//880 909//905 885//881
f 885//881 910//906 886//882
f 886//882 911//907 887//883
f 887//883 912//908 888//884
f 888//884 889//909 865//885
f 889//909 914//910 890//886
f 890//886 915//911 891//887
f 891//887 916//912 892//888
f 892//888 917//913 893//889
f 893//889 918//914 894//890
f 894//890 919//915 895//891
f 919//915 896//892 895//891
f 920//916 897//893 896//892
f 921//917 898//894 897//893
f 922//918 899//895 898//894
f 923//919 900//896 899//895
f 924//920 901//897 900//896
f 925//921 902//898 901//897
f 926//922 903//899 902//898
f 927//923 904//900 903//899
f 928//924 905//901 904//900
f 929//925 906//902 905//901
f 930//926 907//927 906//902
f 907//927 932//928 908//904
f 908//904 933//929 909//905
f 909//905 934//930 910//906
f 910//906 935//931 911//907
f 911//907 936//932 912//908
f 912//908 913//933 889//909
f 913//933 938//934 914//910
f 914//910 939//935 915//911
f 915//911 940//936 916//912
f 916//912 941//937 917//913
f 917//913 942//938 918//914
f 918//914 943//939 919//915
f 943//939 920//916 919//915
f 944//940 921//917 920//916
f 945//941 922//918 921//917
f 946//942 923//919 922//918
f 947//943 924//920 923//919
f 948//944 925//921 924//920
f 949//945 926//922 925//921
f 950//946 927//923 926//922
f 951//947 928//924 927//923
f 952//948 929//925 928//924
f 953//949 930//926 929//925
f 954//950 931//951 930//926
f 931//951 956//952 932//928
f 932//928 957//953 933//929
f 933//929 958//954 934//930
f 934//930 959//955 935//931
f 935//931 960//956 936//932
f 936//932 937//957 913//933
f 937//957 962//958 938//934
f 938//934 963//959 939//935
f 939//935 964//960 940//936
f 940//936 965//961 941//937
f 941//937 966//962 942//938
f 942//938 967//963 943//939
f 967//963 944//940 943//939
f 968//964 945//941 944//940
f 969//965 946//942 945//941
f 970//966 947//943 946//942
f 971//967 948//944 947//943
f 972//968 949//945 948//944
f 973//969 950//946 949//945
f 974//970 951//947 950//946
f 975//971 952//948 951//947
f 976//972 953//949 952//948
f 977//973 954//950 953//949
f 978//974 955//975 954//950
f 955//975 980//976 956//952
f 956//952 981//977 957//953
f 957//953 982//978 958//954
f 958//954 983//979 959//955
f 959//955 984//980 960//956
f 960//956 961//981 937//957
f 961//981 986//982 962//958
f 962//958 987//983 963//959
f 963//959 988//984 964//960
f 964//960 989//985 965//961
f 965//961 990//986 966//962
f 966//962 991//987 967//963
f 991//987 968//964 967//963
f 992//988 969//965 968//964
f 993//989 970//966 969//965
f 994//990 971//967 970//966
f 995//991 972//968 971//967
f 996//992 973//969 972//968
f 997//993 974//970 973//969
f 998//994 975//971 974//970
f 999//995 976//972 975//971
f 1000//996 977//973 976//972
f 1001//997 978//974 977//973
f 1002//998 979//999 978//974
f 979//999 1004//1000 980//976
f 980//976 1005//1001 981//977
f 981//977 1006//1002 982//978
f 982//978 1007//1003 983//979
f 983//979 1008//1004 984//980
f 984//980 985//1005 961//981
f 985//1005 1010//1006 986//982
f 986//982 1011//1007 987//983
f 987//983 1012//1008 988//984
f 988//984 1013//1009 989//985
f 989//985 1014//1010 990//986
f 990//986 1015//1011 991//987
f 1015//1011 992//988 991//987
f 1016//1012 993//989 992//988
f 1017//1013 994//990 993//989
f 1018//1014 995//991 994//990
f 1019//1015 996//992 995//991
f 1020//1016 997//993 996//992
f 1021//1017 998//994 997//993
f 1022//1018 999//995 998//994
f 1023//1019 1000//996 999//995
f 1024//1020 1001//997 1000//996
f 1025//1021 1002//998 1001//997
f 1026//1022 1003//1023 1002//998
f 1003//1023 1028//1024 1004//1000
f 1004//1000 1029//1025 1005//1001
f 1005//1001 1030//1026 1006//1002
f 1006//1002 1031//1027 1007//1003
f 1007//1003 1032//1028 1008//1004
f 1008//1004 1009//1029 985//1005
f 1009//1029 1034//1030 1010//1006
f 1010//1006 1035//1031 1011//1007
f 1011//1007 1036//1032 1012//1008
f 1012//1008 1037//1033 1013//1009
f 1013//1009 1038//1034 1014//1010
f 1014//1010 1039//1035 1015//1011
f 1039//1035 1016//1012 1015//1011
f 1040//1036 1017//1013 1016//1012
f 1041//1037 1018//1014 1017//1013
f 1042//1038 1019//1015 1018//1014
f 1043//1039 1020//1016 1019//1015
f 1044//1040 1021//1017 1020//1016
f 1045//1041 1022//1018 1021//1017
f 1046//1042 1023//1019 1022//1018
f 1047//1043 1024//1020 1023//1019
f 1048//1044 1025//1021 1024//1020
f 1049//1045 1026//1022 1025//1021
f 1050//1046 1027//1047 1026//1022
f 1027//1047 1052//1048 1028//1024
f 1028//1024 1053//1049 1029//1025
f 1029//1025 1054//1050 1030//1026
f 1030//1026 1055//1051 1031//1027
f 1031//1027 1056//1052 1032//1028
f 1032//1028 1033//1053 1009//1029
f 1033//1053 1058//1054 1034//1030
f 1034//1030 1059//1055 1035//1031
f 1035//1031 1060//1056 1036//1032
f 1036//1032 1061//1057 1037//1033
f 1037//1033 1062//1058 1038//1034
f 1038//1034 1063//1059 1039//1035
f 1063//1059 1040//1036 1039//1035
f 1064//1060 1041//1037 1040//1036
f 1065//1061 1042//1038 1041//1037
f 1066//1062 1043//1039 1042//1038
f 1067//1063 1044//1040 1043//1039
f 1068//1064 1045//1041 1044//1040
f 1069//1065 1046//1042 1045//1041
f 1070//1066 1047//1043 1046//1042
f 1071//1067 1048//1044 1047//1043
f 1072//1068 1049//1045 1048//1044
f 1073//1069 1050//1046 1049//1045
f 1074//1070 1051//1071 1050//1046
f 1051//1071 1076//1072 1052//1048
f 1052//1048 1077//1073 1053//1049
f 1053//1049 1078//1074 1054//1050
f 1054//1050 1079//1075 1055//1051
f 1055//1051 1080//1076 1056//1052
f 1056//1052 1057//1077 1033//1053
f 1057//1077 1082//1078 1058//1054
f 1058//1054 1083//1079 1059//1055
f 1059//1055 1084//1080 1060//1056
f 1060//1056 1085//1081 1061//1057
f 1061//1057 1086//1082 1062//1058
f 1062//1058 1087//1083 1063//1059
f 1087//1083 1064//1060 1063//1059
f 1088//1084 1065//1061 1064//1060
f 1089//1085 1066//1062 1065//1061
f 1090//1086 1067//1063 1066//1062
f 1091//1087 1068//1064 1067//1063
f 1092//1088 1069//1065 1068//1064
f 1093//1089 1070//1066 1069//1065
f 1094//1090 1071//1067 1070//1066
f 1095//1091 1072//1068 1071//1067
f 1096//1092 1073//1069 1072//1068
f 1097//1093 1074//1070 1073//1069
f 1098//1094 1075//1095 1074//1070
f 1075//1095 1100//1096 1076//1072
f 1076//1072 1101//1097 1077//1073
f 1077//1073 1102//1098 1078//1074
f 1078//1074 1103//1099 1079//1075
f 1079//1075 1104//1100 1080//1076
f 1080//1076 1081//1101 1057//1077
f 1081//1101 1106//1102 1082//1078
f 1082//1078 1107//1103 1083//1079
f 1083//1079 1108//1104 1084//1080
f 1084//1080 1109//1105 1085//1081
f 1085//1081 1110//1106 1086//1082
f 1086//1082 1111//1107 1087//1083
f 1111//1107 1088//1084 1087//1083
f 1112//1108 1089//1085 1088//1084
f 1113//1109 1090//1086 1089//1085
f 1114//1110 1091//1087 1090//1086
f 1115//1111 1092//1088 1091//1087
f 1116//1112 1093//1089 1092//1088
f 1117//1113 1094//1090 1093//1089
f 1118//1114 1095//1091 1094//1090
f 1119//1115 1096//1092 1095//1091
f 1120//1116 1097//1093 1096//1092
f 1121//1117 1098//1094 1097//1093
f 1122//1118 1099//1119 1098//1094
f 1099//1119 1124//1120 1100//1096
f 1100//1096 1125//1121 1101//1097
f 1101//1097 1126//1122 1102//1098
f 1102//1098 1127//1123 1103//1099
f 1103//1099 1128//1124 1104//1100
f 1104//1100 1105//1125 1081//1101
f 1105//1125 1130//1126 1106//1102
f 1106//1102 1131//1127 1107//1103
f 1107//1103 1132//1128 1108//1104
f 1108//1104 1133//1129 1109//1105
f 1109//1105 1134//1130 1110//1106
f 1110//1106 1135//1131 1111//1107
f 1135//1131 1112//1108 1111//1107
f 1136//1132 1113//1109 1112//1108
f 1137//1133 1114//1110 1113//1109
f 1138//1134 1115//1111 1114//1110
f 1139//1135 1116//1112 1115//1111
f 1140//1136 1117//1113 1116//1112
f 1141//1137 1118//1114 1117//1113
f 1142//1138 1119//1115 1118//1114
f 1143//1139 1120//1116 1119//1115
f 1144//1140 1121//1117 1120//1116
f 1145//1141 1122//1118 1121//1117
f 1146//1142 1123//1143 1122//1118
f 1123//1143 1148//1144 1124//1120
f 1124//1120 1149//1145 1125//1121
f 1125//1121 1150//1146 1126//1122
f 1126//1122 1151//1147 1127//1123
f 1127//1123 1152//1148 1128//1124
f 1128//1124 1129//1149 1105//1125
f 1129//1149 1154//1150 1130//1126
f 1130//1126 1155//1151 1131//1127
f 1131//1127 1156//1152 1132//1128
f 1132//1128 1157//1153 1133//1129
f 1133//1129 1158//1154 1134//1130
f 1134//1130 1159//1155 1135//1131
f 1159//1155 1136//1132 1135//1131
f 1160//1156 1137//1133 1136//1132
f 1161//1157 1138//1134 1137//1133
f 1162//1158 1139//1135 1138//1134
f 1163//1159 1140//1136 1139//1135
f 1164//1160 1141//1137 1140//1136
f 1165//1161 1142//1138 1141//1137
f 1166//1162 1143//1139 1142//1138
f 1167//1163 1144//1140 1143//1139
f 1168//1164 1145//1141 1144//1140
f 1169//1165 1146//1142 1145//1141
f 1170//1166 1147//1167 1146//1142
f 1147//1167 1172//1168 1148//1144
f 1148//1144 1173//1169 1149//1145
f 1149//1145 1174//1170 1150//1146
f 1150//1146 1175//1171 1151//1147
f 1151//1147 1176//1172 1152//1148
f 1152//1148 1153//1173 1129//1149
f 1153//1173 1178//1174 1154//1150
f 1154//1150 1179//1175 1155//1151
f 1155//1151 1180//1176 1156//1152
f 1156//1152 1181//1177 1157//1153
f 1157//1153 1182//1178 1158//1154
f 1158//1154 1183//1179 1159//1155
f 1183//1179 1160//1156 1159//1155
f 1184//1180 1161//1157 1160//1156
f 1185//1181 1162//1158 1161//1157
f 1186//1182 1163//1159 1162//1158
f 1187//1183 1164//1160 1163//1159
f 1188//1184 1165//1161 1164//1160
f 1189//1185 1166//1162 1165//1161
f 1190//1186 1167//1163 1166//1162
f 1191//1187 1168//1164 1167//1163
f 1192//1188 1169//1165 1168//1164
f 1193//1189 1170//1166 1169//1165
f 1194//1190 1171//1191 1170//1166
f 1171//1191 1196//1192 1172//1168
f 1172//1168 1197//1193 1173//1169
f 1173//1169 1198//1194 1174//1170
f 1174//1170 1199//1195 1175//1171
f 1175//1171 1200//1196 1176//1172
f 1176//1172 1177//1197 1153//1173
f 1177//1197 1202//1198 1178//1174
f 1178//1174 1203//1199 1179//1175
f 1179//1175 1204//1200 1180//1176
f 1180//1176 1205//1201 1181//1177
f 1181//1177 1206//1202 1182//1178
f 1182//1178 1207//1203 1183//1179
f 1207//1203 1184//1180 1183//1179
f 1208//1204 1185//1181 1184//1180
f 1209//1205 1186//1182 1185//1181
f 1210//1206 1187//1183 1186//1182
f 1211//1207 1188//1184 1187//1183
f 1212//1208 1189//1185 1188//1184
f 1213//1209 1190//1186 1189//1185
f 1214//1210 1191//1187 1190//1186
f 1215//1211 1192//1188 1191//1187
f 1216//1212 1193//1189 1192//1188
f 1217//1213 1194//1190 1193//1189
f 1218//1214 1195//1215 1194//1190
f 1195//1215 1220//1216 1196//1192
f 1196//1192 1221//1217 1197//1193
f 1197//1193 1222//1218 1198//1194
f 1198//1194 1223//1219 1199//1195
f 1199//1195 1224//1220 1200//1196
f 1200//1196 1201//1221 1177//1197
f 1201//1221 1226//1222 1202//1198
f 1202//1198 1227//1223 1203//1199
f 1203//1199 1228//1224 1204//1200
f 1204//1200 1229//1225 1205//1201
f 1205//1201 1230//1226 1206//1202
f 1206//1202 1231//1227 1207//1203
f 1231//1227 1208//1204 1207//1203
f 1232//1228 1209//1205 1208//1204
f 1233//1229 1210//1206 1209//1205
f 1234//1230 1211//1207 1210//1206
f 1235//1231 1212//1208 1211//1207
f 1236//1232 1213//1209 1212//1208
f 1237//1233 1214//1210 1213//1209
f 1238//1234 1215//1211 1214//1210
f 1239//1235 1216//1212 1215//1211
f 1240//1236 1217//1213 1216//1212
f 1241//1237 1218//1214 1217//1213
f 1242//1238 1219//1239 1218//1214
f 1219//1239 1244//1240 1220//1216
f 1220//1216 1245//1241 1221//1217
f 1221//1217 1246//1242 1222//1218
f 1222//1218 1247//1243 1223//1219
f 1223//1219 1248//1244 1224//1220
f 1224//1220 1225//1245 1201//1221
f 1225//1245 1250//1246 1226//1222
f 1226//1222 1251//1247 1227//1223
f 1227//1223 1252//1248 1228//1224
f 1228//1224 1253//1249 1229//1225
f 1229//1225 1254//1250 1230//1226
f 1230//1226 1255//1251 1231//1227
f 1255//1251 1232//1228 1231//1227
f 1256//1252 1233//1229 1232//1228
f 1257//1253 1234//1230 1233//1229
f 1258//1254 1235//1231 1234//1230
f 1259//1255 1236//1232 1235//1231
f 1260//1256 1237//1233 1236//1232
f 1261//1257 1238//1234 1237//1233
f 1262//1258 1239//1235 1238//1234
f 1263//1259 1240//1236 1239//1235
f 1264//1260 1241//1237 1240//1236
f 1265//1261 1242//1238 1241//1237
f 1266//1262 1243//1263 1242//1238
f 1243//1263 1268//1264 1244//1240
f 1244//1240 1269//1265 1245//1241
f 1245//1241 1270//1266 1246//1242
f 1246//1242 1271//1267 1247//1243
f 1247//1243 1272//1268 1248//1244
f 1248//1244 1249//1269 1225//1245
f 1249//1269 1274//1270 1250//1246
f 1250//1246 1275//1271 1251//1247
f 1251//1247 1276//1272 1252//1248
f 1252//1248 1277//1273 1253//1249
f 1253//1249 1278//1274 1254//1250
f 1254//1250 1279//1275 1255//1251
f 1279//1275 1256//1252 1255//1251
f 1280//1276 1257//1253 1256//1252
f 1281//1277 1258//1254 1257//1253
f 1282//1278 1259//1255 1258//1254
f 1283//1279 1260//1256 1259//1255
f 1284//1280 1261//1257 1260//1256
f 1285//1281 1262//1258 1261//1257
f 1286//1282 1263//1259 1262//1258
f 1287//1283 1264//1260 1263//1259
f 1288//1284 1265//1261 1264//1260
f 1289//1285 1266//1262 1265//1261
f 1290//1286 1267//1287 1266//1262
f 1267//1287 1292//1288 1268//1264
f 1268//1264 1293//1289 1269//1265
f 1269//1265 1294//1290 1270//1266
f 1270//1266 1295//1291 1271//1267
f 1271//1267 1296//1292 1272//1268
f 1272//1268 1273//1293 1249//1269
f 1273//1293 1298//1294 1274//1270
f 1274//1270 1299//1295 1275//1271
f 1275//1271 1300//1296 1276//1272
f 1276//1272 1301//1297 1277//1273
f 1277//1273 1302//1298 1278//1274
f 1278//1274 1303//1299 1279//1275
f 1303//1299 1280//1276 1279//1275
f 1304//1300 1281//1277 1280//1276
f 1305//1301 1282//1278 1281//1277
f 1306//1302 1283//1279 1282//1278
f 1307//1303 1284//1280 1283//1279
f 1308//1304 1285//1281 1284//1280
f 1309//1305 1286//1282 1285//1281
f 1310//1306 1287//1283 1286//1282
f 1311//1307 1288//1284 1287//1283
f 1312//1308 1289//1285 1288//1284
f 1313//1309 1290//1286 1289//1285
f 1290//1286 1315//1310 1291//1311
f 1315//1310 1292//1288 1291//1311
f 1292//1288 1317//1312 1293//1289
f 1293//1289 1318//1313 1294//1290
f 1294//1290 1319//1314 1295//1291
f 1295//1291 1320//1315 1296//1292
f 1296//1292 1297//1316 1273//1293
f 1297//1316 1322//1317 1298//1294
f 1298//1294 1323//1318 1299//1295
f 1299//1295 1324//1319 1300//1296
f 1300//1296 1325//1320 1301//1297
f 1301//1297 1326//1321 1302//1298
f 1302//1298 1327//1322 1303//1299
f 1327//1322 1304//1300 1303//1299
f 1328//1323 1305//1301 1304//1300
f 1329//1324 1306//1302 1305//1301
f 1330//1325 1307//1303 1306//1302
f 1331//1326 1308//1304 1307//1303
f 1332//1327 1309//1305 1308//1304
f 1333//1328 1310//1306 1309//1305
f 1334//1329 1311//1307 1310//1306
f 1335//1330 1312//1308 1311//1307
f 1336//1331 1313//1309 1312//1308
f 1337//1332 1314//1333 1313//1309
f 1314//1333 1339//1334 1315//1310
f 1339//1334 1316//1335 1315//1310
f 1316//1335 1341//1336 1317//1312
f 1317//1312 1342//1337 1318//1313
f 1318//1313 1343//1338 1319//1314
f 1319//1314 1344//1339 1320//1315
f 1320//1315 1321//1340 1297//1316
f 1321//1340 1346//1341 1322//1317
f 1322//1317 1347//1342 1323//1318
f 1323//1318 1348//1343 1324//1319
f 1324//1319 1349//1344 1325//1320
f 1325//1320 1350//1345 1326//1321
f 1326//1321 1351//1346 1327//1322
f 1351//1346 1328//1323 1327//1322
f 1352//1347 1329//1324 1328//1323
f 1353//1348 1330//1325 1329//1324
f 1354//1349 1331//1326 1330//1325
f 1355//1350 1332//1327 1331//1326
f 1356//1351 1333//1328 1332//1327
f 1357//1352 1334//1329 1333//1328
f 1358//1353 1335//1330 1334//1329
f 1359//1354 1336//1331 1335//1330
f 1360//1355 1337//1332 1336//1331
f 1337//1332 1362//1356 1338//1357
f 1338//1357 1363//1358 1339//1334
f 1363//1358 1340//1359 1339//1334
f 1364//1360 1341//1336 1340//1359
f 1341//1336 1366//1361 1342//1337
f 1342//1337 1367//1362 1343//1338
f 1343//1338 1368//1363 1344//1339
f 1344//1339 1345//1364 1321//1340
f 1345//1364 1370//1365 1346//1341
f 1346//1341 1371//1366 1347//1342
f 1347//1342 1372//1367 1348//1343
f 1348//1343 1373//1368 1349//1344
f 1349//1344 1374//1369 1350//1345
f 1350//1345 1375//1370 1351//1346
f 1375//1370 1352//1347 1351//1346
f 1376//1371 1353//1348 1352//1347
f 1377//1372 1354//1349 1353//1348
f 1378//1373 1355//1350 1354//1349
f 1379//1374 1356//1351 1355//1350
f 1380//1375 1357//1352 1356//1351
f 1381//1376 1358//1353 1357//1352
f 1382//1377 1359//1354 1358//1353
f 1383//1378 1360//1355 1359//1354
f 1384//1379 1361//1380 1360//1355
f 1361//1380 1386//1381 1362//1356
f 1362//1356 1387//1382 1363//1358
f 1387//1382 1364//1360 1363//1358
f 1388//1383 1365//1384 1364//1360
f 1365//1384 1390//1385 1366//1361
f 1366//1361 1391//1386 1367//1362
f 1367//1362 1392//1387 1368//1363
f 1368//1363 1369//1388 1345//1364
f 1369//1388 1394//1389 1370//1365
f 1370//1365 1395//1390 1371//1366
f 1371//1366 1396//1391 1372//1367
f 1372//1367 1397//1392 1373//1368
f 1373//1368 1398//1393 1374//1369
f 1374//1369 1399//1394 1375//1370
f 1399//1394 1376//1371 1375//1370
f 1400//1395 1377//1372 1376//1371
f 1401//1396 1378//1373 1377//1372
f 1402//1397 1379//1374 1378//1373
f 1403//1398 1380//1375 1379//1374
f 1404//1399 1381//1376 1380//1375
f 1405//1400 1382//1377 1381//1376
f 1406//1401 1383//1378 1382//1377
f 1383//1378 1408//1402 1384//1379
f 1384//1379 1409//1403 1385//1404
f 1385//1404 1410//1405 1386//1381
f 1386//1381 1411//1406 1387//1382
f 1411//1406 1388//1383 1387//1382
f 1412//1407 1389//1408 1388//1383
f 1413//1409 1390//1385 1389//1408
f 1414//1410 1391//1386 1390//1385
f 1391//1386 1416//1411 1392//1387
f 1392//1387 1393//1412 1369//1388
f 1393//1412 1418//1413 1394//1389
f 1394//1389 1419//1414 1395//1390
f 1395//1390 1420//1415 1396//1391
f 1396//1391 1421//1416 1397//1392
f 1397//1392 1422//1417 1398//1393
f 1398//1393 1423//1418 1399//1394
f 1423//1418 1400//1395 1399//1394
f 1424//1419 1401//1396 1400//1395
f 1425//1420 1402//1397 1401//1396
f 1426//1421 1403//1398 1402//1397
f 1427//1422 1404//1399 1403//1398
f 1428//1423 1405//1400 1404//1399
f 1429//1424 1406//1401 1405//1400
f 1430//1425 1407//1426 1406//1401
f 1407//1426 1432//1427 1408//1402
f 1408//1402 1433//1428 1409//1403
f 1409//1403 1434//1429 1410//1405
f 1410//1405 1435//1430 1411//1406
f 1435//1430 1412//1407 1411//1406
f 1436//1431 1413//1409 1412//1407
f 1437//1432 1414//1410 1413//1409
f 1438//1433 1415//1434 1414//1410
f 1415//1434 1440//1435 1416//1411
f 1416//1411 1417//1436 1393//1412
f 1417//1436 1442//1437 1418//1413
f 1418//1413 1443//1438 1419//1414
f 1419//1414 1444//1439 1420//1415
f 1420//1415 1445//1440 1421//1416
f 1421//1416 1446//1441 1422//1417
f 1422//1417 1447//1442 1423//1418
f 1447//1442 1424//1419 1423//1418
f 1448//1443 1425//1420 1424//1419
f 1449//1444 1426//1421 1425//1420
f 1450//1445 1427//1422 1426//1421
f 1451//1446 1428//1423 1427//1422
f 1452//1447 1429//1424 1428//1423
f 1453//1448 1430//1425 1429//1424
f 1430//1425 1455//1449 1431//1450
f 1431//1450 1456//1451 1432//1427
f 1432//1427 1457//1452 1433//1428
f 1433//1428 1458//1453 1434//1429
f 1434//1429 1459//1454 1435//1430
f 1459//1454 1436//1431 1435//1430
f 1460//1455 1437//1432 1436//1431
f 1461//1456 1438//1433 1437//1432
f 1462//1457 1439//1458 1438//1433
f 1463//1459 1440//1435 1439//1458
f 1440//1435 1441//1460 1417//1436
f 1441//1460 1466//1461 1442//1437
f 1442//1437 1467//1462 1443//1438
f 1443//1438 1468//1463 1444//1439
f 1444//1439 1469//1464 1445//1440
f 1445//1440 1470//1465 1446//1441
f 1446//1441 1471//1466 1447//1442
f 1471//1466 1448//1443 1447//1442
f 1472//1467 1449//1444 1448//1443
f 1473//1468 1450//1445 1449//1444
f 1474//1469 1451//1446 1450//1445
f 1475//1470 1452//1447 1451//1446
f 1476//1471 1453//1448 1452//1447
f 1477//1472 1454//1473 1453//1448
f 1454//1473 1479//1474 1455//1449
f 1455//1449 1480//1475 1456//1451
f 1456//1451 1481//1476 1457//1452
f 1457//1452 1482//1477 1458//1453
f 1458//1453 1483//1478 1459//1454
f 1483//1478 1460//1455 1459//1454
f 1484//1479 1461//1456 1460//1455
f 1485//1480 1462//1457 1461//1456
f 1486//1481 1463//1459 1462//1457
f 1487//1482 1464//1483 1463//1459
f 1464//1483 1465//1484 1441//1460
f 1465//1484 1490//1485 1466//1461
f 1466//1461 1491//1486 1467//1462
f 1467//1462 1492//1487 1468//1463
f 1468//1463 1493//1488 1469//1464
f 1469//1464 1494//1489 1470//1465
f 1470//1465 1495//1490 1471//1466
f 1495//1490 1472//1467 1471//1466
f 1496//1491 1473//1468 1472//1467
f 1497//1492 1474//1469 1473//1468
f 1498//1493 1475//1470 1474//1469
f 1499//1494 1476//1471 1475//1470
f 1500//1495 1477//1472 1476//1471
f 1501//1496 1478//1497 1477//1472
f 1478//1497 1503//1498 1479//1474
f 1479//1474 1504//1499 1480//1475
f 1480//1475 1505//1500 1481//1476
f 1481//1476 1506//1501 1482//1477
f 1482//1477 1507//1502 1483//1478
f 1507//1502 1484//1479 1483//1478
f 1508//1503 1485//1480 1484//1479
f 1509//1504 1486//1481 1485//1480
f 1510//1505 1487//1482 1486//1481
f 1511//1506 1488//1507 1487//1482
f 1488//1507 1489//1508 1465//1484
f 1489//1508 1514//1509 1490//1485
f 1490//1485 1515//1510 1491//1486
f 1491//1486 1516//1511 1492//1487
f 1492//1487 1517//1512 1493//1488
f 1493//1488 1518//1513 1494//1489
f 1494//1489 1519//1514 1495//1490
f 1519//1514 1496//1491 1495//1490
f 1520//1515 1497//1492 1496//1491
f 1521//1516 1498//1493 1497//1492
f 1522//1517 1499//1494 1498//1493
f 1523//1518 1500//1495 1499//1494
f 1524//1519 1501//1496 1500//1495
f 1525//1520 1502//1521 1501//1496
f 1502//1521 1527//1522 1503//1498
f 1503//1498 1528//1523 1504//1499
f 1504//1499 1529//1524 1505//1500
f 1505//1500 1530//1525 1506//1501
f 1506//1501 1531//1526 1507//1502
f 1531//1526 1508//1503 1507//1502
f 1532//1527 1509//1504 1508//1503
f 1533//1528 1510//1505 1509//1504
f 1534//1529 1511//1506 1510//1505
f 1535//1530 1512//1531 1511//1506
f 1512//1531 1513//1532 1489//1508
f 1513//1532 1538//1533 1514//1509
f 1514//1509 1539//1534 1515//1510
f 1515//1510 1540//1535 1516//1511
f 1516//1511 1541//1536 1517//1512
f 1517//1512 1542//1537 1518//1513
f 1518//1513 1543//1538 1519//1514
f 1543//1538 1520//1515 1519//1514
f 1544//1539 1521//1516 1520//1515
f 1545//1540 1522//1517 1521//1516
f 1546//1541 1523//1518 1522//1517
f 1547//1542 1524//1519 1523//1518
f 1548//1543 1525//1520 1524//1519
f 1549//1544 1526//1545 1525//1520
f 1526//1545 1551//1546 1527//1522
f 1527//1522 1552//1547 1528//1523
f 1528//1523 1553//1548 1529//1524
f 1529//1524 1554//1549 1530//1525
f 1530//1525 1555//1550 1531//1526
f 1555//1550 1532//1527 1531//1526
f 1556//1551 1533//1528 1532//1527
f 1557//1552 1534//1529 1533//1528
f 1558//1553 1535//1530 1534//1529
f 1559//1554 1536//1555 1535//1530
f 1536//1555 1537//1556 1513//1532
s 0
f 7//1557 15//1557 23//1557
f 1554//1558 1546//1558 1538//1558
s 1
f 1//1 25//46 26//2
f 26//2 27//5 3//4
f 27//5 28//7 4//6
f 28//7 29//9 5//8
f 29//9 30//11 6//10
f 30//11 31//52 7//12
f 7//12 31//52 32//13
f 8//14 32//13 33//15
f 9//16 33//15 34//17
f 10//18 34//17 35//19
f 11//20 35//19 36//21
f 36//21 37//24 13//23
f 37//24 38//26 14//25
f 38//26 39//28 15//27
f 39//28 40//30 16//29
f 40//30 41//32 17//31
f 41//32 42//34 18//33
f 42//34 43//64 19//35
f 19//35 43//64 44//36
f 20//37 44//36 45//38
f 21//39 45//38 46//40
f 22//41 46//40 47//42
f 23//43 47//42 48//44
f 24//45 48//44 25//46
f 25//46 49//70 50//47
f 50//47 51//48 27//5
f 51//48 52//49 28//7
f 52//49 53//50 29//9
f 53//50 54//51 30//11
f 54//51 55//76 31//52
f 31//52 55//76 56//53
f 32//13 56//53 57//54
f 33//15 57//54 58//55
f 34//17 58//55 59//56
f 35//19 59//56 60//57
f 60//57 61//58 37//24
f 61//58 62//59 38//26
f 62//59 63//60 39//28
f 63//60 64//61 40//30
f 64//61 65//62 41//32
f 65//62 66//63 42//34
f 66//63 67//88 43//64
f 43//64 67//88 68//65
f 44//36 68//65 69//66
f 45//38 69//66 70//67
f 46//40 70//67 71//68
f 47//42 71//68 72//69
f 48//44 72//69 49//70
f 49//70 73//94 74//71
f 74//71 75//72 51//48
f 75//72 76//73 52//49
f 76//73 77//74 53//50
f 77//74 78//75 54//51
f 78//75 79//100 55//76
f 55//76 79//100 80//77
f 56//53 80//77 81//78
f 57//54 81//78 82//79
f 58//55 82//79 83//80
f 59//56 83//80 84//81
f 84//81 85//82 61//58
f 85//82 86//83 62//59
f 86//83 87//84 63//60
f 87//84 88//85 64//61
f 88//85 89//86 65//62
f 89//86 90//87 66//63
f 90//87 91//112 67//88
f 67//88 91//112 92//89
f 68//65 92//89 93//90
f 69//66 93//90 94//91
f 70//67 94//91 95//92
f 71//68 95//92 96//93
f 72//69 96//93 73//94
f 73//94 97//118 98//95
f 98//95 99//96 75//72
f 99//96 100//97 76//73
f 100//97 101//98 77//74
f 101//98 102//99 78//75
f 102//99 103//124 79//100
f 79//100 103//124 104//101
f 80//77 104//101 105//102
f 81//78 105//102 106//103
f 82//79 106//103 107//104
f 83//80 107//104 108//105
f 108//105 109//106 85//82
f 109//106 110//107 86//83
f 110//107 111//108 87//84
f 111//108 112//109 88//85
f 112//109 113//110 89//86
f 113//110 114//111 90//87
f 114//111 115//136 91//112
f 91//112 115//136 116//113
f 92//89 116//113 117//114
f 93//90 117//114 118//115
f 94//91 118//115 119//116
f 95//92 119//116 120//117
f 96//93 120//117 97//118
f 97//118 121//142 122//119
f 122//119 123//120 99//96
f 123//120 124//121 100//97
f 124//121 125//122 101//98
f 125//122 126//123 102//99
f 126//123 127//148 103//124
f 103//124 127//148 128//125
f 104//101 128//125 129//126
f 105//102 129//126 130//127
f 106//103 130//127 131//128
f 107//104 131//128 132//129
f 132//129 133//130 109//106
f 133//130 134//131 110//107
f 134//131 135//132 111//108
f 135//132 136//133 112//109
f 136//133 137//134 113//110
f 137//134 138//135 114//111
f 138//135 139//160 115//136
f 115//136 139//160 140//137
f 116//113 140//137 141//138
f 117//114 141//138 142//139
f 118//115 142//139 143//140
f 119//116 143//140 144//141
f 120//117 144//141 121//142
f 121//142 145//166 146//143
f 122//119 146//143 147//144
f 147//144 148//145 124//121
f 148//145 149//146 125//122
f 149//146 150//147 126//123
f 150//147 151//172 127//148
f 127//148 151//172 152//149
f 128//125 152//149 153//150
f 129//126 153//150 154//151
f 130//127 154//151 155//152
f 155//152 156//153 132//129
f 156//153 157//154 133//130
f 157//154 158//155 134//131
f 158//155 159//156 135//132
f 159//156 160//157 136//133
f 160//157 161//158 137//134
f 161//158 162//159 138//135
f 162//159 163//184 139//160
f 139//160 163//184 164//161
f 140//137 164//161 165//162
f 141//138 165//162 166//163
f 142//139 166//163 167//164
f 143//140 167//164 168//165
f 144//141 168//165 145//166
f 145//166 169//190 170//167
f 146//143 170//167 171//168
f 147//144 171//168 172//169
f 148//145 172//169 173//170
f 149//146 173//170 174//171
f 174//171 175//197 151//172
f 151//172 175//197 176//173
f 176//173 177//174 153//150
f 177//174 178//175 154//151
f 178//175 179//176 155//152
f 179//176 180//177 156//153
f 180//177 181//178 157//154
f 181//178 182//179 158//155
f 182//179 183//180 159//156
f 183//180 184//181 160//157
f 184//181 185//182 161//158
f 185//182 186//183 162//159
f 186//183 187//209 163//184
f 163//184 187//209 188//185
f 164//161 188//185 189//186
f 165//162 189//186 190//187
f 166//163 190//187 191//188
f 167//164 191//188 192//189
f 168//165 192//189 169//190
f 169//190 193//215 194//191
f 170//167 194//191 195//192
f 171//168 195//192 196//193
f 172//169 196//193 197//194
f 173//170 197//194 198//195
f 174//171 198//195 199//196
f 199//196 200//198 176//173
f 200//198 201//199 177//174
f 201//199 202//200 178//175
f 202//200 203//201 179//176
f 203//201 204//202 180//177
f 204//202 205//203 181//178
f 205//203 206//204 182//179
f 206//204 207//205 183//180
f 207//205 208//206 184//181
f 208//206 209//207 185//182
f 209//207 210//208 186//183
f 210//208 211//233 187//209
f 187//209 211//233 212//210
f 188//185 212//210 213//211
f 189//186 213//211 214//212
f 190//187 214//212 215//213
f 191//188 215//213 216//214
f 192//189 216//214 193//215
f 193//215 217//239 218//216
f 194//191 218//216 219//217
f 195//192 219//217 220//218
f 196//193 220//218 221//219
f 197//194 221//219 222//220
f 198//195 222//220 223//221
f 223//221 224//222 200//198
f 224//222 225//223 201//199
f 225//223 226//224 202//200
f 226//224 227//225 203//201
f 227//225 228//226 204//202
f 228//226 229//227 205//203
f 229//227 230//228 206//204
f 230//228 231//229 207//205
f 231//229 232//230 208//206
f 232//230 233//231 209//207
f 233//231 234//232 210//208
f 234//232 235//257 211//233
f 211//233 235//257 236//234
f 212//210 236//234 237//235
f 213//211 237//235 238//236
f 214//212 238//236 239//237
f 215//213 239//237 240//238
f 216//214 240//238 217//239
f 217//239 241//263 242//240
f 218//216 242//240 243//241
f 219//217 243//241 244//242
f 220//218 244//242 245//243
f 221//219 245//243 246//244
f 222//220 246//244 247//245
f 247//245 248//246 224//222
f 248//246 249//247 225//223
f 249//247 250//248 226//224
f 250//248 251//249 227//225
f 251//249 252//250 228//226
f 252//250 253//251 229//227
f 253//251 254//252 230//228
f 254//252 255//253 231//229
f 255//253 256//254 232//230
f 256//254 257//255 233//231
f 257//255 258//256 234//232
f 258//256 259//281 235//257
f 235//257 259//281 260//258
f 236//234 260//258 261//259
f 237//235 261//259 262//260
f 238//236 262//260 263//261
f 239//237 263//261 264//262
f 240//238 264//262 241//263
f 241//263 265//287 266//264
f 242//240 266//264 267//265
f 243//241 267//265 268//266
f 244//242 268//266 269//267
f 245//243 269//267 270//268
f 246//244 270//268 271//269
f 271//269 272//270 248//246
f 272//270 273//271 249//247
f 273//271 274//272 250//248
f 274//272 275//273 251//249
f 275//273 276//274 252//250
f 276//274 277//275 253//251
f 277//275 278//276 254//252
f 278//276 279//277 255//253
f 279//277 280//278 256//254
f 280//278 281//279 257//255
f 281//279 282//280 258//256
f 282//280 283//305 259//281
f 259//281 283//305 284//282
f 260//258 284//282 285//283
f 261//259 285//283 286//284
f 262//260 286//284 287//285
f 263//261 287//285 288//286
f 264//262 288//286 265//287
f 265//287 289//311 290//288
f 266//264 290//288 291//289
f 267//265 291//289 292//290
f 268//266 292//290 293//291
f 269//267 293//291 294//292
f 270//268 294//292 295//293
f 295//293 296//294 272//270
f 296//294 297//295 273//271
f 297//295 298//296 274//272
f 298//296 299//297 275//273
f 299//297 300//298 276//274
f 300//298 301//299 277//275
f 301//299 302//300 278//276
f 302//300 303//301 279//277
f 303//301 304//302 280//278
f 304//302 305//303 281//279
f 305//303 306//304 282//280
f 306//304 307//329 283//305
f 283//305 307//329 308//306
f 284//282 308//306 309//307
f 285//283 309//307 310//308
f 286//284 310//308 311//309
f 287//285 311//309 312//310
f 288//286 312//310 289//311
f 289//311 313//335 314//312
f 290//288 314//312 315//313
f 291//289 315//313 316//314
f 292//290 316//314 317//315
f 293//291 317//315 318//316
f 294//292 318//316 319//317
f 319//317 320//318 296//294
f 320//318 321//319 297//295
f 321//319 322//320 298//296
f 322//320 323//321 299//297
f 323//321 324//322 300//298
f 324//322 325//323 301//299
f 325//323 326//324 302//300
f 326//324 327//325 303//301
f 327//325 328//326 304//302
f 328//326 329//327 305//303
f 329//327 330//328 306//304
f 330//328 331//353 307//329
f 307//329 331//353 332//330
f 308//306 332//330 333//331
f 309//307 333//331 334//332
f 310//308 334//332 335//333
f 311//309 335//333 336//334
f 312//310 336//334 313//335
f 313//335 337//358 338//336
f 314//312 338//336 339//337
f 315//313 339//337 340//338
f 316//314 340//338 341//339
f 317//315 341//339 342//340
f 318//316 342//340 343//341
f 343//341 344//342 320//318
f 344//342 345//343 321//319
f 345//343 346//344 322//320
f 346//344 347//345 323//321
f 347//345 348//346 324//322
f 348//346 349//347 325//323
f 349//347 350//348 326//324
f 350//348 351//349 327//325
f 351//349 352//372 328//326
f 328//326 352//372 353//350
f 329//327 353//350 354//351
f 330//328 354//351 355//352
f 355//352 356//354 332//330
f 356//354 357//355 333//331
f 357//355 358//378 334//332
f 334//332 358//378 359//356
f 335//333 359//356 360//357
f 336//334 360//357 337//358
f 337//358 361//215 362//359
f 338//336 362//359 363//360
f 339//337 363//360 364//361
f 340//338 364//361 365//362
f 341//339 365//362 366//363
f 342//340 366//363 367//364
f 367//364 368//365 344//342
f 368//365 369//366 345//343
f 369//366 370//367 346//344
f 370//367 371//368 347//345
f 371//368 372//369 348//346
f 372//369 373//203 349//347
f 373//203 374//393 350//348
f 350//348 374//393 375//370
f 351//349 375//370 376//371
f 352//372 376//371 377//373
f 353//350 377//373 378//374
f 354//351 378//374 379//375
f 379//375 380//376 356//354
f 380//376 381//377 357//355
f 381//377 382//379 358//378
f 382//379 383//380 359//356
f 383//380 384//403 360//357
f 360//357 384//403 361//215
f 385//381 386//406 362//359
f 362//359 386//406 387//382
f 363//360 387//382 388//383
f 364//361 388//383 389//384
f 365//362 389//384 390//385
f 366//363 390//385 391//386
f 391//386 392//387 368//365
f 392//387 393//388 369//366
f 393//388 394//389 370//367
f 394//389 395//390 371//368
f 395//390 396//416 372//369
f 372//369 396//416 397//391
f 373//203 397//391 398//392
f 374//393 398//392 399//394
f 375//370 399//394 400//395
f 376//371 400//395 401//396
f 377//373 401//396 402//397
f 378//374 402//397 403//398
f 403//398 404//399 380//376
f 404//399 405//400 381//377
f 405//400 406//401 382//379
f 406//401 407//402 383//380
f 407//402 408//404 384//403
f 408//404 385//381 361//215
f 409//405 410//407 386//406
f 410//407 411//408 387//382
f 411//408 412//409 388//383
f 412//409 413//433 389//384
f 389//384 413//433 414//410
f 390//385 414//410 415//411
f 415//411 416//412 392//387
f 416//412 417//438 393//388
f 393//388 417//438 418//413
f 394//389 418//413 419//414
f 395//390 419//414 420//415
f 396//416 420//415 421//417
f 397//391 421//417 422//418
f 398//392 422//418 423//419
f 399//394 423//419 424//420
f 400//395 424//420 425//421
f 401//396 425//421 426//422
f 402//397 426//422 427//423
f 427//423 428//424 404//399
f 428//424 429//425 405//400
f 429//425 430//426 406//401
f 430//426 431//427 407//402
f 431//427 432//428 408//404
f 432//428 409//405 385//381
f 433//429 434//430 410//407
f 434//430 435//431 411//408
f 435//431 436//432 412//409
f 436//432 437//434 413//433
f 437//434 438//435 414//410
f 438//435 439//460 415//411
f 415//411 439//460 440//436
f 416//412 440//436 441//437
f 417//438 441//437 442//439
f 418//413 442//439 443//440
f 419//414 443//440 444//441
f 420//415 444//441 445//442
f 421//417 445//442 446//443
f 422//418 446//443 447//444
f 423//419 447//444 448//445
f 424//420 448//445 449//446
f 425//421 449//446 450//447
f 426//422 450//447 451//448
f 451//448 452//449 428//424
f 452//449 453//450 429//425
f 453//450 454//451 430//426
f 454//451 455//452 431//427
f 455//452 456//453 432//428
f 456//453 433//429 409//405
f 457//454 458//455 434//430
f 458//455 459//456 435//431
f 459//456 460//457 436//432
f 460//457 461//458 437//434
f 461//458 462//459 438//435
f 462//459 463//484 439//460
f 439//460 463//484 464//461
f 440//436 464//461 465//462
f 441//437 465//462 466//463
f 442//439 466//463 467//464
f 443//440 467//464 468//465
f 444//441 468//465 469//466
f 445//442 469//466 470//467
f 446//443 470//467 471//468
f 447//444 471//468 472//469
f 448//445 472//469 473//470
f 449//446 473//470 474//471
f 450//447 474//471 475//472
f 475//472 476//473 452//449
f 476//473 477//474 453//450
f 477//474 478//475 454//451
f 478//475 479//476 455//452
f 479//476 480//477 456//453
f 480//477 457//454 433//429
f 481//478 482//479 458//455
f 482//479 483//480 459//456
f 483//480 484//481 460//457
f 484//481 485//482 461//458
f 485//482 486//483 462//459
f 486//483 487//508 463//484
f 463//484 487//508 488//485
f 464//461 488//485 489//486
f 465//462 489//486 490//487
f 466//463 490//487 491//488
f 467//464 491//488 492//489
f 468//465 492//489 493//490
f 469//466 493//490 494//491
f 470//467 494//491 495//492
f 471//468 495//492 496//493
f 472//469 496//493 497//494
f 473//470 497//494 498//495
f 474//471 498//495 499//496
f 499//496 500//497 476//473
f 500//497 501//498 477//474
f 501//498 502//499 478//475
f 502//499 503//500 479//476
f 503//500 504//501 480//477
f 504//501 481//478 457//454
f 505//502 506//503 482//479
f 506//503 507//504 483//480
f 507//504 508//505 484//481
f 508//505 509//506 485//482
f 509//506 510//507 486//483
f 510//507 511//532 487//508
f 487//508 511//532 512//509
f 488//485 512//509 513//510
f 489//486 513//510 514//511
f 490//487 514//511 515//512
f 491//488 515//512 516//513
f 492//489 516//513 517//514
f 493//490 517//514 518//515
f 494//491 518//515 519//516
f 495//492 519//516 520//517
f 496//493 520//517 521//518
f 497//494 521//518 522//519
f 498//495 522//519 523//520
f 523//520 524//521 500//497
f 524//521 525//522 501//498
f 525//522 526//523 502//499
f 526//523 527//524 503//500
f 527//524 528//525 504//501
f 528//525 505//502 481//478
f 529//526 530//527 506//503
f 530//527 531//528 507//504
f 531//528 532//529 508//505
f 532//529 533//530 509//506
f 533//530 534//531 510//507
f 534//531 535//556 511//532
f 511//532 535//556 536//533
f 512//509 536//533 537//534
f 513//510 537//534 538//535
f 514//511 538//535 539//536
f 515//512 539//536 540//537
f 516//513 540//537 541//538
f 517//514 541//538 542//539
f 518//515 542//539 543//540
f 519//516 543//540 544//541
f 520//517 544//541 545//542
f 521//518 545//542 546//543
f 522//519 546//543 547//544
f 547//544 548//545 524//521
f 548//545 549//546 525//522
f 549//546 550//547 526//523
f 550//547 551//548 527//524
f 551//548 552//549 528//525
f 552//549 529//526 505//502
f 553//550 554//551 530//527
f 554//551 555//552 531//528
f 555//552 556//553 532//529
f 556//553 557//554 533//530
f 557//554 558//555 534//531
f 558//555 559//580 535//556
f 535//556 559//580 560//557
f 536//533 560//557 561//558
f 537//534 561//558 562//559
f 538//535 562//559 563//560
f 539//536 563//560 564//561
f 540//537 564//561 565//562
f 541//538 565//562 566//563
f 542//539 566//563 567//564
f 543//540 567//564 568//565
f 544//541 568//565 569//566
f 545//542 569//566 570//567
f 546//543 570//567 571//568
f 571//568 572//569 548//545
f 572//569 573//570 549//546
f 573//570 574//571 550//547
f 574//571 575//572 551//548
f 575//572 576//573 552//549
f 576//573 553//550 529//526
f 577//574 578//575 554//551
f 578//575 579//576 555//552
f 579//576 580//577 556//553
f 580//577 581//578 557//554
f 581//578 582//579 558//555
f 582//579 583//603 559//580
f 559//580 583//603 584//581
f 560//557 584//581 585//582
f 561//558 585//582 586//583
f 562//559 586//583 587//584
f 563//560 587//584 588//585
f 564//561 588//585 589//586
f 565//562 589//586 590//587
f 566//563 590//587 591//588
f 567//564 591//588 592//589
f 568//565 592//589 593//590
f 569//566 593//590 594//591
f 570//567 594//591 595//592
f 595//592 596//593 572//569
f 596//593 597//594 573//570
f 597//594 598//595 574//571
f 598//595 599//596 575//572
f 599//596 600//597 576//573
f 600//597 577//574 553//550
f 577//574 601//620 602//598
f 578//575 602//598 603//599
f 579//576 603//599 604//600
f 580//577 604//600 605//601
f 605//601 606//602 582//579
f 606//602 607//626 583//603
f 583//603 607//626 608//604
f 584//581 608//604 609//605
f 609//605 610//606 586//583
f 610//606 611//607 587//584
f 611//607 612//608 588//585
f 612//608 613//609 589//586
f 613//609 614//610 590//587
f 614//610 615//611 591//588
f 615//611 616//612 592//589
f 616//612 617//613 593//590
f 617//613 618//614 594//591
f 618//614 619//638 595//592
f 595//592 619//638 620//615
f 596//593 620//615 621//616
f 597//594 621//616 622//617
f 598//595 622//617 623//618
f 599//596 623//618 624//619
f 600//597 624//619 601//620
f 601//620 625//644 626//621
f 602//598 626//621 627//622
f 603//599 627//622 628//623
f 604//600 628//623 629//624
f 605//601 629//624 630//625
f 630//625 631//651 607//626
f 607//626 631//651 632//627
f 632//627 633//628 609//605
f 633//628 634//629 610//606
f 634//629 635//630 611//607
f 635//630 636//631 612//608
f 636//631 637//632 613//609
f 637//632 638//633 614//610
f 638//633 639//634 615//611
f 639//634 640//635 616//612
f 640//635 641//636 617//613
f 641//636 642//637 618//614
f 642//637 643//663 619//638
f 619//638 643//663 644//639
f 620//615 644//639 645//640
f 621//616 645//640 646//641
f 622//617 646//641 647//642
f 623//618 647//642 648//643
f 624//619 648//643 625//644
f 625//644 649//669 650//645
f 626//621 650//645 651//646
f 627//622 651//646 652//647
f 628//623 652//647 653//648
f 629//624 653//648 654//649
f 630//625 654//649 655//650
f 655//650 656//652 632//627
f 656//652 657//653 633//628
f 657//653 658//654 634//629
f 658//654 659//655 635//630
f 659//655 660//656 636//631
f 660//656 661//657 637//632
f 661//657 662//658 638//633
f 662//658 663//659 639//634
f 663//659 664//660 640//635
f 664//660 665//661 641//636
f 665//661 666//662 642//637
f 666//662 667//687 643//663
f 643//663 667//687 668//664
f 644//639 668//664 669//665
f 645//640 669//665 670//666
f 646//641 670//666 671//667
f 647//642 671//667 672//668
f 648//643 672//668 649//669
f 649//669 673//693 674//670
f 650//645 674//670 675//671
f 651//646 675//671 676//672
f 652//647 676//672 677//673
f 653//648 677//673 678//674
f 654//649 678//674 679//675
f 679//675 680//676 656//652
f 680//676 681//677 657//653
f 681//677 682//678 658//654
f 682//678 683//679 659//655
f 683//679 684//680 660//656
f 684//680 685//681 661//657
f 685//681 686//682 662//658
f 686//682 687//683 663//659
f 687//683 688//684 664//660
f 688//684 689//685 665//661
f 689//685 690//686 666//662
f 690//686 691//711 667//687
f 667//687 691//711 692//688
f 668//664 692//688 693//689
f 669//665 693//689 694//690
f 670//666 694//690 695//691
f 671//667 695//691 696//692
f 672//668 696//692 673//693
f 673//693 697//717 698//694
f 674//670 698//694 699//695
f 675//671 699//695 700//696
f 676//672 700//696 701//697
f 677//673 701//697 702//698
f 678//674 702//698 703//699
f 703//699 704//700 680//676
f 704//700 705//701 681//677
f 705//701 706//702 682//678
f 706//702 707//703 683//679
f 707//703 708//704 684//680
f 708//704 709//705 685//681
f 709//705 710//706 686//682
f 710//706 711//707 687//683
f 711//707 712//708 688//684
f 712//708 713//709 689//685
f 713//709 714//710 690//686
f 714//710 715//735 691//711
f 691//711 715//735 716//712
f 692//688 716//712 717//713
f 693//689 717//713 718//714
f 694//690 718//714 719//715
f 695//691 719//715 720//716
f 696//692 720//716 697//717
f 697//717 721//741 722//718
f 698//694 722//718 723//719
f 699//695 723//719 724//720
f 700//696 724//720 725//721
f 701//697 725//721 726//722
f 702//698 726//722 727//723
f 727//723 728//724 704//700
f 728//724 729//725 705//701
f 729//725 730//726 706//702
f 730//726 731//727 707//703
f 731//727 732//728 708//704
f 732//728 733//729 709//705
f 733//729 734//730 710//706
f 734//730 735//731 711//707
f 735//731 736//732 712//708
f 736//732 737//733 713//709
f 737//733 738//734 714//710
f 738//734 739//759 715//735
f 715//735 739//759 740//736
f 716//712 740//736 741//737
f 717//713 741//737 742//738
f 718//714 742//738 743//739
f 719//715 743//739 744//740
f 720//716 744//740 721//741
f 721//741 745//765 746//742
f 722//718 746//742 747//743
f 723//719 747//743 748//744
f 724//720 748//744 749//745
f 725//721 749//745 750//746
f 726//722 750//746 751//747
f 751//747 752//748 728//724
f 752//748 753//749 729//725
f 753//749 754//750 730//726
f 754//750 755//751 731//727
f 755//751 756//752 732//728
f 756//752 757//753 733//729
f 757//753 758//754 734//730
f 758//754 759//755 735//731
f 759//755 760//756 736//732
f 760//756 761//757 737//733
f 761//757 762//758 738//734
f 762//758 763//783 739//759
f 739//759 763//783 764//760
f 740//736 764//760 765//761
f 741//737 765//761 766//762
f 742//738 766//762 767//763
f 743//739 767//763 768//764
f 744//740 768//764 745//765
f 745//765 769//789 770//766
f 746//742 770//766 771//767
f 747//743 771//767 772//768
f 748//744 772//768 773//769
f 749//745 773//769 774//770
f 750//746 774//770 775//771
f 775//771 776//772 752//748
f 776//772 777//773 753//749
f 777//773 778//774 754//750
f 778//774 779//775 755//751
f 779//775 780//776 756//752
f 780//776 781//777 757//753
f 781//777 782//778 758//754
f 782//778 783//779 759//755
f 783//779 784//780 760//756
f 784//780 785//781 761//757
f 785//781 786//782 762//758
f 786//782 787//807 763//783
f 763//783 787//807 788//784
f 764//760 788//784 789//785
f 765//761 789//785 790//786
f 766//762 790//786 791//787
f 767//763 791//787 792//788
f 768//764 792//788 769//789
f 769//789 793//813 794//790
f 770//766 794//790 795//791
f 771//767 795//791 796//792
f 772//768 796//792 797//793
f 773//769 797//793 798//794
f 774//770 798//794 799//795
f 799//795 800//796 776//772
f 800//796 801//797 777//773
f 801//797 802//798 778//774
f 802//798 803//799 779//775
f 803//799 804//800 780//776
f 804//800 805//801 781//777
f 805//801 806//802 782//778
f 806//802 807//803 783//779
f 807//803 808//804 784//780
f 808//804 809//805 785//781
f 809//805 810//806 786//782
f 810//806 811//831 787//807
f 787//807 811//831 812//808
f 788//784 812//808 813//809
f 789//785 813//809 814//810
f 790//786 814//810 815//811
f 791//787 815//811 816//812
f 792//788 816//812 793//813
f 793//813 817//837 818//814
f 794//790 818//814 819//815
f 795//791 819//815 820//816
f 796//792 820//816 821//817
f 797//793 821//817 822//818
f 798//794 822//818 823//819
f 823//819 824//820 800//796
f 824//820 825//821 801//797
f 825//821 826//822 802//798
f 826//822 827//823 803//799
f 827//823 828//824 804//800
f 828//824 829//825 805//801
f 829//825 830//826 806//802
f 830//826 831//827 807//803
f 831//827 832//828 808//804
f 832//828 833//829 809//805
f 833//829 834//830 810//806
f 834//830 835//855 811//831
f 811//831 835//855 836//832
f 812//808 836//832 837//833
f 813//809 837//833 838//834
f 814//810 838//834 839//835
f 815//811 839//835 840//836
f 816//812 840//836 817//837
f 817//837 841//861 842//838
f 818//814 842//838 843//839
f 819//815 843//839 844//840
f 820//816 844//840 845//841
f 821//817 845//841 846//842
f 822//818 846//842 847//843
f 847//843 848//844 824//820
f 848//844 849//845 825//821
f 849//845 850//846 826//822
f 850//846 851//847 827//823
f 851//847 852//848 828//824
f 852//848 853//849 829//825
f 853//849 854//850 830//826
f 854//850 855//851 831//827
f 855//851 856//852 832//828
f 856//852 857//853 833//829
f 857//853 858//854 834//830
f 858//854 859//879 835//855
f 835//855 859//879 860//856
f 836//832 860//856 861//857
f 837//833 861//857 862//858
f 838//834 862//858 863//859
f 839//835 863//859 864//860
f 840//836 864//860 841//861
f 841//861 865//885 866//862
f 842//838 866//862 867//863
f 843//839 867//863 868//864
f 844//840 868//864 869//865
f 845//841 869//865 870//866
f 846//842 870//866 871//867
f 871//867 872//868 848//844
f 872//868 873//869 849//845
f 873//869 874//870 850//846
f 874//870 875//871 851//847
f 875//871 876//872 852//848
f 876//872 877//873 853//849
f 877//873 878//874 854//850
f 878//874 879//875 855//851
f 879//875 880//876 856//852
f 880//876 881//877 857//853
f 881//877 882//878 858//854
f 882//878 883//903 859//879
f 859//879 883//903 884//880
f 860//856 884//880 885//881
f 861//857 885//881 886//882
f 862//858 886//882 887//883
f 863//859 887//883 888//884
f 864//860 888//884 865//885
f 865//885 889//909 890//886
f 866//862 890//886 891//887
f 867//863 891//887 892//888
f 868//864 892//888 893//889
f 869//865 893//889 894//890
f 870//866 894//890 895//891
f 895//891 896//892 872//868
f 896//892 897//893 873//869
f 897//893 898//894 874//870
f 898//894 899//895 875//871
f 899//895 900//896 876//872
f 900//896 901//897 877//873
f 901//897 902//898 878//874
f 902//898 903//899 879//875
f 903//899 904//900 880//876
f 904//900 905//901 881//877
f 905//901 906//902 882//878
f 906//902 907//927 883//903
f 883//903 907//927 908//904
f 884//880 908//904 909//905
f 885//881 909//905 910//906
f 886//882 910//906 911//907
f 887//883 911//907 912//908
f 888//884 912//908 889//909
f 889//909 913//933 914//910
f 890//886 914//910 915//911
f 891//887 915//911 916//912
f 892//888 916//912 917//913
f 893//889 917//913 918//914
f 894//890 918//914 919//915
f 919//915 920//916 896//892
f 920//916 921//917 897//893
f 921//917 922//918 898//894
f 922//918 923//919 899//895
f 923//919 924//920 900//896
f 924//920 925//921 901//897
f 925//921 926//922 902//898
f 926//922 927//923 903//899
f 927//923 928//924 904//900
f 928//924 929//925 905//901
f 929//925 930//926 906//902
f 930//926 931//951 907//927
f 907//927 931//951 932//928
f 908//904 932//928 933//929
f 909//905 933//929 934//930
f 910//906 934//930 935//931
f 911//907 935//931 936//932
f 912//908 936//932 913//933
f 913//933 937//957 938//934
f 914//910 938//934 939//935
f 915//911 939//935 940//936
f 916//912 940//936 941//937
f 917//913 941//937 942//938
f 918//914 942//938 943//939
f 943//939 944//940 920//916
f 944//940 945//941 921//917
f 945//941 946//942 922//918
f 946//942 947//943 923//919
f 947//943 948//944 924//920
f 948//944 949//945 925//921
f 949//945 950//946 926//922
f 950//946 951//947 927//923
f 951//947 952//948 928//924
f 952//948 953//949 929//925
f 953//949 954//950 930//926
f 954//950 955//975 931//951
f 931//951 955//975 956//952
f 932//928 956//952 957//953
f 933//929 957//953 958//954
f 934//930 958//954 959//955
f 935//931 959//955 960//956
f 936//932 960//956 937//957
f 937//957 961//981 962//958
f 938//934 962//958 963//959
f 939//935 963//959 964//960
f 940//936 964//960 965//961
f 941//937 965//961 966//962
f 942//938 966//962 967//963
f 967//963 968//964 944//940
f 968//964 969//965 945//941
f 969//965 970//966 946//942
f 970//966 971//967 947//943
f 971//967 972//968 948//944
f 972//968 973//969 949//945
f 973//969 974//970 950//946
f 974//970 975//971 951//947
f 975//971 976//972 952//948
f 976//972 977//973 953//949
f 977//973 978//974 954//950
f 978//974 979//999 955//975
f 955//975 979//999 980//976
f 956//952 980//976 981//977
f 957//953 981//977 982//978
f 958//954 982//978 983//979
f 959//955 983//979 984//980
f 960//956 984//980 961//981
f 961//981 985//1005 986//982
f 962//958 986//982 987//983
f 963//959 987//983 988//984
f 964//960 988//984 989//985
f 965//961 989//985 990//986
f 966//962 990//986 991//987
f 991//987 992//988 968//964
f 992//988 993//989 969//965
f 993//989 994//990 970//966
f 994//990 995//991 971//967
f 995//991 996//992 972//968
f 996//992 997//993 973//969
f 997//993 998//994 974//970
f 998//994 999//995 975//971
f 999//995 1000//996 976//972
f 1000//996 1001//997 977//973
f 1001//997 1002//998 978//974
f 1002//998 1003//1023 979//999
f 979//999 1003//1023 1004//1000
f 980//976 1004//1000 1005//1001
f 981//977 1005//1001 1006//1002
f 982//978 1006//1002 1007//1003
f 983//979 1007//1003 1008//1004
f 984//980 1008//1004 985//1005
f 985//1005 1009//1029 1010//1006
f 986//982 1010//1006 1011//1007
f 987//983 1011//1007 1012//1008
f 988//984 1012//1008 1013//1009
f 989//985 1013//1009 1014//1010
f 990//986 1014//1010 1015//1011
f 1015//1011 1016//1012 992//988
f 1016//1012 1017//1013 993//989
f 1017//1013 1018//1014 994//990
f 1018//1014 1019//1015 995//991
f 1019//1015 1020//1016 996//992
f 1020//1016 1021//1017 997//993
f 1021//1017 1022//1018 998//994
f 1022//1018 1023//1019 999//995
f 1023//1019 1024//1020 1000//996
f 1024//1020 1025//1021 1001//997
f 1025//1021 1026//1022 1002//998
f 1026//1022 1027//1047 1003//1023
f 1003//1023 1027//1047 1028//1024
f 1004//1000 1028//1024 1029//1025
f 1005//1001 1029//1025 1030//1026
f 1006//1002 1030//1026 1031//1027
f 1007//1003 1031//1027 1032//1028
f 1008//1004 1032//1028 1009//1029
f 1009//1029 1033//1053 1034//1030
f 1010//1006 1034//1030 1035//1031
f 1011//1007 1035//1031 1036//1032
f 1012//1008 1036//1032 1037//1033
f 1013//1009 1037//1033 1038//1034
f 1014//1010 1038//1034 1039//1035
f 1039//1035 1040//1036 1016//1012
f 1040//1036 1041//1037 1017//1013
f 1041//1037 1042//1038 1018//1014
f 1042//1038 1043//1039 1019//1015
f 1043//1039 1044//1040 1020//1016
f 1044//1040 1045//1041 1021//1017
f 1045//1041 1046//1042 1022//1018
f 1046//1042 1047//1043 1023//1019
f 1047//1043 1048//1044 1024//1020
f 1048//1044 1049//1045 1025//1021
f 1049//1045 1050//1046 1026//1022
f 1050//1046 1051//1071 1027//1047
f 1027//1047 1051//1071 1052//1048
f 1028//1024 1052//1048 1053//1049
f 1029//1025 1053//1049 1054//1050
f 1030//1026 1054//1050 1055//1051
f 1031//1027 1055//1051 1056//1052
f 1032//1028 1056//1052 1033//1053
f 1033//1053 1057//1077 1058//1054
f 1034//1030 1058//1054 1059//1055
f 1035//1031 1059//1055 1060//1056
f 1036//1032 1060//1056 1061//1057
f 1037//1033 1061//1057 1062//1058
f 1038//1034 1062//1058 1063//1059
f 1063//1059 1064//1060 1040//1036
f 1064//1060 1065//1061 1041//1037
f 1065//1061 1066//1062 1042//1038
f 1066//1062 1067//1063 1043//1039
f 1067//1063 1068//1064 1044//1040
f 1068//1064 1069//1065 1045//1041
f 1069//1065 1070//1066 1046//1042
f 1070//1066 1071//1067 1047//1043
f 1071//1067 1072//1068 1048//1044
f 1072//1068 1073//1069 1049//1045
f 1073//1069 1074//1070 1050//1046
f 1074//1070 1075//1095 1051//1071
f 1051//1071 1075//1095 1076//1072
f 1052//1048 1076//1072 1077//1073
f 1053//1049 1077//1073 1078//1074
f 1054//1050 1078//1074 1079//1075
f 1055//1051 1079//1075 1080//1076
f 1056//1052 1080//1076 1057//1077
f 1057//1077 1081//1101 1082//1078
f 1058//1054 1082//1078 1083//1079
f 1059//1055 1083//1079 1084//1080
f 1060//1056 1084//1080 1085//1081
f 1061//1057 1085//1081 1086//1082
f 1062//1058 1086//1082 1087//1083
f 1087//1083 1088//1084 1064//1060
f 1088//1084 1089//1085 1065//1061
f 1089//1085 1090//1086 1066//1062
f 1090//1086 1091//1087 1067//1063
f 1091//1087 1092//1088 1068//1064
f 1092//1088 1093//1089 1069//1065
f 1093//1089 1094//1090 1070//1066
f 1094//1090 1095//1091 1071//1067
f 1095//1091 1096//1092 1072//1068
f 1096//1092 1097//1093 1073//1069
f 1097//1093 1098//1094 1074//1070
f 1098//1094 1099//1119 1075//1095
f 1075//1095 1099//1119 1100//1096
f 1076//1072 1100//1096 1101//1097
f 1077//1073 1101//1097 1102//1098
f 1078//1074 1102//1098 1103//1099
f 1079//1075 1103//1099 1104//1100
f 1080//1076 1104//1100 1081//1101
f 1081//1101 1105//1125 1106//1102
f 1082//1078 1106//1102 1107//1103
f 1083//1079 1107//1103 1108//1104
f 1084//1080 1108//1104 1109//1105
f 1085//1081 1109//1105 1110//1106
f 1086//1082 1110//1106 1111//1107
f 1111//1107 1112//1108 1088//1084
f 1112//1108 1113//1109 1089//1085
f 1113//1109 1114//1110 1090//1086
f 1114//1110 1115//1111 1091//1087
f 1115//1111 1116//1112 1092//1088
f 1116//1112 1117//1113 1093//1089
f 1117//1113 1118//1114 1094//1090
f 1118//1114 1119//1115 1095//1091
f 1119//1115 1120//1116 1096//1092
f 1120//1116 1121//1117 1097//1093
f 1121//1117 1122//1118 1098//1094
f 1122//1118 1123//1143 1099//1119
f 1099//1119 1123//1143 1124//1120
f 1100//1096 1124//1120 1125//1121
f 1101//1097 1125//1121 1126//1122
f 1102//1098 1126//1122 1127//1123
f 1103//1099 1127//1123 1128//1124
f 1104//1100 1128//1124 1105//1125
f 1105//1125 1129//1149 1130//1126
f 1106//1102 1130//1126 1131//1127
f 1107//1103 1131//1127 1132//1128
f 1108//1104 1132//1128 1133//1129
f 1109//1105 1133//1129 1134//1130
f 1110//1106 1134//1130 1135//1131
f 1135//1131 1136//1132 1112//1108
f 1136//1132 1137//1133 1113//1109
f 1137//1133 1138//1134 1114//1110
f 1138//1134 1139//1135 1115//1111
f 1139//1135 1140//1136 1116//1112
f 1140//1136 1141//1137 1117//1113
f 1141//1137 1142//1138 1118//1114
f 1142//1138 1143//1139 1119//1115
f 1143//1139 1144//1140 1120//1116
f 1144//1140 1145//1141 1121//1117
f 1145//1141 1146//1142 1122//1118
f 1146//1142 1147//1167 1123//1143
f 1123//1143 1147//1167 1148//1144
f 1124//1120 1148//1144 1149//1145
f 1125//1121 1149//1145 1150//1146
f 1126//1122 1150//1146 1151//1147
f 1127//1123 1151//1147 1152//1148
f 1128//1124 1152//1148 1129//1149
f 1129//1149 1153//1173 1154//1150
f 1130//1126 1154//1150 1155//1151
f 1131//1127 1155//1151 1156//1152
f 1132//1128 1156//1152 1157//1153
f 1133//1129 1157//1153 1158//1154
f 1134//1130 1158//1154 1159//1155
f 1159//1155 1160//1156 1136//1132
f 1160//1156 1161//1157 1137//1133
f 1161//1157 1162//1158 1138//1134
f 1162//1158 1163//1159 1139//1135
f 1163//1159 1164//1160 1140//1136
f 1164//1160 1165//1161 1141//1137
f 1165//1161 1166//1162 1142//1138
f 1166//1162 1167//1163 1143//1139
f 1167//1163 1168//1164 1144//1140
f 1168//1164 1169//1165 1145//1141
f 1169//1165 1170//1166 1146//1142
f 1170//1166 1171//1191 1147//1167
f 1147//1167 1171//1191 1172//1168
f 1148//1144 1172//1168 1173//1169
f 1149//1145 1173//1169 1174//1170
f 1150//1146 1174//1170 1175//1171
f 1151//1147 1175//1171 1176//1172
f 1152//1148 1176//1172 1153//1173
f 1153//1173 1177//1197 1178//1174
f 1154//1150 1178//1174 1179//1175
f 1155//1151 1179//1175 1180//1176
f 1156//1152 1180//1176 1181//1177
f 1157//1153 1181//1177 1182//1178
f 1158//1154 1182//1178 1183//1179
f 1183//1179 1184//1180 1160//1156
f 1184//1180 1185//1181 1161//1157
f 1185//1181 1186//1182 1162//1158
f 1186//1182 1187//1183 1163//1159
f 1187//1183 1188//1184 1164//1160
f 1188//1184 1189//1185 1165//1161
f 1189//1185 1190//1186 1166//1162
f 1190//1186 1191//1187 1167//1163
f 1191//1187 1192//1188 1168//1164
f 1192//1188 1193//1189 1169//1165
f 1193//1189 1194//1190 1170//1166
f 1194//1190 1195//1215 1171//1191
f 1171//1191 1195//1215 1196//1192
f 1172//1168 1196//1192 1197//1193
f 1173//1169 1197//1193 1198//1194
f 1174//1170 1198//1194 1199//1195
f 1175//1171 1199//1195 1200//1196
f 1176//1172 1200//1196 1177//1197
f 1177//1197 1201//1221 1202//1198
f 1178//1174 1202//1198 1203//1199
f 1179//1175 1203//1199 1204//1200
f 1180//1176 1204//1200 1205//1201
f 1181//1177 1205//1201 1206//1202
f 1182//1178 1206//1202 1207//1203
f 1207//1203 1208//1204 1184//1180
f 1208//1204 1209//1205 1185//1181
f 1209//1205 1210//1206 1186//1182
f 1210//1206 1211//1207 1187//1183
f 1211//1207 1212//1208 1188//1184
f 1212//1208 1213//1209 1189//1185
f 1213//1209 1214//1210 1190//1186
f 1214//1210 1215//1211 1191//1187
f 1215//1211 1216//1212 1192//1188
f 1216//1212 1217//1213 1193//1189
f 1217//1213 1218//1214 1194//1190
f 1218//1214 1219//1239 1195//1215
f 1195//1215 1219//1239 1220//1216
f 1196//1192 1220//1216 1221//1217
f 1197//1193 1221//1217 1222//1218
f 1198//1194 1222//1218 1223//1219
f 1199//1195 1223//1219 1224//1220
f 1200//1196 1224//1220 1201//1221
f 1201//1221 1225//1245 1226//1222
f 1202//1198 1226//1222 1227//1223
f 1203//1199 1227//1223 1228//1224
f 1204//1200 1228//1224 1229//1225
f 1205//1201 1229//1225 1230//1226
f 1206//1202 1230//1226 1231//1227
f 1231//1227 1232//1228 1208//1204
f 1232//1228 1233//1229 1209//1205
f 1233//1229 1234//1230 1210//1206
f 1234//1230 1235//1231 1211//1207
f 1235//1231 1236//1232 1212//1208
f 1236//1232 1237//1233 1213//1209
f 1237//1233 1238//1234 1214//1210
f 1238//1234 1239//1235 1215//1211
f 1239//1235 1240//1236 1216//1212
f 1240//1236 1241//1237 1217//1213
f 1241//1237 1242//1238 1218//1214
f 1242//1238 1243//1263 1219//1239
f 1219//1239 1243//1263 1244//1240
f 1220//1216 1244//1240 1245//1241
f 1221//1217 1245//1241 1246//1242
f 1222//1218 1246//1242 1247//1243
f 1223//1219 1247//1243 1248//1244
f 1224//1220 1248//1244 1225//1245
f 1225//1245 1249//1269 1250//1246
f 1226//1222 1250//1246 1251//1247
f 1227//1223 1251//1247 1252//1248
f 1228//1224 1252//1248 1253//1249
f 1229//1225 1253//1249 1254//1250
f 1230//1226 1254//1250 1255//1251
f 1255//1251 1256//1252 1232//1228
f 1256//1252 1257//1253 1233//1229
f 1257//1253 1258//1254 1234//1230
f 1258//1254 1259//1255 1235//1231
f 1259//1255 1260//1256 1236//1232
f 1260//1256 1261//1257 1237//1233
f 1261//1257 1262//1258 1238//1234
f 1262//1258 1263//1259 1239//1235
f 1263//1259 1264//1260 1240//1236
f 1264//1260 1265//1261 1241//1237
f 1265//1261 1266//1262 1242//1238
f 1266//1262 1267//1287 1243//1263
f 1243//1263 1267//1287 1268//1264
f 1244//1240 1268//1264 1269//1265
f 1245//1241 1269//1265 1270//1266
f 1246//1242 1270//1266 1271//1267
f 1247//1243 1271//1267 1272//1268
f 1248//1244 1272//1268 1249//1269
f 1249//1269 1273//1293 1274//1270
f 1250//1246 1274//1270 1275//1271
f 1251//1247 1275//1271 1276//1272
f 1252//1248 1276//1272 1277//1273
f 1253//1249 1277//1273 1278//1274
f 1254//1250 1278//1274 1279//1275
f 1279//1275 1280//1276 1256//1252
f 1280//1276 1281//1277 1257//1253
f 1281//1277 1282//1278 1258//1254
f 1282//1278 1283//1279 1259//1255
f 1283//1279 1284//1280 1260//1256
f 1284//1280 1285//1281 1261//1257
f 1285//1281 1286//1282 1262//1258
f 1286//1282 1287//1283 1263//1259
f 1287//1283 1288//1284 1264//1260
f 1288//1284 1289//1285 1265//1261
f 1289//1285 1290//1286 1266//1262
f 1290//1286 1291//1311 1267//1287
f 1267//1287 1291//1311 1292//1288
f 1268//1264 1292//1288 1293//1289
f 1269//1265 1293//1289 1294//1290
f 1270//1266 1294//1290 1295//1291
f 1271//1267 1295//1291 1296//1292
f 1272//1268 1296//1292 1273//1293
f 1273//1293 1297//1316 1298//1294
f 1274//1270 1298//1294 1299//1295
f 1275//1271 1299//1295 1300//1296
f 1276//1272 1300//1296 1301//1297
f 1277//1273 1301//1297 1302//1298
f 1278//1274 1302//1298 1303//1299
f 1303//1299 1304//1300 1280//1276
f 1304//1300 1305//1301 1281//1277
f 1305//1301 1306//1302 1282//1278
f 1306//1302 1307//1303 1283//1279
f 1307//1303 1308//1304 1284//1280
f 1308//1304 1309//1305 1285//1281
f 1309//1305 1310//1306 1286//1282
f 1310//1306 1311//1307 1287//1283
f 1311//1307 1312//1308 1288//1284
f 1312//1308 1313//1309 1289//1285
f 1313//1309 1314//1333 1290//1286
f 1290//1286 1314//1333 1315//1310
f 1315//1310 1316//1335 1292//1288
f 1292//1288 1316//1335 1317//1312
f 1293//1289 1317//1312 1318//1313
f 1294//1290 1318//1313 1319//1314
f 1295//1291 1319//1314 1320//1315
f 1296//1292 1320//1315 1297//1316
f 1297//1316 1321//1340 1322//1317
f 1298//1294 1322//1317 1323//1318
f 1299//1295 1323//1318 1324//1319
f 1300//1296 1324//1319 1325//1320
f 1301//1297 1325//1320 1326//1321
f 1302//1298 1326//1321 1327//1322
f 1327//1322 1328//1323 1304//1300
f 1328//1323 1329//1324 1305//1301
f 1329//1324 1330//1325 1306//1302
f 1330//1325 1331//1326 1307//1303
f 1331//1326 1332//1327 1308//1304
f 1332//1327 1333//1328 1309//1305
f 1333//1328 1334//1329 1310//1306
f 1334//1329 1335//1330 1311//1307
f 1335//1330 1336//1331 1312//1308
f 1336//1331 1337//1332 1313//1309
f 1337//1332 1338//1357 1314//1333
f 1314//1333 1338//1357 1339//1334
f 1339//1334 1340//1359 1316//1335
f 1316//1335 1340//1359 1341//1336
f 1317//1312 1341//1336 1342//1337
f 1318//1313 1342//1337 1343//1338
f 1319//1314 1343//1338 1344//1339
f 1320//1315 1344//1339 1321//1340
f 1321//1340 1345//1364 1346//1341
f 1322//1317 1346//1341 1347//1342
f 1323//1318 1347//1342 1348//1343
f 1324//1319 1348//1343 1349//1344
f 1325//1320 1349//1344 1350//1345
f 1326//1321 1350//1345 1351//1346
f 1351//1346 1352//1347 1328//1323
f 1352//1347 1353//1348 1329//1324
f 1353//1348 1354//1349 1330//1325
f 1354//1349 1355//1350 1331//1326
f 1355//1350 1356//1351 1332//1327
f 1356//1351 1357//1352 1333//1328
f 1357//1352 1358//1353 1334//1329
f 1358//1353 1359//1354 1335//1330
f 1359//1354 1360//1355 1336//1331
f 1360//1355 1361//1380 1337//1332
f 1337//1332 1361//1380 1362//1356
f 1338//1357 1362//1356 1363//1358
f 1363//1358 1364//1360 1340//1359
f 1364//1360 1365//1384 1341//1336
f 1341//1336 1365//1384 1366//1361
f 1342//1337 1366//1361 1367//1362
f 1343//1338 1367//1362 1368//1363
f 1344//1339 1368//1363 1345//1364
f 1345//1364 1369//1388 1370//1365
f 1346//1341 1370//1365 1371//1366
f 1347//1342 1371//1366 1372//1367
f 1348//1343 1372//1367 1373//1368
f 1349//1344 1373//1368 1374//1369
f 1350//1345 1374//1369 1375//1370
f 1375//1370 1376//1371 1352//1347
f 1376//1371 1377//1372 1353//1348
f 1377//1372 1378//1373 1354//1349
f 1378//1373 1379//1374 1355//1350
f 1379//1374 1380//1375 1356//1351
f 1380//1375 1381//1376 1357//1352
f 1381//1376 1382//1377 1358//1353
f 1382//1377 1383//1378 1359//1354
f 1383//1378 1384//1379 1360//1355
f 1384//1379 1385//1404 1361//1380
f 1361//1380 1385//1404 1386//1381
f 1362//1356 1386//1381 1387//1382
f 1387//1382 1388//1383 1364//1360
f 1388//1383 1389//1408 1365//1384
f 1365//1384 1389//1408 1390//1385
f 1366//1361 1390//1385 1391//1386
f 1367//1362 1391//1386 1392//1387
f 1368//1363 1392//1387 1369//1388
f 1369//1388 1393//1412 1394//1389
f 1370//1365 1394//1389 1395//1390
f 1371//1366 1395//1390 1396//1391
f 1372//1367 1396//1391 1397//1392
f 1373//1368 1397//1392 1398//1393
f 1374//1369 1398//1393 1399//1394
f 1399//1394 1400//1395 1376//1371
f 1400//1395 1401//1396 1377//1372
f 1401//1396 1402//1397 1378//1373
f 1402//1397 1403//1398 1379//1374
f 1403//1398 1404//1399 1380//1375
f 1404//1399 1405//1400 1381//1376
f 1405//1400 1406//1401 1382//1377
f 1406//1401 1407//1426 1383//1378
f 1383//1378 1407//1426 1408//1402
f 1384//1379 1408//1402 1409//1403
f 1385//1404 1409//1403 1410//1405
f 1386//1381 1410//1405 1411//1406
f 1411//1406 1412//1407 1388//1383
f 1412//1407 1413//1409 1389//1408
f 1413//1409 1414//1410 1390//1385
f 1414//1410 1415//1434 1391//1386
f 1391//1386 1415//1434 1416//1411
f 1392//1387 1416//1411 1393//1412
f 1393//1412 1417//1436 1418//1413
f 1394//1389 1418//1413 1419//1414
f 1395//1390 1419//1414 1420//1415
f 1396//1391 1420//1415 1421//1416
f 1397//1392 1421//1416 1422//1417
f 1398//1393 1422//1417 1423//1418
f 1423//1418 1424//1419 1400//1395
f 1424//1419 1425//1420 1401//1396
f 1425//1420 1426//1421 1402//1397
f 1426//1421 1427//1422 1403//1398
f 1427//1422 1428//1423 1404//1399
f 1428//1423 1429//1424 1405//1400
f 1429//1424 1430//1425 1406//1401
f 1430//1425 1431//1450 1407//1426
f 1407//1426 1431//1450 1432//1427
f 1408//1402 1432//1427 1433//1428
f 1409//1403 1433//1428 1434//1429
f 1410//1405 1434//1429 1435//1430
f 1435//1430 1436//1431 1412//1407
f 1436//1431 1437//1432 1413//1409
f 1437//1432 1438//1433 1414//1410
f 1438//1433 1439//1458 1415//1434
f 1415//1434 1439//1458 1440//1435
f 1416//1411 1440//1435 1417//1436
f 1417//1436 1441//1460 1442//1437
f 1418//1413 1442//1437 1443//1438
f 1419//1414 1443//1438 1444//1439
f 1420//1415 1444//1439 1445//1440
f 1421//1416 1445//1440 1446//1441
f 1422//1417 1446//1441 1447//1442
f 1447//1442 1448//1443 1424//1419
f 1448//1443 1449//1444 1425//1420
f 1449//1444 1450//1445 1426//1421
f 1450//1445 1451//1446 1427//1422
f 1451//1446 1452//1447 1428//1423
f 1452//1447 1453//1448 1429//1424
f 1453//1448 1454//1473 1430//1425
f 1430//1425 1454//1473 1455//1449
f 1431//1450 1455//1449 1456//1451
f 1432//1427 1456//1451 1457//1452
f 1433//1428 1457//1452 1458//1453
f 1434//1429 1458//1453 1459//1454
f 1459//1454 1460//1455 1436//1431
f 1460//1455 1461//1456 1437//1432
f 1461//1456 1462//1457 1438//1433
f 1462//1457 1463//1459 1439//1458
f 1463//1459 1464//1483 1440//1435
f 1440//1435 1464//1483 1441//1460
f 1441//1460 1465//1484 1466//1461
f 1442//1437 1466//1461 1467//1462
f 1443//1438 1467//1462 1468//1463
f 1444//1439 1468//1463 1469//1464
f 1445//1440 1469//1464 1470//1465
f 1446//1441 1470//1465 1471//1466
f 1471//1466 1472//1467 1448//1443
f 1472//1467 1473//1468 1449//1444
f 1473//1468 1474//1469 1450//1445
f 1474//1469 1475//1470 1451//1446
f 1475//1470 1476//1471 1452//1447
f 1476//1471 1477//1472 1453//1448
f 1477//1472 1478//1497 1454//1473
f 1454//1473 1478//1497 1479//1474
f 1455//1449 1479//1474 1480//1475
f 1456//1451 1480//1475 1481//1476
f 1457//1452 1481//1476 1482//1477
f 1458//1453 1482//1477 1483//1478
f 1483//1478 1484//1479 1460//1455
f 1484//1479 1485//1480 1461//1456
f 1485//1480 1486//1481 1462//1457
f 1486//1481 1487//1482 1463//1459
f 1487//1482 1488//1507 1464//1483
f 1464//1483 1488//1507 1465//1484
f 1465//1484 1489//1508 1490//1485
f 1466//1461 1490//1485 1491//1486
f 1467//1462 1491//1486 1492//1487
f 1468//1463 1492//1487 1493//1488
f 1469//1464 1493//1488 1494//1489
f 1470//1465 1494//1489 1495//1490
f 1495//1490 1496//1491 1472//1467
f 1496//1491 1497//1492 1473//1468
f 1497//1492 1498//1493 1474//1469
f 1498//1493 1499//1494 1475//1470
f 1499//1494 1500//1495 1476//1471
f 1500//1495 1501//1496 1477//1472
f 1501//1496 1502//1521 1478//1497
f 1478//1497 1502//1521 1503//1498
f 1479//1474 1503//1498 1504//1499
f 1480//1475 1504//1499 1505//1500
f 1481//1476 1505//1500 1506//1501
f 1482//1477 1506//1501 1507//1502
f 1507//1502 1508//1503 1484//1479
f 1508//1503 1509//1504 1485//1480
f 1509//1504 1510//1505 1486//1481
f 1510//1505 1511//1506 1487//1482
f 1511//1506 1512//1531 1488//1507
f 1488//1507 1512//1531 1489//1508
f 1489//1508 1513//1532 1514//1509
f 1490//1485 1514//1509 1515//1510
f 1491//1486 1515//1510 1516//1511
f 1492//1487 1516//1511 1517//1512
f 1493//1488 1517//1512 1518//1513
f 1494//1489 1518//1513 1519//1514
f 1519//1514 1520//1515 1496//1491
f 1520//1515 1521//1516 1497//1492
f 1521//1516 1522//1517 1498//1493
f 1522//1517 1523//1518 1499//1494
f 1523//1518 1524//1519 1500//1495
f 1524//1519 1525//1520 1501//1496
f 1525//1520 1526//1545 1502//1521
f 1502//1521 1526//1545 1527//1522
f 1503//1498 1527//1522 1528//1523
f 1504//1499 1528//1523 1529//1524
f 1505//1500 1529//1524 1530//1525
f 1506//1501 1530//1525 1531//1526
f 1531//1526 1532//1527 1508//1503
f 1532//1527 1533//1528 1509//1504
f 1533//1528 1534//1529 1510//1505
f 1534//1529 1535//1530 1511//1506
f 1535//1530 1536//1555 1512//1531
f 1512//1531 1536//1555 1513//1532
f 1513//1532 1537//1556 1538//1533
f 1514//1509 1538//1533 1539//1534
f 1515//1510 1539//1534 1540//1535
f 1516//1511 1540//1535 1541//1536
f 1517//1512 1541//1536 1542//1537
f 1518//1513 1542//1537 1543//1538
f 1543//1538 1544//1539 1520//1515
f 1544//1539 1545//1540 1521//1516
f 1545//1540 1546//1541 1522//1517
f 1546//1541 1547//1542 1523//1518
f 1547//1542 1548//1543 1524//1519
f 1548//1543 1549//1544 1525//1520
f 1549//1544 1550//1559 1526//1545
f 1526//1545 1550//1559 1551//1546
f 1527//1522 1551//1546 1552//1547
f 1528//1523 1552//1547 1553//1548
f 1529//1524 1553//1548 1554//1549
f 1530//1525 1554//1549 1555//1550
f 1555//1550 1556//1551 1532//1527
f 1556//1551 1557//1552 1533//1528
f 1557//1552 1558//1553 1534//1529
f 1558//1553 1559//1554 1535//1530
f 1559//1554 1560//1560 1536//1555
f 1536//1555 1560//1560 1537//1556
s 0
f 23//1557 24//1557 1//1557
f 1//1557 2//1557 3//1557
f 3//1557 4//1557 5//1557
f 5//1557 6//1557 7//1557
f 7//1557 8//1557 9//1557
f 9//1557 10//1557 11//1557
f 11//1557 12//1557 13//1557
f 13//1557 14//1557 15//1557
f 15//1557 16//1557 17//1557
f 17//1557 18//1557 19//1557
f 19//1557 20//1557 21//1557
f 21//1557 22//1557 23//1557
f 23//1557 1//1557 3//1557
f 3//1557 5//1557 7//1557
f 7//1557 9//1557 11//1557
f 11//1557 13//1557 15//1557
f 15//1557 17//1557 19//1557
f 19//1557 21//1557 23//1557
f 23//1557 3//1557 7//1557
f 7//1557 11//1557 15//1557
f 15//1557 19//1557 23//1557
f 1538//1558 1537//1558 1560//1558
f 1560//1561 1559//1561 1558//1561
f 1558//1558 1557//1558 1556//1558
f 1556//1558 1555//1558 1554//1558
f 1554//1561 1553//1561 1552//1561
f 1552//1562 1551//1562 1550//1562
f 1550//1558 1549//1558 1548//1558
f 1548//1563 1547//1563 1546//1563
f 1546//1558 1545//1558 1544//1558
f 1544//1558 1543//1558 1542//1558
f 1542//1563 1541//1563 1540//1563
f 1540//1564 1539//1564 1538//1564
f 1538//1558 1560//1558 1558//1558
f 1558//1564 1556//1564 1554//1564
f 1554//1564 1552//1564 1550//1564
f 1550//1558 1548//1558 1546//1558
f 1546//1562 1544//1562 1542//1562
f 1542//1562 1540//1562 1538//1562
f 1538//1558 1558//1558 1554//1558
f 1554//1558 1550//1558 1546//1558
f 1546//1558 1542//1558 1538//1558
