# Blender 4.5.0
# www.blender.org
mtllib mesh_002.mtl
o mesh_002
v -0.149853 -0.534316 -0.001800
v -0.147418 -0.526301 -0.002500
v -0.149750 -0.534346 -0.001800
v -0.148774 -0.530268 -0.002295
v -0.149260 -0.532507 -0.002204
v -0.148448 -0.530375 -0.002295
v -0.149884 -0.534608 -0.001800
v 0.048000 -0.018000 -0.001800
v 0.047300 -0.017871 -0.002500
v 0.047790 -0.017961 -0.002295
v 0.048000 0.047000 -0.001800
v 0.047300 0.047102 -0.002500
v 0.047792 0.047030 -0.002295
v 0.065000 0.104000 -0.001800
v 0.064343 0.104248 -0.002500
v 0.064807 0.104073 -0.002295
v 0.156364 0.303959 -0.001800
v 0.156699 0.303013 -0.001800
v 0.156040 0.303255 -0.002500
v 0.156723 0.303554 -0.001800
v 0.156597 0.303497 -0.002204
v 0.156501 0.303074 -0.002295
v 0.156273 0.303752 -0.002294
v 0.144996 0.308785 -0.001800
v 0.145961 0.309089 -0.001800
v 0.145049 0.308672 -0.002500
v 0.145418 0.309128 -0.001800
v 0.145334 0.309047 -0.002204
v 0.145589 0.309019 -0.002294
v 0.144997 0.308725 -0.002298
v 0.037000 0.112000 -0.001800
v 0.035797 0.109551 -0.002500
v 0.036648 0.111283 -0.002295
v -0.030120 0.034310 -0.001800
v -0.029541 0.035528 -0.001800
v -0.029339 0.034694 -0.002500
v -0.029901 0.034953 -0.001800
v -0.029813 0.034913 -0.002204
v -0.029549 0.035206 -0.002295
v -0.029873 0.034526 -0.002295
v -0.041000 -0.028000 -0.001800
v -0.040271 -0.027918 -0.002500
v -0.040778 -0.027931 -0.002295
v -0.149853 -0.534316 0.001800
v -0.149750 -0.534346 0.001800
v -0.147418 -0.526301 0.002500
v -0.149884 -0.534608 0.001800
v -0.149260 -0.532507 0.002204
v -0.148448 -0.530375 0.002295
v -0.148774 -0.530268 0.002295
v 0.048000 -0.018000 0.001800
v 0.047300 -0.017871 0.002500
v 0.047790 -0.017961 0.002295
v 0.048000 0.047000 0.001800
v 0.047300 0.047102 0.002500
v 0.047792 0.047030 0.002295
v 0.065000 0.104000 0.001800
v 0.064343 0.104248 0.002500
v 0.064807 0.104073 0.002295
v 0.156699 0.303013 0.001800
v 0.156364 0.303959 0.001800
v 0.156040 0.303255 0.002500
v 0.156729 0.303568 0.001800
v 0.156596 0.303497 0.002204
v 0.156263 0.303739 0.002295
v 0.156500 0.303070 0.002295
v 0.145961 0.309089 0.001800
v 0.144996 0.308785 0.001800
v 0.145049 0.308672 0.002500
v 0.145418 0.309128 0.001800
v 0.145334 0.309047 0.002204
v 0.144997 0.308725 0.002298
v 0.145589 0.309019 0.002294
v 0.037000 0.112000 0.001800
v 0.035797 0.109551 0.002500
v 0.036648 0.111283 0.002295
v -0.029541 0.035528 0.001800
v -0.030120 0.034310 0.001800
v -0.029339 0.034694 0.002500
v -0.029901 0.034953 0.001800
v -0.029813 0.034913 0.002204
v -0.029873 0.034526 0.002295
v -0.029549 0.035206 0.002295
v -0.040271 -0.027918 0.002500
v -0.041000 -0.028000 0.001800
v -0.040778 -0.027931 0.002295
v 0.250000 0.365000 -0.001800
v 0.249298 0.365000 -0.002500
v 0.249905 0.365000 -0.002150
v 0.249649 0.365000 -0.002406
v 0.248706 0.374045 -0.002500
v 0.249401 0.374137 -0.001800
v 0.249053 0.374091 -0.002406
v 0.249307 0.374124 -0.002150
v 0.246937 0.382936 -0.002500
v 0.247615 0.383117 -0.001800
v 0.247275 0.383026 -0.002406
v 0.247524 0.383093 -0.002150
v 0.244023 0.391519 -0.002500
v 0.244672 0.391788 -0.001800
v 0.244347 0.391653 -0.002406
v 0.244584 0.391752 -0.002150
v 0.240014 0.399649 -0.002500
v 0.240622 0.400000 -0.001800
v 0.240318 0.399824 -0.002406
v 0.240540 0.399953 -0.002150
v 0.234978 0.407186 -0.002500
v 0.235535 0.407613 -0.001800
v 0.235256 0.407399 -0.002406
v 0.235460 0.407556 -0.002150
v 0.229001 0.414001 -0.002500
v 0.229497 0.414497 -0.001800
v 0.229249 0.414249 -0.002406
v 0.229431 0.414431 -0.002150
v 0.222186 0.419978 -0.002500
v 0.222613 0.420535 -0.001800
v 0.222399 0.420256 -0.002406
v 0.222556 0.420460 -0.002150
v 0.214649 0.425014 -0.002500
v 0.215000 0.425622 -0.001800
v 0.214824 0.425318 -0.002406
v 0.214953 0.425540 -0.002150
v 0.206519 0.429023 -0.002500
v 0.206788 0.429672 -0.001800
v 0.206653 0.429347 -0.002406
v 0.206752 0.429584 -0.002150
v 0.197936 0.431937 -0.002500
v 0.198117 0.432615 -0.001800
v 0.198026 0.432275 -0.002406
v 0.198093 0.432523 -0.002150
v 0.189045 0.433706 -0.002500
v 0.189137 0.434401 -0.001800
v 0.189091 0.434053 -0.002406
v 0.189124 0.434307 -0.002150
v 0.180000 0.434298 -0.002500
v 0.180000 0.435000 -0.001800
v 0.180000 0.434649 -0.002406
v 0.180000 0.434905 -0.002150
v 0.170955 0.433706 -0.002500
v 0.170863 0.434401 -0.001800
v 0.170909 0.434053 -0.002406
v 0.170876 0.434307 -0.002150
v 0.162064 0.431937 -0.002500
v 0.161883 0.432615 -0.001800
v 0.161974 0.432275 -0.002406
v 0.161907 0.432523 -0.002150
v 0.153481 0.429023 -0.002500
v 0.153212 0.429672 -0.001800
v 0.153347 0.429347 -0.002406
v 0.153248 0.429584 -0.002150
v 0.145351 0.425014 -0.002500
v 0.145000 0.425622 -0.001800
v 0.145176 0.425318 -0.002406
v 0.145047 0.425540 -0.002150
v 0.137814 0.419978 -0.002500
v 0.137387 0.420535 -0.001800
v 0.137601 0.420256 -0.002406
v 0.137444 0.420460 -0.002150
v 0.130999 0.414001 -0.002500
v 0.130503 0.414497 -0.001800
v 0.130751 0.414249 -0.002406
v 0.130569 0.414431 -0.002150
v 0.125022 0.407186 -0.002500
v 0.124465 0.407613 -0.001800
v 0.124744 0.407399 -0.002406
v 0.124540 0.407556 -0.002150
v 0.119986 0.399649 -0.002500
v 0.119378 0.400000 -0.001800
v 0.119682 0.399824 -0.002406
v 0.119460 0.399953 -0.002150
v 0.115977 0.391519 -0.002500
v 0.115328 0.391788 -0.001800
v 0.115653 0.391653 -0.002406
v 0.115416 0.391752 -0.002150
v 0.113063 0.382936 -0.002500
v 0.112385 0.383117 -0.001800
v 0.112725 0.383026 -0.002406
v 0.112476 0.383093 -0.002150
v 0.111294 0.374045 -0.002500
v 0.110599 0.374137 -0.001800
v 0.110947 0.374091 -0.002406
v 0.110693 0.374124 -0.002150
v 0.110702 0.365000 -0.002500
v 0.110000 0.365000 -0.001800
v 0.110351 0.365000 -0.002406
v 0.110095 0.365000 -0.002150
v 0.111294 0.355955 -0.002500
v 0.110599 0.355863 -0.001800
v 0.110947 0.355909 -0.002406
v 0.110693 0.355875 -0.002150
v 0.113063 0.347064 -0.002500
v 0.112385 0.346883 -0.001800
v 0.112725 0.346974 -0.002406
v 0.112476 0.346907 -0.002150
v 0.115977 0.338481 -0.002500
v 0.115328 0.338212 -0.001800
v 0.115653 0.338347 -0.002406
v 0.115416 0.338248 -0.002150
v 0.119986 0.330351 -0.002500
v 0.119378 0.330000 -0.001800
v 0.119682 0.330176 -0.002406
v 0.119460 0.330047 -0.002150
v 0.125022 0.322814 -0.002500
v 0.124465 0.322387 -0.001800
v 0.124744 0.322601 -0.002406
v 0.124540 0.322444 -0.002150
v 0.130999 0.315999 -0.002500
v 0.130503 0.315503 -0.001800
v 0.130751 0.315751 -0.002406
v 0.130569 0.315569 -0.002150
v 0.137814 0.310022 -0.002500
v 0.137387 0.309465 -0.001800
v 0.137601 0.309744 -0.002406
v 0.137444 0.309540 -0.002150
v 0.145351 0.304986 -0.002500
v 0.145000 0.304378 -0.001800
v 0.145176 0.304682 -0.002406
v 0.145047 0.304460 -0.002150
v 0.153481 0.300977 -0.002500
v 0.153212 0.300328 -0.001800
v 0.153347 0.300653 -0.002406
v 0.153248 0.300416 -0.002150
v 0.162064 0.298063 -0.002500
v 0.161883 0.297385 -0.001800
v 0.161974 0.297724 -0.002406
v 0.161907 0.297476 -0.002150
v 0.170955 0.296294 -0.002500
v 0.170863 0.295599 -0.001800
v 0.170909 0.295947 -0.002406
v 0.170876 0.295693 -0.002150
v 0.180000 0.295702 -0.002500
v 0.180000 0.295000 -0.001800
v 0.180000 0.295351 -0.002406
v 0.180000 0.295094 -0.002150
v 0.189045 0.296294 -0.002500
v 0.189137 0.295599 -0.001800
v 0.189091 0.295947 -0.002406
v 0.189124 0.295693 -0.002150
v 0.197936 0.298063 -0.002500
v 0.198117 0.297385 -0.001800
v 0.198026 0.297724 -0.002406
v 0.198093 0.297476 -0.002150
v 0.206519 0.300977 -0.002500
v 0.206788 0.300328 -0.001800
v 0.206653 0.300653 -0.002406
v 0.206752 0.300416 -0.002150
v 0.214649 0.304986 -0.002500
v 0.215000 0.304378 -0.001800
v 0.214824 0.304682 -0.002406
v 0.214953 0.304460 -0.002150
v 0.222186 0.310022 -0.002500
v 0.222613 0.309465 -0.001800
v 0.222399 0.309744 -0.002406
v 0.222556 0.309540 -0.002150
v 0.229001 0.315999 -0.002500
v 0.229497 0.315503 -0.001800
v 0.229249 0.315751 -0.002406
v 0.229431 0.315569 -0.002150
v 0.234978 0.322814 -0.002500
v 0.235535 0.322387 -0.001800
v 0.235256 0.322601 -0.002406
v 0.235460 0.322444 -0.002150
v 0.240014 0.330351 -0.002500
v 0.240622 0.330000 -0.001800
v 0.240318 0.330176 -0.002406
v 0.240540 0.330047 -0.002150
v 0.244023 0.338481 -0.002500
v 0.244672 0.338212 -0.001800
v 0.244347 0.338347 -0.002406
v 0.244584 0.338248 -0.002150
v 0.246937 0.347064 -0.002500
v 0.247615 0.346883 -0.001800
v 0.247275 0.346974 -0.002406
v 0.247524 0.346907 -0.002150
v 0.248706 0.355955 -0.002500
v 0.249401 0.355863 -0.001800
v 0.249053 0.355909 -0.002406
v 0.249307 0.355875 -0.002150
v 0.242702 0.365000 -0.002500
v 0.242000 0.365000 -0.001800
v 0.242351 0.365000 -0.002406
v 0.242095 0.365000 -0.002150
v 0.241470 0.373093 -0.001800
v 0.242165 0.373184 -0.002500
v 0.241563 0.373105 -0.002150
v 0.241818 0.373138 -0.002406
v 0.239887 0.381047 -0.001800
v 0.240565 0.381228 -0.002500
v 0.239979 0.381071 -0.002150
v 0.240227 0.381138 -0.002406
v 0.237281 0.388726 -0.001800
v 0.237929 0.388995 -0.002500
v 0.237368 0.388763 -0.002150
v 0.237605 0.388861 -0.002406
v 0.233694 0.396000 -0.001800
v 0.234301 0.396351 -0.002500
v 0.233775 0.396047 -0.002150
v 0.233998 0.396176 -0.002406
v 0.229188 0.402743 -0.001800
v 0.229744 0.403170 -0.002500
v 0.229263 0.402801 -0.002150
v 0.229467 0.402957 -0.002406
v 0.223841 0.408841 -0.001800
v 0.224337 0.409337 -0.002500
v 0.223907 0.408907 -0.002150
v 0.224089 0.409089 -0.002406
v 0.217743 0.414188 -0.001800
v 0.218170 0.414744 -0.002500
v 0.217801 0.414263 -0.002150
v 0.217957 0.414467 -0.002406
v 0.211000 0.418694 -0.001800
v 0.211351 0.419301 -0.002500
v 0.211047 0.418775 -0.002150
v 0.211176 0.418998 -0.002406
v 0.203726 0.422281 -0.001800
v 0.203995 0.422929 -0.002500
v 0.203763 0.422368 -0.002150
v 0.203861 0.422605 -0.002406
v 0.196047 0.424887 -0.001800
v 0.196228 0.425565 -0.002500
v 0.196071 0.424979 -0.002150
v 0.196138 0.425227 -0.002406
v 0.188093 0.426470 -0.001800
v 0.188184 0.427165 -0.002500
v 0.188105 0.426563 -0.002150
v 0.188138 0.426818 -0.002406
v 0.180000 0.427000 -0.001800
v 0.180000 0.427701 -0.002500
v 0.180000 0.427095 -0.002150
v 0.180000 0.427351 -0.002406
v 0.171907 0.426470 -0.001800
v 0.171816 0.427165 -0.002500
v 0.171895 0.426563 -0.002150
v 0.171862 0.426818 -0.002406
v 0.163953 0.424887 -0.001800
v 0.163772 0.425565 -0.002500
v 0.163929 0.424979 -0.002150
v 0.163862 0.425227 -0.002406
v 0.156274 0.422281 -0.001800
v 0.156005 0.422929 -0.002500
v 0.156237 0.422368 -0.002150
v 0.156139 0.422605 -0.002406
v 0.149000 0.418694 -0.001800
v 0.148649 0.419301 -0.002500
v 0.148953 0.418775 -0.002150
v 0.148824 0.418998 -0.002406
v 0.142257 0.414188 -0.001800
v 0.141830 0.414744 -0.002500
v 0.142199 0.414263 -0.002150
v 0.142043 0.414467 -0.002406
v 0.136159 0.408841 -0.001800
v 0.135663 0.409337 -0.002500
v 0.136093 0.408907 -0.002150
v 0.135911 0.409089 -0.002406
v 0.130812 0.402743 -0.001800
v 0.130256 0.403170 -0.002500
v 0.130737 0.402801 -0.002150
v 0.130533 0.402957 -0.002406
v 0.126306 0.396000 -0.001800
v 0.125699 0.396351 -0.002500
v 0.126225 0.396047 -0.002150
v 0.126002 0.396176 -0.002406
v 0.122719 0.388726 -0.001800
v 0.122071 0.388995 -0.002500
v 0.122632 0.388763 -0.002150
v 0.122395 0.388861 -0.002406
v 0.120113 0.381047 -0.001800
v 0.119435 0.381228 -0.002500
v 0.120021 0.381071 -0.002150
v 0.119773 0.381138 -0.002406
v 0.118530 0.373093 -0.001800
v 0.117835 0.373184 -0.002500
v 0.118437 0.373105 -0.002150
v 0.118182 0.373138 -0.002406
v 0.118000 0.365000 -0.001800
v 0.117298 0.365000 -0.002500
v 0.117905 0.365000 -0.002150
v 0.117649 0.365000 -0.002406
v 0.118530 0.356907 -0.001800
v 0.117835 0.356816 -0.002500
v 0.118437 0.356895 -0.002150
v 0.118182 0.356862 -0.002406
v 0.120113 0.348953 -0.001800
v 0.119435 0.348772 -0.002500
v 0.120021 0.348929 -0.002150
v 0.119773 0.348862 -0.002406
v 0.122719 0.341274 -0.001800
v 0.122071 0.341005 -0.002500
v 0.122632 0.341237 -0.002150
v 0.122395 0.341139 -0.002406
v 0.126306 0.334000 -0.001800
v 0.125699 0.333649 -0.002500
v 0.126225 0.333953 -0.002150
v 0.126002 0.333824 -0.002406
v 0.130812 0.327257 -0.001800
v 0.130256 0.326830 -0.002500
v 0.130737 0.327199 -0.002150
v 0.130533 0.327043 -0.002406
v 0.136159 0.321159 -0.001800
v 0.135663 0.320663 -0.002500
v 0.136093 0.321093 -0.002150
v 0.135911 0.320911 -0.002406
v 0.142257 0.315812 -0.001800
v 0.141830 0.315256 -0.002500
v 0.142199 0.315737 -0.002150
v 0.142043 0.315533 -0.002406
v 0.149000 0.311306 -0.001800
v 0.148649 0.310699 -0.002500
v 0.148953 0.311225 -0.002150
v 0.148824 0.311002 -0.002406
v 0.156274 0.307719 -0.001800
v 0.156005 0.307071 -0.002500
v 0.156237 0.307632 -0.002150
v 0.156139 0.307395 -0.002406
v 0.163953 0.305113 -0.001800
v 0.163772 0.304435 -0.002500
v 0.163929 0.305021 -0.002150
v 0.163862 0.304773 -0.002406
v 0.171907 0.303530 -0.001800
v 0.171816 0.302835 -0.002500
v 0.171895 0.303437 -0.002150
v 0.171862 0.303182 -0.002406
v 0.180000 0.303000 -0.001800
v 0.180000 0.302298 -0.002500
v 0.180000 0.302905 -0.002150
v 0.180000 0.302649 -0.002406
v 0.188093 0.303530 -0.001800
v 0.188184 0.302835 -0.002500
v 0.188105 0.303437 -0.002150
v 0.188138 0.303182 -0.002406
v 0.196047 0.305113 -0.001800
v 0.196228 0.304435 -0.002500
v 0.196071 0.305021 -0.002150
v 0.196138 0.304773 -0.002406
v 0.203726 0.307719 -0.001800
v 0.203995 0.307071 -0.002500
v 0.203763 0.307632 -0.002150
v 0.203861 0.307395 -0.002406
v 0.211000 0.311306 -0.001800
v 0.211351 0.310699 -0.002500
v 0.211047 0.311225 -0.002150
v 0.211176 0.311002 -0.002406
v 0.217743 0.315812 -0.001800
v 0.218170 0.315256 -0.002500
v 0.217801 0.315737 -0.002150
v 0.217957 0.315533 -0.002406
v 0.223841 0.321159 -0.001800
v 0.224337 0.320663 -0.002500
v 0.223907 0.321093 -0.002150
v 0.224089 0.320911 -0.002406
v 0.229188 0.327257 -0.001800
v 0.229744 0.326830 -0.002500
v 0.229263 0.327199 -0.002150
v 0.229467 0.327043 -0.002406
v 0.233694 0.334000 -0.001800
v 0.234301 0.333649 -0.002500
v 0.233775 0.333953 -0.002150
v 0.233998 0.333824 -0.002406
v 0.237281 0.341274 -0.001800
v 0.237929 0.341005 -0.002500
v 0.237368 0.341237 -0.002150
v 0.237605 0.341139 -0.002406
v 0.239887 0.348953 -0.001800
v 0.240565 0.348772 -0.002500
v 0.239979 0.348929 -0.002150
v 0.240227 0.348862 -0.002406
v 0.241470 0.356907 -0.001800
v 0.242165 0.356816 -0.002500
v 0.241563 0.356895 -0.002150
v 0.241818 0.356862 -0.002406
v 0.249298 0.365000 0.002500
v 0.250000 0.365000 0.001800
v 0.249649 0.365000 0.002406
v 0.249905 0.365000 0.002150
v 0.249401 0.374137 0.001800
v 0.248706 0.374045 0.002500
v 0.249307 0.374124 0.002150
v 0.249053 0.374091 0.002406
v 0.247615 0.383117 0.001800
v 0.246937 0.382936 0.002500
v 0.247524 0.383093 0.002150
v 0.247275 0.383026 0.002406
v 0.244672 0.391788 0.001800
v 0.244023 0.391519 0.002500
v 0.244584 0.391752 0.002150
v 0.244347 0.391653 0.002406
v 0.240622 0.400000 0.001800
v 0.240014 0.399649 0.002500
v 0.240540 0.399953 0.002150
v 0.240318 0.399824 0.002406
v 0.235535 0.407613 0.001800
v 0.234978 0.407186 0.002500
v 0.235460 0.407556 0.002150
v 0.235256 0.407399 0.002406
v 0.229497 0.414497 0.001800
v 0.229001 0.414001 0.002500
v 0.229431 0.414431 0.002150
v 0.229249 0.414249 0.002406
v 0.222613 0.420535 0.001800
v 0.222186 0.419978 0.002500
v 0.222556 0.420460 0.002150
v 0.222399 0.420256 0.002406
v 0.215000 0.425622 0.001800
v 0.214649 0.425014 0.002500
v 0.214953 0.425540 0.002150
v 0.214824 0.425318 0.002406
v 0.206788 0.429672 0.001800
v 0.206519 0.429023 0.002500
v 0.206752 0.429584 0.002150
v 0.206653 0.429347 0.002406
v 0.198117 0.432615 0.001800
v 0.197936 0.431937 0.002500
v 0.198093 0.432523 0.002150
v 0.198026 0.432275 0.002406
v 0.189137 0.434401 0.001800
v 0.189045 0.433706 0.002500
v 0.189124 0.434307 0.002150
v 0.189091 0.434053 0.002406
v 0.180000 0.435000 0.001800
v 0.180000 0.434298 0.002500
v 0.180000 0.434905 0.002150
v 0.180000 0.434649 0.002406
v 0.170863 0.434401 0.001800
v 0.170955 0.433706 0.002500
v 0.170876 0.434307 0.002150
v 0.170909 0.434053 0.002406
v 0.161883 0.432615 0.001800
v 0.162064 0.431937 0.002500
v 0.161907 0.432523 0.002150
v 0.161974 0.432275 0.002406
v 0.153212 0.429672 0.001800
v 0.153481 0.429023 0.002500
v 0.153248 0.429584 0.002150
v 0.153347 0.429347 0.002406
v 0.145000 0.425622 0.001800
v 0.145351 0.425014 0.002500
v 0.145047 0.425540 0.002150
v 0.145176 0.425318 0.002406
v 0.137387 0.420535 0.001800
v 0.137814 0.419978 0.002500
v 0.137444 0.420460 0.002150
v 0.137601 0.420256 0.002406
v 0.130503 0.414497 0.001800
v 0.130999 0.414001 0.002500
v 0.130569 0.414431 0.002150
v 0.130751 0.414249 0.002406
v 0.124465 0.407613 0.001800
v 0.125022 0.407186 0.002500
v 0.124540 0.407556 0.002150
v 0.124744 0.407399 0.002406
v 0.119378 0.400000 0.001800
v 0.119986 0.399649 0.002500
v 0.119460 0.399953 0.002150
v 0.119682 0.399824 0.002406
v 0.115328 0.391788 0.001800
v 0.115977 0.391519 0.002500
v 0.115416 0.391752 0.002150
v 0.115653 0.391653 0.002406
v 0.112385 0.383117 0.001800
v 0.113063 0.382936 0.002500
v 0.112476 0.383093 0.002150
v 0.112725 0.383026 0.002406
v 0.110599 0.374137 0.001800
v 0.111294 0.374045 0.002500
v 0.110693 0.374124 0.002150
v 0.110947 0.374091 0.002406
v 0.110000 0.365000 0.001800
v 0.110702 0.365000 0.002500
v 0.110095 0.365000 0.002150
v 0.110351 0.365000 0.002406
v 0.110599 0.355863 0.001800
v 0.111294 0.355955 0.002500
v 0.110693 0.355875 0.002150
v 0.110947 0.355909 0.002406
v 0.112385 0.346883 0.001800
v 0.113063 0.347064 0.002500
v 0.112476 0.346907 0.002150
v 0.112725 0.346974 0.002406
v 0.115328 0.338212 0.001800
v 0.115977 0.338481 0.002500
v 0.115416 0.338248 0.002150
v 0.115653 0.338347 0.002406
v 0.119378 0.330000 0.001800
v 0.119986 0.330351 0.002500
v 0.119460 0.330047 0.002150
v 0.119682 0.330176 0.002406
v 0.124465 0.322387 0.001800
v 0.125022 0.322814 0.002500
v 0.124540 0.322444 0.002150
v 0.124744 0.322601 0.002406
v 0.130503 0.315503 0.001800
v 0.130999 0.315999 0.002500
v 0.130569 0.315569 0.002150
v 0.130751 0.315751 0.002406
v 0.137387 0.309465 0.001800
v 0.137814 0.310022 0.002500
v 0.137444 0.309540 0.002150
v 0.137601 0.309744 0.002406
v 0.145000 0.304378 0.001800
v 0.145351 0.304986 0.002500
v 0.145047 0.304460 0.002150
v 0.145176 0.304682 0.002406
v 0.153212 0.300328 0.001800
v 0.153481 0.300977 0.002500
v 0.153248 0.300416 0.002150
v 0.153347 0.300653 0.002406
v 0.161883 0.297385 0.001800
v 0.162064 0.298063 0.002500
v 0.161907 0.297476 0.002150
v 0.161974 0.297724 0.002406
v 0.170863 0.295599 0.001800
v 0.170955 0.296294 0.002500
v 0.170876 0.295693 0.002150
v 0.170909 0.295947 0.002406
v 0.180000 0.295000 0.001800
v 0.180000 0.295701 0.002500
v 0.180000 0.295095 0.002150
v 0.180000 0.295351 0.002406
v 0.189137 0.295599 0.001800
v 0.189045 0.296294 0.002500
v 0.189124 0.295693 0.002150
v 0.189091 0.295947 0.002406
v 0.198117 0.297385 0.001800
v 0.197936 0.298063 0.002500
v 0.198093 0.297476 0.002150
v 0.198026 0.297724 0.002406
v 0.206788 0.300328 0.001800
v 0.206519 0.300977 0.002500
v 0.206752 0.300416 0.002150
v 0.206653 0.300653 0.002406
v 0.215000 0.304378 0.001800
v 0.214649 0.304986 0.002500
v 0.214953 0.304460 0.002150
v 0.214824 0.304682 0.002406
v 0.222613 0.309465 0.001800
v 0.222186 0.310022 0.002500
v 0.222556 0.309540 0.002150
v 0.222399 0.309744 0.002406
v 0.229497 0.315503 0.001800
v 0.229001 0.315999 0.002500
v 0.229431 0.315569 0.002150
v 0.229249 0.315751 0.002406
v 0.235535 0.322387 0.001800
v 0.234978 0.322814 0.002500
v 0.235460 0.322444 0.002150
v 0.235256 0.322601 0.002406
v 0.240622 0.330000 0.001800
v 0.240014 0.330351 0.002500
v 0.240540 0.330047 0.002150
v 0.240318 0.330176 0.002406
v 0.244672 0.338212 0.001800
v 0.244023 0.338481 0.002500
v 0.244584 0.338248 0.002150
v 0.244347 0.338347 0.002406
v 0.247615 0.346883 0.001800
v 0.246937 0.347064 0.002500
v 0.247524 0.346907 0.002150
v 0.247275 0.346974 0.002406
v 0.249401 0.355863 0.001800
v 0.248706 0.355955 0.002500
v 0.249307 0.355875 0.002150
v 0.249053 0.355909 0.002406
v 0.242000 0.365000 0.001800
v 0.242702 0.365000 0.002500
v 0.242095 0.365000 0.002150
v 0.242351 0.365000 0.002406
v 0.242165 0.373184 0.002500
v 0.241470 0.373093 0.001800
v 0.241818 0.373138 0.002406
v 0.241563 0.373105 0.002150
v 0.240565 0.381228 0.002500
v 0.239887 0.381047 0.001800
v 0.240227 0.381138 0.002406
v 0.239979 0.381071 0.002150
v 0.237929 0.388995 0.002500
v 0.237281 0.388726 0.001800
v 0.237605 0.388861 0.002406
v 0.237368 0.388763 0.002150
v 0.234301 0.396351 0.002500
v 0.233694 0.396000 0.001800
v 0.233998 0.396176 0.002406
v 0.233775 0.396047 0.002150
v 0.229744 0.403170 0.002500
v 0.229188 0.402743 0.001800
v 0.229467 0.402957 0.002406
v 0.229263 0.402801 0.002150
v 0.224337 0.409337 0.002500
v 0.223841 0.408841 0.001800
v 0.224089 0.409089 0.002406
v 0.223907 0.408907 0.002150
v 0.218170 0.414744 0.002500
v 0.217743 0.414188 0.001800
v 0.217957 0.414467 0.002406
v 0.217801 0.414263 0.002150
v 0.211351 0.419301 0.002500
v 0.211000 0.418694 0.001800
v 0.211176 0.418998 0.002406
v 0.211047 0.418775 0.002150
v 0.203995 0.422929 0.002500
v 0.203726 0.422281 0.001800
v 0.203861 0.422605 0.002406
v 0.203763 0.422368 0.002150
v 0.196228 0.425565 0.002500
v 0.196047 0.424887 0.001800
v 0.196138 0.425227 0.002406
v 0.196071 0.424979 0.002150
v 0.188184 0.427165 0.002500
v 0.188093 0.426470 0.001800
v 0.188138 0.426818 0.002406
v 0.188105 0.426563 0.002150
v 0.180000 0.427701 0.002500
v 0.180000 0.427000 0.001800
v 0.180000 0.427351 0.002406
v 0.180000 0.427095 0.002150
v 0.171816 0.427165 0.002500
v 0.171907 0.426470 0.001800
v 0.171862 0.426818 0.002406
v 0.171895 0.426563 0.002150
v 0.163772 0.425565 0.002500
v 0.163953 0.424887 0.001800
v 0.163862 0.425227 0.002406
v 0.163929 0.424979 0.002150
v 0.156005 0.422929 0.002500
v 0.156274 0.422281 0.001800
v 0.156139 0.422605 0.002406
v 0.156237 0.422368 0.002150
v 0.148649 0.419301 0.002500
v 0.149000 0.418694 0.001800
v 0.148824 0.418998 0.002406
v 0.148953 0.418775 0.002150
v 0.141830 0.414744 0.002500
v 0.142257 0.414188 0.001800
v 0.142043 0.414467 0.002406
v 0.142199 0.414263 0.002150
v 0.135663 0.409337 0.002500
v 0.136159 0.408841 0.001800
v 0.135911 0.409089 0.002406
v 0.136093 0.408907 0.002150
v 0.130256 0.403170 0.002500
v 0.130812 0.402743 0.001800
v 0.130533 0.402957 0.002406
v 0.130737 0.402801 0.002150
v 0.125699 0.396351 0.002500
v 0.126306 0.396000 0.001800
v 0.126002 0.396176 0.002406
v 0.126225 0.396047 0.002150
v 0.122071 0.388995 0.002500
v 0.122719 0.388726 0.001800
v 0.122395 0.388861 0.002406
v 0.122632 0.388763 0.002150
v 0.119435 0.381228 0.002500
v 0.120113 0.381047 0.001800
v 0.119773 0.381138 0.002406
v 0.120021 0.381071 0.002150
v 0.117835 0.373184 0.002500
v 0.118530 0.373093 0.001800
v 0.118182 0.373138 0.002406
v 0.118437 0.373105 0.002150
v 0.117298 0.365000 0.002500
v 0.118000 0.365000 0.001800
v 0.117649 0.365000 0.002406
v 0.117905 0.365000 0.002150
v 0.117835 0.356816 0.002500
v 0.118530 0.356907 0.001800
v 0.118182 0.356862 0.002406
v 0.118437 0.356895 0.002150
v 0.119435 0.348772 0.002500
v 0.120113 0.348953 0.001800
v 0.119773 0.348862 0.002406
v 0.120021 0.348929 0.002150
v 0.122071 0.341005 0.002500
v 0.122719 0.341274 0.001800
v 0.122395 0.341139 0.002406
v 0.122632 0.341237 0.002150
v 0.125699 0.333649 0.002500
v 0.126306 0.334000 0.001800
v 0.126002 0.333824 0.002406
v 0.126225 0.333953 0.002150
v 0.130256 0.326830 0.002500
v 0.130812 0.327257 0.001800
v 0.130533 0.327043 0.002406
v 0.130737 0.327199 0.002150
v 0.135663 0.320663 0.002500
v 0.136159 0.321159 0.001800
v 0.135911 0.320911 0.002406
v 0.136093 0.321093 0.002150
v 0.141830 0.315256 0.002500
v 0.142257 0.315812 0.001800
v 0.142043 0.315533 0.002406
v 0.142199 0.315737 0.002150
v 0.148649 0.310699 0.002500
v 0.149000 0.311306 0.001800
v 0.148824 0.311002 0.002406
v 0.148953 0.311225 0.002150
v 0.156005 0.307071 0.002500
v 0.156274 0.307719 0.001800
v 0.156139 0.307395 0.002406
v 0.156237 0.307632 0.002150
v 0.163772 0.304435 0.002500
v 0.163953 0.305113 0.001800
v 0.163862 0.304773 0.002406
v 0.163929 0.305021 0.002150
v 0.171816 0.302835 0.002500
v 0.171907 0.303530 0.001800
v 0.171862 0.303182 0.002406
v 0.171895 0.303437 0.002150
v 0.180000 0.302298 0.002500
v 0.180000 0.303000 0.001800
v 0.180000 0.302649 0.002406
v 0.180000 0.302905 0.002150
v 0.188184 0.302835 0.002500
v 0.188093 0.303530 0.001800
v 0.188138 0.303182 0.002406
v 0.188105 0.303437 0.002150
v 0.196228 0.304435 0.002500
v 0.196047 0.305113 0.001800
v 0.196138 0.304773 0.002406
v 0.196071 0.305021 0.002150
v 0.203995 0.307071 0.002500
v 0.203726 0.307719 0.001800
v 0.203861 0.307395 0.002406
v 0.203763 0.307632 0.002150
v 0.211351 0.310699 0.002500
v 0.211000 0.311306 0.001800
v 0.211176 0.311002 0.002406
v 0.211047 0.311225 0.002150
v 0.218170 0.315256 0.002500
v 0.217743 0.315812 0.001800
v 0.217957 0.315533 0.002406
v 0.217801 0.315737 0.002150
v 0.224337 0.320663 0.002500
v 0.223841 0.321159 0.001800
v 0.224089 0.320911 0.002406
v 0.223907 0.321093 0.002150
v 0.229744 0.326830 0.002500
v 0.229188 0.327257 0.001800
v 0.229467 0.327043 0.002406
v 0.229263 0.327199 0.002150
v 0.234301 0.333649 0.002500
v 0.233694 0.334000 0.001800
v 0.233998 0.333824 0.002406
v 0.233775 0.333953 0.002150
v 0.237929 0.341005 0.002500
v 0.237281 0.341274 0.001800
v 0.237605 0.341139 0.002406
v 0.237368 0.341237 0.002150
v 0.240565 0.348772 0.002500
v 0.239887 0.348953 0.001800
v 0.240227 0.348862 0.002406
v 0.239979 0.348929 0.002150
v 0.242165 0.356816 0.002500
v 0.241470 0.356907 0.001800
v 0.241818 0.356862 0.002406
v 0.241563 0.356895 0.002150
v 0.263500 0.486069 0.001693
v 0.264921 0.486298 0.002739
v 0.266679 0.486582 0.002739
v 0.268100 0.486811 0.001693
v 0.268643 0.486899 -0.000000
v 0.268100 0.486811 -0.001693
v 0.266679 0.486582 -0.002739
v 0.264921 0.486298 -0.002739
v 0.263500 0.486069 -0.001693
v 0.262957 0.485981 0.000000
v 0.225933 0.412906 0.001693
v 0.226914 0.411852 0.002739
v 0.228126 0.410548 0.002739
v 0.229107 0.409494 0.001693
v 0.229482 0.409091 -0.000000
v 0.229107 0.409494 -0.001693
v 0.228126 0.410548 -0.002739
v 0.226914 0.411852 -0.002739
v 0.225933 0.412906 -0.001693
v 0.225558 0.413309 0.000000
v 0.225933 0.412906 0.001693
v 0.226914 0.411852 0.002739
v 0.228126 0.410548 0.002739
v 0.229107 0.409494 0.001693
v 0.229482 0.409091 -0.000000
v 0.229107 0.409494 -0.001693
v 0.228126 0.410548 -0.002739
v 0.226914 0.411852 -0.002739
v 0.225933 0.412906 -0.001693
v 0.225558 0.413309 0.000000
v 0.254015 0.438970 0.001693
v 0.255180 0.438123 0.002739
v 0.256620 0.437077 0.002739
v 0.257785 0.436230 0.001693
v 0.258230 0.435907 -0.000000
v 0.257785 0.436230 -0.001693
v 0.256620 0.437077 -0.002739
v 0.255180 0.438123 -0.002739
v 0.254015 0.438970 -0.001693
v 0.253570 0.439293 0.000000
v 0.266792 0.466300 0.001693
v 0.268218 0.466102 0.002739
v 0.269982 0.465858 0.002739
v 0.271408 0.465660 0.001693
v 0.271953 0.465585 -0.000000
v 0.271408 0.465660 -0.001693
v 0.269982 0.465858 -0.002739
v 0.268218 0.466102 -0.002739
v 0.266792 0.466300 -0.001693
v 0.266247 0.466375 0.000000
v 0.263500 0.486069 0.001693
v 0.264921 0.486298 0.002739
v 0.266679 0.486582 0.002739
v 0.268100 0.486811 0.001693
v 0.268643 0.486899 -0.000000
v 0.268100 0.486811 -0.001693
v 0.266679 0.486582 -0.002739
v 0.264921 0.486298 -0.002739
v 0.263500 0.486069 -0.001693
v 0.262957 0.485981 0.000000
vn -0.9673 0.2095 -0.1429
vn -0.0260 -0.0798 -0.9965
vn -0.2477 -0.8339 -0.4931
vn 0.4538 -0.4199 -0.7860
vn -0.3877 0.0083 -0.9217
vn -0.0008 -0.0005 -1.0000
vn 0.7044 -0.4466 -0.5517
vn 0.5720 0.8201 0.0150
vn 0.7598 0.2629 -0.5946
vn 0.2842 0.5998 -0.7480
vn 0.8695 -0.4472 -0.2099
vn 0.8757 0.4624 -0.1392
vn 0.0211 0.1342 -0.9907
vn 0.7875 -0.2036 -0.5817
vn -0.8358 0.5363 0.1174
vn -0.3359 0.8765 -0.3449
vn -0.8982 0.4330 -0.0754
vn 0.0864 0.5528 -0.8288
vn -0.3261 0.9399 -0.1015
vn 0.4290 0.9017 -0.0533
vn -0.5725 -0.0914 -0.8148
vn -0.8694 0.4922 -0.0439
vn -0.6923 0.1335 -0.7091
vn -0.9821 0.1798 -0.0558
vn -0.5415 0.4214 -0.7275
vn -0.7581 0.6498 -0.0554
vn -0.1193 -0.1176 -0.9859
vn -0.7654 0.3653 -0.5299
vn -0.8344 0.0106 0.5510
vn -0.0260 -0.0798 0.9965
vn -0.7008 0.1529 0.6967
vn 0.9248 -0.3524 0.1431
vn -0.2477 -0.8340 0.4931
vn 0.3256 -0.2037 0.9233
vn -0.0008 -0.0005 1.0000
vn 0.9561 -0.2910 -0.0360
vn 0.7512 0.2661 0.6040
vn 0.6333 -0.3148 0.7070
vn 0.3880 0.9011 0.1938
vn 0.9652 0.1949 0.1746
vn 0.1375 -0.1262 0.9824
vn 0.4373 0.6430 0.6287
vn -0.3243 0.9457 0.0246
vn 0.3139 0.5796 0.7520
vn 0.4289 0.9018 0.0521
vn -0.8399 0.5180 0.1620
vn -0.3359 0.8765 0.3449
vn 0.0857 0.2171 0.9724
vn -0.6555 0.7549 0.0209
vn -0.9300 0.3648 0.0437
vn -0.5425 0.4558 0.7057
vn -0.7583 0.6496 0.0558
vn -0.6647 0.1568 0.7304
vn -0.9822 0.1795 0.0554
vn 0.0158 0.1693 0.9854
vn -0.7654 0.3653 0.5299
vn -0.9176 0.3201 -0.2357
vn -0.6944 0.1458 -0.7047
vn -0.3663 0.0615 -0.9285
vn -0.0100 0.0054 -0.9999
vn -0.7713 0.4931 -0.4025
vn -0.8425 0.5382 -0.0243
vn 0.6505 -0.2749 -0.7080
vn 0.0109 -0.0046 -0.9999
vn 0.9195 -0.3893 -0.0538
vn 0.6957 -0.0972 -0.7118
vn 0.0043 -0.0006 -1.0000
vn 0.9887 -0.1380 -0.0582
vn 0.0072 -0.0004 -1.0000
vn 0.6687 -0.2248 -0.7087
vn 0.9455 -0.3212 -0.0525
vn -0.6943 0.1457 0.7047
vn -0.9772 0.2055 0.0527
vn 0.9979 -0.0438 0.0471
vn 0.6687 -0.2248 0.7088
vn 0.9777 0.0045 0.2101
vn 0.6957 -0.0974 0.7117
vn 0.2061 -0.2465 0.9470
vn 0.6505 -0.2749 0.7080
vn 0.0109 -0.0046 0.9999
vn 0.1239 -0.1908 0.9738
vn 0.8483 -0.4741 0.2360
vn -0.8441 0.5255 0.1062
vn -0.7713 0.4931 0.4025
vn -0.0020 0.0154 0.9999
vn -0.2536 -0.1371 0.9576
vn 0.1208 0.1385 -0.9830
vn 0.5002 -0.0000 -0.8659
vn 0.0146 -0.0000 -0.9999
vn 0.4960 0.0650 -0.8659
vn 0.8654 -0.0000 -0.5010
vn 0.8581 0.1128 -0.5010
vn 0.9997 -0.0000 -0.0241
vn -0.9996 0.0047 -0.0263
vn -0.8575 -0.1129 -0.5019
vn -0.8649 -0.0000 -0.5019
vn -0.4946 -0.0651 -0.8667
vn -0.4988 -0.0000 -0.8667
vn -0.0142 -0.0019 -0.9999
vn -0.0128 -0.0000 -0.9999
vn 0.9997 0.0042 0.0244
vn 0.8580 0.1130 0.5010
vn 0.8654 -0.0000 0.5010
vn 0.5002 -0.0000 0.8659
vn 0.0142 0.0019 0.9999
vn 0.0139 -0.0000 0.9999
vn -0.1258 0.0946 0.9875
vn -0.4988 -0.0000 0.8667
vn -0.0135 -0.0000 0.9999
vn -0.4946 -0.0647 0.8667
vn -0.8649 -0.0000 0.5019
vn -0.8576 -0.1127 0.5018
vn -0.9997 -0.0000 0.0262
vn 0.1020 0.1519 -0.9831
vn 0.8360 0.2240 -0.5010
vn 0.9656 0.2587 -0.0241
vn 0.9914 0.0224 -0.1292
vn -0.9800 -0.1526 -0.1277
vn -0.9628 -0.2356 -0.1324
vn -0.4817 -0.1291 -0.8668
vn 0.9252 0.3584 0.1250
vn 0.9914 0.0224 0.1291
vn 0.8359 0.2242 0.5010
vn 0.5046 0.0579 0.8614
vn 0.0146 0.0039 0.9999
vn -0.4817 -0.1291 0.8668
vn -0.8356 -0.2237 0.5018
vn -0.9630 -0.2347 0.1324
vn 0.4622 0.1914 -0.8659
vn 0.4875 0.1395 -0.8619
vn 0.9236 0.3826 -0.0244
vn -0.7991 -0.3310 -0.5018
vn -0.8345 -0.2184 -0.5059
vn -0.0130 -0.0054 -0.9999
vn -0.0840 -0.1388 -0.9868
vn 0.8706 0.4759 0.1250
vn 0.4621 0.1914 0.8659
vn 0.4928 0.1231 0.8614
vn -0.1462 0.0593 0.9875
vn -0.0840 -0.1387 0.9868
vn -0.7991 -0.3310 0.5019
vn -0.9242 -0.3583 0.1324
vn 0.1738 -0.0592 -0.9830
vn 0.4331 0.2500 -0.8660
vn 0.7495 0.4327 -0.5010
vn 0.7998 0.3368 -0.4969
vn -0.8701 -0.4761 -0.1278
vn -0.7491 -0.4325 -0.5019
vn -0.4576 -0.1802 -0.8707
vn -0.4318 -0.2497 -0.8667
vn 0.7495 0.4327 0.5010
vn 0.8038 0.3275 0.4966
vn 0.4331 0.2501 0.8659
vn 0.1779 -0.0569 0.9824
vn -0.4320 -0.2494 0.8667
vn -0.4501 -0.1960 0.8712
vn -0.7492 -0.4323 0.5019
vn -0.8695 -0.4759 0.1324
vn 0.1801 -0.0363 -0.9830
vn 0.3968 0.3045 -0.8659
vn 0.7931 0.6086 -0.0241
vn 0.9073 0.4001 -0.1291
vn -0.8474 -0.5154 -0.1277
vn -0.7994 -0.5861 -0.1324
vn -0.3957 -0.3036 -0.8667
vn -0.0458 -0.1549 -0.9869
vn 0.7176 0.6851 0.1250
vn 0.9073 0.4001 0.1291
vn 0.3968 0.3045 0.8659
vn 0.1841 -0.0338 0.9823
vn -0.0419 -0.1521 0.9875
vn -0.3957 -0.3036 0.8668
vn -0.6863 -0.5264 0.5019
vn -0.7999 -0.5853 0.1324
vn 0.1832 -0.0122 -0.9830
vn 0.3537 0.3537 -0.8659
vn 0.6855 0.5323 -0.4968
vn 0.7069 0.7069 -0.0244
vn -0.7728 -0.6217 -0.1277
vn -0.6873 -0.5213 -0.5059
vn -0.3526 -0.3526 -0.8668
vn -0.0251 -0.1598 -0.9868
vn 0.6222 0.7728 0.1250
vn 0.6917 0.5245 0.4966
vn 0.3537 0.3537 0.8659
vn 0.1868 -0.0092 0.9824
vn -0.1579 -0.0009 0.9874
vn -0.0246 -0.1603 0.9868
vn -0.3529 -0.3524 0.8668
vn -0.6118 -0.6115 0.5018
vn -0.7166 -0.6848 0.1324
vn 0.1832 0.0118 -0.9830
vn 0.3045 0.3968 -0.8659
vn 0.6101 0.6172 -0.4968
vn 0.5270 0.6865 -0.5010
vn -0.6851 -0.7172 -0.1277
vn -0.6134 -0.6065 -0.5059
vn -0.5264 -0.6863 -0.5019
vn -0.0085 -0.0111 -0.9999
vn -0.0034 -0.1621 -0.9868
vn 0.5269 0.6866 0.5010
vn 0.6173 0.6102 0.4965
vn 0.3042 0.3970 0.8659
vn 0.1864 0.0152 0.9824
vn -0.1561 -0.0219 0.9875
vn -0.5265 -0.6862 0.5019
vn -0.6086 -0.7931 0.0255
vn -0.6204 -0.7730 0.1324
vn 0.1801 0.0355 -0.9830
vn 0.2501 0.4332 -0.8659
vn 0.4327 0.7495 -0.5010
vn 0.6849 0.7171 -0.1291
vn -0.5850 -0.8009 -0.1278
vn -0.2494 -0.4319 -0.8667
vn -0.3063 -0.3848 -0.8707
vn 0.4008 0.9076 0.1251
vn 0.6851 0.7169 0.1291
vn 0.4325 0.7495 0.5011
vn 0.2498 0.4333 0.8659
vn 0.1828 0.0394 0.9824
vn -0.2494 -0.4319 0.8668
vn -0.2918 -0.3948 0.8712
vn -0.4998 -0.8657 0.0262
vn 0.1736 0.0589 -0.9831
vn 0.1914 0.4621 -0.8659
vn 0.3312 0.7996 -0.5009
vn 0.3826 0.9236 -0.0243
vn 0.5857 0.8002 -0.1292
vn -0.3310 -0.7991 -0.5018
vn -0.4355 -0.7445 -0.5060
vn -0.1908 -0.4607 -0.8668
vn 0.0381 -0.1573 -0.9868
vn 0.2789 0.9522 0.1249
vn 0.3311 0.7997 0.5008
vn 0.1911 0.4622 0.8659
vn 0.1758 0.0631 0.9824
vn -0.1448 -0.0617 0.9875
vn 0.0387 -0.1575 0.9868
vn -0.1912 -0.4606 0.8668
vn -0.4269 -0.7493 0.5062
vn -0.3312 -0.7990 0.5018
vn 0.1650 0.0808 -0.9830
vn 0.1295 0.4832 -0.8659
vn 0.2240 0.8360 -0.5010
vn -0.3584 -0.9248 -0.1277
vn -0.2774 -0.9516 -0.1324
vn -0.2237 -0.8356 -0.5018
vn -0.0034 -0.0129 -0.9999
vn 0.0588 -0.1511 -0.9868
vn 0.1525 0.9804 0.1250
vn 0.2238 0.8360 0.5010
vn 0.1291 0.4832 0.8659
vn 0.1666 0.0853 0.9823
vn -0.1291 -0.4817 0.8668
vn -0.2239 -0.8355 0.5017
vn -0.2587 -0.9656 0.0261
vn -0.2774 -0.9516 0.1324
vn -0.1022 0.1525 -0.9830
vn 0.1542 0.1063 -0.9823
vn 0.1130 0.8580 -0.5011
vn 0.3583 0.9246 -0.1291
vn -0.2346 -0.9637 -0.1277
vn -0.1127 -0.8576 -0.5018
vn -0.1355 -0.4727 -0.8707
vn -0.0018 -0.0134 -0.9999
vn 0.1130 0.8581 0.5010
vn 0.0650 0.4959 0.8659
vn 0.1534 0.1065 0.9824
vn -0.1247 -0.0968 0.9875
vn 0.0782 -0.1421 0.9868
vn -0.1129 -0.8576 0.5018
vn -0.1215 0.1379 -0.9830
vn 0.0578 0.5038 -0.8619
vn -0.0000 0.8655 -0.5009
vn 0.2346 0.9635 -0.1292
vn -0.1062 -0.9861 -0.1277
vn 0.0002 -0.8650 -0.5019
vn -0.0727 -0.4864 -0.8707
vn -0.0000 -0.0143 -0.9999
vn -0.1067 0.9864 0.1250
vn 0.2349 0.9634 0.1291
vn -0.0002 0.8654 0.5010
vn -0.0003 0.5003 0.8659
vn 0.1386 0.1256 0.9824
vn -0.1108 -0.1124 0.9875
vn -0.0556 -0.4878 0.8712
vn -0.0000 -0.8649 0.5019
vn -0.0226 -0.9909 0.1323
vn -0.1382 0.1209 -0.9830
vn -0.0084 0.5071 -0.8619
vn -0.1130 0.8580 -0.5011
vn -0.1305 0.9912 -0.0244
vn 0.1071 0.9858 -0.1291
vn 0.1129 -0.8576 -0.5018
vn 0.0651 -0.4944 -0.8668
vn -0.0088 -0.4917 -0.8707
vn -0.2343 0.9641 0.1250
vn -0.1131 0.8580 0.5011
vn -0.0020 0.0150 0.9999
vn 0.1219 0.1426 0.9822
vn -0.0954 -0.1258 0.9875
vn 0.0087 -0.4909 0.8712
vn 0.0647 -0.4945 0.8668
vn 0.1127 -0.8576 0.5019
vn 0.1069 -0.9854 0.1324
vn -0.1519 0.1020 -0.9831
vn -0.0745 0.5016 -0.8619
vn -0.2240 0.8359 -0.5010
vn 0.1520 -0.9801 -0.1277
vn 0.2355 -0.9628 -0.1324
vn 0.2241 -0.8354 -0.5018
vn 0.1294 -0.4816 -0.8668
vn 0.1258 -0.1016 -0.9868
vn -0.2240 0.8360 0.5010
vn -0.0579 0.5046 0.8614
vn -0.1298 0.4831 0.8659
vn -0.0784 -0.1372 0.9874
vn 0.1287 -0.4819 0.8667
vn 0.2587 -0.9656 0.0261
vn 0.2355 -0.9628 0.1324
vn -0.1914 0.4621 -0.8659
vn -0.1395 0.4875 -0.8619
vn -0.3310 0.7997 -0.5009
vn -0.1520 0.9799 -0.1292
vn 0.2786 -0.9519 -0.1277
vn 0.3312 -0.7990 -0.5019
vn 0.0053 -0.0127 -0.9999
vn 0.1388 -0.0840 -0.9868
vn -0.4759 0.8706 0.1249
vn -0.1517 0.9800 0.1291
vn -0.3314 0.7995 0.5009
vn -0.1917 0.4619 0.8660
vn 0.0796 0.1689 0.9824
vn -0.0588 -0.1460 0.9875
vn 0.1905 -0.4609 0.8668
vn 0.2280 -0.8318 0.5061
vn 0.3308 -0.7992 0.5019
vn 0.0595 0.1738 -0.9830
vn -0.2501 0.4332 -0.8659
vn -0.4325 0.7496 -0.5011
vn -0.2786 0.9517 -0.1291
vn 0.4004 -0.9074 -0.1277
vn 0.4327 -0.7490 -0.5019
vn 0.1803 -0.4575 -0.8707
vn 0.0067 -0.0116 -0.9999
vn -0.4327 0.7495 0.5010
vn -0.2501 0.4332 0.8659
vn 0.0575 0.1781 0.9823
vn 0.2494 -0.4320 0.8667
vn 0.4325 -0.7491 0.5019
vn 0.4998 -0.8658 0.0255
vn 0.4767 -0.8690 0.1324
vn -0.1801 0.0356 -0.9830
vn 0.0339 0.1843 -0.9823
vn -0.5268 0.6866 -0.5010
vn -0.4004 0.9072 -0.1291
vn 0.5155 -0.8473 -0.1277
vn 0.5267 -0.6861 -0.5019
vn 0.2385 -0.4301 -0.8707
vn 0.0086 -0.0111 -0.9999
vn -0.6851 0.7176 0.1249
vn -0.4001 0.9073 0.1291
vn -0.3045 0.3968 0.8660
vn -0.0092 0.0120 0.9999
vn 0.0339 0.1842 0.9823
vn 0.1524 -0.0416 0.9874
vn 0.3036 -0.3956 0.8668
vn 0.5266 -0.6862 0.5018
vn 0.6085 -0.7931 0.0262
vn -0.1828 0.0121 -0.9831
vn -0.3154 0.3971 -0.8619
vn -0.3534 0.3539 -0.8659
vn -0.6118 0.6121 -0.5010
vn -0.5154 0.8472 -0.1291
vn 0.6217 -0.7728 -0.1277
vn 0.6117 -0.6114 -0.5019
vn 0.2925 -0.3954 -0.8707
vn 0.3530 -0.3524 -0.8667
vn -0.7730 0.6220 0.1251
vn -0.5245 0.6917 0.4965
vn -0.3538 0.3538 0.8659
vn 0.0013 -0.1576 0.9875
vn 0.1603 -0.0246 0.9868
vn 0.6116 -0.6116 0.5019
vn -0.3968 0.3045 -0.8659
vn -0.6865 0.5270 -0.5010
vn -0.6215 0.7727 -0.1292
vn 0.7172 -0.6851 -0.1278
vn 0.3956 -0.3036 -0.8668
vn 0.1616 -0.0040 -0.9868
vn -0.8475 0.5158 0.1251
vn -0.6102 0.6172 0.4966
vn -0.6867 0.5267 0.5011
vn -0.0116 0.0089 0.9999
vn -0.0147 0.1869 0.9823
vn 0.3957 -0.3036 0.8668
vn 0.3533 -0.3409 0.8712
vn 0.7931 -0.6086 0.0255
vn 0.7730 -0.6204 0.1324
vn -0.1801 -0.0363 -0.9830
vn -0.0390 0.1834 -0.9823
vn -0.4331 0.2504 -0.8659
vn -0.7494 0.4329 -0.5011
vn -0.7171 0.6849 -0.1292
vn 0.8005 -0.5856 -0.1277
vn 0.6813 -0.5290 -0.5059
vn 0.7492 -0.4323 -0.5019
vn 0.0119 -0.0069 -0.9999
vn 0.1612 0.0177 -0.9868
vn -0.9076 0.4008 0.1250
vn -0.4333 0.2501 0.8659
vn -0.3977 0.3159 0.8614
vn -0.0124 0.0072 0.9999
vn 0.1567 0.0197 0.9875
vn 0.4319 -0.2494 0.8667
vn 0.7490 -0.4325 0.5019
vn 0.6872 -0.5211 0.5062
vn 0.8657 -0.4998 0.0262
vn -0.1734 -0.0584 -0.9831
vn -0.7996 0.3312 -0.5010
vn -0.8004 0.5854 -0.1292
vn 0.8701 -0.4761 -0.1277
vn 0.7992 -0.3308 -0.5019
vn 0.4216 -0.2533 -0.8707
vn 0.0123 -0.0051 -0.9999
vn -0.9521 0.2791 0.1250
vn -0.7492 0.4383 0.4965
vn -0.7996 0.3310 0.5010
vn -0.0144 0.0060 0.9999
vn 0.0612 -0.1457 0.9874
vn 0.1574 0.0385 0.9868
vn 0.4607 -0.1912 0.8667
vn 0.7990 -0.3312 0.5019
vn -0.4832 0.1295 -0.8659
vn -0.4717 0.1861 -0.8619
vn -0.8359 0.2242 -0.5010
vn -0.8699 0.4760 -0.1292
vn 0.9248 -0.3584 -0.1277
vn 0.8355 -0.2237 -0.5018
vn 0.4510 -0.1961 -0.8707
vn 0.0136 -0.0036 -0.9999
vn -0.8360 0.2240 0.5010
vn -0.4831 0.1295 0.8659
vn -0.4659 0.2023 0.8614
vn 0.0797 -0.1363 0.9875
vn 0.4816 -0.1294 0.8668
vn 0.8355 -0.2241 0.5018
vn 0.9513 -0.2783 0.1324
vn -0.1525 -0.1022 -0.9830
vn -0.1062 0.1545 -0.9823
vn -0.4959 0.0656 -0.8659
vn -0.9911 0.1305 -0.0244
vn -0.9245 0.3586 -0.1292
vn 0.9638 -0.2340 -0.1278
vn 0.8576 -0.1127 -0.5019
vn 0.4727 -0.1356 -0.8707
vn 0.4946 -0.0647 -0.8667
vn -0.9919 0.0232 0.1250
vn -0.9245 0.3586 0.1291
vn -0.4959 0.0653 0.8659
vn -0.1064 0.1538 0.9824
vn 0.0970 -0.1242 0.9875
vn 0.8575 -0.1129 0.5019
vn 0.9795 -0.1517 0.1324
vn -0.1378 -0.1210 -0.9830
vn -0.5002 0.0003 -0.8659
vn -0.8611 0.1083 -0.4969
vn -0.8654 0.0002 -0.5011
vn 0.8650 -0.0000 -0.5019
vn 0.4988 -0.0000 -0.8667
vn 0.1307 0.0952 -0.9868
vn -0.8654 -0.0000 0.5010
vn -0.8599 0.1183 0.4966
vn -0.5002 -0.0000 0.8659
vn -0.0149 -0.0000 0.9999
vn -0.1255 0.1393 0.9823
vn 0.4988 -0.0000 0.8667
vn 0.4878 -0.0554 0.8712
vn 0.8649 -0.0002 0.5019
vn 0.9909 -0.0226 0.1324
vn -0.4960 -0.0653 -0.8659
vn -0.8580 -0.1130 -0.5010
vn -0.9859 0.1068 -0.1292
vn 0.9860 0.1069 -0.1277
vn 0.8575 0.1129 -0.5019
vn 0.4945 0.0651 -0.8667
vn 0.1172 0.1112 -0.9869
vn -0.9641 -0.2343 0.1250
vn -0.9858 0.1071 0.1291
vn -0.8580 -0.1132 0.5010
vn -0.4959 -0.0656 0.8659
vn 0.1123 0.1108 0.9875
vn 0.4945 0.0651 0.8667
vn 0.8576 0.1127 0.5019
vn 0.9854 0.1070 0.1324
vn -0.1018 -0.1528 -0.9830
vn -0.1573 0.1021 -0.9823
vn -0.8359 -0.2240 -0.5010
vn -0.9914 -0.0228 -0.1292
vn 0.9800 0.1526 -0.1278
vn 0.9628 0.2356 -0.1324
vn 0.4817 0.1291 -0.8668
vn 0.1016 0.1258 -0.9868
vn -0.8359 -0.2240 0.5010
vn -0.0141 -0.0038 0.9999
vn -0.1573 0.1021 0.9823
vn 0.0968 0.1247 0.9875
vn 0.4818 0.1291 0.8667
vn 0.9656 0.2587 0.0262
vn 0.9628 0.2356 0.1324
vn -0.0812 -0.1643 -0.9831
vn -0.4876 -0.1394 -0.8619
vn -0.7996 -0.3312 -0.5010
vn -0.9799 -0.1520 -0.1291
vn 0.7991 0.3310 -0.5019
vn 0.8345 0.2185 -0.5059
vn 0.4607 0.1908 -0.8668
vn 0.0125 0.0052 -0.9999
vn 0.0841 0.1387 -0.9868
vn -0.8705 -0.4761 0.1250
vn -0.9800 -0.1517 0.1291
vn -0.7995 -0.3314 0.5010
vn -0.4927 -0.1233 0.8614
vn -0.0144 -0.0060 0.9999
vn 0.0797 0.1363 0.9875
vn 0.4607 0.1908 0.8668
vn 0.8318 0.2280 0.5062
vn 0.7992 0.3308 0.5019
vn -0.4332 -0.2501 -0.8659
vn -0.4651 -0.2020 -0.8619
vn -0.8658 -0.4998 -0.0243
vn -0.9518 -0.2783 -0.1292
vn 0.9074 0.4004 -0.1277
vn 0.8690 0.4768 -0.1324
vn 0.7489 0.4326 -0.5019
vn 0.0117 0.0068 -0.9999
vn -0.8009 -0.5856 0.1250
vn -0.4332 -0.2501 0.8659
vn -0.4725 -0.1864 0.8614
vn 0.1527 -0.0398 0.9875
vn 0.0652 0.1486 0.9868
vn 0.7490 0.4325 0.5019
vn 0.8657 0.4998 0.0255
vn 0.8690 0.4767 0.1324
vn -0.1800 0.0361 -0.9830
vn -0.3968 -0.3045 -0.8659
vn -0.7491 -0.4383 -0.4968
vn -0.6867 -0.5267 -0.5010
vn 0.8470 0.5160 -0.1277
vn 0.6861 0.5267 -0.5018
vn 0.4301 0.2384 -0.8707
vn 0.0107 0.0082 -0.9999
vn -0.7176 -0.6851 0.1249
vn -0.7542 -0.4296 0.4966
vn -0.6865 -0.5270 0.5010
vn -0.3966 -0.3047 0.8660
vn -0.1841 0.0338 0.9823
vn 0.1567 -0.0197 0.9874
vn 0.4208 0.2529 0.8712
vn 0.3959 0.3033 0.8668
vn 0.7931 0.6085 0.0261
vn -0.1831 0.0123 -0.9830
vn -0.3537 -0.3537 -0.8659
vn -0.6121 -0.6118 -0.5010
vn -0.8472 -0.5154 -0.1292
vn 0.6116 0.6116 -0.5019
vn 0.3953 0.2925 -0.8707
vn 0.0095 0.0095 -0.9999
vn -0.6220 -0.7729 0.1250
vn -0.3537 -0.3537 0.8659
vn -0.1868 0.0092 0.9824
vn 0.1576 0.0013 0.9875
vn 0.6116 0.6116 0.5019
vn 0.6811 0.5290 0.5062
vn -0.1832 -0.0117 -0.9830
vn -0.3045 -0.3968 -0.8659
vn -0.6086 -0.7931 -0.0243
vn -0.7728 -0.6213 -0.1292
vn 0.6216 0.7728 -0.1277
vn 0.5265 0.6862 -0.5019
vn 0.3036 0.3956 -0.8668
vn 0.3538 0.3416 -0.8707
vn 0.0082 0.0107 -0.9999
vn -0.5158 -0.8475 0.1250
vn -0.6173 -0.6102 0.4966
vn -0.5267 -0.6867 0.5010
vn -0.3042 -0.3970 0.8659
vn -0.1864 -0.0152 0.9824
vn 0.3035 0.3956 0.8668
vn 0.3409 0.3533 0.8712
vn 0.5267 0.6861 0.5018
vn 0.6211 0.7724 0.1324
vn -0.1801 -0.0355 -0.9830
vn -0.2501 -0.4332 -0.8659
vn -0.5243 -0.6916 -0.4968
vn -0.4329 -0.7494 -0.5010
vn 0.5856 0.8005 -0.1276
vn 0.5142 0.8474 -0.1324
vn 0.4323 0.7492 -0.5018
vn 0.0067 0.0117 -0.9999
vn -0.4008 -0.9076 0.1249
vn -0.4326 -0.7496 0.5010
vn -0.2498 -0.4333 0.8659
vn -0.1827 -0.0395 0.9824
vn 0.1523 0.0417 0.9875
vn -0.0178 0.1612 0.9868
vn 0.4325 0.7491 0.5018
vn 0.4998 0.8657 0.0260
vn 0.5142 0.8474 0.1323
vn 0.0592 -0.1737 -0.9830
vn -0.1767 -0.0626 -0.9823
vn -0.1917 -0.4620 -0.8659
vn -0.3314 -0.7995 -0.5009
vn -0.5854 -0.8004 -0.1292
vn 0.4755 0.8704 -0.1278
vn 0.3308 0.7992 -0.5018
vn 0.2532 0.4215 -0.8707
vn 0.0052 0.0125 -0.9999
vn -0.2790 -0.9521 0.1249
vn -0.1914 -0.4621 0.8659
vn -0.0056 -0.0135 0.9999
vn -0.1767 -0.0626 0.9823
vn 0.1451 0.0616 0.9875
vn 0.2379 0.4294 0.8712
vn 0.1912 0.4607 0.8667
vn 0.3312 0.7990 0.5018
vn 0.0814 -0.1645 -0.9830
vn -0.2240 -0.8360 -0.5010
vn -0.2588 -0.9656 -0.0241
vn -0.4762 -0.8698 -0.1290
vn 0.2239 0.8355 -0.5019
vn 0.1961 0.4510 -0.8707
vn 0.0036 0.0136 -0.9999
vn -0.1522 -0.9804 0.1250
vn -0.3368 -0.8000 0.4965
vn -0.2238 -0.8360 0.5010
vn -0.0039 -0.0147 0.9999
vn 0.1291 0.4818 0.8667
vn 0.2241 0.8354 0.5018
vn 0.2783 0.9513 0.1324
vn 0.1017 -0.1524 -0.9831
vn -0.1230 -0.4919 -0.8619
vn -0.0656 -0.4958 -0.8660
vn -0.1305 -0.9911 -0.0244
vn 0.1520 0.9801 -0.1277
vn 0.1129 0.8576 -0.5018
vn 0.0651 0.4945 -0.8667
vn 0.1358 0.4727 -0.8707
vn -0.0230 -0.9919 0.1250
vn -0.0653 -0.4959 0.8659
vn -0.1397 -0.4883 0.8614
vn -0.0782 0.1372 0.9875
vn 0.0651 0.4944 0.8668
vn 0.1131 0.8576 0.5018
vn 0.1517 0.9795 0.1324
vn -0.0000 -0.5002 -0.8659
vn -0.1083 -0.8610 -0.4969
vn -0.0002 -0.8654 -0.5010
vn 0.1069 0.9860 -0.1278
vn 0.0216 0.9910 -0.1323
vn -0.0000 0.4987 -0.8668
vn -0.0952 0.1307 -0.9868
vn 0.1067 -0.9864 0.1250
vn -0.1182 -0.8599 0.4966
vn -0.0000 -0.5002 0.8659
vn -0.1382 -0.1256 0.9824
vn 0.1103 0.1124 0.9875
vn -0.0960 0.1307 0.9868
vn -0.0000 0.8649 0.5019
vn 0.0226 0.9909 0.1323
vn -0.1209 -0.1378 -0.9831
vn 0.0653 -0.4959 -0.8659
vn 0.1128 -0.8580 -0.5011
vn -0.1068 -0.9859 -0.1292
vn -0.0227 0.9916 -0.1277
vn 0.0049 0.8625 -0.5060
vn -0.0651 0.4945 -0.8667
vn -0.1116 0.1171 -0.9868
vn 0.2343 -0.9641 0.1251
vn -0.0050 -0.8680 0.4965
vn 0.0653 -0.4959 0.8659
vn -0.1213 -0.1426 0.9823
vn -0.0651 0.4944 0.8668
vn -0.0088 0.4909 0.8712
vn -0.1127 0.8576 0.5019
vn -0.1070 0.9854 0.1324
vn -0.1022 -0.1525 -0.9830
vn 0.1295 -0.4832 -0.8659
vn 0.2238 -0.8360 -0.5010
vn 0.0228 -0.9914 -0.1292
vn -0.1520 0.9801 -0.1277
vn -0.1078 0.8559 -0.5058
vn -0.1291 0.4818 -0.8667
vn -0.1258 0.1016 -0.9868
vn 0.2240 -0.8360 0.5010
vn 0.1083 -0.8612 0.4966
vn 0.1294 -0.4831 0.8660
vn 0.0039 -0.0147 0.9999
vn -0.1018 -0.1572 0.9823
vn 0.0782 0.1372 0.9875
vn -0.1266 0.1014 0.9868
vn -0.1287 0.4818 0.8667
vn -0.2587 0.9656 0.0254
vn -0.2356 0.9628 0.1324
vn 0.1647 -0.0809 -0.9830
vn -0.0807 -0.1692 -0.9823
vn 0.1911 -0.4623 -0.8659
vn 0.3310 -0.7997 -0.5010
vn 0.1520 -0.9799 -0.1291
vn -0.2786 0.9519 -0.1277
vn -0.2186 0.8345 -0.5058
vn -0.1908 0.4607 -0.8668
vn -0.1380 0.0843 -0.9868
vn 0.4758 -0.8706 0.1250
vn 0.1517 -0.9800 0.1291
vn 0.1914 -0.4622 0.8659
vn 0.0591 0.1461 0.9875
vn -0.1906 0.4610 0.8667
vn -0.2279 0.8318 0.5061
vn -0.3825 0.9236 0.0262
vn 0.1739 -0.0588 -0.9830
vn 0.4327 -0.7495 -0.5010
vn 0.2786 -0.9517 -0.1291
vn -0.4005 0.9074 -0.1276
vn -0.3255 0.7988 -0.5059
vn -0.4327 0.7490 -0.5019
vn -0.2497 0.4317 -0.8668
vn -0.1478 0.0656 -0.9868
vn 0.4327 -0.7495 0.5010
vn 0.3275 -0.8039 0.4965
vn 0.0073 -0.0127 0.9999
vn -0.0579 -0.1783 0.9823
vn -0.2494 0.4319 0.8668
vn -0.3346 0.7949 0.5062
vn -0.4323 0.7492 0.5018
vn 0.1801 -0.0356 -0.9830
vn 0.2609 -0.4348 -0.8619
vn 0.3043 -0.3971 -0.8659
vn 0.5267 -0.6867 -0.5010
vn 0.4004 -0.9072 -0.1291
vn -0.5160 0.8470 -0.1276
vn -0.5267 0.6861 -0.5018
vn -0.3039 0.3955 -0.8667
vn -0.1551 0.0457 -0.9868
vn 0.6850 -0.7178 0.1250
vn 0.4001 -0.9073 0.1291
vn 0.3045 -0.3968 0.8659
vn 0.2466 -0.4440 0.8614
vn 0.0092 -0.0120 0.9999
vn -0.1523 0.0417 0.9875
vn -0.3036 0.3957 0.8668
vn -0.6085 0.7931 0.0261
vn -0.5861 0.7994 0.1323
vn 0.1828 -0.0121 -0.9831
vn 0.6119 -0.6119 -0.5010
vn 0.5154 -0.8472 -0.1291
vn -0.6116 0.6116 -0.5019
vn -0.3529 0.3524 -0.8668
vn -0.1597 0.0251 -0.9868
vn 0.6119 -0.6119 0.5010
vn 0.5244 -0.6917 0.4965
vn 0.3539 -0.3535 0.8659
vn -0.1564 0.0215 0.9875
vn -0.3526 0.3526 0.8668
vn -0.5289 0.6812 0.5062
vn -0.6115 0.6118 0.5019
vn 0.3969 -0.3045 -0.8659
vn 0.3646 -0.3524 -0.8619
vn 0.6865 -0.5270 -0.5010
vn 0.6216 -0.7726 -0.1292
vn -0.7172 0.6851 -0.1277
vn -0.7730 0.6204 -0.1324
vn -0.6863 0.5264 -0.5019
vn -0.3960 0.3034 -0.8667
vn -0.1616 0.0040 -0.9868
vn 0.6220 -0.7729 0.1250
vn 0.6866 -0.5269 0.5009
vn 0.3970 -0.3043 0.8659
vn 0.0152 -0.1864 0.9824
vn -0.1579 0.0009 0.9875
vn -0.3958 0.3037 0.8667
vn -0.6862 0.5266 0.5018
vn -0.7931 0.6086 0.0261
vn -0.7730 0.6204 0.1324
vn 0.1801 0.0363 -0.9830
vn 0.0390 -0.1834 -0.9823
vn 0.7495 -0.4327 -0.5010
vn 0.7171 -0.6849 -0.1291
vn -0.8005 0.5856 -0.1276
vn -0.4319 0.2494 -0.8668
vn -0.1608 -0.0171 -0.9868
vn 0.7176 -0.6851 0.1249
vn 0.7495 -0.4327 0.5009
vn 0.0124 -0.0072 0.9999
vn 0.0390 -0.1834 0.9823
vn -0.1567 -0.0197 0.9875
vn -0.4319 0.2494 0.8668
vn -0.7490 0.4327 0.5019
vn 0.4433 -0.2462 -0.8619
vn 0.7996 -0.3312 -0.5010
vn 0.8004 -0.5854 -0.1291
vn -0.8701 0.4761 -0.1277
vn -0.7446 0.4355 -0.5059
vn -0.4608 0.1909 -0.8667
vn -0.1571 -0.0377 -0.9869
vn 0.9521 -0.2789 0.1250
vn 0.8002 -0.5857 0.1291
vn 0.7996 -0.3310 0.5010
vn 0.4356 -0.2612 0.8614
vn 0.0139 -0.0057 0.9999
vn -0.1527 -0.0398 0.9875
vn -0.4608 0.1909 0.8667
vn -0.7990 0.3312 0.5019
vn -0.9069 0.4001 0.1324
vn 0.1644 0.0809 -0.9831
vn 0.4717 -0.1863 -0.8619
vn 0.8359 -0.2240 -0.5010
vn 0.8699 -0.4760 -0.1292
vn -0.9248 0.3584 -0.1278
vn -0.7951 0.3346 -0.5059
vn -0.4817 0.1291 -0.8668
vn -0.1509 -0.0583 -0.9868
vn 0.9804 -0.1525 0.1250
vn 0.8360 -0.2238 0.5010
vn 0.4660 -0.2021 0.8614
vn 0.0146 -0.0039 0.9999
vn -0.1463 -0.0598 0.9874
vn -0.4818 0.1291 0.8667
vn -0.9656 0.2587 0.0262
vn -0.9516 0.2774 0.1324
vn 0.4959 -0.0653 -0.8659
vn 0.4919 -0.1230 -0.8619
vn 0.8580 -0.1130 -0.5010
vn 0.9246 -0.3583 -0.1291
vn -0.9637 0.2347 -0.1277
vn -0.8319 0.2280 -0.5059
vn -0.8576 0.1127 -0.5018
vn -0.4945 0.0647 -0.8667
vn -0.1420 -0.0773 -0.9868
vn 0.8581 -0.1130 0.5010
vn 0.4883 -0.1396 0.8614
vn 0.4960 -0.0650 0.8659
vn -0.1372 -0.0782 0.9875
vn -0.4944 0.0651 0.8668
vn -0.8343 0.2185 0.5062
vn -0.8576 0.1131 0.5018
vn 0.9627 -0.1328 -0.2358
vn -0.2340 0.0113 -0.9722
vn 0.2537 -0.0224 0.9670
vn 0.2535 -0.0334 -0.9668
vn 0.9634 -0.1268 0.2363
vn -0.9583 0.1716 0.2286
vn -0.2339 0.0308 0.9718
vn -0.1592 0.9872 -0.0000
vn -0.1592 0.9872 -0.0001
vn -0.7322 -0.6811 -0.0000
vn -0.5504 0.5932 0.5876
vn -0.7944 0.6074 -0.0000
vn -0.6801 0.7331 -0.0000
vn -0.2098 0.2260 0.9513
vn -0.6629 0.4612 0.5898
vn 0.2117 -0.2274 0.9505
vn -0.2497 0.1437 0.9576
vn 0.5522 -0.5926 0.5864
vn 0.2579 -0.2281 0.9389
vn 0.6819 -0.7314 -0.0000
vn 0.6584 -0.5036 0.5594
vn 0.6707 -0.4602 -0.5817
vn 0.5522 -0.5926 -0.5864
vn 0.2952 -0.1731 -0.9396
vn 0.2117 -0.2274 -0.9505
vn -0.1939 0.1801 -0.9644
vn -0.2098 0.2261 -0.9512
vn -0.6215 0.4764 -0.6219
vn -0.5503 0.5932 -0.5876
vn -0.9814 0.1917 -0.0000
vn -0.8128 0.0893 0.5756
vn -0.2872 -0.0034 0.9579
vn 0.3521 -0.1022 0.9304
vn 0.8091 -0.5873 0.0182
vn 0.8366 -0.1560 0.5251
vn 0.7972 -0.0758 -0.5990
vn 0.3561 0.0025 -0.9345
vn -0.2175 0.0748 -0.9732
vn -0.7433 0.1276 -0.6567
vn -0.7980 -0.1335 0.5877
vn -0.3030 -0.0504 0.9516
vn 0.3098 0.0494 0.9495
vn 0.8019 0.1263 0.5840
vn 0.9880 0.1545 -0.0000
vn 0.9884 -0.1387 0.0619
vn 0.8018 0.1263 -0.5841
vn 0.3098 0.0494 -0.9495
vn -0.3030 -0.0504 -0.9516
vn -0.7980 -0.1335 -0.5877
vn -0.9862 -0.1655 -0.0000
vt 0.382990 0.002378
vt 0.382539 0.004205
vt 0.382990 0.002138
vt 0.079127 0.995317
vt 0.078744 0.995320
vt 0.078757 0.990640
vt 0.373360 0.948712
vt 0.372909 0.946761
vt 0.372807 0.944331
vt 0.263678 0.335334
vt 0.263227 0.335867
vt 0.263127 0.335407
vt 0.373360 0.002644
vt 0.372909 0.002290
vt 0.373360 0.002154
vt 0.102607 0.004493
vt 0.103111 0.004035
vt 0.103160 0.004519
vt 0.382990 0.869510
vt 0.382539 0.869986
vt 0.382435 0.869467
vt 0.263128 0.322524
vt 0.263680 0.322300
vt 0.263680 0.322788
vt 0.382208 0.869471
vt 0.382439 0.870181
vt 0.382990 0.521286
vt 0.382437 0.520996
vt 0.382990 0.520630
vt 0.382437 0.521768
vt 0.382990 0.522012
vt 0.002717 0.354959
vt 0.002138 0.354895
vt 0.002311 0.354491
vt 0.387011 0.002378
vt 0.387462 0.004205
vt 0.387563 0.006258
vt 0.377380 0.948712
vt 0.377832 0.946761
vt 0.377380 0.949034
vt 0.184041 0.004680
vt 0.184424 0.004683
vt 0.184054 0.009360
vt 0.377380 0.002644
vt 0.377832 0.002291
vt 0.377933 0.002732
vt 0.267699 0.335333
vt 0.268150 0.335866
vt 0.267699 0.335927
vt 0.207906 0.995507
vt 0.208408 0.995964
vt 0.207969 0.996099
vt 0.267700 0.322299
vt 0.268252 0.322524
vt 0.267700 0.322787
vt 0.387011 0.869510
vt 0.387462 0.869986
vt 0.387011 0.870117
vt 0.387792 0.869471
vt 0.387566 0.869467
vt 0.387010 0.521286
vt 0.387563 0.521768
vt 0.387010 0.522012
vt 0.387563 0.520996
vt 0.387010 0.520630
vt 0.108015 0.645041
vt 0.107436 0.645105
vt 0.107510 0.644674
vt 0.382990 0.465725
vt 0.382438 0.006258
vt 0.013049 0.425296
vt 0.013580 0.425102
vt 0.002212 0.355326
vt 0.382437 0.465962
vt 0.044801 0.252450
vt 0.045082 0.250312
vt 0.382437 0.633327
vt 0.382990 0.634150
vt 0.089489 0.002138
vt 0.102676 0.003883
vt 0.077450 0.247852
vt 0.076896 0.247834
vt 0.372807 0.002728
vt 0.373360 0.240547
vt 0.372807 0.240616
vt 0.079884 0.314283
vt 0.079337 0.314384
vt 0.373360 0.302276
vt 0.372807 0.302393
vt 0.102609 0.383109
vt 0.103160 0.383028
vt 0.372807 0.359368
vt 0.373360 0.359256
vt 0.118347 0.574704
vt 0.387011 0.465725
vt 0.377380 0.359256
vt 0.377933 0.944331
vt 0.208459 0.616972
vt 0.377380 0.302276
vt 0.377933 0.359368
vt 0.185182 0.685717
vt 0.207907 0.616891
vt 0.377933 0.240616
vt 0.377933 0.302393
vt 0.182194 0.752165
vt 0.184635 0.685616
vt 0.377380 0.240547
vt 0.182748 0.752147
vt 0.268252 0.335407
vt 0.194787 0.997862
vt 0.387011 0.634150
vt 0.387563 0.633327
vt 0.107610 0.645509
vt 0.150100 0.747550
vt 0.150380 0.749688
vt 0.387563 0.465962
vt 0.118878 0.574898
vt 0.373360 0.949034
vt 0.387011 0.002138
vt 0.263679 0.335932
vt 0.382990 0.870117
vt 0.089041 0.002700
vt 0.194339 0.997300
vt 0.363913 0.104914
vt 0.360390 0.114439
vt 0.360039 0.114267
vt 0.364284 0.105040
vt 0.360649 0.114566
vt 0.416169 0.314554
vt 0.415778 0.307034
vt 0.416169 0.306969
vt 0.406414 0.308267
vt 0.406805 0.301830
vt 0.406805 0.308345
vt 0.352825 0.110708
vt 0.356567 0.102420
vt 0.353081 0.110835
vt 0.356937 0.102546
vt 0.353431 0.111008
vt 0.411758 0.307034
vt 0.411367 0.314554
vt 0.411367 0.306969
vt 0.355542 0.196740
vt 0.349109 0.188828
vt 0.349326 0.188639
vt 0.354977 0.197117
vt 0.348814 0.189086
vt 0.348851 0.201210
vt 0.342982 0.194201
vt 0.343275 0.193943
vt 0.348527 0.201427
vt 0.342768 0.194390
vt 0.402003 0.301830
vt 0.402394 0.308267
vt 0.402003 0.308345
vt 0.366533 0.095136
vt 0.367199 0.095268
vt 0.364556 0.105131
vt 0.406519 0.312691
vt 0.406133 0.320671
vt 0.406128 0.312621
vt 0.406414 0.294490
vt 0.406414 0.301762
vt 0.356296 0.102327
vt 0.358924 0.093622
vt 0.402113 0.320671
vt 0.401717 0.312691
vt 0.402108 0.312621
vt 0.360648 0.205584
vt 0.355302 0.196899
vt 0.360038 0.205883
vt 0.353081 0.209315
vt 0.348290 0.201587
vt 0.402003 0.294547
vt 0.402394 0.301762
vt 0.368245 0.085125
vt 0.366917 0.095212
vt 0.406524 0.320730
vt 0.406138 0.329475
vt 0.406805 0.286621
vt 0.406805 0.294547
vt 0.359828 0.084573
vt 0.358644 0.093566
vt 0.360503 0.084618
vt 0.359307 0.093699
vt 0.402117 0.329475
vt 0.401722 0.320730
vt 0.364283 0.215110
vt 0.360389 0.205711
vt 0.356936 0.217604
vt 0.353431 0.209142
vt 0.356296 0.217822
vt 0.352825 0.209442
vt 0.402003 0.286621
vt 0.402394 0.294490
vt 0.367854 0.085100
vt 0.368245 0.074951
vt 0.368532 0.074932
vt 0.368532 0.085143
vt 0.406532 0.338918
vt 0.406528 0.329523
vt 0.406414 0.286576
vt 0.406805 0.278186
vt 0.359828 0.075502
vt 0.360113 0.084592
vt 0.360113 0.075484
vt 0.401729 0.338918
vt 0.401726 0.329523
vt 0.364556 0.215018
vt 0.366916 0.224938
vt 0.363912 0.215236
vt 0.358923 0.226527
vt 0.356566 0.217730
vt 0.402003 0.278186
vt 0.402394 0.286576
vt 0.367854 0.074977
vt 0.366917 0.064864
vt 0.406143 0.348733
vt 0.406141 0.338883
vt 0.406414 0.269370
vt 0.406414 0.278154
vt 0.358924 0.066454
vt 0.360502 0.075459
vt 0.402123 0.348733
vt 0.402120 0.338883
vt 0.367199 0.224882
vt 0.368244 0.235025
vt 0.366532 0.225014
vt 0.359306 0.226451
vt 0.360112 0.235558
vt 0.358644 0.226584
vt 0.402003 0.269389
vt 0.402394 0.278154
vt 0.366532 0.064940
vt 0.364283 0.055037
vt 0.367199 0.064808
vt 0.406534 0.348755
vt 0.406144 0.358857
vt 0.406414 0.260373
vt 0.406805 0.269389
vt 0.358644 0.066509
vt 0.356566 0.057656
vt 0.359307 0.066378
vt 0.402124 0.358857
vt 0.401732 0.348755
vt 0.368532 0.235006
vt 0.368244 0.245199
vt 0.367853 0.235050
vt 0.360502 0.244691
vt 0.360502 0.235532
vt 0.360112 0.244666
vt 0.359828 0.235577
vt 0.402003 0.260378
vt 0.402394 0.269370
vt 0.363912 0.055162
vt 0.360390 0.045637
vt 0.364556 0.054944
vt 0.406535 0.369076
vt 0.406535 0.358865
vt 0.406414 0.251317
vt 0.406805 0.260378
vt 0.406805 0.251309
vt 0.407091 0.260392
vt 0.353431 0.049068
vt 0.356936 0.057531
vt 0.401733 0.369076
vt 0.401733 0.358865
vt 0.367199 0.255342
vt 0.368532 0.245218
vt 0.366916 0.255286
vt 0.367853 0.245173
vt 0.359306 0.253772
vt 0.401717 0.260392
vt 0.402003 0.251309
vt 0.402394 0.251317
vt 0.402394 0.260373
vt 0.360038 0.045810
vt 0.355303 0.036826
vt 0.355542 0.036666
vt 0.360648 0.045509
vt 0.406534 0.379213
vt 0.406144 0.369082
vt 0.406414 0.242358
vt 0.352825 0.049368
vt 0.348527 0.041353
vt 0.353081 0.049241
vt 0.402123 0.379233
vt 0.402124 0.369082
vt 0.364556 0.265206
vt 0.364283 0.265113
vt 0.366532 0.255210
vt 0.356566 0.262494
vt 0.358923 0.253696
vt 0.358644 0.253640
vt 0.402394 0.242358
vt 0.354977 0.037043
vt 0.349109 0.028754
vt 0.349326 0.028564
vt 0.406141 0.389136
vt 0.406143 0.379233
vt 0.406805 0.233612
vt 0.406805 0.242335
vt 0.348290 0.041512
vt 0.342982 0.034127
vt 0.348851 0.041136
vt 0.402120 0.389136
vt 0.401732 0.379213
vt 0.360648 0.274640
vt 0.360390 0.274513
vt 0.363912 0.264988
vt 0.353431 0.271082
vt 0.356936 0.262620
vt 0.353081 0.270909
vt 0.356296 0.262402
vt 0.402003 0.233612
vt 0.402003 0.242335
vt 0.348814 0.029012
vt 0.341915 0.021560
vt 0.342105 0.021344
vt 0.406528 0.398576
vt 0.406532 0.389103
vt 0.406414 0.225336
vt 0.406414 0.233648
vt 0.336354 0.027902
vt 0.342768 0.034316
vt 0.336799 0.027393
vt 0.343276 0.033870
vt 0.402117 0.398621
vt 0.401729 0.389103
vt 0.355542 0.283484
vt 0.355303 0.283324
vt 0.360038 0.274340
vt 0.348527 0.278797
vt 0.348290 0.278638
vt 0.352825 0.270782
vt 0.402394 0.225336
vt 0.402394 0.233648
vt 0.333625 0.015692
vt 0.341656 0.021854
vt 0.334004 0.015127
vt 0.406524 0.407469
vt 0.406138 0.398621
vt 0.406414 0.217566
vt 0.406805 0.225288
vt 0.329158 0.022380
vt 0.336542 0.027687
vt 0.329532 0.021817
vt 0.401722 0.407469
vt 0.401726 0.398576
vt 0.349326 0.291585
vt 0.349109 0.291396
vt 0.354977 0.283107
vt 0.343276 0.286281
vt 0.348851 0.279014
vt 0.342768 0.285834
vt 0.402003 0.217506
vt 0.402003 0.225288
vt 0.324859 0.010630
vt 0.333843 0.015366
vt 0.325160 0.010021
vt 0.406519 0.415632
vt 0.406133 0.407527
vt 0.406414 0.210469
vt 0.406805 0.217506
vt 0.321302 0.017845
vt 0.329316 0.022142
vt 0.321600 0.017238
vt 0.402108 0.415701
vt 0.402113 0.407527
vt 0.342105 0.298806
vt 0.341915 0.298590
vt 0.348814 0.291138
vt 0.336799 0.292757
vt 0.342982 0.286023
vt 0.336354 0.292248
vt 0.402003 0.210398
vt 0.402394 0.217566
vt 0.315506 0.006756
vt 0.325032 0.010279
vt 0.315726 0.006114
vt 0.416088 0.112366
vt 0.416479 0.104307
vt 0.416479 0.112435
vt 0.406805 0.204087
vt 0.406805 0.210398
vt 0.313013 0.014103
vt 0.321428 0.017588
vt 0.420499 0.104307
vt 0.420890 0.112366
vt 0.420499 0.112435
vt 0.334004 0.305022
vt 0.333626 0.304459
vt 0.341656 0.298296
vt 0.329533 0.298333
vt 0.336542 0.292463
vt 0.329316 0.298008
vt 0.402003 0.204087
vt 0.402394 0.210469
vt 0.305728 0.004136
vt 0.315632 0.006386
vt 0.305862 0.003471
vt 0.416088 0.095393
vt 0.416088 0.104249
vt 0.415778 0.409999
vt 0.416169 0.416963
vt 0.415778 0.416889
vt 0.304161 0.012026
vt 0.312922 0.014374
vt 0.304215 0.011745
vt 0.313138 0.013732
vt 0.420890 0.095393
vt 0.420890 0.104249
vt 0.325161 0.310128
vt 0.333843 0.304784
vt 0.325032 0.309871
vt 0.321600 0.302913
vt 0.321428 0.302562
vt 0.329158 0.297770
vt 0.411367 0.416963
vt 0.411758 0.409999
vt 0.411758 0.416889
vt 0.295718 0.002424
vt 0.305805 0.003752
vt 0.416088 0.085949
vt 0.416479 0.095439
vt 0.415778 0.402401
vt 0.416169 0.410062
vt 0.295168 0.010842
vt 0.295210 0.010166
vt 0.304291 0.011362
vt 0.420499 0.085982
vt 0.420499 0.095439
vt 0.315726 0.314036
vt 0.315633 0.313765
vt 0.324859 0.309520
vt 0.313138 0.306418
vt 0.313013 0.306048
vt 0.321303 0.302305
vt 0.411367 0.402452
vt 0.411367 0.410062
vt 0.295692 0.002815
vt 0.285544 0.002424
vt 0.295738 0.002138
vt 0.416088 0.076078
vt 0.416479 0.085982
vt 0.415778 0.394224
vt 0.416169 0.402452
vt 0.286097 0.010842
vt 0.295185 0.010556
vt 0.286051 0.010166
vt 0.420890 0.076078
vt 0.420890 0.085949
vt 0.305805 0.316398
vt 0.315507 0.313394
vt 0.304216 0.308405
vt 0.304161 0.308124
vt 0.312922 0.305776
vt 0.411758 0.394224
vt 0.411758 0.402401
vt 0.275533 0.004136
vt 0.285569 0.002815
vt 0.275402 0.003471
vt 0.285527 0.002138
vt 0.416088 0.065951
vt 0.416479 0.076099
vt 0.415778 0.385609
vt 0.416169 0.394263
vt 0.277104 0.012026
vt 0.286077 0.010556
vt 0.276970 0.011362
vt 0.420499 0.065957
vt 0.420499 0.076099
vt 0.305863 0.316679
vt 0.295718 0.317726
vt 0.295692 0.317336
vt 0.305729 0.316014
vt 0.304291 0.308789
vt 0.295185 0.309594
vt 0.295168 0.309308
vt 0.411367 0.394263
vt 0.411758 0.385609
vt 0.265755 0.006756
vt 0.275457 0.003752
vt 0.265630 0.006386
vt 0.416088 0.055739
vt 0.416479 0.065957
vt 0.415778 0.376703
vt 0.416169 0.385635
vt 0.268343 0.014373
vt 0.277047 0.011745
vt 0.268249 0.014103
vt 0.420499 0.055732
vt 0.420890 0.065951
vt 0.295739 0.318012
vt 0.285544 0.317726
vt 0.286051 0.309984
vt 0.295210 0.309984
vt 0.286098 0.309308
vt 0.411367 0.376715
vt 0.411367 0.385635
vt 0.256230 0.010279
vt 0.265539 0.006114
vt 0.416088 0.045618
vt 0.416479 0.055732
vt 0.415778 0.367658
vt 0.416169 0.376715
vt 0.259835 0.017588
vt 0.268123 0.013732
vt 0.420499 0.045597
vt 0.420890 0.055739
vt 0.275403 0.316679
vt 0.285527 0.318012
vt 0.275533 0.316014
vt 0.285569 0.317336
vt 0.277047 0.308405
vt 0.286077 0.309594
vt 0.411758 0.367658
vt 0.411758 0.376703
vt 0.247636 0.015691
vt 0.256403 0.010630
vt 0.247419 0.015366
vt 0.256105 0.010021
vt 0.416088 0.035761
vt 0.416479 0.045597
vt 0.415778 0.358630
vt 0.416169 0.367657
vt 0.252107 0.022380
vt 0.259963 0.017845
vt 0.251729 0.021817
vt 0.259661 0.017237
vt 0.420499 0.035727
vt 0.420890 0.045618
vt 0.265630 0.313765
vt 0.275457 0.316398
vt 0.265755 0.313394
vt 0.276970 0.308789
vt 0.268250 0.306048
vt 0.268343 0.305777
vt 0.277105 0.308124
vt 0.411367 0.367657
vt 0.411758 0.358630
vt 0.239605 0.021854
vt 0.239160 0.021344
vt 0.247261 0.015127
vt 0.416088 0.026337
vt 0.416479 0.035727
vt 0.415778 0.349772
vt 0.416169 0.358615
vt 0.244911 0.027902
vt 0.251947 0.022142
vt 0.244463 0.027393
vt 0.420499 0.026290
vt 0.420890 0.035761
vt 0.256105 0.310129
vt 0.265539 0.314037
vt 0.256403 0.309520
vt 0.259661 0.302913
vt 0.268123 0.306418
vt 0.259835 0.302562
vt 0.411367 0.349743
vt 0.411367 0.358615
vt 0.232154 0.028754
vt 0.239348 0.021560
vt 0.416088 0.017506
vt 0.416479 0.026290
vt 0.415778 0.341236
vt 0.416169 0.349743
vt 0.238498 0.034316
vt 0.244721 0.027687
vt 0.237986 0.033869
vt 0.420890 0.017506
vt 0.420890 0.026337
vt 0.247420 0.304784
vt 0.256231 0.309871
vt 0.251729 0.298333
vt 0.251947 0.298008
vt 0.259963 0.302305
vt 0.411367 0.341195
vt 0.411758 0.349772
vt 0.226285 0.037043
vt 0.232447 0.029012
vt 0.225960 0.036826
vt 0.231939 0.028564
vt 0.416479 0.009350
vt 0.416479 0.017447
vt 0.415778 0.333169
vt 0.416169 0.341195
vt 0.232976 0.041512
vt 0.238281 0.034127
vt 0.232736 0.041353
vt 0.420499 0.009350
vt 0.420499 0.017447
vt 0.247262 0.305023
vt 0.239348 0.298591
vt 0.247636 0.304459
vt 0.244463 0.292758
vt 0.244912 0.292248
vt 0.252108 0.297770
vt 0.411367 0.333115
vt 0.411758 0.341236
vt 0.221223 0.045810
vt 0.220873 0.045637
vt 0.225723 0.036666
vt 0.416088 0.002217
vt 0.416088 0.009420
vt 0.416169 0.325642
vt 0.416169 0.333115
vt 0.228182 0.049241
vt 0.232410 0.041136
vt 0.420890 0.002217
vt 0.420890 0.009420
vt 0.239160 0.298806
vt 0.232154 0.291397
vt 0.232447 0.291139
vt 0.239605 0.298297
vt 0.238281 0.286023
vt 0.244721 0.292464
vt 0.411367 0.325642
vt 0.411758 0.333169
vt 0.216980 0.055036
vt 0.216710 0.054944
vt 0.220617 0.045509
vt 0.397156 0.211500
vt 0.396765 0.204087
vt 0.397156 0.204165
vt 0.415778 0.325708
vt 0.416169 0.318905
vt 0.228441 0.049367
vt 0.224697 0.057656
vt 0.227831 0.049068
vt 0.392745 0.211431
vt 0.392354 0.204165
vt 0.392745 0.204087
vt 0.225723 0.283484
vt 0.231940 0.291586
vt 0.225960 0.283325
vt 0.237986 0.286281
vt 0.232736 0.278797
vt 0.238498 0.285834
vt 0.411367 0.318905
vt 0.411758 0.325708
vt 0.214730 0.064940
vt 0.217350 0.055162
vt 0.214067 0.064807
vt 0.397156 0.219699
vt 0.396765 0.211431
vt 0.226232 0.406526
vt 0.226627 0.413727
vt 0.226236 0.413656
vt 0.224969 0.057747
vt 0.222339 0.066454
vt 0.224326 0.057530
vt 0.392354 0.219699
vt 0.392354 0.211500
vt 0.220618 0.274641
vt 0.221223 0.274341
vt 0.226285 0.283108
vt 0.232410 0.279014
vt 0.228182 0.270909
vt 0.232976 0.278638
vt 0.221825 0.413727
vt 0.222212 0.406526
vt 0.222216 0.413656
vt 0.213408 0.074977
vt 0.214347 0.064864
vt 0.212734 0.074931
vt 0.397156 0.228622
vt 0.396765 0.219642
vt 0.226619 0.398776
vt 0.226623 0.406586
vt 0.222622 0.066509
vt 0.221151 0.075484
vt 0.220760 0.075458
vt 0.221955 0.066377
vt 0.392745 0.228577
vt 0.392745 0.219642
vt 0.216710 0.265207
vt 0.220873 0.274514
vt 0.217350 0.264988
vt 0.227831 0.271082
vt 0.224697 0.262495
vt 0.228441 0.270783
vt 0.221817 0.398776
vt 0.221821 0.406586
vt 0.213019 0.085125
vt 0.213019 0.074951
vt 0.396765 0.238085
vt 0.396765 0.228577
vt 0.226225 0.390395
vt 0.226228 0.398728
vt 0.221438 0.084573
vt 0.221438 0.075502
vt 0.220760 0.084618
vt 0.392745 0.238085
vt 0.392354 0.228622
vt 0.214347 0.255287
vt 0.216980 0.265114
vt 0.221955 0.253773
vt 0.224326 0.262620
vt 0.222622 0.253641
vt 0.224970 0.262403
vt 0.222205 0.390395
vt 0.222208 0.398728
vt 0.213409 0.085100
vt 0.214347 0.095212
vt 0.212734 0.085143
vt 0.397156 0.248022
vt 0.397156 0.238118
vt 0.226223 0.381671
vt 0.226616 0.390430
vt 0.222622 0.093566
vt 0.221151 0.084592
vt 0.221955 0.093699
vt 0.392745 0.248003
vt 0.392354 0.238118
vt 0.212734 0.245219
vt 0.214067 0.255343
vt 0.213019 0.245200
vt 0.214730 0.255210
vt 0.220760 0.244692
vt 0.222339 0.253697
vt 0.221150 0.244667
vt 0.221814 0.390430
vt 0.222203 0.381671
vt 0.214730 0.095136
vt 0.216980 0.105039
vt 0.214067 0.095267
vt 0.397156 0.258166
vt 0.396765 0.248003
vt 0.226613 0.372712
vt 0.226614 0.381693
vt 0.224970 0.102327
vt 0.222339 0.093622
vt 0.224326 0.102546
vt 0.392745 0.258161
vt 0.392354 0.248022
vt 0.213019 0.235025
vt 0.213408 0.245174
vt 0.220760 0.235533
vt 0.221438 0.235577
vt 0.221438 0.244648
vt 0.221811 0.372712
vt 0.221812 0.381692
vt 0.217350 0.104914
vt 0.220874 0.114439
vt 0.397442 0.268353
vt 0.397442 0.258181
vt 0.396765 0.268385
vt 0.396765 0.258161
vt 0.226223 0.372704
vt 0.226613 0.363641
vt 0.228183 0.110835
vt 0.224697 0.102420
vt 0.227831 0.111008
vt 0.392745 0.268385
vt 0.392354 0.258166
vt 0.392354 0.268377
vt 0.392068 0.258181
vt 0.214347 0.224938
vt 0.213408 0.235051
vt 0.222339 0.226528
vt 0.221150 0.235558
vt 0.221811 0.363641
vt 0.222202 0.372704
vt 0.221224 0.114266
vt 0.225961 0.123250
vt 0.220618 0.114565
vt 0.397156 0.278479
vt 0.397156 0.268377
vt 0.226223 0.354657
vt 0.226223 0.363647
vt 0.232976 0.118563
vt 0.228441 0.110707
vt 0.232411 0.118940
vt 0.392745 0.278501
vt 0.216710 0.215019
vt 0.214067 0.224883
vt 0.216980 0.215111
vt 0.214730 0.225015
vt 0.224326 0.217605
vt 0.221955 0.226452
vt 0.224970 0.217823
vt 0.222622 0.226584
vt 0.222203 0.354657
vt 0.222202 0.363647
vt 0.232448 0.131064
vt 0.226285 0.123033
vt 0.232154 0.131322
vt 0.225724 0.123409
vt 0.397156 0.288299
vt 0.396765 0.278501
vt 0.226225 0.345886
vt 0.226614 0.354637
vt 0.238498 0.125759
vt 0.232737 0.118723
vt 0.237987 0.126207
vt 0.392745 0.288335
vt 0.392354 0.278479
vt 0.220873 0.205711
vt 0.221223 0.205884
vt 0.217350 0.215236
vt 0.227831 0.209142
vt 0.224697 0.217730
vt 0.228182 0.209315
vt 0.221814 0.345853
vt 0.221812 0.354637
vt 0.239606 0.138222
vt 0.239161 0.138731
vt 0.231940 0.131510
vt 0.396765 0.297718
vt 0.396765 0.288335
vt 0.226619 0.337438
vt 0.226616 0.345853
vt 0.244912 0.132173
vt 0.238281 0.125949
vt 0.244463 0.132683
vt 0.392745 0.297718
vt 0.392354 0.288299
vt 0.225723 0.196741
vt 0.220617 0.205585
vt 0.226285 0.197117
vt 0.232736 0.201428
vt 0.228441 0.209443
vt 0.221817 0.337438
vt 0.222205 0.345886
vt 0.247637 0.144385
vt 0.239349 0.138516
vt 0.247420 0.144710
vt 0.397156 0.297670
vt 0.396765 0.306491
vt 0.226228 0.337484
vt 0.226623 0.329538
vt 0.251948 0.137934
vt 0.244722 0.132389
vt 0.392745 0.306491
vt 0.392354 0.297670
vt 0.232154 0.188828
vt 0.225960 0.196900
vt 0.232410 0.201210
vt 0.238281 0.194202
vt 0.232976 0.201587
vt 0.221821 0.329538
vt 0.222208 0.337484
vt 0.256231 0.149797
vt 0.247262 0.144948
vt 0.397156 0.314433
vt 0.397156 0.306431
vt 0.226236 0.322356
vt 0.226232 0.329596
vt 0.252108 0.137695
vt 0.259835 0.142488
vt 0.251730 0.138259
vt 0.392745 0.314504
vt 0.392354 0.306431
vt 0.231940 0.188639
vt 0.239348 0.181634
vt 0.232447 0.189086
vt 0.244463 0.187467
vt 0.237986 0.193944
vt 0.244912 0.187977
vt 0.238498 0.194391
vt 0.221825 0.322288
vt 0.222212 0.329596
vt 0.256404 0.149446
vt 0.265631 0.153690
vt 0.256106 0.150053
vt 0.397156 0.321538
vt 0.396765 0.314504
vt 0.213125 0.329556
vt 0.212734 0.322288
vt 0.213125 0.322357
vt 0.259964 0.142230
vt 0.268250 0.145973
vt 0.259662 0.142839
vt 0.392745 0.321619
vt 0.392354 0.314433
vt 0.239160 0.181419
vt 0.247419 0.175440
vt 0.239605 0.181928
vt 0.251947 0.182216
vt 0.244721 0.187761
vt 0.217536 0.329498
vt 0.217145 0.322357
vt 0.217536 0.322288
vt 0.265756 0.153320
vt 0.275458 0.156324
vt 0.265540 0.153961
vt 0.416169 0.211929
vt 0.415778 0.204087
vt 0.416169 0.204161
vt 0.213125 0.337411
vt 0.212734 0.329498
vt 0.268344 0.145701
vt 0.277048 0.148331
vt 0.268124 0.146344
vt 0.411758 0.204087
vt 0.411367 0.211929
vt 0.411367 0.204161
vt 0.247262 0.175202
vt 0.256230 0.170353
vt 0.256403 0.170704
vt 0.247636 0.175766
vt 0.259661 0.177311
vt 0.251729 0.181891
vt 0.259835 0.177662
vt 0.252108 0.182455
vt 0.217145 0.337411
vt 0.217145 0.329556
vt 0.285570 0.157262
vt 0.275534 0.155940
vt 0.285545 0.157652
vt 0.275404 0.156604
vt 0.416169 0.220496
vt 0.415778 0.211866
vt 0.213125 0.345787
vt 0.212734 0.337364
vt 0.277105 0.148049
vt 0.286078 0.149520
vt 0.276971 0.148715
vt 0.411758 0.220445
vt 0.411758 0.211866
vt 0.256105 0.170096
vt 0.265630 0.166460
vt 0.268123 0.173806
vt 0.268249 0.174177
vt 0.259963 0.177920
vt 0.217536 0.337364
vt 0.217145 0.345787
vt 0.295693 0.157262
vt 0.295739 0.157937
vt 0.285528 0.157937
vt 0.416169 0.229716
vt 0.415778 0.220445
vt 0.213125 0.354541
vt 0.212734 0.345753
vt 0.295169 0.149233
vt 0.286098 0.149233
vt 0.295186 0.149520
vt 0.286052 0.149910
vt 0.411367 0.229716
vt 0.411367 0.220496
vt 0.275403 0.163545
vt 0.265539 0.166188
vt 0.275533 0.164210
vt 0.265755 0.166830
vt 0.277047 0.171819
vt 0.268343 0.174448
vt 0.217536 0.354520
vt 0.217536 0.345753
vt 0.305729 0.155940
vt 0.295719 0.157652
vt 0.305806 0.156324
vt 0.416169 0.239429
vt 0.415778 0.229677
vt 0.213125 0.363523
vt 0.212734 0.354520
vt 0.304162 0.148049
vt 0.304216 0.148331
vt 0.295211 0.149910
vt 0.411758 0.239404
vt 0.411758 0.229677
vt 0.285544 0.162498
vt 0.275457 0.163826
vt 0.285569 0.162889
vt 0.276970 0.171436
vt 0.286077 0.170630
vt 0.277105 0.172101
vt 0.217145 0.363523
vt 0.217145 0.354541
vt 0.315507 0.153320
vt 0.315727 0.153961
vt 0.305863 0.156604
vt 0.416169 0.249471
vt 0.415778 0.239404
vt 0.212734 0.372587
vt 0.212734 0.363516
vt 0.312923 0.145701
vt 0.313014 0.145974
vt 0.304292 0.148715
vt 0.411367 0.249471
vt 0.411367 0.239429
vt 0.295738 0.162213
vt 0.285527 0.162213
vt 0.295718 0.162498
vt 0.286051 0.170240
vt 0.295185 0.170630
vt 0.286097 0.170917
vt 0.217536 0.372587
vt 0.217536 0.363516
vt 0.325033 0.149797
vt 0.315634 0.153690
vt 0.416169 0.259669
vt 0.415778 0.249459
vt 0.213125 0.381556
vt 0.213125 0.372580
vt 0.321303 0.142230
vt 0.321429 0.142488
vt 0.313139 0.146344
vt 0.411758 0.249459
vt 0.411367 0.259669
vt 0.305863 0.163545
vt 0.305805 0.163826
vt 0.295692 0.162889
vt 0.295210 0.170240
vt 0.304215 0.171819
vt 0.304161 0.172101
vt 0.295168 0.170917
vt 0.217145 0.381556
vt 0.217145 0.372580
vt 0.333626 0.144385
vt 0.324860 0.149446
vt 0.334005 0.144948
vt 0.325161 0.150054
vt 0.416169 0.269849
vt 0.415778 0.259671
vt 0.213125 0.390299
vt 0.212734 0.381577
vt 0.329316 0.137934
vt 0.321601 0.142839
vt 0.411758 0.259671
vt 0.411367 0.269849
vt 0.315726 0.166188
vt 0.315506 0.166830
vt 0.305728 0.164210
vt 0.304291 0.171435
vt 0.313013 0.174176
vt 0.217536 0.390333
vt 0.217536 0.381577
vt 0.341657 0.138222
vt 0.333844 0.144710
vt 0.342106 0.138731
vt 0.416169 0.279836
vt 0.415778 0.269864
vt 0.213125 0.398657
vt 0.212734 0.390333
vt 0.329158 0.137695
vt 0.336542 0.132389
vt 0.329533 0.138259
vt 0.411758 0.279865
vt 0.411758 0.269864
vt 0.325160 0.170096
vt 0.315633 0.166460
vt 0.324859 0.170704
vt 0.313138 0.173806
vt 0.321428 0.177662
vt 0.312922 0.174448
vt 0.217536 0.398704
vt 0.217145 0.390299
vt 0.348815 0.131064
vt 0.341916 0.138516
vt 0.349327 0.131511
vt 0.416169 0.289460
vt 0.415778 0.279865
vt 0.213125 0.406490
vt 0.212734 0.398704
vt 0.336355 0.132173
vt 0.342983 0.125949
vt 0.336800 0.132684
vt 0.411758 0.289502
vt 0.411367 0.279836
vt 0.334004 0.175202
vt 0.325032 0.170353
vt 0.333625 0.175765
vt 0.321600 0.177311
vt 0.329316 0.182216
vt 0.321302 0.177919
vt 0.217145 0.406490
vt 0.217145 0.398657
vt 0.355303 0.123250
vt 0.349110 0.131322
vt 0.355543 0.123409
vt 0.416169 0.298556
vt 0.415778 0.289502
vt 0.213125 0.413661
vt 0.212734 0.406548
vt 0.348290 0.118563
vt 0.342768 0.125759
vt 0.348527 0.118723
vt 0.343276 0.126207
vt 0.411367 0.298556
vt 0.411367 0.289460
vt 0.342105 0.181418
vt 0.333843 0.175440
vt 0.341915 0.181634
vt 0.329532 0.181891
vt 0.336542 0.187761
vt 0.329158 0.182455
vt 0.217536 0.413731
vt 0.217536 0.406548
vt 0.415778 0.298610
vt 0.348852 0.118940
vt 0.212734 0.413731
vt 0.213125 0.420049
vt 0.212734 0.420129
vt 0.341656 0.181928
vt 0.217145 0.420049
vt 0.217536 0.420129
vt 0.354978 0.123033
vt 0.415778 0.314629
vt 0.411758 0.298610
vt 0.406128 0.415701
vt 0.416479 0.002138
vt 0.396765 0.321619
vt 0.217145 0.413661
vt 0.406414 0.204167
vt 0.415778 0.318980
vt 0.336799 0.187467
vt 0.282920 0.326543
vt 0.285792 0.328101
vt 0.284017 0.327824
vt 0.282920 0.324747
vt 0.287567 0.327267
vt 0.284017 0.323121
vt 0.288664 0.325642
vt 0.285792 0.322287
vt 0.287567 0.322564
vt 0.288664 0.323845
vt 0.273695 0.322900
vt 0.272527 0.326482
vt 0.272527 0.324502
vt 0.273695 0.328084
vt 0.275586 0.322288
vt 0.275586 0.328696
vt 0.277476 0.322900
vt 0.277476 0.328084
vt 0.278645 0.326482
vt 0.278645 0.324502
vt 0.242740 0.322307
vt 0.240849 0.364937
vt 0.240849 0.322288
vt 0.393578 0.104330
vt 0.406670 0.145100
vt 0.392068 0.104883
vt 0.395447 0.103654
vt 0.408258 0.144847
vt 0.396961 0.103112
vt 0.410222 0.144542
vt 0.232793 0.322288
vt 0.230902 0.365660
vt 0.230902 0.322381
vt 0.234683 0.365660
vt 0.234683 0.322381
vt 0.410222 0.057407
vt 0.396961 0.098837
vt 0.395447 0.098296
vt 0.408258 0.057102
vt 0.393578 0.097619
vt 0.406670 0.056849
vt 0.392067 0.097066
vt 0.238959 0.322307
vt 0.242740 0.365074
vt 0.240849 0.395488
vt 0.405422 0.178768
vt 0.406939 0.179293
vt 0.411813 0.144301
vt 0.408815 0.179950
vt 0.232793 0.365684
vt 0.230902 0.400884
vt 0.234683 0.400884
vt 0.408815 0.021999
vt 0.411813 0.057648
vt 0.406939 0.022656
vt 0.405422 0.023181
vt 0.238959 0.365074
vt 0.255071 0.322671
vt 0.256962 0.339708
vt 0.255071 0.340215
vt 0.393362 0.197675
vt 0.394963 0.198853
vt 0.396259 0.199812
vt 0.410334 0.180487
vt 0.248906 0.340606
vt 0.247015 0.322803
vt 0.248906 0.322288
vt 0.250796 0.322805
vt 0.396259 0.002138
vt 0.410334 0.021462
vt 0.394963 0.003096
vt 0.393361 0.004274
vt 0.258852 0.322671
vt 0.258852 0.340215
vt 0.079032 0.997862
vt 0.263229 0.322288
vt 0.382539 0.521331
vt 0.184330 0.002138
vt 0.377380 0.002138
vt 0.208459 0.995477
vt 0.268152 0.322288
vt 0.387562 0.870181
vt 0.387462 0.521331
vt 0.382208 0.631340
vt 0.387792 0.631340
vt 0.411758 0.314629
vt 0.356296 0.057748
vt 0.359828 0.244647
vt 0.407091 0.251285
vt 0.401717 0.251285
vt 0.401717 0.415632
vt 0.402394 0.204167
vt 0.420499 0.002138
vt 0.411758 0.318980
vt 0.216710 0.105131
vt 0.212734 0.235007
vt 0.392068 0.268353
vt 0.226627 0.322288
vt 0.222216 0.322356
vt 0.392354 0.321538
vt 0.336354 0.187976
vt 0.242740 0.395891
vt 0.232793 0.401195
vt 0.238959 0.395891
vt 0.256962 0.322288
vt 0.392068 0.196728
vt 0.247015 0.341001
vt 0.250796 0.341003
vt 0.392067 0.005221
s 1
usemtl upper_half_steel.001
f 1/1/1 5/2/2 7/3/3
f 6/4/4 4/5/5 2/6/6
f 3/7/7 5/8/2 6/9/4
f 17/10/8 21/11/9 23/12/10
f 18/13/11 21/14/9 20/15/12
f 19/16/13 21/17/9 22/18/14
f 24/19/15 28/20/16 30/21/17
f 29/22/18 27/23/19 25/24/20
f 26/25/21 28/20/16 29/26/18
f 37/27/22 40/28/23 34/29/24
f 39/30/25 37/27/22 35/31/26
f 36/32/27 38/33/28 39/34/25
f 44/35/29 48/36/30 50/37/31
f 45/38/32 48/39/30 47/40/33
f 50/41/31 49/42/34 46/43/35
f 60/44/36 64/45/37 66/46/38
f 61/47/39 64/48/37 63/49/40
f 62/50/41 64/51/37 65/52/42
f 70/53/43 73/54/44 67/55/45
f 68/56/46 71/57/47 70/58/43
f 69/59/48 71/57/47 72/60/49
f 80/61/50 83/62/51 77/63/52
f 82/64/53 80/61/50 78/65/54
f 79/66/55 81/67/56 82/68/53
f 41/69/57 4/70/5 1/1/1
f 43/71/58 2/6/6 4/5/5
f 42/72/59 40/73/23 36/32/27
f 43/74/58 34/29/24 40/28/23
f 32/75/60 39/34/25 33/76/61
f 33/77/61 35/31/26 31/78/62
f 26/25/21 33/77/61 30/21/17
f 30/21/17 31/78/62 24/19/15
f 19/16/13 29/79/18 23/80/10
f 23/12/10 25/24/20 17/10/8
f 19/16/13 16/81/63 15/82/64
f 22/83/14 14/84/65 16/85/63
f 15/82/64 13/86/66 12/87/67
f 16/85/63 11/88/68 13/89/66
f 9/90/69 13/86/66 10/91/70
f 10/92/70 11/88/68 8/93/71
f 2/6/6 10/91/70 6/4/4
f 6/9/4 8/93/71 3/7/7
f 46/43/35 86/94/72 50/41/31
f 50/37/31 85/95/73 44/35/29
f 51/96/74 49/97/34 45/38/32
f 53/98/75 46/43/35 49/42/34
f 54/99/76 53/100/75 51/96/74
f 56/101/77 52/102/78 53/98/75
f 54/99/76 59/103/79 56/104/77
f 56/101/77 58/105/80 55/106/81
f 57/107/82 66/46/38 59/103/79
f 59/108/79 62/50/41 58/105/80
f 67/55/45 65/109/42 61/47/39
f 73/110/44 62/50/41 65/52/42
f 74/111/83 72/60/49 68/56/46
f 76/112/84 69/59/48 72/60/49
f 77/63/52 76/112/84 74/111/83
f 83/113/51 75/114/85 76/115/84
f 78/65/54 86/116/72 82/64/53
f 82/68/53 84/117/86 79/66/55
f 45/38/32 7/118/3 3/7/7
f 47/119/33 1/1/1 7/3/3
f 17/10/8 63/49/40 20/120/12
f 20/15/12 60/44/36 18/13/11
f 68/56/46 27/121/19 24/19/15
f 70/53/43 25/24/20 27/23/19
f 78/65/54 37/27/22 34/29/24
f 80/61/50 35/31/26 37/27/22
f 2/6/6 42/72/59 9/90/69
f 8/93/71 45/38/32 3/7/7
f 1/1/1 85/95/73 41/69/57
f 36/32/27 12/87/67 9/90/69
f 11/88/68 51/96/74 8/93/71
f 42/72/59 36/32/27 9/90/69
f 14/84/65 54/99/76 11/88/68
f 36/32/27 32/75/60 12/87/67
f 32/75/60 15/82/64 12/87/67
f 26/122/21 19/16/13 15/82/64
f 18/13/11 57/107/82 14/84/65
f 32/75/60 26/122/21 15/82/64
f 25/24/20 61/47/39 17/10/8
f 31/78/62 68/56/46 24/19/15
f 35/31/26 74/111/83 31/78/62
f 41/69/57 78/65/54 34/29/24
f 84/117/86 46/43/35 52/102/78
f 84/117/86 52/102/78 79/66/55
f 52/102/78 55/106/81 79/66/55
f 75/114/85 79/66/55 55/106/81
f 55/106/81 58/105/80 75/114/85
f 62/50/41 69/123/48 58/105/80
f 69/123/48 75/114/85 58/105/80
f 91/124/87 90/125/88 88/126/89
f 93/127/90 89/128/91 90/125/88
f 94/129/92 87/130/93 89/131/91
f 280/132/94 285/133/95 282/134/96
f 282/135/96 286/136/97 281/137/98
f 281/137/98 284/138/99 279/139/100
f 472/140/101 477/141/102 474/142/103
f 477/143/102 473/144/104 474/145/103
f 473/144/104 476/146/105 471/147/106
f 667/148/107 666/149/108 664/150/109
f 669/151/110 665/152/111 666/149/108
f 670/153/112 663/154/113 665/155/111
f 95/156/114 93/127/90 91/124/87
f 93/127/90 98/157/115 94/158/92
f 94/159/92 96/160/116 92/161/117
f 287/162/118 285/133/95 283/163/119
f 285/164/95 290/165/120 286/136/97
f 290/165/120 284/138/99 286/136/97
f 479/166/121 477/167/102 475/168/122
f 481/169/123 478/170/124 477/143/102
f 478/170/124 480/171/125 476/146/105
f 667/148/107 673/172/126 669/151/110
f 673/172/126 670/173/112 669/151/110
f 674/174/127 668/175/128 670/153/112
f 95/156/114 101/176/129 97/177/130
f 101/176/129 98/157/115 97/177/130
f 98/178/115 100/179/131 96/160/116
f 287/162/118 293/180/132 289/181/133
f 293/182/132 290/165/120 289/183/133
f 290/165/120 292/184/134 288/185/135
f 483/186/136 481/187/123 479/166/121
f 481/169/123 486/188/137 482/189/138
f 486/188/137 480/171/125 482/189/138
f 675/190/139 673/172/126 671/191/140
f 673/172/126 678/192/141 674/193/127
f 678/194/141 672/195/142 674/174/127
f 99/196/143 105/197/144 101/176/129
f 101/176/129 106/198/145 102/199/146
f 106/200/145 100/179/131 102/201/146
f 291/202/147 297/203/148 293/180/132
f 297/204/148 294/205/149 293/182/132
f 298/206/150 292/184/134 294/205/149
f 483/186/136 489/207/151 485/208/152
f 485/209/152 490/210/153 486/188/137
f 490/210/153 484/211/154 486/188/137
f 675/190/139 681/212/155 677/213/156
f 681/212/155 678/192/141 677/213/156
f 682/214/157 676/215/158 678/194/141
f 103/216/159 109/217/160 105/197/144
f 109/217/160 106/198/145 105/197/144
f 106/200/145 108/218/161 104/219/162
f 299/220/163 297/203/148 295/221/164
f 297/204/148 302/222/165 298/206/150
f 302/222/165 296/223/166 298/206/150
f 491/224/167 489/207/151 487/225/168
f 489/226/151 494/227/169 490/210/153
f 494/227/169 488/228/170 490/210/153
f 679/229/171 685/230/172 681/212/155
f 685/230/172 682/231/157 681/212/155
f 686/232/173 680/233/174 682/214/157
f 107/234/175 113/235/176 109/217/160
f 113/235/176 110/236/177 109/217/160
f 110/237/177 112/238/178 108/218/161
f 303/239/179 301/240/180 299/220/163
f 301/241/180 306/242/181 302/222/165
f 306/242/181 300/243/182 302/222/165
f 495/244/183 493/245/184 491/224/167
f 493/246/184 498/247/185 494/227/169
f 498/247/185 492/248/186 494/227/169
f 687/249/187 685/230/172 683/250/188
f 689/251/189 686/252/173 685/230/172
f 690/253/190 684/254/191 686/232/173
f 111/255/192 117/256/193 113/235/176
f 117/256/193 114/257/194 113/235/176
f 118/258/195 112/238/178 114/259/194
f 307/260/196 305/261/197 303/239/179
f 309/262/198 306/263/181 305/261/197
f 306/242/181 308/264/199 304/265/200
f 495/244/183 501/266/201 497/267/202
f 501/268/201 498/247/185 497/269/202
f 502/270/203 496/271/204 498/247/185
f 691/272/205 689/251/189 687/249/187
f 689/273/189 694/274/206 690/253/190
f 690/253/190 692/275/207 688/276/208
f 115/277/209 121/278/210 117/256/193
f 117/256/193 122/279/211 118/280/195
f 122/281/211 116/282/212 118/258/195
f 311/283/213 309/262/198 307/260/196
f 309/284/198 314/285/214 310/286/215
f 314/285/214 308/264/199 310/286/215
f 503/287/216 501/266/201 499/288/217
f 505/289/218 502/270/203 501/268/201
f 506/290/219 500/291/220 502/270/203
f 691/272/205 697/292/221 693/293/222
f 697/292/221 694/294/206 693/293/222
f 694/274/206 696/295/223 692/275/207
f 119/296/224 125/297/225 121/278/210
f 121/278/210 126/298/226 122/279/211
f 122/281/211 124/299/227 120/300/228
f 311/283/213 317/301/229 313/302/230
f 313/303/230 318/304/231 314/285/214
f 318/304/231 312/305/232 314/285/214
f 507/306/233 505/307/218 503/287/216
f 509/308/234 506/290/219 505/289/218
f 510/309/235 504/310/236 506/290/219
f 699/311/237 697/292/221 695/312/238
f 701/313/239 698/314/240 697/292/221
f 702/315/241 696/295/223 698/316/240
f 123/317/242 129/318/243 125/297/225
f 125/297/225 130/319/244 126/298/226
f 130/320/244 124/299/227 126/321/226
f 319/322/245 317/301/229 315/323/246
f 321/324/247 318/304/231 317/325/229
f 318/304/231 320/326/248 316/327/249
f 511/328/250 509/329/234 507/306/233
f 513/330/251 510/309/235 509/308/234
f 514/331/252 508/332/253 510/309/235
f 699/311/237 705/333/254 701/313/239
f 701/313/239 706/334/255 702/335/241
f 702/315/241 704/336/256 700/337/257
f 131/338/258 129/318/243 127/339/259
f 129/318/243 134/340/260 130/319/244
f 134/341/260 128/342/261 130/320/244
f 323/343/262 321/344/247 319/322/245
f 325/345/263 322/346/264 321/324/247
f 322/346/264 324/347/265 320/326/248
f 511/328/250 517/348/266 513/349/251
f 517/350/266 514/331/252 513/330/251
f 518/351/267 512/352/268 514/331/252
f 707/353/269 705/333/254 703/354/270
f 705/333/254 710/355/271 706/334/255
f 710/356/271 704/336/256 706/357/255
f 135/358/272 133/359/273 131/338/258
f 133/359/273 138/360/274 134/340/260
f 138/361/274 132/362/275 134/341/260
f 327/363/276 325/364/263 323/343/262
f 329/365/277 326/366/278 325/345/263
f 326/366/278 328/367/279 324/347/265
f 519/368/280 517/348/266 515/369/281
f 521/370/282 518/351/267 517/350/266
f 522/371/283 516/372/284 518/351/267
f 711/373/285 709/374/286 707/353/269
f 709/374/286 714/375/287 710/355/271
f 714/376/287 708/377/288 710/356/271
f 139/378/289 137/379/290 135/358/272
f 137/379/290 142/380/291 138/360/274
f 138/381/274 140/382/292 136/383/293
f 327/363/276 333/384/294 329/385/277
f 329/365/277 334/386/295 330/387/296
f 334/386/295 328/367/279 330/387/296
f 523/388/297 521/389/282 519/390/280
f 525/391/298 522/371/283 521/370/282
f 522/371/283 524/392/299 520/393/300
f 715/394/301 713/395/302 711/373/285
f 717/396/303 714/375/287 713/395/302
f 718/397/304 712/398/305 714/376/287
f 143/399/306 141/400/307 139/378/289
f 141/400/307 146/401/308 142/380/291
f 146/402/308 140/382/292 142/403/291
f 335/404/309 333/405/294 331/406/310
f 337/407/311 334/386/295 333/408/294
f 338/409/312 332/410/313 334/386/295
f 523/388/297 529/411/314 525/412/298
f 529/413/314 526/414/315 525/391/298
f 530/415/316 524/392/299 526/414/315
f 719/416/317 717/396/303 715/394/301
f 721/417/318 718/418/304 717/396/303
f 718/419/304 720/420/319 716/421/320
f 143/399/306 149/422/321 145/423/322
f 149/422/321 146/401/308 145/423/322
f 150/424/323 144/425/324 146/402/308
f 339/426/325 337/427/311 335/404/309
f 341/428/326 338/409/312 337/407/311
f 338/409/312 340/429/327 336/430/328
f 531/431/329 529/411/314 527/432/330
f 533/433/331 530/415/316 529/413/314
f 534/434/332 528/435/333 530/415/316
f 723/436/334 721/417/318 719/416/317
f 725/437/335 722/438/336 721/417/318
f 726/439/337 720/420/319 722/440/336
f 147/441/338 153/442/339 149/422/321
f 153/442/339 150/443/323 149/422/321
f 154/444/340 148/445/341 150/424/323
f 343/446/342 341/447/326 339/426/325
f 345/448/343 342/449/344 341/428/326
f 342/449/344 344/450/345 340/429/327
f 531/431/329 537/451/346 533/452/331
f 533/433/331 538/453/347 534/434/332
f 538/453/347 532/454/348 534/434/332
f 723/436/334 729/455/349 725/437/335
f 725/437/335 730/456/350 726/457/337
f 726/439/337 728/458/351 724/459/352
f 155/460/353 153/442/339 151/461/354
f 153/442/339 158/462/355 154/463/340
f 158/464/355 152/465/356 154/444/340
f 347/466/357 345/467/343 343/446/342
f 349/468/358 346/469/359 345/448/343
f 346/469/359 348/470/360 344/450/345
f 539/471/361 537/451/346 535/472/362
f 537/473/346 542/474/363 538/453/347
f 538/453/347 540/475/364 536/476/365
f 727/477/366 733/478/367 729/455/349
f 729/455/349 734/479/368 730/456/350
f 730/480/350 732/481/369 728/458/351
f 159/482/370 157/483/371 155/460/353
f 161/484/372 158/462/355 157/483/371
f 162/485/373 156/486/374 158/464/355
f 351/487/375 349/488/358 347/466/357
f 353/489/376 350/490/377 349/468/358
f 354/491/378 348/470/360 350/490/377
f 543/492/379 541/493/380 539/471/361
f 541/494/380 546/495/381 542/474/363
f 546/495/381 540/475/364 542/474/363
f 735/496/382 733/478/367 731/497/383
f 733/478/367 738/498/384 734/479/368
f 738/499/384 732/481/369 734/500/368
f 159/482/370 165/501/385 161/484/372
f 165/501/385 162/502/373 161/484/372
f 166/503/386 160/504/387 162/485/373
f 355/505/388 353/506/376 351/487/375
f 353/489/376 358/507/389 354/491/378
f 358/507/389 352/508/390 354/491/378
f 547/509/391 545/510/392 543/492/379
f 549/511/393 546/495/381 545/512/392
f 546/495/381 548/513/394 544/514/395
f 735/496/382 741/515/396 737/516/397
f 741/515/396 738/498/384 737/516/397
f 738/499/384 740/517/398 736/518/399
f 167/519/400 165/501/385 163/520/401
f 169/521/402 166/522/386 165/501/385
f 170/523/403 164/524/404 166/503/386
f 359/525/405 357/526/406 355/505/388
f 361/527/407 358/507/389 357/528/406
f 358/507/389 360/529/408 356/530/409
f 551/531/410 549/532/393 547/509/391
f 549/511/393 554/533/411 550/534/412
f 550/534/412 552/535/413 548/513/394
f 739/536/414 745/537/415 741/515/396
f 741/515/396 746/538/416 742/539/417
f 742/540/417 744/541/418 740/517/398
f 171/542/419 169/521/402 167/519/400
f 169/521/402 174/543/420 170/544/403
f 174/545/420 168/546/421 170/523/403
f 363/547/422 361/548/407 359/525/405
f 365/549/423 362/550/424 361/527/407
f 362/550/424 364/551/425 360/529/408
f 555/552/426 553/553/427 551/531/410
f 557/554/428 554/533/411 553/555/427
f 554/533/411 556/556/429 552/535/413
f 747/557/430 745/537/415 743/558/431
f 749/559/432 746/538/416 745/537/415
f 750/560/433 744/541/418 746/561/416
f 171/542/419 177/562/434 173/563/435
f 177/562/434 174/543/420 173/563/435
f 178/564/436 172/565/437 174/545/420
f 367/566/438 365/567/423 363/547/422
f 369/568/439 366/569/440 365/549/423
f 366/569/440 368/570/441 364/551/425
f 555/552/426 561/571/442 557/572/428
f 557/554/428 562/573/443 558/574/444
f 562/573/443 556/556/429 558/574/444
f 751/575/445 749/559/432 747/557/430
f 753/576/446 750/577/433 749/559/432
f 754/578/447 748/579/448 750/560/433
f 179/580/449 177/562/434 175/581/450
f 181/582/451 178/583/436 177/562/434
f 178/564/436 180/584/452 176/585/453
f 371/586/454 369/587/439 367/566/438
f 373/588/455 370/589/456 369/568/439
f 374/590/457 368/570/441 370/589/456
f 563/591/458 561/571/442 559/592/459
f 561/593/442 566/594/460 562/573/443
f 566/594/460 560/595/461 562/573/443
f 755/596/462 753/576/446 751/575/445
f 753/576/446 758/597/463 754/598/447
f 758/599/463 752/600/464 754/578/447
f 183/601/465 181/582/451 179/580/449
f 185/602/466 182/603/467 181/582/451
f 186/604/468 180/584/452 182/605/467
f 371/586/454 377/606/469 373/607/455
f 373/588/455 378/608/470 374/590/457
f 378/608/470 372/609/471 374/590/457
f 563/591/458 569/610/472 565/611/473
f 565/612/473 570/613/474 566/594/460
f 566/594/460 568/614/475 564/615/476
f 755/596/462 761/616/477 757/617/478
f 761/616/477 758/597/463 757/617/478
f 762/618/479 756/619/480 758/599/463
f 183/601/465 189/620/481 185/602/466
f 185/602/466 190/621/482 186/622/468
f 190/623/482 184/624/483 186/625/468
f 375/626/484 381/627/485 377/606/469
f 377/628/469 382/629/486 378/608/470
f 382/629/486 376/630/487 378/608/470
f 571/631/488 569/632/472 567/633/489
f 573/634/490 570/613/474 569/635/472
f 574/636/491 568/614/475 570/613/474
f 759/637/492 765/638/493 761/616/477
f 765/638/493 762/639/479 761/616/477
f 766/640/494 760/641/495 762/618/479
f 191/642/496 189/620/481 187/643/497
f 189/620/481 194/644/498 190/621/482
f 194/645/498 188/646/499 190/623/482
f 383/647/500 381/648/485 379/649/501
f 381/650/485 386/651/502 382/629/486
f 386/651/502 380/652/503 382/629/486
f 571/631/488 577/653/504 573/654/490
f 577/655/504 574/636/491 573/634/490
f 574/636/491 576/656/505 572/657/506
f 763/658/507 769/659/508 765/638/493
f 769/659/508 766/660/494 765/638/493
f 766/661/494 768/662/509 764/663/510
f 195/664/511 193/665/512 191/642/496
f 193/665/512 198/666/513 194/644/498
f 198/667/513 192/668/514 194/645/498
f 383/647/500 389/669/515 385/670/516
f 385/671/516 390/672/517 386/651/502
f 386/651/502 388/673/518 384/674/519
f 579/675/520 577/653/504 575/676/521
f 581/677/522 578/678/523 577/655/504
f 578/678/523 580/679/524 576/656/505
f 767/680/525 773/681/526 769/659/508
f 773/681/526 770/682/527 769/659/508
f 774/683/528 768/662/509 770/684/527
f 195/664/511 201/685/529 197/686/530
f 201/685/529 198/666/513 197/686/530
f 198/667/513 200/687/531 196/688/532
f 391/689/533 389/669/515 387/690/534
f 393/691/535 390/672/517 389/692/515
f 390/672/517 392/693/536 388/673/518
f 583/694/537 581/695/522 579/675/520
f 581/677/522 586/696/538 582/697/539
f 586/696/538 580/679/524 582/697/539
f 775/698/540 773/681/526 771/699/541
f 773/681/526 778/700/542 774/701/528
f 774/683/528 776/702/543 772/703/544
f 199/704/545 205/705/546 201/685/529
f 205/705/546 202/706/547 201/685/529
f 206/707/548 200/687/531 202/708/547
f 395/709/549 393/710/535 391/689/533
f 397/711/550 394/712/551 393/691/535
f 394/712/551 396/713/552 392/693/536
f 587/714/553 585/715/554 583/694/537
f 589/716/555 586/696/538 585/717/554
f 590/718/556 584/719/557 586/696/538
f 779/720/558 777/721/559 775/698/540
f 781/722/560 778/700/542 777/721/559
f 778/723/542 780/724/561 776/702/543
f 203/725/562 209/726/563 205/705/546
f 209/726/563 206/727/548 205/705/546
f 210/728/564 204/729/565 206/707/548
f 395/709/549 401/730/566 397/731/550
f 401/732/566 398/733/567 397/711/550
f 398/733/567 400/734/568 396/713/552
f 591/735/569 589/736/555 587/714/553
f 589/716/555 594/737/570 590/718/556
f 594/737/570 588/738/571 590/718/556
f 783/739/572 781/722/560 779/720/558
f 781/722/560 786/740/573 782/741/574
f 786/742/573 780/724/561 782/743/574
f 207/744/575 213/745/576 209/726/563
f 213/746/576 210/728/564 209/747/563
f 210/728/564 212/748/577 208/749/578
f 399/750/579 405/751/580 401/730/566
f 401/732/566 406/752/581 402/753/582
f 402/753/582 404/754/583 400/734/568
f 595/755/584 593/756/585 591/735/569
f 597/757/586 594/758/570 593/756/585
f 598/759/587 592/760/588 594/737/570
f 783/739/572 789/761/589 785/762/590
f 789/761/589 786/740/573 785/762/590
f 790/763/591 784/764/592 786/742/573
f 211/765/593 217/766/594 213/745/576
f 217/766/594 214/767/595 213/745/576
f 218/768/596 212/748/577 214/769/595
f 407/770/597 405/751/580 403/771/598
f 409/772/599 406/752/581 405/773/580
f 406/752/581 408/774/600 404/754/583
f 599/775/601 597/757/586 595/755/584
f 601/776/602 598/759/587 597/777/586
f 602/778/603 596/779/604 598/759/587
f 791/780/605 789/761/589 787/781/606
f 789/761/589 794/782/607 790/783/591
f 790/763/591 792/784/608 788/785/609
f 219/786/610 217/766/594 215/787/611
f 221/788/612 218/789/596 217/766/594
f 222/790/613 216/791/614 218/768/596
f 411/792/615 409/793/599 407/770/597
f 413/794/616 410/795/617 409/772/599
f 410/795/617 412/796/618 408/774/600
f 603/797/619 601/798/602 599/775/601
f 601/776/602 606/799/620 602/778/603
f 602/778/603 604/800/621 600/801/622
f 795/802/623 793/803/624 791/780/605
f 797/804/625 794/782/607 793/803/624
f 798/805/626 792/784/608 794/806/607
f 223/807/627 221/788/612 219/786/610
f 221/788/612 226/808/628 222/809/613
f 222/790/613 224/810/629 220/811/630
f 411/792/615 417/812/631 413/813/616
f 417/814/631 414/815/632 413/794/616
f 414/815/632 416/816/633 412/796/618
f 607/817/634 605/818/635 603/797/619
f 609/819/636 606/799/620 605/820/635
f 606/799/620 608/821/637 604/800/621
f 795/802/623 801/822/638 797/804/625
f 801/822/638 798/823/626 797/804/625
f 802/824/639 796/825/640 798/805/626
f 227/826/641 225/827/642 223/807/627
f 229/828/643 226/808/628 225/827/642
f 226/829/628 228/830/644 224/810/629
f 415/831/645 421/832/646 417/812/631
f 417/814/631 422/833/647 418/834/648
f 422/833/647 416/816/633 418/834/648
f 611/835/649 609/836/636 607/817/634
f 609/819/636 614/837/650 610/838/651
f 614/837/650 608/821/637 610/838/651
f 799/839/652 805/840/653 801/822/638
f 805/840/653 802/841/639 801/822/638
f 806/842/654 800/843/655 802/824/639
f 227/826/641 233/844/656 229/828/643
f 233/844/656 230/845/657 229/828/643
f 234/846/658 228/830/644 230/847/657
f 423/848/659 421/832/646 419/849/660
f 421/850/646 426/851/661 422/833/647
f 426/851/661 420/852/662 422/833/647
f 615/853/663 613/854/664 611/835/649
f 613/855/664 618/856/665 614/837/650
f 618/856/665 612/857/666 614/837/650
f 807/858/667 805/840/653 803/859/668
f 805/840/653 810/860/669 806/861/654
f 810/862/669 804/863/670 806/842/654
f 231/864/671 237/865/672 233/844/656
f 237/865/672 234/866/658 233/844/656
f 238/867/673 232/868/674 234/846/658
f 427/869/675 425/870/676 423/871/659
f 425/872/676 430/873/677 426/851/661
f 430/873/677 424/874/678 426/851/661
f 619/875/679 617/876/680 615/853/663
f 617/877/680 622/878/681 618/856/665
f 622/878/681 616/879/682 618/856/665
f 807/858/667 813/880/683 809/881/684
f 813/880/683 810/860/669 809/881/684
f 814/882/685 808/883/686 810/884/669
f 235/885/687 241/886/688 237/865/672
f 241/886/688 238/887/673 237/865/672
f 242/888/689 236/889/690 238/890/673
f 431/891/691 429/892/692 427/869/675
f 429/893/692 434/894/693 430/873/677
f 434/894/693 428/895/694 430/873/677
f 619/896/679 625/897/695 621/898/696
f 621/899/696 626/900/697 622/878/681
f 622/878/681 624/901/698 620/902/699
f 815/903/700 813/880/683 811/904/701
f 817/905/702 814/906/685 813/880/683
f 814/882/685 816/907/703 812/908/704
f 243/909/705 241/886/688 239/910/706
f 245/911/707 242/912/689 241/886/688
f 246/913/708 240/914/709 242/888/689
f 435/915/710 433/916/711 431/891/691
f 433/917/711 438/918/712 434/894/693
f 438/918/712 432/919/713 434/894/693
f 627/920/714 625/897/695 623/921/715
f 625/922/695 630/923/716 626/900/697
f 630/923/716 624/901/698 626/900/697
f 819/924/717 817/905/702 815/903/700
f 821/925/718 818/926/719 817/905/702
f 818/927/719 820/928/720 816/907/703
f 247/929/721 245/911/707 243/909/705
f 245/911/707 250/930/722 246/931/708
f 250/932/722 244/933/723 246/913/708
f 439/934/724 437/935/725 435/915/710
f 441/936/726 438/918/712 437/937/725
f 442/938/727 436/939/728 438/918/712
f 627/920/714 633/940/729 629/941/730
f 633/942/729 630/923/716 629/943/730
f 630/923/716 632/944/731 628/945/732
f 819/924/717 825/946/733 821/925/718
f 825/946/733 822/947/734 821/925/718
f 826/948/735 820/928/720 822/949/734
f 251/950/736 249/951/737 247/929/721
f 253/952/738 250/930/722 249/951/737
f 254/953/739 248/954/740 250/932/722
f 443/955/741 441/956/726 439/934/724
f 445/957/742 442/938/727 441/936/726
f 446/958/743 440/959/744 442/938/727
f 635/960/745 633/940/729 631/961/746
f 633/942/729 638/962/747 634/963/748
f 634/963/748 636/964/749 632/944/731
f 823/965/750 829/966/751 825/946/733
f 829/966/751 826/967/735 825/946/733
f 826/948/735 828/968/752 824/969/753
f 255/970/754 253/952/738 251/950/736
f 253/952/738 258/971/755 254/972/739
f 258/973/755 252/974/756 254/953/739
f 443/955/741 449/975/757 445/976/742
f 449/977/757 446/958/743 445/957/742
f 450/978/758 444/979/759 446/958/743
f 635/960/745 641/980/760 637/981/761
f 641/982/760 638/962/747 637/983/761
f 642/984/762 636/964/749 638/962/747
f 827/985/763 833/986/764 829/966/751
f 833/986/764 830/987/765 829/966/751
f 834/988/766 828/968/752 830/989/765
f 255/970/754 261/990/767 257/991/768
f 261/990/767 258/971/755 257/991/768
f 262/992/769 256/993/770 258/973/755
f 451/994/771 449/975/757 447/995/772
f 453/996/773 450/978/758 449/977/757
f 454/997/774 448/998/775 450/978/758
f 639/999/776 645/1000/777 641/980/760
f 645/1001/777 642/984/762 641/982/760
f 646/1002/778 640/1003/779 642/984/762
f 831/1004/780 837/1005/781 833/986/764
f 833/986/764 838/1006/782 834/1007/766
f 834/988/766 836/1008/783 832/1009/784
f 263/1010/785 261/990/767 259/1011/786
f 261/990/767 266/1012/787 262/1013/769
f 266/1014/787 260/1015/788 262/992/769
f 455/1016/789 453/1017/773 451/994/771
f 453/996/773 458/1018/790 454/997/774
f 458/1018/790 452/1019/791 454/997/774
f 643/1020/792 649/1021/793 645/1000/777
f 649/1022/793 646/1002/778 645/1001/777
f 646/1002/778 648/1023/794 644/1024/795
f 835/1025/796 841/1026/797 837/1005/781
f 841/1026/797 838/1006/782 837/1005/781
f 842/1027/798 836/1008/783 838/1028/782
f 267/1029/224 265/1030/799 263/1010/785
f 265/1030/799 270/1031/800 266/1012/787
f 270/1032/800 264/1033/801 266/1014/787
f 459/1034/802 457/1035/803 455/1016/789
f 457/1036/803 462/1037/804 458/1018/790
f 462/1037/804 456/1038/805 458/1018/790
f 651/1039/806 649/1021/793 647/1040/807
f 653/1041/808 650/1042/809 649/1022/793
f 650/1042/809 652/1043/810 648/1023/794
f 839/1044/811 845/1045/812 841/1026/797
f 845/1045/812 842/1046/798 841/1026/797
f 846/1047/813 840/1048/814 842/1027/798
f 271/1049/815 269/1050/816 267/1029/224
f 269/1050/816 274/1051/817 270/1031/800
f 274/1052/817 268/1053/818 270/1032/800
f 463/1054/819 461/1055/820 459/1034/802
f 461/1056/820 466/1057/821 462/1037/804
f 466/1057/821 460/1058/822 462/1037/804
f 655/1059/823 653/1060/808 651/1039/806
f 657/1061/824 654/1062/825 653/1041/808
f 654/1062/825 656/1063/826 652/1043/810
f 843/1064/827 849/1065/828 845/1045/812
f 849/1065/828 846/1066/813 845/1045/812
f 846/1047/813 848/1067/829 844/1068/830
f 271/1049/815 277/1069/831 273/1070/832
f 273/1070/832 278/1071/833 274/1051/817
f 278/1072/833 272/1073/834 274/1052/817
f 467/1074/835 465/1075/836 463/1054/819
f 469/1076/837 466/1057/821 465/1077/836
f 470/1078/838 464/1079/839 466/1057/821
f 655/1059/823 661/1080/840 657/1081/824
f 661/1082/840 658/1083/841 657/1061/824
f 662/1084/842 656/1063/826 658/1083/841
f 847/1085/843 853/1086/844 849/1065/828
f 853/1086/844 850/1087/845 849/1065/828
f 854/1088/846 848/1067/829 850/1089/845
f 276/1090/847 89/131/91 87/130/93
f 278/1071/833 90/125/88 89/128/91
f 277/1069/831 88/126/89 90/125/88
f 468/1091/848 281/137/98 279/139/100
f 470/1078/838 282/135/96 281/137/98
f 469/1092/837 280/1093/94 282/1094/96
f 660/1095/849 473/144/104 471/147/106
f 662/1084/842 474/145/103 473/144/104
f 661/1080/840 472/140/101 474/142/103
f 663/1096/113 854/1088/846 665/1097/111
f 665/152/111 853/1086/844 666/149/108
f 853/1086/844 664/150/109 666/149/108
f 468/1091/848 88/126/89 275/1098/850
f 279/139/100 91/124/87 88/126/89
f 92/1099/117 472/140/101 87/130/93
f 87/130/93 659/1100/851 276/1090/847
f 96/160/116 475/168/122 92/161/117
f 91/124/87 288/185/135 95/156/114
f 100/179/131 479/166/121 96/160/116
f 288/185/135 99/196/143 95/156/114
f 104/219/162 483/186/136 100/179/131
f 292/184/134 103/216/159 99/196/143
f 108/218/161 487/225/168 104/219/162
f 103/216/159 300/243/182 107/234/175
f 112/238/178 491/224/167 108/218/161
f 107/234/175 304/265/200 111/255/192
f 116/282/212 495/244/183 112/238/178
f 111/255/192 308/264/199 115/277/209
f 120/300/228 499/288/217 116/282/212
f 115/277/209 312/305/232 119/296/224
f 124/299/227 503/287/216 120/300/228
f 312/305/232 123/317/242 119/296/224
f 128/342/261 507/306/233 124/299/227
f 123/317/242 320/326/248 127/339/259
f 132/362/275 511/328/250 128/342/261
f 320/326/248 131/338/258 127/339/259
f 136/1101/293 515/369/281 132/362/275
f 324/347/265 135/358/272 131/338/258
f 140/382/292 519/390/280 136/383/293
f 135/358/272 332/410/313 139/378/289
f 144/425/324 523/388/297 140/382/292
f 139/378/289 336/430/328 143/399/306
f 148/445/341 527/432/330 144/425/324
f 336/430/328 147/441/338 143/399/306
f 152/465/356 531/431/329 148/445/341
f 147/441/338 344/450/345 151/461/354
f 156/486/374 535/472/362 152/465/356
f 344/450/345 155/460/353 151/461/354
f 160/504/387 539/471/361 156/486/374
f 348/470/360 159/482/370 155/460/353
f 164/524/404 543/492/379 160/504/387
f 352/508/390 163/520/401 159/482/370
f 168/546/421 547/509/391 164/524/404
f 356/530/409 167/519/400 163/520/401
f 172/565/437 551/531/410 168/546/421
f 167/519/400 364/551/425 171/542/419
f 176/585/453 555/552/426 172/565/437
f 364/551/425 175/581/450 171/542/419
f 180/584/452 559/592/459 176/585/453
f 368/570/441 179/580/449 175/581/450
f 184/1102/483 563/591/458 180/584/452
f 372/609/471 183/601/465 179/580/449
f 188/646/499 567/633/489 184/624/483
f 183/601/465 380/652/503 187/643/497
f 192/668/514 571/631/488 188/646/499
f 187/643/497 384/674/519 191/642/496
f 196/688/532 575/676/521 192/668/514
f 191/642/496 388/673/518 195/664/511
f 200/687/531 579/675/520 196/688/532
f 195/664/511 392/693/536 199/704/545
f 204/729/565 583/694/537 200/687/531
f 199/704/545 396/713/552 203/725/562
f 208/749/578 587/714/553 204/729/565
f 203/725/562 400/734/568 207/744/575
f 212/748/577 591/735/569 208/749/578
f 207/744/575 404/754/583 211/765/593
f 216/791/614 595/755/584 212/748/577
f 211/765/593 408/774/600 215/787/611
f 220/811/630 599/775/601 216/791/614
f 215/787/611 412/796/618 219/786/610
f 224/810/629 603/797/619 220/811/630
f 219/786/610 416/816/633 223/807/627
f 228/830/644 607/817/634 224/810/629
f 223/807/627 420/852/662 227/826/641
f 232/868/674 611/835/649 228/830/644
f 227/826/641 424/874/678 231/864/671
f 236/1103/690 615/853/663 232/868/674
f 424/874/678 235/885/687 231/864/671
f 240/914/709 619/896/679 236/889/690
f 428/895/694 239/910/706 235/885/687
f 244/933/723 623/921/715 240/914/709
f 432/919/713 243/909/705 239/910/706
f 248/954/740 627/920/714 244/933/723
f 436/939/728 247/929/721 243/909/705
f 252/974/756 631/961/746 248/954/740
f 440/959/744 251/950/736 247/929/721
f 256/993/770 635/960/745 252/974/756
f 444/979/759 255/970/754 251/950/736
f 260/1015/788 639/999/776 256/993/770
f 448/998/775 259/1011/786 255/970/754
f 264/1033/801 643/1020/792 260/1015/788
f 452/1019/791 263/1010/785 259/1011/786
f 268/1053/818 647/1040/807 264/1033/801
f 263/1010/785 460/1058/822 267/1029/224
f 272/1073/834 651/1039/806 268/1053/818
f 460/1058/822 271/1049/815 267/1029/224
f 276/1090/847 655/1059/823 272/1073/834
f 464/1079/839 275/1098/850 271/1049/815
f 663/154/113 283/163/119 280/132/94
f 852/1104/852 280/1093/94 467/1074/835
f 668/175/128 287/162/118 283/163/119
f 672/195/142 291/202/147 287/162/118
f 676/215/158 295/221/164 291/202/147
f 680/233/174 299/220/163 295/221/164
f 684/254/191 303/239/179 299/220/163
f 688/276/208 307/260/196 303/239/179
f 692/275/207 311/283/213 307/260/196
f 696/295/223 315/323/246 311/283/213
f 700/337/257 319/322/245 315/323/246
f 704/336/256 323/343/262 319/322/245
f 708/377/288 327/363/276 323/343/262
f 712/398/305 331/1105/310 327/363/276
f 716/421/320 335/404/309 331/406/310
f 720/420/319 339/426/325 335/404/309
f 724/459/352 343/446/342 339/426/325
f 728/458/351 347/466/357 343/446/342
f 732/481/369 351/487/375 347/466/357
f 736/518/399 355/505/388 351/487/375
f 740/517/398 359/525/405 355/505/388
f 744/541/418 363/547/422 359/525/405
f 748/579/448 367/566/438 363/547/422
f 752/600/464 371/586/454 367/566/438
f 756/619/480 375/626/484 371/586/454
f 760/641/495 379/1106/501 375/626/484
f 764/663/510 383/647/500 379/649/501
f 768/662/509 387/690/534 383/647/500
f 772/703/544 391/689/533 387/690/534
f 776/702/543 395/709/549 391/689/533
f 780/724/561 399/750/579 395/709/549
f 784/764/592 403/771/598 399/750/579
f 788/785/609 407/770/597 403/771/598
f 792/784/608 411/792/615 407/770/597
f 796/825/640 415/831/645 411/792/615
f 800/843/655 419/849/660 415/831/645
f 804/863/670 423/848/659 419/849/660
f 808/883/686 427/869/675 423/871/659
f 812/908/704 431/891/691 427/869/675
f 816/907/703 435/915/710 431/891/691
f 820/928/720 439/934/724 435/915/710
f 824/969/753 443/955/741 439/934/724
f 828/968/752 447/995/772 443/955/741
f 832/1009/784 451/994/771 447/995/772
f 836/1008/783 455/1016/789 451/994/771
f 840/1048/814 459/1034/802 455/1016/789
f 844/1068/830 463/1054/819 459/1034/802
f 848/1067/829 467/1074/835 463/1054/819
f 476/146/105 664/150/109 471/147/106
f 471/147/106 851/1107/853 660/1095/849
f 476/146/105 671/191/140 667/148/107
f 480/171/125 675/190/139 671/191/140
f 488/228/170 675/190/139 484/211/154
f 488/228/170 683/250/188 679/229/171
f 492/248/186 687/249/187 683/250/188
f 496/271/204 691/272/205 687/249/187
f 500/291/220 695/312/238 691/272/205
f 508/332/253 695/312/238 504/310/236
f 508/332/253 703/354/270 699/311/237
f 516/372/284 703/354/270 512/352/268
f 520/393/300 707/353/269 516/372/284
f 520/393/300 715/394/301 711/373/285
f 524/392/299 719/416/317 715/394/301
f 532/454/348 719/416/317 528/435/333
f 532/454/348 727/477/366 723/436/334
f 540/475/364 727/477/366 536/476/365
f 544/514/395 731/497/383 540/475/364
f 548/513/394 735/496/382 544/514/395
f 552/535/413 739/536/414 548/513/394
f 552/535/413 747/557/430 743/558/431
f 560/595/461 747/557/430 556/556/429
f 564/615/476 751/575/445 560/595/461
f 568/614/475 755/596/462 564/615/476
f 568/614/475 763/658/507 759/637/492
f 572/657/506 767/680/525 763/658/507
f 576/656/505 771/699/541 767/680/525
f 584/719/557 771/699/541 580/679/524
f 584/719/557 779/720/558 775/698/540
f 588/738/571 783/739/572 779/720/558
f 592/760/588 787/781/606 783/739/572
f 596/779/604 791/780/605 787/781/606
f 600/801/622 795/802/623 791/780/605
f 604/800/621 799/839/652 795/802/623
f 608/821/637 803/859/668 799/839/652
f 616/879/682 803/859/668 612/857/666
f 616/879/682 811/904/701 807/858/667
f 624/901/698 811/904/701 620/902/699
f 628/945/732 815/903/700 624/901/698
f 632/944/731 819/924/717 628/945/732
f 636/964/749 823/965/750 632/944/731
f 640/1003/779 827/985/763 636/964/749
f 644/1024/795 831/1004/780 640/1003/779
f 648/1023/794 835/1025/796 644/1024/795
f 648/1023/794 843/1064/827 839/1044/811
f 656/1063/826 843/1064/827 652/1043/810
f 660/1095/849 847/1085/843 656/1063/826
f 862/1108/854 860/1109/854 861/1110/854
f 863/1111/854 860/1109/854 862/1108/854
f 863/1111/854 859/1112/854 860/1109/854
f 864/1113/854 859/1112/854 863/1111/854
f 864/1113/854 858/1114/854 859/1112/854
f 855/1115/854 858/1114/854 864/1113/854
f 856/1116/855 858/1114/854 855/1115/854
f 856/1116/855 857/1117/854 858/1114/854
f 870/1118/856 872/1119/856 871/1120/856
f 870/1118/856 873/1121/856 872/1119/856
f 869/1122/856 873/1121/856 870/1118/856
f 869/1122/856 874/1123/856 873/1121/856
f 868/1124/856 874/1123/856 869/1122/856
f 868/1124/856 865/1125/856 874/1123/856
f 868/1124/856 866/1126/856 865/1125/856
f 867/1127/856 866/1126/856 868/1124/856
f 875/1128/857 894/1129/858 884/1130/859
f 876/1131/860 885/1132/861 875/1133/857
f 877/1134/862 886/1135/863 876/1131/860
f 878/1136/864 887/1137/865 877/1134/862
f 879/1138/866 888/1139/867 878/1140/864
f 890/1141/868 879/1138/866 880/1142/869
f 891/1143/870 880/1144/869 881/1145/871
f 892/1146/872 881/1145/871 882/1147/873
f 893/1148/874 882/1147/873 883/1149/875
f 894/1129/858 883/1150/875 884/1130/859
f 885/1151/861 904/1152/876 894/1129/858
f 886/1135/863 895/1153/877 885/1132/861
f 887/1137/865 896/1154/878 886/1135/863
f 888/1155/867 897/1156/879 887/1137/865
f 889/1157/880 898/1158/881 888/1139/867
f 900/1159/882 889/1157/880 890/1141/868
f 901/1160/883 890/1161/868 891/1143/870
f 902/1162/884 891/1143/870 892/1146/872
f 903/1163/885 892/1146/872 893/1148/874
f 904/1152/876 893/1164/874 894/1129/858
f 905/1165/886 904/1166/876 895/1167/877
f 906/1168/887 895/1153/877 896/1154/878
f 907/1169/888 896/1154/878 897/1156/879
f 908/1170/889 897/1156/879 898/1171/881
f 909/1172/890 898/1173/881 899/1174/891
f 900/1175/882 909/1172/890 899/1174/891
f 901/1160/883 910/1176/892 900/1177/882
f 902/1162/884 911/1178/893 901/1160/883
f 903/1163/885 912/1179/894 902/1162/884
f 904/1166/876 913/1180/895 903/1181/885
f 1/1/1 4/70/5 5/2/2
f 6/4/4 5/1182/2 4/5/5
f 3/7/7 7/118/3 5/8/2
f 17/10/8 20/120/12 21/11/9
f 18/13/11 22/83/14 21/14/9
f 19/16/13 23/80/10 21/17/9
f 24/19/15 27/121/19 28/20/16
f 29/22/18 28/1183/16 27/23/19
f 26/25/21 30/21/17 28/20/16
f 37/27/22 38/1184/28 40/28/23
f 39/30/25 38/1184/28 37/27/22
f 36/32/27 40/73/23 38/33/28
f 44/35/29 47/119/33 48/36/30
f 45/38/32 49/97/34 48/39/30
f 50/41/31 48/1185/30 49/42/34
f 60/44/36 63/1186/40 64/45/37
f 61/47/39 65/109/42 64/48/37
f 62/50/41 66/1187/38 64/51/37
f 70/53/43 71/1188/47 73/54/44
f 68/56/46 72/60/49 71/57/47
f 69/59/48 73/1189/44 71/57/47
f 80/61/50 81/1190/56 83/62/51
f 82/64/53 81/1190/56 80/61/50
f 79/66/55 83/113/51 81/67/56
f 41/69/57 43/74/58 4/70/5
f 43/71/58 42/72/59 2/6/6
f 42/72/59 43/71/58 40/73/23
f 43/74/58 41/69/57 34/29/24
f 32/75/60 36/32/27 39/34/25
f 33/77/61 39/30/25 35/31/26
f 26/25/21 32/1191/60 33/77/61
f 30/21/17 33/77/61 31/78/62
f 19/16/13 26/122/21 29/79/18
f 23/12/10 29/22/18 25/24/20
f 19/16/13 22/18/14 16/81/63
f 22/83/14 18/13/11 14/84/65
f 15/82/64 16/81/63 13/86/66
f 16/85/63 14/84/65 11/88/68
f 9/90/69 12/87/67 13/86/66
f 10/92/70 13/89/66 11/88/68
f 2/6/6 9/90/69 10/91/70
f 6/9/4 10/92/70 8/93/71
f 46/43/35 84/117/86 86/94/72
f 50/37/31 86/116/72 85/95/73
f 51/96/74 53/100/75 49/97/34
f 53/98/75 52/102/78 46/43/35
f 54/99/76 56/104/77 53/100/75
f 56/101/77 55/106/81 52/102/78
f 54/99/76 57/107/82 59/103/79
f 56/101/77 59/108/79 58/105/80
f 57/107/82 60/44/36 66/46/38
f 59/108/79 66/1187/38 62/50/41
f 67/55/45 73/54/44 65/109/42
f 73/110/44 69/123/48 62/50/41
f 74/111/83 76/112/84 72/60/49
f 76/112/84 75/1192/85 69/59/48
f 77/63/52 83/62/51 76/112/84
f 83/113/51 79/66/55 75/114/85
f 78/65/54 85/95/73 86/116/72
f 82/68/53 86/94/72 84/117/86
f 45/38/32 47/40/33 7/118/3
f 47/119/33 44/35/29 1/1/1
f 17/10/8 61/47/39 63/49/40
f 20/15/12 63/1186/40 60/44/36
f 68/56/46 70/58/43 27/121/19
f 70/53/43 67/55/45 25/24/20
f 78/65/54 80/61/50 37/27/22
f 80/61/50 77/63/52 35/31/26
f 8/93/71 51/96/74 45/38/32
f 1/1/1 44/35/29 85/95/73
f 11/88/68 54/99/76 51/96/74
f 14/84/65 57/107/82 54/99/76
f 18/13/11 60/44/36 57/107/82
f 25/24/20 67/55/45 61/47/39
f 31/78/62 74/111/83 68/56/46
f 35/31/26 77/63/52 74/111/83
f 41/69/57 85/95/73 78/65/54
f 91/124/87 93/127/90 90/125/88
f 93/127/90 94/158/92 89/128/91
f 94/129/92 92/1099/117 87/130/93
f 280/132/94 283/163/119 285/133/95
f 282/135/96 285/164/95 286/136/97
f 281/137/98 286/136/97 284/138/99
f 472/140/101 475/1193/122 477/141/102
f 477/143/102 478/170/124 473/144/104
f 473/144/104 478/170/124 476/146/105
f 667/148/107 669/151/110 666/149/108
f 669/151/110 670/173/112 665/152/111
f 670/153/112 668/175/128 663/154/113
f 95/156/114 97/177/130 93/127/90
f 93/127/90 97/177/130 98/157/115
f 94/159/92 98/178/115 96/160/116
f 287/162/118 289/181/133 285/133/95
f 285/164/95 289/183/133 290/165/120
f 290/165/120 288/185/135 284/138/99
f 479/166/121 481/187/123 477/167/102
f 481/169/123 482/189/138 478/170/124
f 478/170/124 482/189/138 480/171/125
f 667/148/107 671/191/140 673/172/126
f 673/172/126 674/193/127 670/173/112
f 674/174/127 672/195/142 668/175/128
f 95/156/114 99/196/143 101/176/129
f 101/176/129 102/199/146 98/157/115
f 98/178/115 102/201/146 100/179/131
f 287/162/118 291/202/147 293/180/132
f 293/182/132 294/205/149 290/165/120
f 290/165/120 294/205/149 292/184/134
f 483/186/136 485/208/152 481/187/123
f 481/169/123 485/209/152 486/188/137
f 486/188/137 484/211/154 480/171/125
f 675/190/139 677/213/156 673/172/126
f 673/172/126 677/213/156 678/192/141
f 678/194/141 676/215/158 672/195/142
f 99/196/143 103/216/159 105/197/144
f 101/176/129 105/197/144 106/198/145
f 106/200/145 104/219/162 100/179/131
f 291/202/147 295/221/164 297/203/148
f 297/204/148 298/206/150 294/205/149
f 298/206/150 296/223/166 292/184/134
f 483/186/136 487/225/168 489/207/151
f 485/209/152 489/226/151 490/210/153
f 490/210/153 488/228/170 484/211/154
f 675/190/139 679/229/171 681/212/155
f 681/212/155 682/231/157 678/192/141
f 682/214/157 680/233/174 676/215/158
f 103/216/159 107/234/175 109/217/160
f 109/217/160 110/236/177 106/198/145
f 106/200/145 110/237/177 108/218/161
f 299/220/163 301/240/180 297/203/148
f 297/204/148 301/241/180 302/222/165
f 302/222/165 300/243/182 296/223/166
f 491/224/167 493/245/184 489/207/151
f 489/226/151 493/246/184 494/227/169
f 494/227/169 492/248/186 488/228/170
f 679/229/171 683/250/188 685/230/172
f 685/230/172 686/252/173 682/231/157
f 686/232/173 684/254/191 680/233/174
f 107/234/175 111/255/192 113/235/176
f 113/235/176 114/257/194 110/236/177
f 110/237/177 114/259/194 112/238/178
f 303/239/179 305/261/197 301/240/180
f 301/241/180 305/1194/197 306/242/181
f 306/242/181 304/265/200 300/243/182
f 495/244/183 497/267/202 493/245/184
f 493/246/184 497/269/202 498/247/185
f 498/247/185 496/271/204 492/248/186
f 687/249/187 689/251/189 685/230/172
f 689/251/189 690/1195/190 686/252/173
f 690/253/190 688/276/208 684/254/191
f 111/255/192 115/277/209 117/256/193
f 117/256/193 118/280/195 114/257/194
f 118/258/195 116/282/212 112/238/178
f 307/260/196 309/262/198 305/261/197
f 309/262/198 310/1196/215 306/263/181
f 306/242/181 310/286/215 308/264/199
f 495/244/183 499/288/217 501/266/201
f 501/268/201 502/270/203 498/247/185
f 502/270/203 500/291/220 496/271/204
f 691/272/205 693/293/222 689/251/189
f 689/273/189 693/1197/222 694/274/206
f 690/253/190 694/274/206 692/275/207
f 115/277/209 119/296/224 121/278/210
f 117/256/193 121/278/210 122/279/211
f 122/281/211 120/300/228 116/282/212
f 311/283/213 313/302/230 309/262/198
f 309/284/198 313/303/230 314/285/214
f 314/285/214 312/305/232 308/264/199
f 503/287/216 505/307/218 501/266/201
f 505/289/218 506/290/219 502/270/203
f 506/290/219 504/310/236 500/291/220
f 691/272/205 695/312/238 697/292/221
f 697/292/221 698/314/240 694/294/206
f 694/274/206 698/316/240 696/295/223
f 119/296/224 123/317/242 125/297/225
f 121/278/210 125/297/225 126/298/226
f 122/281/211 126/321/226 124/299/227
f 311/283/213 315/323/246 317/301/229
f 313/303/230 317/325/229 318/304/231
f 318/304/231 316/327/249 312/305/232
f 507/306/233 509/329/234 505/307/218
f 509/308/234 510/309/235 506/290/219
f 510/309/235 508/332/253 504/310/236
f 699/311/237 701/313/239 697/292/221
f 701/313/239 702/335/241 698/314/240
f 702/315/241 700/337/257 696/295/223
f 123/317/242 127/339/259 129/318/243
f 125/297/225 129/318/243 130/319/244
f 130/320/244 128/342/261 124/299/227
f 319/322/245 321/344/247 317/301/229
f 321/324/247 322/346/264 318/304/231
f 318/304/231 322/346/264 320/326/248
f 511/328/250 513/349/251 509/329/234
f 513/330/251 514/331/252 510/309/235
f 514/331/252 512/352/268 508/332/253
f 699/311/237 703/354/270 705/333/254
f 701/313/239 705/333/254 706/334/255
f 702/315/241 706/357/255 704/336/256
f 131/338/258 133/359/273 129/318/243
f 129/318/243 133/359/273 134/340/260
f 134/341/260 132/362/275 128/342/261
f 323/343/262 325/364/263 321/344/247
f 325/345/263 326/366/278 322/346/264
f 322/346/264 326/366/278 324/347/265
f 511/328/250 515/369/281 517/348/266
f 517/350/266 518/351/267 514/331/252
f 518/351/267 516/372/284 512/352/268
f 707/353/269 709/374/286 705/333/254
f 705/333/254 709/374/286 710/355/271
f 710/356/271 708/377/288 704/336/256
f 135/358/272 137/379/290 133/359/273
f 133/359/273 137/379/290 138/360/274
f 138/361/274 136/1101/293 132/362/275
f 327/363/276 329/385/277 325/364/263
f 329/365/277 330/387/296 326/366/278
f 326/366/278 330/387/296 328/367/279
f 519/368/280 521/1198/282 517/348/266
f 521/370/282 522/371/283 518/351/267
f 522/371/283 520/393/300 516/372/284
f 711/373/285 713/395/302 709/374/286
f 709/374/286 713/395/302 714/375/287
f 714/376/287 712/398/305 708/377/288
f 139/378/289 141/400/307 137/379/290
f 137/379/290 141/400/307 142/380/291
f 138/381/274 142/403/291 140/382/292
f 327/363/276 331/1105/310 333/384/294
f 329/365/277 333/408/294 334/386/295
f 334/386/295 332/410/313 328/367/279
f 523/388/297 525/412/298 521/389/282
f 525/391/298 526/414/315 522/371/283
f 522/371/283 526/414/315 524/392/299
f 715/394/301 717/396/303 713/395/302
f 717/396/303 718/418/304 714/375/287
f 718/397/304 716/1199/320 712/398/305
f 143/399/306 145/423/322 141/400/307
f 141/400/307 145/423/322 146/401/308
f 146/402/308 144/425/324 140/382/292
f 335/404/309 337/427/311 333/405/294
f 337/407/311 338/409/312 334/386/295
f 338/409/312 336/430/328 332/410/313
f 523/388/297 527/432/330 529/411/314
f 529/413/314 530/415/316 526/414/315
f 530/415/316 528/435/333 524/392/299
f 719/416/317 721/417/318 717/396/303
f 721/417/318 722/438/336 718/418/304
f 718/419/304 722/440/336 720/420/319
f 143/399/306 147/441/338 149/422/321
f 149/422/321 150/443/323 146/401/308
f 150/424/323 148/445/341 144/425/324
f 339/426/325 341/447/326 337/427/311
f 341/428/326 342/449/344 338/409/312
f 338/409/312 342/449/344 340/429/327
f 531/431/329 533/452/331 529/411/314
f 533/433/331 534/434/332 530/415/316
f 534/434/332 532/454/348 528/435/333
f 723/436/334 725/437/335 721/417/318
f 725/437/335 726/457/337 722/438/336
f 726/439/337 724/459/352 720/420/319
f 147/441/338 151/461/354 153/442/339
f 153/442/339 154/463/340 150/443/323
f 154/444/340 152/465/356 148/445/341
f 343/446/342 345/467/343 341/447/326
f 345/448/343 346/469/359 342/449/344
f 342/449/344 346/469/359 344/450/345
f 531/431/329 535/472/362 537/451/346
f 533/433/331 537/473/346 538/453/347
f 538/453/347 536/476/365 532/454/348
f 723/436/334 727/477/366 729/455/349
f 725/437/335 729/455/349 730/456/350
f 726/439/337 730/480/350 728/458/351
f 155/460/353 157/483/371 153/442/339
f 153/442/339 157/483/371 158/462/355
f 158/464/355 156/486/374 152/465/356
f 347/466/357 349/488/358 345/467/343
f 349/468/358 350/490/377 346/469/359
f 346/469/359 350/490/377 348/470/360
f 539/471/361 541/493/380 537/451/346
f 537/473/346 541/494/380 542/474/363
f 538/453/347 542/474/363 540/475/364
f 727/477/366 731/497/383 733/478/367
f 729/455/349 733/478/367 734/479/368
f 730/480/350 734/500/368 732/481/369
f 159/482/370 161/484/372 157/483/371
f 161/484/372 162/502/373 158/462/355
f 162/485/373 160/504/387 156/486/374
f 351/487/375 353/506/376 349/488/358
f 353/489/376 354/491/378 350/490/377
f 354/491/378 352/508/390 348/470/360
f 543/492/379 545/510/392 541/493/380
f 541/494/380 545/512/392 546/495/381
f 546/495/381 544/514/395 540/475/364
f 735/496/382 737/516/397 733/478/367
f 733/478/367 737/516/397 738/498/384
f 738/499/384 736/518/399 732/481/369
f 159/482/370 163/520/401 165/501/385
f 165/501/385 166/522/386 162/502/373
f 166/503/386 164/524/404 160/504/387
f 355/505/388 357/526/406 353/506/376
f 353/489/376 357/528/406 358/507/389
f 358/507/389 356/530/409 352/508/390
f 547/509/391 549/532/393 545/510/392
f 549/511/393 550/534/412 546/495/381
f 546/495/381 550/534/412 548/513/394
f 735/496/382 739/536/414 741/515/396
f 741/515/396 742/539/417 738/498/384
f 738/499/384 742/540/417 740/517/398
f 167/519/400 169/521/402 165/501/385
f 169/521/402 170/544/403 166/522/386
f 170/523/403 168/546/421 164/524/404
f 359/525/405 361/548/407 357/526/406
f 361/527/407 362/550/424 358/507/389
f 358/507/389 362/550/424 360/529/408
f 551/531/410 553/553/427 549/532/393
f 549/511/393 553/555/427 554/533/411
f 550/534/412 554/533/411 552/535/413
f 739/536/414 743/558/431 745/537/415
f 741/515/396 745/537/415 746/538/416
f 742/540/417 746/561/416 744/541/418
f 171/542/419 173/563/435 169/521/402
f 169/521/402 173/563/435 174/543/420
f 174/545/420 172/565/437 168/546/421
f 363/547/422 365/567/423 361/548/407
f 365/549/423 366/569/440 362/550/424
f 362/550/424 366/569/440 364/551/425
f 555/552/426 557/572/428 553/553/427
f 557/554/428 558/574/444 554/533/411
f 554/533/411 558/574/444 556/556/429
f 747/557/430 749/559/432 745/537/415
f 749/559/432 750/577/433 746/538/416
f 750/560/433 748/579/448 744/541/418
f 171/542/419 175/581/450 177/562/434
f 177/562/434 178/583/436 174/543/420
f 178/564/436 176/585/453 172/565/437
f 367/566/438 369/587/439 365/567/423
f 369/568/439 370/589/456 366/569/440
f 366/569/440 370/589/456 368/570/441
f 555/552/426 559/592/459 561/571/442
f 557/554/428 561/593/442 562/573/443
f 562/573/443 560/595/461 556/556/429
f 751/575/445 753/576/446 749/559/432
f 753/576/446 754/598/447 750/577/433
f 754/578/447 752/600/464 748/579/448
f 179/580/449 181/582/451 177/562/434
f 181/582/451 182/603/467 178/583/436
f 178/564/436 182/605/467 180/584/452
f 371/586/454 373/607/455 369/587/439
f 373/588/455 374/590/457 370/589/456
f 374/590/457 372/609/471 368/570/441
f 563/591/458 565/611/473 561/571/442
f 561/593/442 565/612/473 566/594/460
f 566/594/460 564/615/476 560/595/461
f 755/596/462 757/617/478 753/576/446
f 753/576/446 757/617/478 758/597/463
f 758/599/463 756/619/480 752/600/464
f 183/601/465 185/602/466 181/582/451
f 185/602/466 186/622/468 182/603/467
f 186/604/468 184/1102/483 180/584/452
f 371/586/454 375/626/484 377/606/469
f 373/588/455 377/628/469 378/608/470
f 378/608/470 376/630/487 372/609/471
f 563/591/458 567/1200/489 569/610/472
f 565/612/473 569/635/472 570/613/474
f 566/594/460 570/613/474 568/614/475
f 755/596/462 759/637/492 761/616/477
f 761/616/477 762/639/479 758/597/463
f 762/618/479 760/641/495 756/619/480
f 183/601/465 187/643/497 189/620/481
f 185/602/466 189/620/481 190/621/482
f 190/623/482 188/646/499 184/624/483
f 375/626/484 379/1106/501 381/627/485
f 377/628/469 381/650/485 382/629/486
f 382/629/486 380/652/503 376/630/487
f 571/631/488 573/654/490 569/632/472
f 573/634/490 574/636/491 570/613/474
f 574/636/491 572/657/506 568/614/475
f 759/637/492 763/658/507 765/638/493
f 765/638/493 766/660/494 762/639/479
f 766/640/494 764/1201/510 760/641/495
f 191/642/496 193/665/512 189/620/481
f 189/620/481 193/665/512 194/644/498
f 194/645/498 192/668/514 188/646/499
f 383/647/500 385/670/516 381/648/485
f 381/650/485 385/671/516 386/651/502
f 386/651/502 384/674/519 380/652/503
f 571/631/488 575/676/521 577/653/504
f 577/655/504 578/678/523 574/636/491
f 574/636/491 578/678/523 576/656/505
f 763/658/507 767/680/525 769/659/508
f 769/659/508 770/682/527 766/660/494
f 766/661/494 770/684/527 768/662/509
f 195/664/511 197/686/530 193/665/512
f 193/665/512 197/686/530 198/666/513
f 198/667/513 196/688/532 192/668/514
f 383/647/500 387/690/534 389/669/515
f 385/671/516 389/692/515 390/672/517
f 386/651/502 390/672/517 388/673/518
f 579/675/520 581/695/522 577/653/504
f 581/677/522 582/697/539 578/678/523
f 578/678/523 582/697/539 580/679/524
f 767/680/525 771/699/541 773/681/526
f 773/681/526 774/701/528 770/682/527
f 774/683/528 772/703/544 768/662/509
f 195/664/511 199/704/545 201/685/529
f 201/685/529 202/706/547 198/666/513
f 198/667/513 202/708/547 200/687/531
f 391/689/533 393/710/535 389/669/515
f 393/691/535 394/712/551 390/672/517
f 390/672/517 394/712/551 392/693/536
f 583/694/537 585/715/554 581/695/522
f 581/677/522 585/717/554 586/696/538
f 586/696/538 584/719/557 580/679/524
f 775/698/540 777/721/559 773/681/526
f 773/681/526 777/721/559 778/700/542
f 774/683/528 778/723/542 776/702/543
f 199/704/545 203/725/562 205/705/546
f 205/705/546 206/727/548 202/706/547
f 206/707/548 204/729/565 200/687/531
f 395/709/549 397/731/550 393/710/535
f 397/711/550 398/733/567 394/712/551
f 394/712/551 398/733/567 396/713/552
f 587/714/553 589/736/555 585/715/554
f 589/716/555 590/718/556 586/696/538
f 590/718/556 588/738/571 584/719/557
f 779/720/558 781/722/560 777/721/559
f 781/722/560 782/741/574 778/700/542
f 778/723/542 782/743/574 780/724/561
f 203/725/562 207/744/575 209/726/563
f 209/726/563 210/1202/564 206/727/548
f 210/728/564 208/749/578 204/729/565
f 395/709/549 399/750/579 401/730/566
f 401/732/566 402/753/582 398/733/567
f 398/733/567 402/753/582 400/734/568
f 591/735/569 593/756/585 589/736/555
f 589/716/555 593/1203/585 594/737/570
f 594/737/570 592/760/588 588/738/571
f 783/739/572 785/762/590 781/722/560
f 781/722/560 785/762/590 786/740/573
f 786/742/573 784/764/592 780/724/561
f 207/744/575 211/765/593 213/745/576
f 213/746/576 214/769/595 210/728/564
f 210/728/564 214/769/595 212/748/577
f 399/750/579 403/771/598 405/751/580
f 401/732/566 405/773/580 406/752/581
f 402/753/582 406/752/581 404/754/583
f 595/755/584 597/757/586 593/756/585
f 597/757/586 598/1204/587 594/758/570
f 598/759/587 596/779/604 592/760/588
f 783/739/572 787/781/606 789/761/589
f 789/761/589 790/783/591 786/740/573
f 790/763/591 788/785/609 784/764/592
f 211/765/593 215/787/611 217/766/594
f 217/766/594 218/789/596 214/767/595
f 218/768/596 216/791/614 212/748/577
f 407/770/597 409/793/599 405/751/580
f 409/772/599 410/795/617 406/752/581
f 406/752/581 410/795/617 408/774/600
f 599/775/601 601/798/602 597/757/586
f 601/776/602 602/778/603 598/759/587
f 602/778/603 600/801/622 596/779/604
f 791/780/605 793/803/624 789/761/589
f 789/761/589 793/803/624 794/782/607
f 790/763/591 794/806/607 792/784/608
f 219/786/610 221/788/612 217/766/594
f 221/788/612 222/809/613 218/789/596
f 222/790/613 220/811/630 216/791/614
f 411/792/615 413/813/616 409/793/599
f 413/794/616 414/815/632 410/795/617
f 410/795/617 414/815/632 412/796/618
f 603/797/619 605/818/635 601/798/602
f 601/776/602 605/820/635 606/799/620
f 602/778/603 606/799/620 604/800/621
f 795/802/623 797/804/625 793/803/624
f 797/804/625 798/823/626 794/782/607
f 798/805/626 796/825/640 792/784/608
f 223/807/627 225/827/642 221/788/612
f 221/788/612 225/827/642 226/808/628
f 222/790/613 226/829/628 224/810/629
f 411/792/615 415/831/645 417/812/631
f 417/814/631 418/834/648 414/815/632
f 414/815/632 418/834/648 416/816/633
f 607/817/634 609/836/636 605/818/635
f 609/819/636 610/838/651 606/799/620
f 606/799/620 610/838/651 608/821/637
f 795/802/623 799/839/652 801/822/638
f 801/822/638 802/841/639 798/823/626
f 802/824/639 800/843/655 796/825/640
f 227/826/641 229/828/643 225/827/642
f 229/828/643 230/845/657 226/808/628
f 226/829/628 230/847/657 228/830/644
f 415/831/645 419/849/660 421/832/646
f 417/814/631 421/850/646 422/833/647
f 422/833/647 420/852/662 416/816/633
f 611/835/649 613/854/664 609/836/636
f 609/819/636 613/855/664 614/837/650
f 614/837/650 612/857/666 608/821/637
f 799/839/652 803/859/668 805/840/653
f 805/840/653 806/861/654 802/841/639
f 806/842/654 804/863/670 800/843/655
f 227/826/641 231/864/671 233/844/656
f 233/844/656 234/866/658 230/845/657
f 234/846/658 232/868/674 228/830/644
f 423/848/659 425/1205/676 421/832/646
f 421/850/646 425/872/676 426/851/661
f 426/851/661 424/874/678 420/852/662
f 615/853/663 617/876/680 613/854/664
f 613/855/664 617/877/680 618/856/665
f 618/856/665 616/879/682 612/857/666
f 807/858/667 809/881/684 805/840/653
f 805/840/653 809/881/684 810/860/669
f 810/862/669 808/1206/686 804/863/670
f 231/864/671 235/885/687 237/865/672
f 237/865/672 238/887/673 234/866/658
f 238/867/673 236/1103/690 232/868/674
f 427/869/675 429/892/692 425/870/676
f 425/872/676 429/893/692 430/873/677
f 430/873/677 428/895/694 424/874/678
f 619/875/679 621/1207/696 617/876/680
f 617/877/680 621/899/696 622/878/681
f 622/878/681 620/902/699 616/879/682
f 807/858/667 811/904/701 813/880/683
f 813/880/683 814/906/685 810/860/669
f 814/882/685 812/908/704 808/883/686
f 235/885/687 239/910/706 241/886/688
f 241/886/688 242/912/689 238/887/673
f 242/888/689 240/914/709 236/889/690
f 431/891/691 433/916/711 429/892/692
f 429/893/692 433/917/711 434/894/693
f 434/894/693 432/919/713 428/895/694
f 619/896/679 623/921/715 625/897/695
f 621/899/696 625/922/695 626/900/697
f 622/878/681 626/900/697 624/901/698
f 815/903/700 817/905/702 813/880/683
f 817/905/702 818/926/719 814/906/685
f 814/882/685 818/927/719 816/907/703
f 243/909/705 245/911/707 241/886/688
f 245/911/707 246/931/708 242/912/689
f 246/913/708 244/933/723 240/914/709
f 435/915/710 437/935/725 433/916/711
f 433/917/711 437/937/725 438/918/712
f 438/918/712 436/939/728 432/919/713
f 627/920/714 629/941/730 625/897/695
f 625/922/695 629/943/730 630/923/716
f 630/923/716 628/945/732 624/901/698
f 819/924/717 821/925/718 817/905/702
f 821/925/718 822/947/734 818/926/719
f 818/927/719 822/949/734 820/928/720
f 247/929/721 249/951/737 245/911/707
f 245/911/707 249/951/737 250/930/722
f 250/932/722 248/954/740 244/933/723
f 439/934/724 441/956/726 437/935/725
f 441/936/726 442/938/727 438/918/712
f 442/938/727 440/959/744 436/939/728
f 627/920/714 631/961/746 633/940/729
f 633/942/729 634/963/748 630/923/716
f 630/923/716 634/963/748 632/944/731
f 819/924/717 823/965/750 825/946/733
f 825/946/733 826/967/735 822/947/734
f 826/948/735 824/969/753 820/928/720
f 251/950/736 253/952/738 249/951/737
f 253/952/738 254/972/739 250/930/722
f 254/953/739 252/974/756 248/954/740
f 443/955/741 445/976/742 441/956/726
f 445/957/742 446/958/743 442/938/727
f 446/958/743 444/979/759 440/959/744
f 635/960/745 637/981/761 633/940/729
f 633/942/729 637/983/761 638/962/747
f 634/963/748 638/962/747 636/964/749
f 823/965/750 827/985/763 829/966/751
f 829/966/751 830/987/765 826/967/735
f 826/948/735 830/989/765 828/968/752
f 255/970/754 257/991/768 253/952/738
f 253/952/738 257/991/768 258/971/755
f 258/973/755 256/993/770 252/974/756
f 443/955/741 447/995/772 449/975/757
f 449/977/757 450/978/758 446/958/743
f 450/978/758 448/998/775 444/979/759
f 635/960/745 639/999/776 641/980/760
f 641/982/760 642/984/762 638/962/747
f 642/984/762 640/1003/779 636/964/749
f 827/985/763 831/1004/780 833/986/764
f 833/986/764 834/1007/766 830/987/765
f 834/988/766 832/1009/784 828/968/752
f 255/970/754 259/1011/786 261/990/767
f 261/990/767 262/1013/769 258/971/755
f 262/992/769 260/1015/788 256/993/770
f 451/994/771 453/1017/773 449/975/757
f 453/996/773 454/997/774 450/978/758
f 454/997/774 452/1019/791 448/998/775
f 639/999/776 643/1020/792 645/1000/777
f 645/1001/777 646/1002/778 642/984/762
f 646/1002/778 644/1024/795 640/1003/779
f 831/1004/780 835/1025/796 837/1005/781
f 833/986/764 837/1005/781 838/1006/782
f 834/988/766 838/1028/782 836/1008/783
f 263/1010/785 265/1030/799 261/990/767
f 261/990/767 265/1030/799 266/1012/787
f 266/1014/787 264/1033/801 260/1015/788
f 455/1016/789 457/1035/803 453/1017/773
f 453/996/773 457/1036/803 458/1018/790
f 458/1018/790 456/1038/805 452/1019/791
f 643/1020/792 647/1040/807 649/1021/793
f 649/1022/793 650/1042/809 646/1002/778
f 646/1002/778 650/1042/809 648/1023/794
f 835/1025/796 839/1044/811 841/1026/797
f 841/1026/797 842/1046/798 838/1006/782
f 842/1027/798 840/1048/814 836/1008/783
f 267/1029/224 269/1050/816 265/1030/799
f 265/1030/799 269/1050/816 270/1031/800
f 270/1032/800 268/1053/818 264/1033/801
f 459/1034/802 461/1055/820 457/1035/803
f 457/1036/803 461/1056/820 462/1037/804
f 462/1037/804 460/1058/822 456/1038/805
f 651/1039/806 653/1060/808 649/1021/793
f 653/1041/808 654/1062/825 650/1042/809
f 650/1042/809 654/1062/825 652/1043/810
f 839/1044/811 843/1064/827 845/1045/812
f 845/1045/812 846/1066/813 842/1046/798
f 846/1047/813 844/1068/830 840/1048/814
f 271/1049/815 273/1070/832 269/1050/816
f 269/1050/816 273/1070/832 274/1051/817
f 274/1052/817 272/1073/834 268/1053/818
f 463/1054/819 465/1075/836 461/1055/820
f 461/1056/820 465/1077/836 466/1057/821
f 466/1057/821 464/1079/839 460/1058/822
f 655/1059/823 657/1081/824 653/1060/808
f 657/1061/824 658/1083/841 654/1062/825
f 654/1062/825 658/1083/841 656/1063/826
f 843/1064/827 847/1085/843 849/1065/828
f 849/1065/828 850/1087/845 846/1066/813
f 846/1047/813 850/1089/845 848/1067/829
f 271/1049/815 275/1098/850 277/1069/831
f 273/1070/832 277/1069/831 278/1071/833
f 278/1072/833 276/1090/847 272/1073/834
f 467/1074/835 469/1092/837 465/1075/836
f 469/1076/837 470/1078/838 466/1057/821
f 470/1078/838 468/1091/848 464/1079/839
f 655/1059/823 659/1100/851 661/1080/840
f 661/1082/840 662/1084/842 658/1083/841
f 662/1084/842 660/1095/849 656/1063/826
f 847/1085/843 851/1107/853 853/1086/844
f 853/1086/844 854/1208/846 850/1087/845
f 854/1088/846 852/1104/852 848/1067/829
f 276/1090/847 278/1072/833 89/131/91
f 278/1071/833 277/1069/831 90/125/88
f 277/1069/831 275/1098/850 88/126/89
f 468/1091/848 470/1078/838 281/137/98
f 470/1078/838 469/1076/837 282/135/96
f 469/1092/837 467/1074/835 280/1093/94
f 660/1095/849 662/1084/842 473/144/104
f 662/1084/842 661/1082/840 474/145/103
f 661/1080/840 659/1100/851 472/140/101
f 663/1096/113 852/1104/852 854/1088/846
f 665/152/111 854/1208/846 853/1086/844
f 853/1086/844 851/1107/853 664/150/109
f 468/1091/848 279/139/100 88/126/89
f 279/139/100 284/138/99 91/124/87
f 92/1099/117 475/1193/122 472/140/101
f 87/130/93 472/140/101 659/1100/851
f 96/160/116 479/166/121 475/168/122
f 91/124/87 284/138/99 288/185/135
f 100/179/131 483/186/136 479/166/121
f 288/185/135 292/184/134 99/196/143
f 104/219/162 487/225/168 483/186/136
f 292/184/134 296/223/166 103/216/159
f 108/218/161 491/224/167 487/225/168
f 103/216/159 296/223/166 300/243/182
f 112/238/178 495/244/183 491/224/167
f 107/234/175 300/243/182 304/265/200
f 116/282/212 499/288/217 495/244/183
f 111/255/192 304/265/200 308/264/199
f 120/300/228 503/287/216 499/288/217
f 115/277/209 308/264/199 312/305/232
f 124/299/227 507/306/233 503/287/216
f 312/305/232 316/327/249 123/317/242
f 128/342/261 511/328/250 507/306/233
f 123/317/242 316/327/249 320/326/248
f 132/362/275 515/369/281 511/328/250
f 320/326/248 324/347/265 131/338/258
f 136/1101/293 519/368/280 515/369/281
f 324/347/265 328/367/279 135/358/272
f 140/382/292 523/388/297 519/390/280
f 135/358/272 328/367/279 332/410/313
f 144/425/324 527/432/330 523/388/297
f 139/378/289 332/410/313 336/430/328
f 148/445/341 531/431/329 527/432/330
f 336/430/328 340/429/327 147/441/338
f 152/465/356 535/472/362 531/431/329
f 147/441/338 340/429/327 344/450/345
f 156/486/374 539/471/361 535/472/362
f 344/450/345 348/470/360 155/460/353
f 160/504/387 543/492/379 539/471/361
f 348/470/360 352/508/390 159/482/370
f 164/524/404 547/509/391 543/492/379
f 352/508/390 356/530/409 163/520/401
f 168/546/421 551/531/410 547/509/391
f 356/530/409 360/529/408 167/519/400
f 172/565/437 555/552/426 551/531/410
f 167/519/400 360/529/408 364/551/425
f 176/585/453 559/592/459 555/552/426
f 364/551/425 368/570/441 175/581/450
f 180/584/452 563/591/458 559/592/459
f 368/570/441 372/609/471 179/580/449
f 184/1102/483 567/1200/489 563/591/458
f 372/609/471 376/630/487 183/601/465
f 188/646/499 571/631/488 567/633/489
f 183/601/465 376/630/487 380/652/503
f 192/668/514 575/676/521 571/631/488
f 187/643/497 380/652/503 384/674/519
f 196/688/532 579/675/520 575/676/521
f 191/642/496 384/674/519 388/673/518
f 200/687/531 583/694/537 579/675/520
f 195/664/511 388/673/518 392/693/536
f 204/729/565 587/714/553 583/694/537
f 199/704/545 392/693/536 396/713/552
f 208/749/578 591/735/569 587/714/553
f 203/725/562 396/713/552 400/734/568
f 212/748/577 595/755/584 591/735/569
f 207/744/575 400/734/568 404/754/583
f 216/791/614 599/775/601 595/755/584
f 211/765/593 404/754/583 408/774/600
f 220/811/630 603/797/619 599/775/601
f 215/787/611 408/774/600 412/796/618
f 224/810/629 607/817/634 603/797/619
f 219/786/610 412/796/618 416/816/633
f 228/830/644 611/835/649 607/817/634
f 223/807/627 416/816/633 420/852/662
f 232/868/674 615/853/663 611/835/649
f 227/826/641 420/852/662 424/874/678
f 236/1103/690 619/875/679 615/853/663
f 424/874/678 428/895/694 235/885/687
f 240/914/709 623/921/715 619/896/679
f 428/895/694 432/919/713 239/910/706
f 244/933/723 627/920/714 623/921/715
f 432/919/713 436/939/728 243/909/705
f 248/954/740 631/961/746 627/920/714
f 436/939/728 440/959/744 247/929/721
f 252/974/756 635/960/745 631/961/746
f 440/959/744 444/979/759 251/950/736
f 256/993/770 639/999/776 635/960/745
f 444/979/759 448/998/775 255/970/754
f 260/1015/788 643/1020/792 639/999/776
f 448/998/775 452/1019/791 259/1011/786
f 264/1033/801 647/1040/807 643/1020/792
f 452/1019/791 456/1038/805 263/1010/785
f 268/1053/818 651/1039/806 647/1040/807
f 263/1010/785 456/1038/805 460/1058/822
f 272/1073/834 655/1059/823 651/1039/806
f 460/1058/822 464/1079/839 271/1049/815
f 276/1090/847 659/1100/851 655/1059/823
f 464/1079/839 468/1091/848 275/1098/850
f 663/154/113 668/175/128 283/163/119
f 852/1104/852 663/1096/113 280/1093/94
f 668/175/128 672/195/142 287/162/118
f 672/195/142 676/215/158 291/202/147
f 676/215/158 680/233/174 295/221/164
f 680/233/174 684/254/191 299/220/163
f 684/254/191 688/276/208 303/239/179
f 688/276/208 692/275/207 307/260/196
f 692/275/207 696/295/223 311/283/213
f 696/295/223 700/337/257 315/323/246
f 700/337/257 704/336/256 319/322/245
f 704/336/256 708/377/288 323/343/262
f 708/377/288 712/398/305 327/363/276
f 712/398/305 716/1199/320 331/1105/310
f 716/421/320 720/420/319 335/404/309
f 720/420/319 724/459/352 339/426/325
f 724/459/352 728/458/351 343/446/342
f 728/458/351 732/481/369 347/466/357
f 732/481/369 736/518/399 351/487/375
f 736/518/399 740/517/398 355/505/388
f 740/517/398 744/541/418 359/525/405
f 744/541/418 748/579/448 363/547/422
f 748/579/448 752/600/464 367/566/438
f 752/600/464 756/619/480 371/586/454
f 756/619/480 760/641/495 375/626/484
f 760/641/495 764/1201/510 379/1106/501
f 764/663/510 768/662/509 383/647/500
f 768/662/509 772/703/544 387/690/534
f 772/703/544 776/702/543 391/689/533
f 776/702/543 780/724/561 395/709/549
f 780/724/561 784/764/592 399/750/579
f 784/764/592 788/785/609 403/771/598
f 788/785/609 792/784/608 407/770/597
f 792/784/608 796/825/640 411/792/615
f 796/825/640 800/843/655 415/831/645
f 800/843/655 804/863/670 419/849/660
f 804/863/670 808/1206/686 423/848/659
f 808/883/686 812/908/704 427/869/675
f 812/908/704 816/907/703 431/891/691
f 816/907/703 820/928/720 435/915/710
f 820/928/720 824/969/753 439/934/724
f 824/969/753 828/968/752 443/955/741
f 828/968/752 832/1009/784 447/995/772
f 832/1009/784 836/1008/783 451/994/771
f 836/1008/783 840/1048/814 455/1016/789
f 840/1048/814 844/1068/830 459/1034/802
f 844/1068/830 848/1067/829 463/1054/819
f 848/1067/829 852/1104/852 467/1074/835
f 476/146/105 667/148/107 664/150/109
f 471/147/106 664/150/109 851/1107/853
f 476/146/105 480/171/125 671/191/140
f 480/171/125 484/211/154 675/190/139
f 488/228/170 679/229/171 675/190/139
f 488/228/170 492/248/186 683/250/188
f 492/248/186 496/271/204 687/249/187
f 496/271/204 500/291/220 691/272/205
f 500/291/220 504/310/236 695/312/238
f 508/332/253 699/311/237 695/312/238
f 508/332/253 512/352/268 703/354/270
f 516/372/284 707/353/269 703/354/270
f 520/393/300 711/373/285 707/353/269
f 520/393/300 524/392/299 715/394/301
f 524/392/299 528/435/333 719/416/317
f 532/454/348 723/436/334 719/416/317
f 532/454/348 536/476/365 727/477/366
f 540/475/364 731/497/383 727/477/366
f 544/514/395 735/496/382 731/497/383
f 548/513/394 739/536/414 735/496/382
f 552/535/413 743/558/431 739/536/414
f 552/535/413 556/556/429 747/557/430
f 560/595/461 751/575/445 747/557/430
f 564/615/476 755/596/462 751/575/445
f 568/614/475 759/637/492 755/596/462
f 568/614/475 572/657/506 763/658/507
f 572/657/506 576/656/505 767/680/525
f 576/656/505 580/679/524 771/699/541
f 584/719/557 775/698/540 771/699/541
f 584/719/557 588/738/571 779/720/558
f 588/738/571 592/760/588 783/739/572
f 592/760/588 596/779/604 787/781/606
f 596/779/604 600/801/622 791/780/605
f 600/801/622 604/800/621 795/802/623
f 604/800/621 608/821/637 799/839/652
f 608/821/637 612/857/666 803/859/668
f 616/879/682 807/858/667 803/859/668
f 616/879/682 620/902/699 811/904/701
f 624/901/698 815/903/700 811/904/701
f 628/945/732 819/924/717 815/903/700
f 632/944/731 823/965/750 819/924/717
f 636/964/749 827/985/763 823/965/750
f 640/1003/779 831/1004/780 827/985/763
f 644/1024/795 835/1025/796 831/1004/780
f 648/1023/794 839/1044/811 835/1025/796
f 648/1023/794 652/1043/810 843/1064/827
f 656/1063/826 847/1085/843 843/1064/827
f 660/1095/849 851/1107/853 847/1085/843
f 875/1128/857 885/1151/861 894/1129/858
f 876/1131/860 886/1135/863 885/1132/861
f 877/1134/862 887/1137/865 886/1135/863
f 878/1136/864 888/1155/867 887/1137/865
f 879/1138/866 889/1157/880 888/1139/867
f 890/1141/868 889/1157/880 879/1138/866
f 891/1143/870 890/1161/868 880/1144/869
f 892/1146/872 891/1143/870 881/1145/871
f 893/1148/874 892/1146/872 882/1147/873
f 894/1129/858 893/1164/874 883/1150/875
f 885/1151/861 895/1209/877 904/1152/876
f 886/1135/863 896/1154/878 895/1153/877
f 887/1137/865 897/1156/879 896/1154/878
f 888/1155/867 898/1171/881 897/1156/879
f 889/1157/880 899/1210/891 898/1158/881
f 900/1159/882 899/1210/891 889/1157/880
f 901/1160/883 900/1177/882 890/1161/868
f 902/1162/884 901/1160/883 891/1143/870
f 903/1163/885 902/1162/884 892/1146/872
f 904/1152/876 903/1211/885 893/1164/874
f 905/1165/886 914/1212/896 904/1166/876
f 906/1168/887 905/1213/886 895/1153/877
f 907/1169/888 906/1168/887 896/1154/878
f 908/1170/889 907/1169/888 897/1156/879
f 909/1172/890 908/1214/889 898/1173/881
f 900/1175/882 910/1215/892 909/1172/890
f 901/1160/883 911/1178/893 910/1176/892
f 902/1162/884 912/1179/894 911/1178/893
f 903/1163/885 913/1216/895 912/1179/894
f 904/1166/876 914/1212/896 913/1180/895
