# Blender 4.5.0
# www.blender.org
mtllib mesh_000.mtl
o mesh_000
v 0.149853 -0.549316 0.000700
v 0.149750 -0.549346 0.000700
v 0.147418 -0.541301 0.000000
v 0.149884 -0.549608 0.000700
v 0.149260 -0.547507 0.000296
v 0.148448 -0.545375 0.000205
v 0.148774 -0.545268 0.000205
v -0.047300 -0.032871 0.000000
v -0.048000 -0.033000 0.000700
v -0.047790 -0.032961 0.000205
v -0.047300 0.032102 0.000000
v -0.048000 0.032000 0.000700
v -0.047792 0.032030 0.000205
v -0.064343 0.089248 0.000000
v -0.065000 0.089000 0.000700
v -0.064807 0.089073 0.000205
v -0.156364 0.288959 0.000700
v -0.156040 0.288255 0.000000
v -0.156699 0.288013 0.000700
v -0.156263 0.288739 0.000205
v -0.156596 0.288497 0.000296
v -0.156500 0.288070 0.000205
v -0.156729 0.288568 0.000700
v -0.145049 0.293672 0.000000
v -0.145961 0.294089 0.000700
v -0.144996 0.293785 0.000700
v -0.145589 0.294019 0.000206
v -0.145334 0.294047 0.000296
v -0.145418 0.294129 0.000700
v -0.144997 0.293725 0.000202
v -0.035797 0.094551 0.000000
v -0.037000 0.097000 0.000700
v -0.036648 0.096283 0.000205
v 0.029339 0.019694 0.000000
v 0.029541 0.020528 0.000700
v 0.030120 0.019310 0.000700
v 0.029549 0.020206 0.000205
v 0.029813 0.019913 0.000296
v 0.029901 0.019953 0.000700
v 0.029873 0.019526 0.000205
v 0.040271 -0.042918 0.000000
v 0.041000 -0.043000 0.000700
v 0.040778 -0.042931 0.000205
v 0.149853 -0.549316 0.004300
v 0.147418 -0.541301 0.005000
v 0.149750 -0.549346 0.004300
v 0.148774 -0.545268 0.004795
v 0.149260 -0.547507 0.004704
v 0.148448 -0.545375 0.004795
v 0.149884 -0.549608 0.004300
v -0.047300 -0.032871 0.005000
v -0.048000 -0.033000 0.004300
v -0.047790 -0.032961 0.004795
v -0.047300 0.032102 0.005000
v -0.048000 0.032000 0.004300
v -0.047792 0.032030 0.004795
v -0.064343 0.089248 0.005000
v -0.065000 0.089000 0.004300
v -0.064807 0.089073 0.004795
v -0.156699 0.288013 0.004300
v -0.156040 0.288255 0.005000
v -0.156364 0.288959 0.004300
v -0.156501 0.288074 0.004795
v -0.156597 0.288497 0.004704
v -0.156273 0.288752 0.004794
v -0.156723 0.288554 0.004300
v -0.145049 0.293672 0.005000
v -0.144996 0.293785 0.004300
v -0.145961 0.294089 0.004300
v -0.144997 0.293725 0.004798
v -0.145334 0.294047 0.004704
v -0.145418 0.294129 0.004300
v -0.145589 0.294019 0.004794
v -0.035797 0.094551 0.005000
v -0.037000 0.097000 0.004300
v -0.036648 0.096283 0.004795
v 0.029339 0.019694 0.005000
v 0.030120 0.019310 0.004300
v 0.029541 0.020528 0.004300
v 0.029873 0.019526 0.004795
v 0.029813 0.019913 0.004704
v 0.029901 0.019953 0.004300
v 0.029549 0.020206 0.004795
v 0.041000 -0.043000 0.004300
v 0.040271 -0.042918 0.005000
v 0.040778 -0.042931 0.004795
v -0.110000 0.350000 0.000700
v -0.110702 0.350000 0.000000
v -0.110095 0.350000 0.000350
v -0.110351 0.350000 0.000094
v -0.111294 0.359045 0.000000
v -0.110599 0.359137 0.000700
v -0.110947 0.359091 0.000094
v -0.110693 0.359124 0.000350
v -0.113063 0.367936 0.000000
v -0.112385 0.368117 0.000700
v -0.112725 0.368026 0.000094
v -0.112476 0.368093 0.000350
v -0.115977 0.376519 0.000000
v -0.115328 0.376788 0.000700
v -0.115653 0.376653 0.000094
v -0.115416 0.376752 0.000350
v -0.119986 0.384649 0.000000
v -0.119378 0.385000 0.000700
v -0.119682 0.384824 0.000094
v -0.119460 0.384953 0.000350
v -0.125022 0.392186 0.000000
v -0.124465 0.392613 0.000700
v -0.124744 0.392399 0.000094
v -0.124540 0.392556 0.000350
v -0.130999 0.399001 0.000000
v -0.130503 0.399497 0.000700
v -0.130751 0.399249 0.000094
v -0.130569 0.399431 0.000350
v -0.137814 0.404978 0.000000
v -0.137387 0.405535 0.000700
v -0.137601 0.405256 0.000094
v -0.137444 0.405460 0.000350
v -0.145351 0.410014 0.000000
v -0.145000 0.410622 0.000700
v -0.145176 0.410318 0.000094
v -0.145047 0.410540 0.000350
v -0.153481 0.414023 0.000000
v -0.153212 0.414672 0.000700
v -0.153347 0.414347 0.000094
v -0.153248 0.414584 0.000350
v -0.162064 0.416937 0.000000
v -0.161883 0.417615 0.000700
v -0.161974 0.417275 0.000094
v -0.161907 0.417524 0.000350
v -0.170955 0.418706 0.000000
v -0.170863 0.419401 0.000700
v -0.170909 0.419053 0.000094
v -0.170876 0.419307 0.000350
v -0.180000 0.419298 0.000000
v -0.180000 0.420000 0.000700
v -0.180000 0.419649 0.000094
v -0.180000 0.419905 0.000350
v -0.189045 0.418706 0.000000
v -0.189137 0.419401 0.000700
v -0.189091 0.419053 0.000094
v -0.189124 0.419307 0.000350
v -0.197936 0.416937 0.000000
v -0.198117 0.417615 0.000700
v -0.198026 0.417275 0.000094
v -0.198093 0.417524 0.000350
v -0.206519 0.414023 0.000000
v -0.206788 0.414672 0.000700
v -0.206653 0.414347 0.000094
v -0.206752 0.414584 0.000350
v -0.214649 0.410014 0.000000
v -0.215000 0.410622 0.000700
v -0.214824 0.410318 0.000094
v -0.214953 0.410540 0.000350
v -0.222186 0.404978 0.000000
v -0.222613 0.405535 0.000700
v -0.222399 0.405256 0.000094
v -0.222556 0.405460 0.000350
v -0.229001 0.399001 0.000000
v -0.229497 0.399497 0.000700
v -0.229249 0.399249 0.000094
v -0.229431 0.399431 0.000350
v -0.234978 0.392186 0.000000
v -0.235535 0.392613 0.000700
v -0.235256 0.392399 0.000094
v -0.235460 0.392556 0.000350
v -0.240014 0.384649 0.000000
v -0.240622 0.385000 0.000700
v -0.240318 0.384824 0.000094
v -0.240540 0.384953 0.000350
v -0.244023 0.376519 0.000000
v -0.244672 0.376788 0.000700
v -0.244347 0.376653 0.000094
v -0.244584 0.376752 0.000350
v -0.246937 0.367936 0.000000
v -0.247615 0.368117 0.000700
v -0.247275 0.368026 0.000094
v -0.247524 0.368093 0.000350
v -0.248706 0.359045 0.000000
v -0.249401 0.359137 0.000700
v -0.249053 0.359091 0.000094
v -0.249307 0.359124 0.000350
v -0.249298 0.350000 0.000000
v -0.250000 0.350000 0.000700
v -0.249649 0.350000 0.000094
v -0.249905 0.350000 0.000350
v -0.248706 0.340955 0.000000
v -0.249401 0.340863 0.000700
v -0.249053 0.340909 0.000094
v -0.249307 0.340876 0.000350
v -0.246937 0.332064 0.000000
v -0.247615 0.331883 0.000700
v -0.247275 0.331974 0.000094
v -0.247524 0.331907 0.000350
v -0.244023 0.323481 0.000000
v -0.244672 0.323212 0.000700
v -0.244347 0.323347 0.000094
v -0.244584 0.323248 0.000350
v -0.240014 0.315351 0.000000
v -0.240622 0.315000 0.000700
v -0.240318 0.315176 0.000094
v -0.240540 0.315047 0.000350
v -0.234978 0.307814 0.000000
v -0.235535 0.307387 0.000700
v -0.235256 0.307601 0.000094
v -0.235460 0.307444 0.000350
v -0.229001 0.300999 0.000000
v -0.229497 0.300503 0.000700
v -0.229249 0.300751 0.000094
v -0.229431 0.300569 0.000350
v -0.222186 0.295022 0.000000
v -0.222613 0.294465 0.000700
v -0.222399 0.294744 0.000094
v -0.222556 0.294540 0.000350
v -0.214649 0.289986 0.000000
v -0.215000 0.289378 0.000700
v -0.214824 0.289682 0.000094
v -0.214953 0.289460 0.000350
v -0.206519 0.285977 0.000000
v -0.206788 0.285328 0.000700
v -0.206653 0.285653 0.000094
v -0.206752 0.285416 0.000350
v -0.197936 0.283063 0.000000
v -0.198117 0.282385 0.000700
v -0.198026 0.282724 0.000094
v -0.198093 0.282476 0.000350
v -0.189045 0.281294 0.000000
v -0.189137 0.280599 0.000700
v -0.189091 0.280947 0.000094
v -0.189124 0.280693 0.000350
v -0.180000 0.280701 0.000000
v -0.180000 0.280000 0.000700
v -0.180000 0.280351 0.000094
v -0.180000 0.280095 0.000350
v -0.170955 0.281294 0.000000
v -0.170863 0.280599 0.000700
v -0.170909 0.280947 0.000094
v -0.170876 0.280693 0.000350
v -0.162064 0.283063 0.000000
v -0.161883 0.282385 0.000700
v -0.161974 0.282724 0.000094
v -0.161907 0.282476 0.000350
v -0.153481 0.285977 0.000000
v -0.153212 0.285328 0.000700
v -0.153347 0.285653 0.000094
v -0.153248 0.285416 0.000350
v -0.145351 0.289986 0.000000
v -0.145000 0.289378 0.000700
v -0.145176 0.289682 0.000094
v -0.145047 0.289460 0.000350
v -0.137814 0.295022 0.000000
v -0.137387 0.294465 0.000700
v -0.137601 0.294744 0.000094
v -0.137444 0.294540 0.000350
v -0.130999 0.300999 0.000000
v -0.130503 0.300503 0.000700
v -0.130751 0.300751 0.000094
v -0.130569 0.300569 0.000350
v -0.125022 0.307814 0.000000
v -0.124465 0.307387 0.000700
v -0.124744 0.307601 0.000094
v -0.124540 0.307444 0.000350
v -0.119986 0.315351 0.000000
v -0.119378 0.315000 0.000700
v -0.119682 0.315176 0.000094
v -0.119460 0.315047 0.000350
v -0.115977 0.323481 0.000000
v -0.115328 0.323212 0.000700
v -0.115653 0.323347 0.000094
v -0.115416 0.323248 0.000350
v -0.113063 0.332064 0.000000
v -0.112385 0.331883 0.000700
v -0.112725 0.331974 0.000094
v -0.112476 0.331907 0.000350
v -0.111294 0.340955 0.000000
v -0.110599 0.340863 0.000700
v -0.110947 0.340909 0.000094
v -0.110693 0.340876 0.000350
v -0.117298 0.350000 0.000000
v -0.118000 0.350000 0.000700
v -0.117649 0.350000 0.000094
v -0.117905 0.350000 0.000350
v -0.118530 0.358093 0.000700
v -0.117835 0.358184 0.000000
v -0.118437 0.358105 0.000350
v -0.118182 0.358139 0.000094
v -0.120113 0.366047 0.000700
v -0.119435 0.366228 0.000000
v -0.120021 0.366071 0.000350
v -0.119773 0.366138 0.000094
v -0.122719 0.373726 0.000700
v -0.122071 0.373995 0.000000
v -0.122632 0.373763 0.000350
v -0.122395 0.373861 0.000094
v -0.126306 0.381000 0.000700
v -0.125699 0.381351 0.000000
v -0.126225 0.381047 0.000350
v -0.126002 0.381176 0.000094
v -0.130812 0.387743 0.000700
v -0.130256 0.388170 0.000000
v -0.130737 0.387801 0.000350
v -0.130533 0.387957 0.000094
v -0.136159 0.393841 0.000700
v -0.135663 0.394337 0.000000
v -0.136093 0.393907 0.000350
v -0.135911 0.394089 0.000094
v -0.142257 0.399188 0.000700
v -0.141830 0.399744 0.000000
v -0.142199 0.399263 0.000350
v -0.142043 0.399467 0.000094
v -0.149000 0.403694 0.000700
v -0.148649 0.404301 0.000000
v -0.148953 0.403775 0.000350
v -0.148824 0.403998 0.000094
v -0.156274 0.407281 0.000700
v -0.156005 0.407929 0.000000
v -0.156237 0.407368 0.000350
v -0.156139 0.407605 0.000094
v -0.163953 0.409887 0.000700
v -0.163772 0.410565 0.000000
v -0.163929 0.409979 0.000350
v -0.163862 0.410227 0.000094
v -0.171907 0.411470 0.000700
v -0.171816 0.412165 0.000000
v -0.171895 0.411563 0.000350
v -0.171862 0.411818 0.000094
v -0.180000 0.412000 0.000700
v -0.180000 0.412701 0.000000
v -0.180000 0.412095 0.000350
v -0.180000 0.412351 0.000094
v -0.188093 0.411470 0.000700
v -0.188184 0.412165 0.000000
v -0.188105 0.411563 0.000350
v -0.188138 0.411818 0.000094
v -0.196047 0.409887 0.000700
v -0.196228 0.410565 0.000000
v -0.196071 0.409979 0.000350
v -0.196138 0.410227 0.000094
v -0.203726 0.407281 0.000700
v -0.203995 0.407929 0.000000
v -0.203763 0.407368 0.000350
v -0.203861 0.407605 0.000094
v -0.211000 0.403694 0.000700
v -0.211351 0.404301 0.000000
v -0.211047 0.403776 0.000350
v -0.211176 0.403998 0.000094
v -0.217743 0.399188 0.000700
v -0.218170 0.399744 0.000000
v -0.217801 0.399263 0.000350
v -0.217957 0.399467 0.000094
v -0.223841 0.393841 0.000700
v -0.224337 0.394337 0.000000
v -0.223907 0.393907 0.000350
v -0.224089 0.394089 0.000094
v -0.229188 0.387743 0.000700
v -0.229744 0.388170 0.000000
v -0.229263 0.387801 0.000350
v -0.229467 0.387957 0.000094
v -0.233694 0.381000 0.000700
v -0.234301 0.381351 0.000000
v -0.233775 0.381047 0.000350
v -0.233998 0.381176 0.000094
v -0.237281 0.373726 0.000700
v -0.237929 0.373995 0.000000
v -0.237368 0.373763 0.000350
v -0.237605 0.373861 0.000094
v -0.239887 0.366047 0.000700
v -0.240565 0.366228 0.000000
v -0.239979 0.366071 0.000350
v -0.240227 0.366138 0.000094
v -0.241470 0.358093 0.000700
v -0.242165 0.358184 0.000000
v -0.241563 0.358105 0.000350
v -0.241818 0.358139 0.000094
v -0.242000 0.350000 0.000700
v -0.242702 0.350000 0.000000
v -0.242095 0.350000 0.000350
v -0.242351 0.350000 0.000094
v -0.241470 0.341907 0.000700
v -0.242165 0.341816 0.000000
v -0.241563 0.341895 0.000350
v -0.241818 0.341862 0.000094
v -0.239887 0.333953 0.000700
v -0.240565 0.333772 0.000000
v -0.239979 0.333929 0.000350
v -0.240227 0.333862 0.000094
v -0.237281 0.326274 0.000700
v -0.237929 0.326005 0.000000
v -0.237368 0.326237 0.000350
v -0.237605 0.326139 0.000094
v -0.233694 0.319000 0.000700
v -0.234301 0.318649 0.000000
v -0.233775 0.318953 0.000350
v -0.233998 0.318824 0.000094
v -0.229188 0.312257 0.000700
v -0.229744 0.311830 0.000000
v -0.229263 0.312199 0.000350
v -0.229467 0.312043 0.000094
v -0.223841 0.306159 0.000700
v -0.224337 0.305663 0.000000
v -0.223907 0.306093 0.000350
v -0.224089 0.305911 0.000094
v -0.217743 0.300812 0.000700
v -0.218170 0.300256 0.000000
v -0.217801 0.300737 0.000350
v -0.217957 0.300533 0.000094
v -0.211000 0.296306 0.000700
v -0.211351 0.295699 0.000000
v -0.211047 0.296225 0.000350
v -0.211176 0.296002 0.000094
v -0.203726 0.292719 0.000700
v -0.203995 0.292071 0.000000
v -0.203763 0.292632 0.000350
v -0.203861 0.292395 0.000094
v -0.196047 0.290113 0.000700
v -0.196228 0.289435 0.000000
v -0.196071 0.290021 0.000350
v -0.196138 0.289773 0.000094
v -0.188093 0.288530 0.000700
v -0.188184 0.287835 0.000000
v -0.188105 0.288437 0.000350
v -0.188138 0.288182 0.000094
v -0.180000 0.288000 0.000700
v -0.180000 0.287299 0.000000
v -0.180000 0.287905 0.000350
v -0.180000 0.287649 0.000094
v -0.171907 0.288530 0.000700
v -0.171816 0.287835 0.000000
v -0.171895 0.288437 0.000350
v -0.171862 0.288182 0.000094
v -0.163953 0.290113 0.000700
v -0.163772 0.289435 0.000000
v -0.163929 0.290021 0.000350
v -0.163862 0.289773 0.000094
v -0.156274 0.292719 0.000700
v -0.156005 0.292071 0.000000
v -0.156237 0.292632 0.000350
v -0.156139 0.292395 0.000094
v -0.149000 0.296306 0.000700
v -0.148649 0.295699 0.000000
v -0.148953 0.296225 0.000350
v -0.148824 0.296002 0.000094
v -0.142257 0.300812 0.000700
v -0.141830 0.300256 0.000000
v -0.142199 0.300737 0.000350
v -0.142043 0.300533 0.000094
v -0.136159 0.306159 0.000700
v -0.135663 0.305663 0.000000
v -0.136093 0.306093 0.000350
v -0.135911 0.305911 0.000094
v -0.130812 0.312257 0.000700
v -0.130256 0.311830 0.000000
v -0.130737 0.312199 0.000350
v -0.130533 0.312043 0.000094
v -0.126306 0.319000 0.000700
v -0.125699 0.318649 0.000000
v -0.126225 0.318953 0.000350
v -0.126002 0.318824 0.000094
v -0.122719 0.326274 0.000700
v -0.122071 0.326005 0.000000
v -0.122632 0.326237 0.000350
v -0.122395 0.326139 0.000094
v -0.120113 0.333953 0.000700
v -0.119435 0.333772 0.000000
v -0.120021 0.333929 0.000350
v -0.119773 0.333862 0.000094
v -0.118530 0.341907 0.000700
v -0.117835 0.341816 0.000000
v -0.118437 0.341895 0.000350
v -0.118182 0.341862 0.000094
v -0.110702 0.350000 0.005000
v -0.110000 0.350000 0.004300
v -0.110351 0.350000 0.004906
v -0.110095 0.350000 0.004650
v -0.110599 0.359137 0.004300
v -0.111294 0.359045 0.005000
v -0.110693 0.359124 0.004650
v -0.110947 0.359091 0.004906
v -0.112385 0.368117 0.004300
v -0.113063 0.367936 0.005000
v -0.112476 0.368093 0.004650
v -0.112725 0.368026 0.004906
v -0.115328 0.376788 0.004300
v -0.115977 0.376519 0.005000
v -0.115416 0.376752 0.004650
v -0.115653 0.376653 0.004906
v -0.119378 0.385000 0.004300
v -0.119986 0.384649 0.005000
v -0.119460 0.384953 0.004650
v -0.119682 0.384824 0.004906
v -0.124465 0.392613 0.004300
v -0.125022 0.392186 0.005000
v -0.124540 0.392556 0.004650
v -0.124744 0.392399 0.004906
v -0.130503 0.399497 0.004300
v -0.130999 0.399001 0.005000
v -0.130569 0.399431 0.004650
v -0.130751 0.399249 0.004906
v -0.137387 0.405535 0.004300
v -0.137814 0.404978 0.005000
v -0.137444 0.405460 0.004650
v -0.137601 0.405256 0.004906
v -0.145000 0.410622 0.004300
v -0.145351 0.410014 0.005000
v -0.145047 0.410540 0.004650
v -0.145176 0.410318 0.004906
v -0.153212 0.414672 0.004300
v -0.153481 0.414023 0.005000
v -0.153248 0.414584 0.004650
v -0.153347 0.414347 0.004906
v -0.161883 0.417615 0.004300
v -0.162064 0.416937 0.005000
v -0.161907 0.417524 0.004650
v -0.161974 0.417275 0.004906
v -0.170863 0.419401 0.004300
v -0.170955 0.418706 0.005000
v -0.170876 0.419307 0.004650
v -0.170909 0.419053 0.004906
v -0.180000 0.420000 0.004300
v -0.180000 0.419298 0.005000
v -0.180000 0.419905 0.004650
v -0.180000 0.419649 0.004906
v -0.189137 0.419401 0.004300
v -0.189045 0.418706 0.005000
v -0.189124 0.419307 0.004650
v -0.189091 0.419053 0.004906
v -0.198117 0.417615 0.004300
v -0.197936 0.416937 0.005000
v -0.198093 0.417524 0.004650
v -0.198026 0.417275 0.004906
v -0.206788 0.414672 0.004300
v -0.206519 0.414023 0.005000
v -0.206752 0.414584 0.004650
v -0.206653 0.414347 0.004906
v -0.215000 0.410622 0.004300
v -0.214649 0.410014 0.005000
v -0.214953 0.410540 0.004650
v -0.214824 0.410318 0.004906
v -0.222613 0.405535 0.004300
v -0.222186 0.404978 0.005000
v -0.222556 0.405460 0.004650
v -0.222399 0.405256 0.004906
v -0.229497 0.399497 0.004300
v -0.229001 0.399001 0.005000
v -0.229431 0.399431 0.004650
v -0.229249 0.399249 0.004906
v -0.235535 0.392613 0.004300
v -0.234978 0.392186 0.005000
v -0.235460 0.392556 0.004650
v -0.235256 0.392399 0.004906
v -0.240622 0.385000 0.004300
v -0.240014 0.384649 0.005000
v -0.240540 0.384953 0.004650
v -0.240318 0.384824 0.004906
v -0.244672 0.376788 0.004300
v -0.244023 0.376519 0.005000
v -0.244584 0.376752 0.004650
v -0.244347 0.376653 0.004906
v -0.247615 0.368117 0.004300
v -0.246937 0.367936 0.005000
v -0.247524 0.368093 0.004650
v -0.247275 0.368026 0.004906
v -0.249401 0.359137 0.004300
v -0.248706 0.359045 0.005000
v -0.249307 0.359124 0.004650
v -0.249053 0.359091 0.004906
v -0.250000 0.350000 0.004300
v -0.249298 0.350000 0.005000
v -0.249905 0.350000 0.004650
v -0.249649 0.350000 0.004906
v -0.249401 0.340863 0.004300
v -0.248706 0.340955 0.005000
v -0.249307 0.340876 0.004650
v -0.249053 0.340909 0.004906
v -0.247615 0.331883 0.004300
v -0.246937 0.332064 0.005000
v -0.247524 0.331907 0.004650
v -0.247275 0.331974 0.004906
v -0.244672 0.323212 0.004300
v -0.244023 0.323481 0.005000
v -0.244584 0.323248 0.004650
v -0.244347 0.323347 0.004906
v -0.240622 0.315000 0.004300
v -0.240014 0.315351 0.005000
v -0.240540 0.315047 0.004650
v -0.240318 0.315176 0.004906
v -0.235535 0.307387 0.004300
v -0.234978 0.307814 0.005000
v -0.235460 0.307444 0.004650
v -0.235256 0.307601 0.004906
v -0.229497 0.300503 0.004300
v -0.229001 0.300999 0.005000
v -0.229431 0.300569 0.004650
v -0.229249 0.300751 0.004906
v -0.222613 0.294465 0.004300
v -0.222186 0.295022 0.005000
v -0.222556 0.294540 0.004650
v -0.222399 0.294744 0.004906
v -0.215000 0.289378 0.004300
v -0.214649 0.289986 0.005000
v -0.214953 0.289460 0.004650
v -0.214824 0.289682 0.004906
v -0.206788 0.285328 0.004300
v -0.206519 0.285977 0.005000
v -0.206752 0.285416 0.004650
v -0.206653 0.285653 0.004906
v -0.198117 0.282385 0.004300
v -0.197936 0.283063 0.005000
v -0.198093 0.282476 0.004650
v -0.198026 0.282724 0.004906
v -0.189137 0.280599 0.004300
v -0.189045 0.281294 0.005000
v -0.189124 0.280693 0.004650
v -0.189091 0.280947 0.004906
v -0.180000 0.280000 0.004300
v -0.180000 0.280702 0.005000
v -0.180000 0.280095 0.004650
v -0.180000 0.280351 0.004906
v -0.170863 0.280599 0.004300
v -0.170955 0.281294 0.005000
v -0.170876 0.280693 0.004650
v -0.170909 0.280947 0.004906
v -0.161883 0.282385 0.004300
v -0.162064 0.283063 0.005000
v -0.161907 0.282476 0.004650
v -0.161974 0.282724 0.004906
v -0.153212 0.285328 0.004300
v -0.153481 0.285977 0.005000
v -0.153248 0.285416 0.004650
v -0.153347 0.285653 0.004906
v -0.145000 0.289378 0.004300
v -0.145351 0.289986 0.005000
v -0.145047 0.289460 0.004650
v -0.145176 0.289682 0.004906
v -0.137387 0.294465 0.004300
v -0.137814 0.295022 0.005000
v -0.137444 0.294540 0.004650
v -0.137601 0.294744 0.004906
v -0.130503 0.300503 0.004300
v -0.130999 0.300999 0.005000
v -0.130569 0.300569 0.004650
v -0.130751 0.300751 0.004906
v -0.124465 0.307387 0.004300
v -0.125022 0.307814 0.005000
v -0.124540 0.307444 0.004650
v -0.124744 0.307601 0.004906
v -0.119378 0.315000 0.004300
v -0.119986 0.315351 0.005000
v -0.119460 0.315047 0.004650
v -0.119682 0.315176 0.004906
v -0.115328 0.323212 0.004300
v -0.115977 0.323481 0.005000
v -0.115416 0.323248 0.004650
v -0.115653 0.323347 0.004906
v -0.112385 0.331883 0.004300
v -0.113063 0.332064 0.005000
v -0.112476 0.331907 0.004650
v -0.112725 0.331974 0.004906
v -0.110599 0.340863 0.004300
v -0.111294 0.340955 0.005000
v -0.110693 0.340876 0.004650
v -0.110947 0.340909 0.004906
v -0.118000 0.350000 0.004300
v -0.117298 0.350000 0.005000
v -0.117905 0.350000 0.004650
v -0.117649 0.350000 0.004906
v -0.117835 0.358184 0.005000
v -0.118530 0.358093 0.004300
v -0.118182 0.358139 0.004906
v -0.118437 0.358105 0.004650
v -0.119435 0.366228 0.005000
v -0.120113 0.366047 0.004300
v -0.119773 0.366138 0.004906
v -0.120021 0.366071 0.004650
v -0.122071 0.373995 0.005000
v -0.122719 0.373726 0.004300
v -0.122395 0.373861 0.004906
v -0.122632 0.373763 0.004650
v -0.125699 0.381351 0.005000
v -0.126306 0.381000 0.004300
v -0.126002 0.381176 0.004906
v -0.126225 0.381047 0.004650
v -0.130256 0.388170 0.005000
v -0.130812 0.387743 0.004300
v -0.130533 0.387957 0.004906
v -0.130737 0.387801 0.004650
v -0.135663 0.394337 0.005000
v -0.136159 0.393841 0.004300
v -0.135911 0.394089 0.004906
v -0.136093 0.393907 0.004650
v -0.141830 0.399744 0.005000
v -0.142257 0.399188 0.004300
v -0.142043 0.399467 0.004906
v -0.142199 0.399263 0.004650
v -0.148649 0.404301 0.005000
v -0.149000 0.403694 0.004300
v -0.148824 0.403998 0.004906
v -0.148953 0.403775 0.004650
v -0.156005 0.407929 0.005000
v -0.156274 0.407281 0.004300
v -0.156139 0.407605 0.004906
v -0.156237 0.407368 0.004650
v -0.163772 0.410565 0.005000
v -0.163953 0.409887 0.004300
v -0.163862 0.410227 0.004906
v -0.163929 0.409979 0.004650
v -0.171816 0.412165 0.005000
v -0.171907 0.411470 0.004300
v -0.171862 0.411818 0.004906
v -0.171895 0.411563 0.004650
v -0.180000 0.412701 0.005000
v -0.180000 0.412000 0.004300
v -0.180000 0.412351 0.004906
v -0.180000 0.412095 0.004650
v -0.188184 0.412165 0.005000
v -0.188093 0.411470 0.004300
v -0.188138 0.411818 0.004906
v -0.188105 0.411563 0.004650
v -0.196228 0.410565 0.005000
v -0.196047 0.409887 0.004300
v -0.196138 0.410227 0.004906
v -0.196071 0.409979 0.004650
v -0.203995 0.407929 0.005000
v -0.203726 0.407281 0.004300
v -0.203861 0.407605 0.004906
v -0.203763 0.407368 0.004650
v -0.211351 0.404301 0.005000
v -0.211000 0.403694 0.004300
v -0.211176 0.403998 0.004906
v -0.211047 0.403775 0.004650
v -0.218170 0.399744 0.005000
v -0.217743 0.399188 0.004300
v -0.217957 0.399467 0.004906
v -0.217801 0.399263 0.004650
v -0.224337 0.394337 0.005000
v -0.223841 0.393841 0.004300
v -0.224089 0.394089 0.004906
v -0.223907 0.393907 0.004650
v -0.229744 0.388170 0.005000
v -0.229188 0.387743 0.004300
v -0.229467 0.387957 0.004906
v -0.229263 0.387801 0.004650
v -0.234301 0.381351 0.005000
v -0.233694 0.381000 0.004300
v -0.233998 0.381176 0.004906
v -0.233775 0.381047 0.004650
v -0.237929 0.373995 0.005000
v -0.237281 0.373726 0.004300
v -0.237605 0.373861 0.004906
v -0.237368 0.373763 0.004650
v -0.240565 0.366228 0.005000
v -0.239887 0.366047 0.004300
v -0.240227 0.366138 0.004906
v -0.239979 0.366071 0.004650
v -0.242165 0.358184 0.005000
v -0.241470 0.358093 0.004300
v -0.241818 0.358139 0.004906
v -0.241563 0.358105 0.004650
v -0.242702 0.350000 0.005000
v -0.242000 0.350000 0.004300
v -0.242351 0.350000 0.004906
v -0.242095 0.350000 0.004650
v -0.242165 0.341816 0.005000
v -0.241470 0.341907 0.004300
v -0.241818 0.341862 0.004906
v -0.241563 0.341895 0.004650
v -0.240565 0.333772 0.005000
v -0.239887 0.333953 0.004300
v -0.240227 0.333862 0.004906
v -0.239979 0.333929 0.004650
v -0.237929 0.326005 0.005000
v -0.237281 0.326274 0.004300
v -0.237605 0.326139 0.004906
v -0.237368 0.326237 0.004650
v -0.234301 0.318649 0.005000
v -0.233694 0.319000 0.004300
v -0.233998 0.318824 0.004906
v -0.233775 0.318953 0.004650
v -0.229744 0.311830 0.005000
v -0.229188 0.312257 0.004300
v -0.229467 0.312043 0.004906
v -0.229263 0.312199 0.004650
v -0.224337 0.305663 0.005000
v -0.223841 0.306159 0.004300
v -0.224089 0.305911 0.004906
v -0.223907 0.306093 0.004650
v -0.218170 0.300256 0.005000
v -0.217743 0.300812 0.004300
v -0.217957 0.300533 0.004906
v -0.217801 0.300737 0.004650
v -0.211351 0.295699 0.005000
v -0.211000 0.296306 0.004300
v -0.211176 0.296002 0.004906
v -0.211047 0.296225 0.004650
v -0.203995 0.292071 0.005000
v -0.203726 0.292719 0.004300
v -0.203861 0.292395 0.004906
v -0.203763 0.292632 0.004650
v -0.196228 0.289435 0.005000
v -0.196047 0.290113 0.004300
v -0.196138 0.289773 0.004906
v -0.196071 0.290021 0.004650
v -0.188184 0.287835 0.005000
v -0.188093 0.288530 0.004300
v -0.188138 0.288182 0.004906
v -0.188105 0.288437 0.004650
v -0.180000 0.287298 0.005000
v -0.180000 0.288000 0.004300
v -0.180000 0.287649 0.004906
v -0.180000 0.287905 0.004650
v -0.171816 0.287835 0.005000
v -0.171907 0.288530 0.004300
v -0.171862 0.288182 0.004906
v -0.171895 0.288437 0.004650
v -0.163772 0.289435 0.005000
v -0.163953 0.290113 0.004300
v -0.163862 0.289773 0.004906
v -0.163929 0.290021 0.004650
v -0.156005 0.292071 0.005000
v -0.156274 0.292719 0.004300
v -0.156139 0.292395 0.004906
v -0.156237 0.292632 0.004650
v -0.148649 0.295699 0.005000
v -0.149000 0.296306 0.004300
v -0.148824 0.296002 0.004906
v -0.148953 0.296225 0.004650
v -0.141830 0.300256 0.005000
v -0.142257 0.300812 0.004300
v -0.142043 0.300533 0.004906
v -0.142199 0.300737 0.004650
v -0.135663 0.305663 0.005000
v -0.136159 0.306159 0.004300
v -0.135911 0.305911 0.004906
v -0.136093 0.306093 0.004650
v -0.130256 0.311830 0.005000
v -0.130812 0.312257 0.004300
v -0.130533 0.312043 0.004906
v -0.130737 0.312199 0.004650
v -0.125699 0.318649 0.005000
v -0.126306 0.319000 0.004300
v -0.126002 0.318824 0.004906
v -0.126225 0.318953 0.004650
v -0.122071 0.326005 0.005000
v -0.122719 0.326274 0.004300
v -0.122395 0.326139 0.004906
v -0.122632 0.326237 0.004650
v -0.119435 0.333772 0.005000
v -0.120113 0.333953 0.004300
v -0.119773 0.333862 0.004906
v -0.120021 0.333929 0.004650
v -0.117835 0.341816 0.005000
v -0.118530 0.341907 0.004300
v -0.118182 0.341862 0.004906
v -0.118437 0.341895 0.004650
vn 0.8350 0.0113 -0.5501
vn 0.0259 -0.0798 -0.9965
vn 0.7008 0.1529 -0.6968
vn -0.9253 -0.3520 -0.1414
vn 0.2478 -0.8339 -0.4932
vn -0.3256 -0.2037 -0.9233
vn 0.0008 -0.0005 -1.0000
vn -0.3882 0.9010 -0.1938
vn -0.7512 0.2661 -0.6040
vn -0.9427 0.3331 -0.0176
vn -0.1375 -0.1262 -0.9824
vn -0.4373 0.6430 -0.6288
vn -0.9561 -0.2909 0.0356
vn -0.5703 -0.1405 -0.8093
vn -0.0857 0.2171 -0.9724
vn 0.3359 0.8765 -0.3449
vn 0.8974 0.4353 -0.0718
vn 0.3242 0.9457 -0.0246
vn 0.1258 0.6866 -0.7161
vn -0.4293 0.9017 -0.0517
vn 0.8395 0.5189 -0.1612
vn -0.0158 0.1693 -0.9854
vn 0.7654 0.3653 -0.5298
vn 0.6919 0.1336 -0.7095
vn 0.9300 0.3648 -0.0437
vn 0.5914 0.3589 -0.7221
vn 0.7584 0.6494 -0.0563
vn 0.9823 0.1792 -0.0548
vn 0.9674 0.2101 0.1410
vn 0.0259 -0.0798 0.9965
vn 0.2477 -0.8340 0.4931
vn -0.4538 -0.4199 0.7860
vn 0.3877 0.0083 0.9217
vn 0.0008 -0.0005 1.0000
vn -0.7053 -0.4464 0.5507
vn -0.8693 -0.4475 0.2099
vn -0.7598 0.2629 0.5946
vn -0.9428 0.3331 0.0153
vn -0.0211 0.1342 0.9907
vn -0.7875 -0.2036 0.5816
vn -0.5720 0.8201 -0.0153
vn -0.3894 0.4259 0.8167
vn 0.5725 -0.0914 0.8148
vn 0.3359 0.8765 0.3449
vn -0.3182 0.5814 0.7488
vn 0.8362 0.5356 -0.1184
vn 0.8223 0.4185 0.3856
vn 0.3261 0.9399 0.1015
vn -0.4287 0.9019 0.0535
vn 0.1193 -0.1176 0.9859
vn 0.7654 0.3653 0.5298
vn 0.5423 0.4554 0.7060
vn 0.8694 0.4922 0.0439
vn 0.6505 0.2370 0.7216
vn 0.9821 0.1800 0.0563
vn 0.7579 0.6501 0.0548
vn 0.6943 0.1457 -0.7047
vn 0.9773 0.2055 -0.0525
vn 0.2536 -0.1371 -0.9576
vn 0.7713 0.4931 -0.4024
vn 0.8425 0.5382 -0.0243
vn 0.0093 0.0062 -0.9999
vn -0.9197 -0.3890 -0.0537
vn -0.6505 -0.2749 -0.7080
vn -0.0109 -0.0046 -0.9999
vn -0.9889 -0.1367 -0.0583
vn -0.6957 -0.0972 -0.7118
vn -0.0043 -0.0006 -1.0000
vn -0.6687 -0.2248 -0.7087
vn -0.9456 -0.3212 -0.0525
vn -0.0069 -0.0020 -1.0000
vn 0.9176 0.3200 0.2357
vn 0.6944 0.1458 0.7047
vn -0.6687 -0.2248 0.7087
vn -0.9455 -0.3214 0.0524
vn -0.2044 -0.2465 0.9473
vn -0.6957 -0.0972 0.7118
vn -0.9887 -0.1380 0.0582
vn -0.2202 0.1031 0.9700
vn -0.1239 -0.1908 0.9738
vn -0.6507 -0.2749 0.7079
vn -0.8482 -0.4739 0.2364
vn 0.7713 0.4931 0.4025
vn 0.8425 0.5382 0.0246
vn 0.2457 0.2735 0.9300
vn 0.3663 0.0615 0.9285
vn 0.0150 0.0048 -0.9999
vn 0.4959 0.0653 -0.8659
vn 0.5001 -0.0000 -0.8660
vn 0.8581 0.1130 -0.5010
vn 0.8654 -0.0000 -0.5010
vn 0.9997 -0.0000 -0.0242
vn -0.9996 0.0047 -0.0263
vn -0.8575 -0.1129 -0.5019
vn -0.8649 -0.0000 -0.5019
vn -0.4945 -0.0651 -0.8667
vn -0.4988 -0.0000 -0.8667
vn -0.0134 -0.0018 -0.9999
vn -0.0129 -0.0000 -0.9999
vn 0.9641 0.2343 0.1250
vn 0.8654 -0.0000 0.5010
vn 0.9997 -0.0000 0.0242
vn 0.8580 0.1132 0.5010
vn 0.5001 -0.0000 0.8660
vn 0.4959 0.0656 0.8659
vn 0.0149 -0.0000 0.9999
vn -0.1258 0.0949 0.9875
vn -0.4988 -0.0000 0.8667
vn -0.0137 -0.0000 0.9999
vn -0.4945 -0.0647 0.8667
vn -0.8649 -0.0000 0.5019
vn -0.9911 -0.1305 0.0262
vn -0.9997 -0.0000 0.0255
vn 0.1019 0.1524 -0.9831
vn 0.1573 -0.1021 -0.9823
vn 0.8360 0.2240 -0.5010
vn 0.9914 0.0228 -0.1292
vn -0.9801 -0.1520 -0.1277
vn -0.9628 -0.2356 -0.1324
vn -0.4818 -0.1291 -0.8667
vn -0.0133 -0.0036 -0.9999
vn 0.8360 0.2240 0.5010
vn 0.0150 0.0040 0.9999
vn 0.1573 -0.1021 0.9823
vn -0.4818 -0.1291 0.8667
vn -0.8355 -0.2239 0.5019
vn -0.8544 -0.1175 0.5062
vn 0.0810 0.1648 -0.9830
vn 0.4876 0.1394 -0.8619
vn 0.7995 0.3312 -0.5011
vn 0.9236 0.3826 -0.0244
vn 0.9800 0.1517 -0.1292
vn -0.9519 -0.2786 -0.1277
vn -0.8345 -0.2185 -0.5059
vn -0.7990 -0.3312 -0.5019
vn -0.4607 -0.1912 -0.8667
vn 0.8706 0.4759 0.1250
vn 0.9800 0.1517 0.1291
vn 0.7995 0.3314 0.5011
vn 0.4928 0.1233 0.8614
vn 0.4619 0.1917 0.8660
vn -0.0797 -0.1365 0.9874
vn -0.4608 -0.1909 0.8667
vn -0.9236 -0.3825 0.0262
vn -0.9238 -0.3592 0.1324
vn 0.0588 0.1737 -0.9830
vn 0.4652 0.2019 -0.8619
vn 0.4333 0.2498 -0.8659
vn 0.7496 0.4326 -0.5010
vn -0.9074 -0.4004 -0.1277
vn -0.4319 -0.2494 -0.8667
vn -0.0656 -0.1478 -0.9868
vn 0.7495 0.4327 0.5010
vn 0.4332 0.2501 0.8659
vn 0.1780 -0.0572 0.9824
vn -0.0613 -0.1456 0.9875
vn -0.4319 -0.2493 0.8668
vn -0.7949 -0.3346 0.5062
vn -0.7492 -0.4323 0.5019
vn 0.3968 0.3045 -0.8659
vn 0.6866 0.5268 -0.5011
vn 0.9072 0.4004 -0.1291
vn -0.8474 -0.5154 -0.1278
vn -0.7494 -0.4271 -0.5059
vn -0.3956 -0.3036 -0.8668
vn -0.0458 -0.1549 -0.9869
vn 0.7176 0.6852 0.1250
vn 0.9073 0.4001 0.1291
vn 0.6865 0.5270 0.5010
vn 0.3966 0.3048 0.8659
vn 0.1841 -0.0338 0.9823
vn -0.1567 0.0197 0.9874
vn -0.0453 -0.1556 0.9868
vn -0.3959 -0.3033 0.8668
vn -0.7931 -0.6086 0.0255
vn -0.7994 -0.5861 0.1324
vn 0.1831 -0.0123 -0.9830
vn 0.3536 0.3537 -0.8659
vn 0.6119 0.6119 -0.5011
vn 0.8472 0.5154 -0.1292
vn -0.7724 -0.6222 -0.1278
vn -0.6873 -0.5212 -0.5059
vn -0.6115 -0.6118 -0.5018
vn -0.0099 -0.0099 -0.9999
vn -0.0246 -0.1603 -0.9868
vn 0.6220 0.7730 0.1250
vn 0.6118 0.6121 0.5010
vn 0.3534 0.3539 0.8659
vn 0.1868 -0.0092 0.9824
vn -0.1579 -0.0009 0.9875
vn -0.6116 -0.6116 0.5019
vn -0.6812 -0.5289 0.5062
vn -0.7069 -0.7069 0.0262
vn 0.1832 0.0117 -0.9830
vn 0.3045 0.3968 -0.8659
vn 0.5270 0.6865 -0.5010
vn 0.7727 0.6215 -0.1292
vn -0.5266 -0.6862 -0.5018
vn -0.3538 -0.3416 -0.8707
vn -0.3033 -0.3959 -0.8667
vn 0.5158 0.8475 0.1250
vn 0.3045 0.3968 0.8659
vn 0.1864 0.0152 0.9824
vn -0.1561 -0.0219 0.9875
vn -0.3409 -0.3532 0.8712
vn -0.3040 -0.3955 0.8667
vn -0.5267 -0.6861 0.5019
vn 0.1801 0.0355 -0.9830
vn 0.2501 0.4332 -0.8659
vn 0.4329 0.7494 -0.5010
vn 0.6849 0.7171 -0.1291
vn -0.5155 -0.8473 -0.1277
vn -0.4324 -0.7490 -0.5019
vn -0.2490 -0.4321 -0.8668
vn 0.0171 -0.1608 -0.9868
vn 0.4008 0.9076 0.1249
vn 0.5323 0.6856 0.4966
vn 0.2501 0.4332 0.8659
vn 0.1828 0.0394 0.9824
vn -0.2493 -0.4319 0.8668
vn -0.4326 -0.7489 0.5019
vn -0.5150 -0.8469 0.1324
vn 0.1736 0.0589 -0.9831
vn 0.1914 0.4621 -0.8659
vn 0.3312 0.7996 -0.5010
vn 0.5854 0.8004 -0.1291
vn -0.4004 -0.9074 -0.1277
vn -0.3310 -0.7991 -0.5018
vn -0.1909 -0.4609 -0.8667
vn -0.0055 -0.0132 -0.9999
vn 0.0387 -0.1575 -0.9868
vn 0.2789 0.9522 0.1249
vn 0.4383 0.7492 0.4966
vn 0.3310 0.7997 0.5010
vn 0.1911 0.4622 0.8659
vn 0.1757 0.0631 0.9824
vn -0.1454 -0.0614 0.9875
vn 0.0387 -0.1575 0.9868
vn -0.1912 -0.4607 0.8667
vn -0.3312 -0.7991 0.5018
vn -0.4001 -0.9069 0.1324
vn -0.0811 0.1644 -0.9831
vn 0.1672 0.0851 -0.9822
vn 0.2240 0.8360 -0.5010
vn 0.4760 0.8699 -0.1291
vn -0.3584 -0.9248 -0.1276
vn -0.2774 -0.9516 -0.1323
vn -0.1291 -0.4817 -0.8668
vn 0.1522 0.9804 0.1250
vn 0.2238 0.8360 0.5011
vn 0.0039 0.0145 0.9999
vn 0.1672 0.0851 0.9822
vn -0.1365 -0.0797 0.9874
vn -0.1294 -0.4816 0.8668
vn -0.2241 -0.8354 0.5018
vn -0.2783 -0.9513 0.1323
vn -0.1017 0.1524 -0.9831
vn 0.1231 0.4919 -0.8619
vn 0.1130 0.8581 -0.5010
vn 0.1305 0.9912 -0.0242
vn 0.3586 0.9245 -0.1292
vn -0.2346 -0.9637 -0.1277
vn -0.2280 -0.8320 -0.5058
vn -0.0651 -0.4945 -0.8668
vn 0.0775 -0.1420 -0.9868
vn 0.0230 0.9919 0.1250
vn 0.1128 0.8581 0.5010
vn 0.1396 0.4884 0.8614
vn 0.0020 0.0150 0.9999
vn -0.1247 -0.0969 0.9874
vn -0.0655 -0.4944 0.8667
vn -0.1305 -0.9911 0.0255
vn -0.1508 -0.9797 0.1322
vn -0.0000 0.5002 -0.8659
vn 0.0577 0.5038 -0.8619
vn -0.0000 0.9997 -0.0241
vn -0.1068 -0.9860 -0.1277
vn -0.1174 -0.8546 -0.5059
vn -0.0000 -0.4988 -0.8667
vn 0.0952 -0.1307 -0.9868
vn -0.1067 0.9864 0.1250
vn -0.0000 0.5002 0.8659
vn 0.0748 0.5024 0.8614
vn -0.1102 -0.1124 0.9875
vn -0.0004 -0.4989 0.8667
vn -0.1078 -0.8557 0.5062
vn -0.0000 -0.9997 0.0262
vn -0.1377 0.1209 -0.9831
vn 0.1219 0.1426 -0.9822
vn -0.0650 0.4959 -0.8659
vn -0.0050 0.8678 -0.4968
vn -0.1305 0.9912 -0.0241
vn 0.0235 -0.9915 -0.1277
vn -0.0049 -0.8626 -0.5059
vn 0.1131 -0.8575 -0.5019
vn 0.0655 -0.4945 -0.8667
vn 0.1112 -0.1172 -0.9869
vn -0.2345 0.9640 0.1250
vn 0.0050 0.8680 0.4966
vn -0.1132 0.8580 0.5010
vn -0.0656 0.4959 0.8659
vn 0.1213 0.1426 0.9823
vn 0.0651 -0.4945 0.8667
vn 0.0049 -0.8624 0.5062
vn 0.1127 -0.8576 0.5018
vn -0.1295 0.4831 -0.8659
vn -0.2240 0.8359 -0.5011
vn -0.1182 0.8597 -0.4969
vn -0.2587 0.9656 -0.0244
vn 0.2239 -0.8355 -0.5018
vn 0.1291 -0.4817 -0.8668
vn 0.1258 -0.1016 -0.9868
vn -0.3584 0.9252 0.1250
vn -0.2242 0.8359 0.5010
vn -0.1298 0.4831 0.8659
vn 0.1014 0.1571 0.9824
vn 0.1247 -0.0968 0.9875
vn 0.1291 -0.4817 0.8668
vn 0.2237 -0.8356 0.5018
vn 0.2346 -0.9630 0.1323
vn -0.1645 0.0810 -0.9830
vn 0.0804 0.1692 -0.9823
vn -0.1911 0.4622 -0.8660
vn -0.3310 0.7997 -0.5009
vn 0.3584 -0.9248 -0.1277
vn 0.3310 -0.7992 -0.5018
vn 0.1908 -0.4607 -0.8668
vn 0.0053 -0.0127 -0.9999
vn 0.1387 -0.0840 -0.9868
vn -0.4761 0.8705 0.1250
vn -0.1914 0.4621 0.8659
vn -0.0057 0.0137 0.9999
vn 0.0804 0.1692 0.9823
vn -0.0588 -0.1460 0.9875
vn 0.1388 -0.0840 0.9868
vn 0.1905 -0.4609 0.8667
vn 0.3308 -0.7993 0.5017
vn 0.3583 -0.9242 0.1323
vn -0.2501 0.4332 -0.8659
vn -0.4998 0.8658 -0.0242
vn -0.2783 0.9518 -0.1291
vn 0.4761 -0.8701 -0.1277
vn 0.4325 -0.7491 -0.5018
vn 0.0067 -0.0115 -0.9999
vn -0.5856 0.8009 0.1250
vn -0.3275 0.8038 0.4966
vn -0.4329 0.7494 0.5010
vn -0.2504 0.4330 0.8659
vn 0.2493 -0.4319 0.8668
vn 0.4325 -0.7491 0.5019
vn 0.4759 -0.8695 0.1323
vn -0.1801 0.0356 -0.9830
vn 0.0339 0.1842 -0.9823
vn -0.3042 0.3970 -0.8659
vn -0.4382 0.7491 -0.4968
vn -0.6086 0.7931 -0.0241
vn 0.5856 -0.8005 -0.1277
vn 0.5266 -0.6862 -0.5018
vn 0.2385 -0.4301 -0.8707
vn 0.0086 -0.0111 -0.9999
vn -0.6851 0.7176 0.1249
vn -0.3045 0.3968 0.8659
vn -0.0089 0.0116 0.9999
vn 0.0339 0.1842 0.9823
vn -0.0193 -0.1564 0.9875
vn 0.1557 -0.0452 0.9868
vn 0.5265 -0.6862 0.5019
vn 0.5853 -0.7999 0.1324
vn -0.1832 0.0118 -0.9830
vn -0.3535 0.3540 -0.8659
vn -0.5322 0.6855 -0.4968
vn -0.7069 0.7069 -0.0242
vn 0.6851 -0.7172 -0.1277
vn 0.6116 -0.6116 -0.5019
vn 0.2925 -0.3954 -0.8707
vn 0.3529 -0.3524 -0.8668
vn -0.7729 0.6220 0.1250
vn -0.5245 0.6916 0.4966
vn -0.3537 0.3537 0.8659
vn -0.0104 0.0103 0.9999
vn 0.3527 -0.3527 0.8667
vn 0.3057 -0.3842 0.8712
vn 0.6116 -0.6116 0.5019
vn 0.6847 -0.7167 0.1324
vn -0.1832 -0.0123 -0.9830
vn -0.6866 0.5268 -0.5010
vn -0.6172 0.6101 -0.4969
vn -0.7931 0.6086 -0.0243
vn 0.7728 -0.6216 -0.1278
vn 0.6862 -0.5265 -0.5019
vn 0.3959 -0.3033 -0.8668
vn 0.1616 -0.0040 -0.9868
vn -0.8474 0.5160 0.1250
vn -0.6102 0.6173 0.4966
vn -0.3969 0.3045 0.8659
vn -0.0116 0.0089 0.9999
vn 0.0215 -0.1565 0.9874
vn 0.1621 -0.0034 0.9868
vn 0.3955 -0.3039 0.8668
vn 0.6861 -0.5267 0.5018
vn 0.7724 -0.6212 0.1324
vn -0.1801 -0.0363 -0.9830
vn -0.4074 0.3020 -0.8619
vn -0.7495 0.4327 -0.5010
vn 0.8005 -0.5856 -0.1277
vn 0.8474 -0.5142 -0.1324
vn 0.7492 -0.4323 -0.5018
vn 0.0124 -0.0072 -0.9999
vn 0.1612 0.0177 -0.9868
vn -0.7495 0.4327 0.5010
vn -0.6855 0.5324 0.4965
vn -0.0124 0.0072 0.9999
vn 0.0419 -0.1521 0.9875
vn 0.7491 -0.4325 0.5019
vn 0.8469 -0.5150 0.1324
vn -0.1736 -0.0589 -0.9831
vn -0.4433 0.2462 -0.8619
vn -0.7995 0.3312 -0.5011
vn -0.9236 0.3826 -0.0244
vn -0.8002 0.5857 -0.1291
vn 0.8701 -0.4761 -0.1277
vn 0.7992 -0.3308 -0.5019
vn 0.4215 -0.2534 -0.8707
vn 0.4610 -0.1906 -0.8667
vn -0.8009 0.5856 0.1249
vn -0.7996 0.3312 0.5010
vn -0.4356 0.2612 0.8614
vn -0.0139 0.0057 0.9999
vn 0.0614 -0.1453 0.9875
vn 0.4294 -0.2380 0.8712
vn 0.7991 -0.3310 0.5019
vn 0.9069 -0.4000 0.1324
vn -0.1645 -0.0814 -0.9830
vn -0.4717 0.1863 -0.8619
vn -0.8359 0.2240 -0.5010
vn 0.9248 -0.3584 -0.1278
vn 0.4817 -0.1291 -0.8668
vn 0.1509 0.0583 -0.9868
vn -0.8705 0.4761 0.1250
vn -0.8359 0.2240 0.5011
vn -0.4831 0.1295 0.8659
vn -0.4660 0.2022 0.8614
vn -0.0147 0.0039 0.9999
vn 0.4817 -0.1291 0.8668
vn 0.4569 -0.1797 0.8712
vn 0.8354 -0.2241 0.5019
vn 0.9513 -0.2783 0.1324
vn -0.1525 -0.1025 -0.9830
vn -0.4919 0.1231 -0.8619
vn -0.8580 0.1130 -0.5010
vn -0.9246 0.3583 -0.1291
vn 0.9636 -0.2347 -0.1277
vn 0.8319 -0.2280 -0.5059
vn 0.8576 -0.1127 -0.5019
vn 0.4945 -0.0647 -0.8668
vn 0.1420 0.0773 -0.9868
vn -0.9252 0.3584 0.1249
vn -0.8581 0.1130 0.5009
vn -0.4960 0.0650 0.8659
vn 0.0971 -0.1240 0.9875
vn 0.1421 0.0781 0.9868
vn 0.4945 -0.0655 0.8667
vn 0.8575 -0.1131 0.5019
vn 0.9795 -0.1517 0.1324
vn -0.1378 -0.1212 -0.9830
vn -0.5038 0.0578 -0.8619
vn -0.5002 0.0003 -0.8659
vn -0.8654 0.0002 -0.5010
vn -0.9635 0.2346 -0.1291
vn 0.9861 -0.1062 -0.1278
vn 0.8649 0.0002 -0.5019
vn 0.4988 0.0004 -0.8667
vn 0.1307 0.0950 -0.9869
vn -0.9864 -0.1067 0.1250
vn -0.9634 0.2349 0.1291
vn -0.5002 -0.0000 0.8659
vn -0.0152 -0.0000 0.9999
vn -0.1255 0.1395 0.9822
vn 0.4988 -0.0000 0.8667
vn 0.9997 -0.0000 0.0262
vn 0.9910 -0.0216 0.1324
vn -0.1209 -0.1377 -0.9831
vn -0.4960 -0.0650 -0.8659
vn -0.8580 -0.1128 -0.5011
vn -0.9859 0.1068 -0.1291
vn 0.8576 0.1129 -0.5019
vn 0.4946 0.0651 -0.8667
vn 0.0139 0.0018 -0.9999
vn 0.1171 0.1122 -0.9868
vn -0.9640 -0.2345 0.1250
vn -0.8680 0.0050 0.4966
vn -0.8580 -0.1132 0.5010
vn -0.4959 -0.0656 0.8659
vn 0.1123 0.1110 0.9875
vn 0.4944 0.0651 0.8668
vn 0.8624 0.0049 0.5062
vn 0.8576 0.1127 0.5019
vn -0.4831 -0.1295 -0.8659
vn -0.8360 -0.2240 -0.5010
vn -0.9914 -0.0228 -0.1292
vn 0.9636 0.2347 -0.1277
vn 0.8355 0.2239 -0.5018
vn 0.4817 0.1291 -0.8668
vn -0.9252 -0.3584 0.1250
vn -0.8359 -0.2242 0.5010
vn -0.0141 -0.0038 0.9999
vn -0.1573 0.1021 0.9823
vn 0.1372 -0.0782 0.9874
vn 0.1014 0.1265 0.9868
vn 0.4818 0.1287 0.8668
vn 0.9656 0.2587 0.0255
vn 0.9628 0.2356 0.1324
vn -0.0813 -0.1639 -0.9831
vn -0.1692 0.0807 -0.9823
vn -0.4622 -0.1911 -0.8659
vn -0.9236 -0.3826 -0.0242
vn -0.9800 -0.1517 -0.1291
vn 0.9248 0.3585 -0.1278
vn 0.7991 0.3310 -0.5019
vn 0.4606 0.1912 -0.8668
vn 0.0843 0.1380 -0.9868
vn -0.8705 -0.4761 0.1250
vn -0.4621 -0.1914 0.8659
vn -0.4927 -0.1232 0.8614
vn -0.0144 -0.0060 0.9999
vn 0.1463 -0.0598 0.9874
vn 0.7991 0.3310 0.5019
vn 0.8317 0.2280 0.5062
vn 0.9236 0.3826 0.0255
vn -0.4332 -0.2501 -0.8659
vn -0.7998 -0.3367 -0.4969
vn -0.8658 -0.4998 -0.0241
vn 0.9074 0.4005 -0.1277
vn 0.8690 0.4767 -0.1324
vn 0.7490 0.4327 -0.5019
vn 0.0119 0.0069 -0.9999
vn 0.0652 0.1485 -0.9868
vn -0.8009 -0.5856 0.1249
vn -0.8038 -0.3276 0.4966
vn -0.4332 -0.2501 0.8659
vn 0.1527 -0.0398 0.9875
vn 0.4502 0.1958 0.8712
vn 0.7491 0.4325 0.5019
vn 0.8657 0.4998 0.0255
vn -0.1801 0.0363 -0.9830
vn -0.3968 -0.3045 -0.8659
vn -0.7491 -0.4382 -0.4968
vn -0.7931 -0.6086 -0.0241
vn 0.8470 0.5160 -0.1278
vn 0.6861 0.5267 -0.5018
vn 0.4301 0.2385 -0.8707
vn 0.0107 0.0082 -0.9999
vn -0.7176 -0.6851 0.1250
vn -0.7542 -0.4297 0.4966
vn -0.3969 -0.3045 0.8659
vn -0.1841 0.0338 0.9823
vn 0.1567 -0.0197 0.9874
vn 0.4208 0.2528 0.8712
vn 0.6862 0.5265 0.5019
vn 0.7931 0.6085 0.0261
vn -0.1831 0.0123 -0.9830
vn -0.3537 -0.3537 -0.8659
vn -0.6855 -0.5323 -0.4968
vn -0.7069 -0.7069 -0.0241
vn 0.6116 0.6116 -0.5019
vn 0.3953 0.2926 -0.8707
vn 0.0095 0.0096 -0.9999
vn -0.6220 -0.7729 0.1250
vn -0.6917 -0.5244 0.4965
vn -0.6118 -0.6121 0.5010
vn -0.0103 -0.0104 0.9999
vn -0.1872 0.0098 0.9823
vn 0.1579 0.0009 0.9875
vn 0.3842 0.3057 0.8712
vn 0.3529 0.3524 0.8667
vn 0.6117 0.6114 0.5019
vn 0.0123 -0.1832 -0.9830
vn -0.1869 -0.0147 -0.9823
vn -0.3048 -0.3967 -0.8659
vn -0.6102 -0.6171 -0.4968
vn -0.6086 -0.7931 -0.0242
vn 0.6851 0.7172 -0.1277
vn 0.6204 0.7730 -0.1324
vn 0.3036 0.3956 -0.8668
vn 0.3538 0.3416 -0.8707
vn 0.0082 0.0107 -0.9999
vn -0.5158 -0.8475 0.1250
vn -0.3045 -0.3968 0.8659
vn -0.3651 -0.3531 0.8614
vn -0.0092 -0.0120 0.9999
vn 0.1565 0.0215 0.9874
vn 0.3039 0.3955 0.8668
vn 0.6086 0.7931 0.0261
vn 0.6204 0.7730 0.1324
vn 0.0356 -0.1797 -0.9831
vn -0.4327 -0.7495 -0.5010
vn -0.5244 -0.6915 -0.4968
vn -0.4999 -0.8658 -0.0241
vn 0.5850 0.8009 -0.1277
vn 0.5290 0.6813 -0.5059
vn 0.4323 0.7492 -0.5018
vn 0.0067 0.0117 -0.9999
vn -0.4008 -0.9076 0.1250
vn -0.5324 -0.6856 0.4965
vn -0.4326 -0.7496 0.5010
vn -0.2498 -0.4333 0.8660
vn 0.1519 0.0420 0.9875
vn 0.2497 0.4317 0.8668
vn 0.5212 0.6872 0.5062
vn 0.4327 0.7490 0.5018
vn -0.1914 -0.4621 -0.8659
vn -0.2461 -0.4434 -0.8619
vn -0.3826 -0.9236 -0.0244
vn 0.3310 0.7991 -0.5019
vn 0.2532 0.4215 -0.8707
vn 0.0052 0.0125 -0.9999
vn -0.2792 -0.9521 0.1250
vn -0.1914 -0.4622 0.8659
vn -0.1761 -0.0629 0.9824
vn 0.1909 0.4608 0.8667
vn 0.3310 0.7991 0.5018
vn 0.3826 0.9236 0.0262
vn 0.3992 0.9073 0.1323
vn 0.0814 -0.1645 -0.9830
vn -0.1670 -0.0851 -0.9823
vn -0.1298 -0.4831 -0.8659
vn -0.3275 -0.8037 -0.4968
vn -0.2242 -0.8359 -0.5010
vn 0.3584 0.9248 -0.1277
vn 0.2774 0.9516 -0.1324
vn 0.2237 0.8355 -0.5018
vn 0.1961 0.4510 -0.8707
vn 0.0035 0.0130 -0.9999
vn -0.2240 -0.8360 0.5010
vn -0.3369 -0.8000 0.4965
vn -0.0038 -0.0142 0.9999
vn -0.1670 -0.0851 0.9823
vn 0.1363 0.0797 0.9875
vn -0.0589 0.1511 0.9868
vn 0.2239 0.8355 0.5018
vn 0.1018 -0.1525 -0.9830
vn -0.1130 -0.8580 -0.5011
vn -0.1305 -0.9912 -0.0242
vn -0.3586 -0.9245 -0.1291
vn 0.2347 0.9637 -0.1277
vn 0.1127 0.8576 -0.5018
vn 0.1355 0.4727 -0.8707
vn 0.0017 0.0132 -0.9999
vn -0.3584 -0.9252 0.1249
vn -0.1130 -0.8580 0.5010
vn -0.1396 -0.4884 0.8614
vn -0.0019 -0.0145 0.9999
vn 0.1247 0.0969 0.9874
vn 0.1188 0.4764 0.8712
vn 0.1129 0.8576 0.5018
vn 0.1517 0.9795 0.1323
vn 0.1215 -0.1378 -0.9830
vn -0.0578 -0.5038 -0.8619
vn -0.0000 -0.8654 -0.5010
vn -0.0000 -0.9997 -0.0244
vn 0.1062 0.9861 -0.1278
vn -0.0002 0.8650 -0.5018
vn 0.0727 0.4864 -0.8707
vn -0.0000 0.0137 -0.9999
vn 0.1067 -0.9864 0.1250
vn -0.2349 -0.9634 0.1292
vn 0.0002 -0.8654 0.5010
vn -0.0746 -0.5024 0.8614
vn -0.0000 -0.0150 0.9999
vn 0.1107 0.1123 0.9875
vn 0.0556 0.4878 0.8712
vn -0.0000 0.8649 0.5019
vn -0.0000 0.9997 0.0262
vn 0.0216 0.9910 0.1324
vn 0.1373 -0.1210 -0.9831
vn 0.0084 -0.5071 -0.8619
vn 0.1130 -0.8580 -0.5011
vn -0.1129 0.8575 -0.5019
vn 0.0085 0.4917 -0.8707
vn -0.0017 0.0132 -0.9999
vn 0.2343 -0.9641 0.1250
vn 0.1131 -0.8580 0.5011
vn -0.0084 -0.5078 0.8614
vn 0.0020 -0.0150 0.9999
vn -0.0651 0.4944 0.8668
vn -0.0086 0.4909 0.8712
vn -0.1129 0.8576 0.5018
vn 0.1294 -0.4831 -0.8659
vn 0.0746 -0.5016 -0.8619
vn 0.2240 -0.8360 -0.5010
vn 0.0228 -0.9914 -0.1292
vn -0.1520 0.9801 -0.1277
vn -0.2356 0.9628 -0.1323
vn -0.2241 0.8354 -0.5019
vn -0.0557 0.4886 -0.8707
vn -0.0035 0.0130 -0.9999
vn 0.2240 -0.8360 0.5009
vn 0.0579 -0.5046 0.8614
vn 0.1298 -0.4830 0.8659
vn 0.0777 0.1372 0.9875
vn -0.1265 0.1014 0.9868
vn -0.2239 0.8355 0.5018
vn -0.2587 0.9656 0.0254
vn -0.2356 0.9628 0.1323
vn -0.0814 -0.1645 -0.9830
vn 0.1914 -0.4621 -0.8659
vn 0.3310 -0.7996 -0.5010
vn 0.1520 -0.9799 -0.1291
vn -0.2786 0.9519 -0.1278
vn -0.1909 0.4608 -0.8667
vn -0.1189 0.4772 -0.8707
vn -0.0054 0.0130 -0.9999
vn 0.1522 -0.9804 0.1249
vn 0.3312 -0.7995 0.5010
vn 0.1914 -0.4621 0.8659
vn -0.0799 -0.1690 0.9824
vn -0.1909 0.4608 0.8667
vn -0.1355 0.4719 0.8712
vn -0.3825 0.9236 0.0262
vn -0.0592 -0.1737 -0.9830
vn 0.2501 -0.4332 -0.8659
vn 0.4327 -0.7495 -0.5010
vn 0.2786 -0.9517 -0.1291
vn -0.4005 0.9074 -0.1277
vn -0.3256 0.7988 -0.5059
vn -0.4327 0.7490 -0.5018
vn -0.2497 0.4317 -0.8668
vn 0.2789 -0.9521 0.1250
vn 0.4327 -0.7495 0.5010
vn 0.2504 -0.4330 0.8659
vn -0.0572 -0.1780 0.9824
vn -0.1456 0.0613 0.9875
vn -0.2493 0.4318 0.8668
vn -0.3346 0.7949 0.5062
vn -0.4323 0.7492 0.5018
vn 0.1801 -0.0355 -0.9830
vn -0.0342 -0.1843 -0.9823
vn 0.5269 -0.6867 -0.5009
vn 0.4004 -0.9072 -0.1291
vn -0.5155 0.8473 -0.1277
vn -0.5267 0.6861 -0.5018
vn -0.3039 0.3954 -0.8668
vn -0.1551 0.0457 -0.9868
vn 0.4008 -0.9076 0.1249
vn 0.5269 -0.6866 0.5009
vn 0.0089 -0.0116 0.9999
vn -0.0341 -0.1844 0.9823
vn 0.0197 0.1567 0.9875
vn -0.1557 0.0453 0.9868
vn -0.5266 0.6862 0.5018
vn -0.6086 0.7931 0.0254
vn -0.5861 0.7994 0.1323
vn 0.1832 -0.0118 -0.9830
vn 0.3154 -0.3971 -0.8619
vn 0.3535 -0.3539 -0.8659
vn 0.6118 -0.6121 -0.5011
vn 0.5154 -0.8472 -0.1291
vn -0.6216 0.7728 -0.1278
vn -0.6117 0.6114 -0.5019
vn -0.0099 0.0099 -0.9999
vn -0.1603 0.0246 -0.9868
vn 0.5158 -0.8475 0.1249
vn 0.6120 -0.6120 0.5009
vn 0.3025 -0.4080 0.8614
vn 0.0104 -0.0103 0.9999
vn -0.0013 0.1576 0.9875
vn -0.3056 0.3842 0.8712
vn -0.6116 0.6116 0.5019
vn -0.7069 0.7069 0.0255
vn 0.1832 0.0123 -0.9830
vn 0.3966 -0.3047 -0.8659
vn 0.6865 -0.5270 -0.5010
vn 0.6216 -0.7726 -0.1292
vn -0.7176 0.6846 -0.1278
vn -0.3957 0.3036 -0.8668
vn -0.3415 0.3539 -0.8707
vn 0.8475 -0.5158 0.1250
vn 0.6213 -0.7728 0.1291
vn 0.3968 -0.3045 0.8659
vn 0.3531 -0.3651 0.8614
vn 0.0120 -0.0092 0.9999
vn -0.3957 0.3036 0.8667
vn -0.3533 0.3409 0.8712
vn -0.7931 0.6086 0.0261
vn 0.1800 0.0361 -0.9830
vn 0.4330 -0.2504 -0.8659
vn 0.7494 -0.4329 -0.5010
vn 0.7171 -0.6849 -0.1291
vn -0.7491 0.4325 -0.5019
vn -0.6813 0.5291 -0.5060
vn -0.4321 0.2490 -0.8668
vn -0.1608 -0.0171 -0.9868
vn 0.9076 -0.4008 0.1250
vn 0.6856 -0.5324 0.4966
vn 0.7496 -0.4326 0.5010
vn 0.4334 -0.2498 0.8659
vn -0.1567 -0.0197 0.9875
vn -0.4319 0.2493 0.8668
vn -0.6872 0.5211 0.5062
vn -0.7490 0.4327 0.5019
vn 0.1735 0.0588 -0.9831
vn 0.7995 -0.3312 -0.5011
vn 0.9236 -0.3826 -0.0244
vn 0.8002 -0.5857 -0.1292
vn -0.9074 0.4004 -0.1277
vn -0.7991 0.3310 -0.5019
vn -0.4609 0.1905 -0.8668
vn -0.1572 -0.0380 -0.9868
vn 0.9521 -0.2789 0.1250
vn 0.7996 -0.3310 0.5011
vn 0.0135 -0.0056 0.9999
vn 0.0626 -0.1767 0.9823
vn -0.1528 -0.0400 0.9875
vn -0.4609 0.1909 0.8667
vn -0.7991 0.3310 0.5019
vn -0.9236 0.3826 0.0254
vn -0.9073 0.3992 0.1324
vn 0.4831 -0.1294 -0.8660
vn 0.4717 -0.1862 -0.8619
vn 0.8360 -0.2240 -0.5010
vn -0.9519 0.2786 -0.1277
vn -0.8355 0.2239 -0.5019
vn -0.4818 0.1287 -0.8668
vn -0.1509 -0.0582 -0.9868
vn 0.9804 -0.1522 0.1250
vn 0.8360 -0.2238 0.5009
vn 0.4660 -0.2021 0.8614
vn 0.0141 -0.0038 0.9999
vn -0.1462 -0.0596 0.9875
vn -0.4817 0.1291 0.8668
vn -0.9656 0.2587 0.0255
vn 0.1017 -0.1528 -0.9830
vn 0.4960 -0.0653 -0.8659
vn 0.9911 -0.1305 -0.0244
vn 0.9245 -0.3586 -0.1292
vn -0.9636 0.2347 -0.1277
vn -0.9797 0.1508 -0.1324
vn -0.8576 0.1127 -0.5019
vn -0.0139 0.0018 -0.9999
vn -0.1421 -0.0781 -0.9868
vn 0.9919 -0.0230 0.1250
vn 0.4960 -0.0653 0.8659
vn 0.4884 -0.1396 0.8614
vn 0.0145 -0.0019 0.9999
vn -0.1372 -0.0782 0.9875
vn -0.4944 0.0651 0.8668
vn -0.8576 0.1129 0.5019
vn -0.8343 0.2185 0.5062
vn -0.9911 0.1305 0.0255
vn -0.4795 0.0645 -0.8752
vn 0.8629 -0.1135 0.4924
vn 0.2535 -0.0334 -0.9668
vn -0.2339 0.0308 0.9718
vn 0.8580 -0.1130 -0.5011
vt 0.372209 0.946235
vt 0.371758 0.944238
vt 0.371656 0.941938
vt 0.381402 0.002240
vt 0.380951 0.004189
vt 0.381402 0.001918
vt 0.131249 0.995539
vt 0.130866 0.995536
vt 0.131236 0.990856
vt 0.390367 0.867239
vt 0.389915 0.866706
vt 0.390366 0.866645
vt 0.107375 0.004274
vt 0.106872 0.003817
vt 0.107312 0.003682
vt 0.381402 0.947764
vt 0.380951 0.948116
vt 0.380849 0.947675
vt 0.371427 0.002596
vt 0.371758 0.002070
vt 0.371653 0.002585
vt 0.390365 0.880278
vt 0.389813 0.880054
vt 0.390365 0.879790
vt 0.372209 0.002534
vt 0.372209 0.001941
vt 0.207309 0.354895
vt 0.207889 0.354831
vt 0.207815 0.355262
vt 0.372209 0.363768
vt 0.371656 0.363302
vt 0.372209 0.363014
vt 0.371656 0.364123
vt 0.372209 0.364483
vt 0.376231 0.946235
vt 0.376683 0.944238
vt 0.376231 0.946513
vt 0.025962 0.004464
vt 0.026345 0.004461
vt 0.026332 0.009144
vt 0.385424 0.002240
vt 0.385876 0.004189
vt 0.385977 0.006618
vt 0.385424 0.947764
vt 0.385876 0.948117
vt 0.385424 0.948253
vt 0.002472 0.995726
vt 0.001968 0.996183
vt 0.001918 0.995700
vt 0.394389 0.867238
vt 0.394840 0.866705
vt 0.394940 0.867165
vt 0.377013 0.002596
vt 0.376683 0.002070
vt 0.376783 0.001918
vt 0.376231 0.002534
vt 0.376787 0.002585
vt 0.394939 0.880053
vt 0.394387 0.880277
vt 0.394387 0.879789
vt 0.102406 0.645105
vt 0.102985 0.645169
vt 0.102812 0.645573
vt 0.376231 0.363768
vt 0.376784 0.364123
vt 0.376231 0.364483
vt 0.376784 0.363302
vt 0.376231 0.363014
vt 0.196973 0.425263
vt 0.372209 0.426682
vt 0.371656 0.426468
vt 0.196441 0.425068
vt 0.371656 0.250767
vt 0.372209 0.249894
vt 0.207715 0.354427
vt 0.165206 0.252340
vt 0.164926 0.250202
vt 0.389813 0.867164
vt 0.120499 0.001918
vt 0.381402 0.709934
vt 0.380849 0.709864
vt 0.132543 0.247741
vt 0.133097 0.247723
vt 0.381402 0.648254
vt 0.380849 0.648136
vt 0.130108 0.314201
vt 0.130655 0.314302
vt 0.380849 0.591275
vt 0.381402 0.591387
vt 0.107373 0.383057
vt 0.106821 0.382976
vt 0.380849 0.006618
vt 0.376231 0.426682
vt 0.376784 0.941938
vt 0.092069 0.574737
vt 0.001918 0.617024
vt 0.385424 0.591387
vt 0.002470 0.616943
vt 0.025205 0.685799
vt 0.385977 0.591275
vt 0.385424 0.648254
vt 0.028194 0.752277
vt 0.025752 0.685698
vt 0.385977 0.709864
vt 0.385977 0.648136
vt 0.027640 0.752259
vt 0.385977 0.947680
vt 0.385424 0.709934
vt 0.015596 0.998082
vt 0.002402 0.996336
vt 0.376784 0.250767
vt 0.376231 0.249894
vt 0.060303 0.747660
vt 0.060023 0.749798
vt 0.091538 0.574931
vt 0.102911 0.644738
vt 0.376784 0.426468
vt 0.372209 0.946513
vt 0.385424 0.001918
vt 0.381402 0.948270
vt 0.376231 0.001941
vt 0.120947 0.002480
vt 0.016044 0.997520
vt 0.347869 0.188508
vt 0.340965 0.181053
vt 0.348163 0.188250
vt 0.341153 0.180837
vt 0.348377 0.188061
vt 0.394617 0.246474
vt 0.394226 0.237989
vt 0.394617 0.238054
vt 0.394226 0.856016
vt 0.394617 0.848622
vt 0.394617 0.856082
vt 0.341816 0.193814
vt 0.335590 0.187182
vt 0.342033 0.193626
vt 0.335848 0.186888
vt 0.342328 0.193368
vt 0.390204 0.246420
vt 0.389813 0.238054
vt 0.390204 0.237989
vt 0.341153 0.138572
vt 0.348163 0.131159
vt 0.348377 0.131348
vt 0.340965 0.138356
vt 0.347869 0.130901
vt 0.335848 0.132521
vt 0.342033 0.125783
vt 0.342328 0.126041
vt 0.335590 0.132227
vt 0.341816 0.125594
vt 0.389813 0.856082
vt 0.390204 0.848568
vt 0.390204 0.856016
vt 0.332673 0.175182
vt 0.340708 0.181347
vt 0.333048 0.174617
vt 0.394617 0.255577
vt 0.394226 0.246420
vt 0.394226 0.840509
vt 0.394226 0.848568
vt 0.335399 0.187398
vt 0.328361 0.181635
vt 0.328579 0.181310
vt 0.389813 0.255577
vt 0.389813 0.246474
vt 0.333048 0.144791
vt 0.332673 0.144227
vt 0.340708 0.138062
vt 0.328361 0.137774
vt 0.328200 0.137535
vt 0.335399 0.132011
vt 0.389813 0.840551
vt 0.389813 0.848622
vt 0.323903 0.170118
vt 0.332890 0.174856
vt 0.324201 0.169509
vt 0.394226 0.265179
vt 0.394226 0.255536
vt 0.394226 0.831979
vt 0.394617 0.840551
vt 0.320341 0.177336
vt 0.328200 0.181873
vt 0.320469 0.177079
vt 0.390204 0.265179
vt 0.390204 0.255536
vt 0.324201 0.149899
vt 0.332890 0.144553
vt 0.324075 0.149642
vt 0.328579 0.138099
vt 0.320470 0.142330
vt 0.390204 0.831979
vt 0.390204 0.840509
vt 0.314546 0.166242
vt 0.324075 0.169767
vt 0.314672 0.165872
vt 0.394617 0.275201
vt 0.394617 0.265208
vt 0.394226 0.823123
vt 0.394617 0.832008
vt 0.312051 0.173592
vt 0.320643 0.176728
vt 0.389813 0.275201
vt 0.389813 0.265208
vt 0.314672 0.153537
vt 0.323903 0.149291
vt 0.320643 0.142681
vt 0.312051 0.145817
vt 0.320341 0.142073
vt 0.389813 0.823139
vt 0.389813 0.832008
vt 0.304840 0.163237
vt 0.304894 0.162956
vt 0.314762 0.165600
vt 0.394617 0.285386
vt 0.394226 0.275186
vt 0.394226 0.814093
vt 0.394617 0.823139
vt 0.311957 0.173864
vt 0.303249 0.171234
vt 0.312177 0.173222
vt 0.390204 0.285384
vt 0.390204 0.275186
vt 0.304895 0.156453
vt 0.314763 0.153809
vt 0.304840 0.156171
vt 0.314546 0.153167
vt 0.303326 0.148559
vt 0.312177 0.146187
vt 0.303250 0.148175
vt 0.311957 0.145545
vt 0.390204 0.814093
vt 0.390204 0.823123
vt 0.304764 0.163621
vt 0.294748 0.161909
vt 0.294766 0.161622
vt 0.394617 0.295588
vt 0.394226 0.285384
vt 0.394226 0.805043
vt 0.394617 0.814095
vt 0.294195 0.170330
vt 0.303192 0.171515
vt 0.294241 0.169654
vt 0.303326 0.170850
vt 0.390204 0.295600
vt 0.389813 0.285386
vt 0.294766 0.157787
vt 0.294749 0.157500
vt 0.304764 0.155788
vt 0.294242 0.149755
vt 0.294195 0.149078
vt 0.303192 0.147894
vt 0.389813 0.814095
vt 0.390204 0.805043
vt 0.294723 0.162299
vt 0.284570 0.161909
vt 0.394617 0.305633
vt 0.394226 0.295600
vt 0.394617 0.796102
vt 0.394617 0.805031
vt 0.285120 0.170330
vt 0.294215 0.170044
vt 0.285103 0.170044
vt 0.390204 0.305659
vt 0.389813 0.295588
vt 0.284570 0.157500
vt 0.294724 0.157110
vt 0.285078 0.149755
vt 0.294215 0.149364
vt 0.285103 0.149364
vt 0.389813 0.796102
vt 0.389813 0.805031
vt 0.284596 0.162299
vt 0.274479 0.163238
vt 0.284550 0.161622
vt 0.394617 0.315349
vt 0.394226 0.305659
vt 0.394226 0.796128
vt 0.394617 0.787462
vt 0.276124 0.171515
vt 0.276069 0.171234
vt 0.285078 0.169654
vt 0.390204 0.315388
vt 0.389813 0.305633
vt 0.284550 0.157786
vt 0.274479 0.156171
vt 0.284596 0.157110
vt 0.276069 0.148175
vt 0.285121 0.149078
vt 0.389813 0.787462
vt 0.390204 0.796128
vt 0.274555 0.163621
vt 0.264647 0.165872
vt 0.264553 0.165600
vt 0.274421 0.162956
vt 0.394617 0.324569
vt 0.394226 0.315388
vt 0.394226 0.787501
vt 0.394617 0.779257
vt 0.267268 0.173592
vt 0.267142 0.173222
vt 0.275993 0.170850
vt 0.390204 0.324621
vt 0.389813 0.315349
vt 0.264553 0.153809
vt 0.274421 0.156453
vt 0.264647 0.153537
vt 0.274556 0.155788
vt 0.267142 0.146187
vt 0.275993 0.148559
vt 0.267268 0.145817
vt 0.276124 0.147894
vt 0.389813 0.779257
vt 0.390204 0.787501
vt 0.255417 0.170118
vt 0.264773 0.166243
vt 0.255115 0.169510
vt 0.394617 0.333137
vt 0.394226 0.324621
vt 0.394226 0.771691
vt 0.394226 0.779308
vt 0.267358 0.173864
vt 0.258849 0.177079
vt 0.390204 0.333200
vt 0.389813 0.324569
vt 0.255115 0.149899
vt 0.255417 0.149291
vt 0.264773 0.153166
vt 0.258677 0.142680
vt 0.258849 0.142329
vt 0.267358 0.145545
vt 0.389813 0.771628
vt 0.390204 0.779308
vt 0.246646 0.175182
vt 0.255243 0.169767
vt 0.246267 0.174618
vt 0.394226 0.340978
vt 0.394226 0.333200
vt 0.394226 0.764780
vt 0.394617 0.771628
vt 0.258974 0.177336
vt 0.250958 0.181636
vt 0.258677 0.176729
vt 0.390204 0.340978
vt 0.389813 0.333137
vt 0.246268 0.144791
vt 0.255243 0.149642
vt 0.246646 0.144227
vt 0.250741 0.138099
vt 0.250958 0.137773
vt 0.258975 0.142072
vt 0.390204 0.764780
vt 0.390204 0.771691
vt 0.238353 0.181053
vt 0.246428 0.174857
vt 0.389813 0.226471
vt 0.390210 0.219245
vt 0.390204 0.226550
vt 0.394513 0.550650
vt 0.394904 0.557137
vt 0.394513 0.557057
vt 0.251116 0.181874
vt 0.243729 0.187183
vt 0.250741 0.181310
vt 0.394232 0.219245
vt 0.394617 0.226471
vt 0.394226 0.226550
vt 0.238353 0.138356
vt 0.246428 0.144552
vt 0.243471 0.132520
vt 0.243729 0.132226
vt 0.251116 0.137535
vt 0.390100 0.557137
vt 0.390491 0.550650
vt 0.390491 0.557057
vt 0.231451 0.188508
vt 0.238612 0.181347
vt 0.231156 0.188250
vt 0.238163 0.180837
vt 0.389819 0.219176
vt 0.390215 0.211067
vt 0.394513 0.543462
vt 0.394904 0.550720
vt 0.237500 0.193815
vt 0.243916 0.187398
vt 0.237286 0.193626
vt 0.243471 0.186889
vt 0.394237 0.211067
vt 0.394623 0.219176
vt 0.230939 0.131348
vt 0.238163 0.138572
vt 0.231156 0.131159
vt 0.238612 0.138062
vt 0.237286 0.125783
vt 0.243917 0.132011
vt 0.390100 0.543521
vt 0.390100 0.550720
vt 0.224960 0.196326
vt 0.224720 0.196166
vt 0.230939 0.188061
vt 0.389823 0.211010
vt 0.390218 0.202158
vt 0.394904 0.535662
vt 0.394904 0.543521
vt 0.231738 0.200855
vt 0.236992 0.193368
vt 0.394240 0.202157
vt 0.394628 0.211009
vt 0.224720 0.123243
vt 0.224960 0.123083
vt 0.231451 0.130900
vt 0.236992 0.126041
vt 0.231739 0.118554
vt 0.237500 0.125594
vt 0.390100 0.535662
vt 0.390491 0.543462
vt 0.220222 0.205314
vt 0.225285 0.196543
vt 0.219870 0.205141
vt 0.389830 0.192635
vt 0.389827 0.202112
vt 0.394513 0.535615
vt 0.394904 0.527278
vt 0.231976 0.201014
vt 0.227182 0.208747
vt 0.226832 0.208574
vt 0.231414 0.200638
vt 0.394243 0.192668
vt 0.394631 0.202112
vt 0.219870 0.114268
vt 0.220222 0.114095
vt 0.225286 0.122866
vt 0.226832 0.110835
vt 0.231414 0.118771
vt 0.227183 0.110662
vt 0.231976 0.118395
vt 0.390100 0.527278
vt 0.390491 0.535615
vt 0.215975 0.214545
vt 0.219612 0.205014
vt 0.390222 0.182761
vt 0.390221 0.192668
vt 0.394513 0.527244
vt 0.394904 0.518512
vt 0.223965 0.217257
vt 0.227438 0.208873
vt 0.223325 0.217040
vt 0.394245 0.182760
vt 0.394634 0.192635
vt 0.215702 0.104957
vt 0.219612 0.114395
vt 0.215975 0.104864
vt 0.223695 0.102244
vt 0.223966 0.102152
vt 0.227438 0.110536
vt 0.390100 0.518512
vt 0.390491 0.527244
vt 0.213725 0.224453
vt 0.216346 0.214670
vt 0.213341 0.224376
vt 0.215702 0.214452
vt 0.389831 0.182741
vt 0.390223 0.172605
vt 0.394513 0.518492
vt 0.394904 0.509515
vt 0.221617 0.226023
vt 0.223695 0.217165
vt 0.220954 0.225891
vt 0.394245 0.172605
vt 0.394635 0.182741
vt 0.213341 0.095033
vt 0.213725 0.094956
vt 0.216346 0.104739
vt 0.220954 0.093518
vt 0.223326 0.102369
vt 0.221617 0.093386
vt 0.390100 0.509515
vt 0.390491 0.518492
vt 0.212403 0.234494
vt 0.212012 0.234468
vt 0.213058 0.224320
vt 0.389832 0.172600
vt 0.390222 0.162376
vt 0.394513 0.509508
vt 0.394904 0.500441
vt 0.395190 0.509534
vt 0.220148 0.235001
vt 0.221337 0.225967
vt 0.394245 0.162376
vt 0.394636 0.172599
vt 0.213058 0.095089
vt 0.212012 0.084941
vt 0.212403 0.084915
vt 0.220148 0.084408
vt 0.221337 0.093442
vt 0.389813 0.509534
vt 0.390100 0.500441
vt 0.390491 0.509508
vt 0.212403 0.244621
vt 0.211725 0.244665
vt 0.211725 0.234449
vt 0.389831 0.162384
vt 0.390221 0.152247
vt 0.394513 0.500448
vt 0.394904 0.491444
vt 0.220432 0.244094
vt 0.220432 0.235020
vt 0.220148 0.244113
vt 0.219758 0.234976
vt 0.394243 0.152247
vt 0.394635 0.162384
vt 0.211725 0.084960
vt 0.212012 0.074762
vt 0.212403 0.074788
vt 0.219758 0.075270
vt 0.219758 0.084433
vt 0.220148 0.075296
vt 0.220433 0.084389
vt 0.390100 0.491444
vt 0.390491 0.500448
vt 0.213725 0.254662
vt 0.212012 0.244647
vt 0.213058 0.254794
vt 0.389827 0.142428
vt 0.389830 0.152269
vt 0.394513 0.482712
vt 0.394513 0.491464
vt 0.221617 0.253091
vt 0.220954 0.253224
vt 0.219758 0.244139
vt 0.394631 0.142427
vt 0.394634 0.152269
vt 0.213058 0.064615
vt 0.211725 0.074744
vt 0.213725 0.064747
vt 0.220954 0.066185
vt 0.221617 0.066318
vt 0.220433 0.075315
vt 0.390100 0.482678
vt 0.390491 0.491464
vt 0.216346 0.264444
vt 0.213341 0.254738
vt 0.215702 0.264662
vt 0.390215 0.132981
vt 0.390218 0.142393
vt 0.394513 0.474341
vt 0.394904 0.482678
vt 0.223966 0.261857
vt 0.221337 0.253148
vt 0.223695 0.261949
vt 0.394240 0.142392
vt 0.394628 0.133028
vt 0.215702 0.054747
vt 0.213341 0.064671
vt 0.216346 0.054965
vt 0.223326 0.057334
vt 0.221337 0.066261
vt 0.223966 0.057552
vt 0.390100 0.474294
vt 0.390491 0.482712
vt 0.220222 0.273801
vt 0.215975 0.264570
vt 0.219612 0.274100
vt 0.389819 0.124232
vt 0.389823 0.133028
vt 0.394513 0.466494
vt 0.394904 0.474294
vt 0.227183 0.270368
vt 0.223325 0.262075
vt 0.394237 0.132981
vt 0.394623 0.124232
vt 0.219870 0.045435
vt 0.215975 0.054839
vt 0.220222 0.045608
vt 0.227183 0.049041
vt 0.223695 0.057460
vt 0.390100 0.466435
vt 0.390491 0.474341
vt 0.225286 0.282571
vt 0.219870 0.273974
vt 0.224720 0.282948
vt 0.389813 0.116189
vt 0.390210 0.124173
vt 0.394513 0.459306
vt 0.394904 0.466435
vt 0.231976 0.278099
vt 0.227438 0.270241
vt 0.231739 0.278259
vt 0.226832 0.270541
vt 0.394232 0.124172
vt 0.394617 0.116189
vt 0.224720 0.036461
vt 0.219612 0.045309
vt 0.224960 0.036620
vt 0.231414 0.040932
vt 0.226832 0.048868
vt 0.231739 0.041150
vt 0.227438 0.049168
vt 0.390100 0.459236
vt 0.390491 0.466494
vt 0.231451 0.290606
vt 0.224960 0.282789
vt 0.231156 0.290864
vt 0.389813 0.447757
vt 0.390204 0.455400
vt 0.389813 0.455324
vt 0.390204 0.669578
vt 0.389813 0.662768
vt 0.390204 0.662844
vt 0.237500 0.285299
vt 0.237286 0.285488
vt 0.231414 0.278477
vt 0.394226 0.447823
vt 0.394617 0.455324
vt 0.394226 0.455400
vt 0.231156 0.028545
vt 0.231451 0.028803
vt 0.225286 0.036838
vt 0.237286 0.033921
vt 0.231976 0.041309
vt 0.394617 0.662768
vt 0.394226 0.669578
vt 0.394226 0.662844
vt 0.238612 0.297767
vt 0.238353 0.298061
vt 0.230939 0.291053
vt 0.389813 0.439359
vt 0.390204 0.447823
vt 0.389813 0.676992
vt 0.389813 0.669513
vt 0.243729 0.291931
vt 0.243471 0.292226
vt 0.236992 0.285746
vt 0.394226 0.439413
vt 0.394617 0.447757
vt 0.238163 0.021132
vt 0.230939 0.028356
vt 0.238353 0.021348
vt 0.236992 0.033663
vt 0.243729 0.027477
vt 0.237500 0.034110
vt 0.394617 0.676992
vt 0.394617 0.669513
vt 0.246428 0.304258
vt 0.246268 0.304496
vt 0.238163 0.298277
vt 0.389813 0.430273
vt 0.390204 0.439413
vt 0.390204 0.677046
vt 0.389813 0.685078
vt 0.243917 0.291716
vt 0.250958 0.297479
vt 0.394226 0.430315
vt 0.394617 0.439359
vt 0.246268 0.014913
vt 0.246646 0.015477
vt 0.238612 0.021642
vt 0.250741 0.021605
vt 0.243471 0.027183
vt 0.250958 0.021930
vt 0.243917 0.027693
vt 0.394226 0.685119
vt 0.394226 0.677046
vt 0.255417 0.308996
vt 0.246646 0.303932
vt 0.255243 0.309347
vt 0.390204 0.420684
vt 0.390204 0.430315
vt 0.390204 0.685119
vt 0.389813 0.693632
vt 0.258975 0.301777
vt 0.251116 0.297240
vt 0.258849 0.302035
vt 0.250741 0.297804
vt 0.394226 0.420684
vt 0.394617 0.430273
vt 0.255243 0.010062
vt 0.246428 0.015151
vt 0.255417 0.010413
vt 0.258677 0.017023
vt 0.258975 0.017632
vt 0.251116 0.022169
vt 0.394617 0.685078
vt 0.394226 0.693661
vt 0.264647 0.313242
vt 0.255115 0.309604
vt 0.389813 0.420655
vt 0.390204 0.410686
vt 0.390204 0.702524
vt 0.390204 0.693661
vt 0.267358 0.305250
vt 0.267142 0.305892
vt 0.258677 0.302386
vt 0.394226 0.410686
vt 0.394617 0.420655
vt 0.255115 0.009805
vt 0.264647 0.006167
vt 0.267142 0.013517
vt 0.258849 0.017374
vt 0.267358 0.014159
vt 0.394617 0.693632
vt 0.394226 0.702524
vt 0.264773 0.312872
vt 0.274479 0.315876
vt 0.264553 0.313513
vt 0.389813 0.410670
vt 0.390204 0.400490
vt 0.390204 0.711557
vt 0.389813 0.702509
vt 0.276124 0.307599
vt 0.267268 0.305522
vt 0.275993 0.308264
vt 0.394226 0.400490
vt 0.394617 0.410670
vt 0.264553 0.005895
vt 0.274479 0.003532
vt 0.264773 0.006537
vt 0.275993 0.011145
vt 0.267268 0.013887
vt 0.276124 0.011810
vt 0.394617 0.702509
vt 0.394226 0.711557
vt 0.274556 0.315493
vt 0.284570 0.317205
vt 0.274421 0.316158
vt 0.389813 0.400488
vt 0.390204 0.390272
vt 0.389813 0.720618
vt 0.389813 0.711556
vt 0.285121 0.308783
vt 0.276069 0.307880
vt 0.285078 0.309460
vt 0.394226 0.390272
vt 0.394617 0.400488
vt 0.284550 0.001918
vt 0.274421 0.003251
vt 0.284596 0.002594
vt 0.274556 0.003916
vt 0.285078 0.009949
vt 0.276069 0.011529
vt 0.285103 0.010340
vt 0.394617 0.720618
vt 0.394617 0.711556
vt 0.294724 0.316815
vt 0.284596 0.316815
vt 0.294749 0.317205
vt 0.284550 0.317491
vt 0.389813 0.390284
vt 0.390204 0.380207
vt 0.390204 0.729514
vt 0.390204 0.720605
vt 0.294215 0.309069
vt 0.285103 0.309069
vt 0.294241 0.309460
vt 0.394226 0.380207
vt 0.394617 0.390284
vt 0.294749 0.002204
vt 0.284570 0.002204
vt 0.294724 0.002594
vt 0.294241 0.009949
vt 0.294215 0.010340
vt 0.285121 0.010626
vt 0.394226 0.729514
vt 0.394226 0.720605
vt 0.304764 0.315493
vt 0.304895 0.316157
vt 0.294766 0.317491
vt 0.389813 0.380232
vt 0.390204 0.370466
vt 0.390204 0.738131
vt 0.389813 0.729540
vt 0.303192 0.307598
vt 0.294195 0.308783
vt 0.303326 0.308264
vt 0.394226 0.370466
vt 0.394617 0.380232
vt 0.304895 0.003251
vt 0.294766 0.001918
vt 0.304840 0.003533
vt 0.303326 0.011145
vt 0.303249 0.011529
vt 0.294195 0.010626
vt 0.394617 0.738170
vt 0.394617 0.729540
vt 0.314672 0.313242
vt 0.304840 0.315876
vt 0.389813 0.370505
vt 0.390204 0.361217
vt 0.389813 0.746361
vt 0.389813 0.738170
vt 0.311957 0.305250
vt 0.303249 0.307880
vt 0.312177 0.305892
vt 0.394226 0.361217
vt 0.394617 0.370505
vt 0.314672 0.006167
vt 0.304764 0.003916
vt 0.312051 0.013887
vt 0.311957 0.014159
vt 0.303192 0.011811
vt 0.394226 0.746309
vt 0.394226 0.738131
vt 0.323903 0.308996
vt 0.314546 0.312871
vt 0.324075 0.309347
vt 0.314762 0.313513
vt 0.389813 0.352680
vt 0.389813 0.361268
vt 0.390204 0.753908
vt 0.390204 0.746309
vt 0.320341 0.301777
vt 0.312051 0.305522
vt 0.320643 0.302385
vt 0.394617 0.352680
vt 0.394617 0.361268
vt 0.324201 0.009805
vt 0.314763 0.005896
vt 0.323903 0.010413
vt 0.314546 0.006538
vt 0.320643 0.017024
vt 0.312177 0.013517
vt 0.320341 0.017632
vt 0.394617 0.753971
vt 0.394617 0.746361
vt 0.332673 0.303932
vt 0.333048 0.304495
vt 0.324201 0.309604
vt 0.390204 0.344814
vt 0.390204 0.352617
vt 0.390204 0.760797
vt 0.389813 0.753971
vt 0.328200 0.297239
vt 0.320469 0.302034
vt 0.328579 0.297804
vt 0.394226 0.352617
vt 0.394617 0.344887
vt 0.333048 0.014913
vt 0.324075 0.010062
vt 0.332673 0.015477
vt 0.328579 0.021605
vt 0.320470 0.017375
vt 0.328200 0.022169
vt 0.394617 0.760871
vt 0.394226 0.753908
vt 0.340708 0.297767
vt 0.332890 0.304257
vt 0.341153 0.298276
vt 0.394904 0.001997
vt 0.394513 0.009152
vt 0.394513 0.001918
vt 0.390216 0.567522
vt 0.389830 0.560973
vt 0.390221 0.561051
vt 0.335399 0.291715
vt 0.328361 0.297478
vt 0.335848 0.292225
vt 0.390491 0.009152
vt 0.390100 0.001997
vt 0.390491 0.001918
vt 0.341153 0.021133
vt 0.332890 0.015152
vt 0.340708 0.021642
vt 0.335848 0.027184
vt 0.328361 0.021931
vt 0.335399 0.027694
vt 0.394634 0.560973
vt 0.394238 0.567522
vt 0.394243 0.561051
vt 0.347869 0.290605
vt 0.340965 0.298061
vt 0.348377 0.291052
vt 0.394904 0.017326
vt 0.394904 0.009221
vt 0.389821 0.574707
vt 0.389825 0.567453
vt 0.341816 0.285298
vt 0.335590 0.291931
vt 0.342328 0.285746
vt 0.390491 0.017268
vt 0.390100 0.009221
vt 0.348377 0.028357
vt 0.340965 0.021348
vt 0.347869 0.028803
vt 0.342033 0.033921
vt 0.335590 0.027478
vt 0.341816 0.034110
vt 0.394625 0.574707
vt 0.394629 0.567453
vt 0.354359 0.282788
vt 0.348163 0.290863
vt 0.354596 0.282947
vt 0.394904 0.026174
vt 0.394513 0.017268
vt 0.390209 0.582656
vt 0.390212 0.574765
vt 0.347340 0.278099
vt 0.342033 0.285488
vt 0.347906 0.278476
vt 0.390100 0.026174
vt 0.390100 0.017326
vt 0.354596 0.036462
vt 0.348163 0.028545
vt 0.354359 0.036621
vt 0.347906 0.040933
vt 0.342328 0.033663
vt 0.347340 0.041310
vt 0.394231 0.582656
vt 0.394234 0.574764
vt 0.354034 0.282571
vt 0.359448 0.273973
vt 0.394904 0.035612
vt 0.394513 0.026127
vt 0.390206 0.591061
vt 0.389818 0.582610
vt 0.352136 0.270367
vt 0.347580 0.278259
vt 0.352488 0.270540
vt 0.390491 0.026127
vt 0.390100 0.035612
vt 0.359448 0.045436
vt 0.354034 0.036838
vt 0.352136 0.049042
vt 0.347580 0.041150
vt 0.394622 0.582610
vt 0.394228 0.591061
vt 0.359098 0.273800
vt 0.363343 0.264569
vt 0.363614 0.264661
vt 0.359704 0.274100
vt 0.394904 0.045480
vt 0.394513 0.035578
vt 0.390205 0.599836
vt 0.389815 0.591028
vt 0.355350 0.261856
vt 0.351877 0.270240
vt 0.355623 0.261949
vt 0.390491 0.035578
vt 0.390100 0.045480
vt 0.363614 0.054748
vt 0.359704 0.045309
vt 0.363343 0.054840
vt 0.359098 0.045609
vt 0.352488 0.048869
vt 0.355623 0.057460
vt 0.351877 0.049169
vt 0.394618 0.599817
vt 0.394619 0.591028
vt 0.365595 0.254661
vt 0.362973 0.264444
vt 0.366258 0.254793
vt 0.394904 0.055609
vt 0.394513 0.045460
vt 0.390204 0.608831
vt 0.389814 0.599817
vt 0.357699 0.253091
vt 0.357982 0.253147
vt 0.355994 0.262074
vt 0.390491 0.045460
vt 0.390100 0.055609
vt 0.366258 0.064616
vt 0.365595 0.064748
vt 0.362973 0.054965
vt 0.358366 0.066186
vt 0.355994 0.057334
vt 0.357699 0.066318
vt 0.355350 0.057553
vt 0.394226 0.608831
vt 0.394227 0.599836
vt 0.366916 0.244620
vt 0.365978 0.254737
vt 0.395190 0.065807
vt 0.395190 0.055628
vt 0.394904 0.065825
vt 0.394513 0.055602
vt 0.390205 0.617891
vt 0.389813 0.608825
vt 0.358883 0.244094
vt 0.359562 0.244138
vt 0.358366 0.253223
vt 0.390491 0.055602
vt 0.390100 0.065825
vt 0.389813 0.055628
vt 0.365978 0.064671
vt 0.366916 0.074788
vt 0.359562 0.075271
vt 0.357982 0.066262
vt 0.358883 0.075315
vt 0.394617 0.608825
vt 0.394227 0.617891
vt 0.366916 0.234493
vt 0.367306 0.244646
vt 0.367306 0.234467
vt 0.367591 0.244664
vt 0.394904 0.075954
vt 0.394513 0.065832
vt 0.390206 0.626862
vt 0.389814 0.617899
vt 0.359171 0.235000
vt 0.359171 0.244113
vt 0.390491 0.075975
vt 0.390491 0.065832
vt 0.367591 0.074744
vt 0.367306 0.084942
vt 0.367306 0.074763
vt 0.366917 0.084916
vt 0.359171 0.084408
vt 0.359171 0.075296
vt 0.394618 0.617899
vt 0.394228 0.626862
vt 0.365595 0.224452
vt 0.365978 0.224376
vt 0.367591 0.234448
vt 0.394904 0.085822
vt 0.394513 0.075975
vt 0.389818 0.635626
vt 0.389815 0.626884
vt 0.357699 0.226022
vt 0.358883 0.235019
vt 0.357981 0.225966
vt 0.359562 0.234975
vt 0.390491 0.085856
vt 0.390100 0.075954
vt 0.366258 0.095089
vt 0.367591 0.084961
vt 0.365978 0.095033
vt 0.359562 0.084434
vt 0.357982 0.093443
vt 0.358883 0.084390
vt 0.394622 0.635626
vt 0.394619 0.626884
vt 0.362973 0.214670
vt 0.363613 0.214451
vt 0.366258 0.224319
vt 0.394513 0.095307
vt 0.394513 0.085856
vt 0.390209 0.635591
vt 0.389821 0.643975
vt 0.355350 0.217257
vt 0.355623 0.217165
vt 0.358366 0.225890
vt 0.390491 0.095307
vt 0.390100 0.085822
vt 0.363614 0.104957
vt 0.362973 0.104739
vt 0.365595 0.094957
vt 0.358366 0.093519
vt 0.355623 0.102244
vt 0.355350 0.102152
vt 0.357699 0.093387
vt 0.394234 0.643927
vt 0.394231 0.635591
vt 0.359448 0.205140
vt 0.363343 0.214544
vt 0.359704 0.205013
vt 0.394904 0.104108
vt 0.394904 0.095261
vt 0.390212 0.643927
vt 0.389825 0.651788
vt 0.351877 0.208873
vt 0.352136 0.208746
vt 0.355994 0.217039
vt 0.390491 0.104167
vt 0.390100 0.095261
vt 0.359704 0.114396
vt 0.363343 0.104865
vt 0.359098 0.114096
vt 0.355994 0.102370
vt 0.352136 0.110663
vt 0.394625 0.643975
vt 0.394238 0.651729
vt 0.359098 0.205313
vt 0.354359 0.196325
vt 0.394513 0.112283
vt 0.394513 0.104167
vt 0.390221 0.658862
vt 0.390216 0.651729
vt 0.347340 0.201014
vt 0.347906 0.200637
vt 0.352487 0.208573
vt 0.390491 0.112283
vt 0.390100 0.104108
vt 0.354359 0.123084
vt 0.359448 0.114269
vt 0.354034 0.122866
vt 0.352488 0.110836
vt 0.347580 0.118554
vt 0.347340 0.118395
vt 0.351877 0.110536
vt 0.394629 0.651788
vt 0.394243 0.658862
vt 0.394226 0.230386
vt 0.347580 0.200855
vt 0.394617 0.862804
vt 0.389813 0.230462
vt 0.389813 0.862804
vt 0.354034 0.196543
vt 0.390204 0.230386
vt 0.390204 0.116119
vt 0.390204 0.862728
vt 0.394226 0.862728
vt 0.347906 0.118771
vt 0.130961 0.998082
vt 0.106821 0.004304
vt 0.371657 0.001918
vt 0.389913 0.880290
vt 0.371758 0.363742
vt 0.026057 0.001918
vt 0.394388 0.866640
vt 0.394839 0.880289
vt 0.376683 0.363742
vt 0.371427 0.252875
vt 0.377013 0.252875
vt 0.394617 0.340904
vt 0.394617 0.764707
vt 0.389813 0.340904
vt 0.389813 0.764707
vt 0.395190 0.500422
vt 0.389813 0.500422
vt 0.394904 0.459236
vt 0.394226 0.116119
vt 0.390491 0.459306
vt 0.389813 0.344887
vt 0.389813 0.760871
vt 0.394226 0.344814
vt 0.394226 0.760797
vt 0.389813 0.065807
vt 0.354596 0.196166
vt 0.394904 0.112213
vt 0.389830 0.658932
vt 0.390100 0.112213
vt 0.354596 0.123243
vt 0.394634 0.658932
vt 0.394617 0.230462
s 1
usemtl lower_half_steel.001
f 1/1/1 5/2/2 7/3/3
f 2/4/4 5/5/2 4/6/5
f 7/7/3 6/8/6 3/9/7
f 17/10/8 21/11/9 23/12/10
f 18/13/11 21/14/9 20/15/12
f 19/16/13 21/17/9 22/18/14
f 24/19/15 28/20/16 30/21/17
f 29/22/18 27/23/19 25/24/20
f 26/25/21 28/20/16 29/26/18
f 34/27/22 38/28/23 40/29/24
f 39/30/25 37/31/26 35/32/27
f 40/33/24 39/30/25 36/34/28
f 44/35/29 48/36/30 50/37/31
f 49/38/32 47/39/33 45/40/34
f 46/41/35 48/42/30 49/43/32
f 60/44/36 64/45/37 66/46/38
f 61/47/39 64/48/37 63/49/40
f 62/50/41 64/51/37 65/52/42
f 67/53/43 71/54/44 73/55/45
f 68/56/46 71/54/44 70/57/47
f 73/58/45 72/59/48 69/60/49
f 77/61/50 81/62/51 83/63/52
f 82/64/53 80/65/54 78/66/55
f 83/67/52 82/64/53 79/68/56
f 3/9/7 43/69/57 7/7/3
f 7/3/3 42/70/58 1/1/1
f 36/34/28 43/71/57 40/33/24
f 40/29/24 41/72/59 34/27/22
f 35/32/27 33/73/60 32/74/61
f 37/75/26 31/76/62 33/77/60
f 32/74/61 30/21/17 26/25/21
f 33/73/60 24/19/15 30/21/17
f 25/24/20 20/78/12 17/10/8
f 27/79/19 18/13/11 20/15/12
f 15/80/63 22/18/14 16/81/64
f 16/82/64 18/13/11 14/83/65
f 12/84/66 16/81/64 13/85/67
f 13/86/67 14/83/65 11/87/68
f 12/84/66 10/88/69 9/89/70
f 13/86/67 8/90/71 10/91/69
f 9/89/70 6/92/6 2/4/4
f 10/91/69 3/9/7 6/8/6
f 84/93/72 47/94/33 44/35/29
f 86/95/73 45/40/34 47/39/33
f 45/40/34 53/96/74 49/38/32
f 49/43/32 52/97/75 46/41/35
f 51/98/76 56/99/77 53/96/74
f 53/100/74 55/101/78 52/97/75
f 57/102/79 56/99/77 54/103/80
f 59/104/81 55/101/78 56/105/77
f 61/47/39 59/106/81 57/102/79
f 63/107/40 58/108/82 59/104/81
f 61/47/39 73/109/45 65/110/42
f 65/52/42 69/60/49 62/50/41
f 67/53/43 76/111/83 70/57/47
f 70/57/47 75/112/84 68/56/46
f 74/113/85 83/63/52 76/114/83
f 76/111/83 79/68/56 75/112/84
f 85/115/86 80/116/54 77/61/50
f 86/117/73 78/66/55 80/65/54
f 44/35/29 4/118/5 1/1/1
f 50/119/31 2/4/4 4/6/5
f 19/16/13 66/46/38 23/120/10
f 23/12/10 62/50/41 17/10/8
f 69/60/49 29/22/18 25/24/20
f 72/121/48 26/25/21 29/26/18
f 79/68/56 39/30/25 35/32/27
f 82/64/53 36/34/28 39/30/25
f 41/72/59 3/9/7 8/90/71
f 46/41/35 9/89/70 2/4/4
f 84/93/72 1/1/1 42/70/58
f 8/90/71 11/87/68 34/27/22
f 52/97/75 12/84/66 9/89/70
f 41/72/59 8/90/71 34/27/22
f 55/101/78 15/80/63 12/84/66
f 31/76/62 34/27/22 11/87/68
f 11/87/68 14/83/65 31/76/62
f 18/13/11 24/122/15 14/83/65
f 58/108/82 19/16/13 15/80/63
f 24/122/15 31/76/62 14/83/65
f 62/50/41 25/24/20 17/10/8
f 68/56/46 32/74/61 26/25/21
f 75/112/84 35/32/27 32/74/61
f 78/66/55 42/70/58 36/34/28
f 51/98/76 45/40/34 85/115/86
f 85/115/86 77/61/50 51/98/76
f 51/98/76 77/61/50 54/103/80
f 77/61/50 74/113/85 54/103/80
f 74/113/85 57/102/79 54/103/80
f 74/113/85 67/123/43 57/102/79
f 67/123/43 61/47/39 57/102/79
f 88/124/87 93/125/88 90/126/89
f 90/126/89 94/127/90 89/128/91
f 94/129/90 87/130/92 89/131/91
f 280/132/93 285/133/94 282/134/95
f 282/135/95 286/136/96 281/137/97
f 281/137/97 284/138/98 279/139/99
f 475/140/100 474/141/101 472/142/102
f 477/143/103 473/144/104 474/145/101
f 478/146/105 471/147/106 473/144/104
f 667/148/107 666/149/108 664/150/109
f 669/151/110 665/152/111 666/149/108
f 665/153/111 668/154/112 663/155/113
f 95/156/114 93/125/88 91/157/115
f 93/125/88 98/158/116 94/127/90
f 98/159/116 92/160/117 94/129/90
f 287/161/118 285/133/94 283/162/119
f 285/163/94 290/164/120 286/136/96
f 286/136/96 288/165/121 284/138/98
f 475/140/100 481/166/122 477/167/103
f 481/168/122 478/146/105 477/143/103
f 478/146/105 480/169/123 476/170/124
f 667/148/107 673/171/125 669/151/110
f 669/151/110 674/172/126 670/173/127
f 674/174/126 668/154/112 670/175/127
f 99/176/128 97/177/129 95/156/114
f 97/177/129 102/178/130 98/158/116
f 98/159/116 100/179/131 96/180/132
f 291/181/133 289/182/134 287/161/118
f 293/183/135 290/164/120 289/184/134
f 294/185/136 288/165/121 290/164/120
f 483/186/137 481/166/122 479/187/138
f 485/188/139 482/189/140 481/168/122
f 486/190/141 480/169/123 482/189/140
f 671/191/142 677/192/143 673/171/125
f 677/192/143 674/172/126 673/171/125
f 674/174/126 676/193/144 672/194/145
f 103/195/146 101/196/147 99/176/128
f 105/197/148 102/178/130 101/196/147
f 106/198/149 100/179/131 102/199/130
f 295/200/150 293/201/135 291/181/133
f 293/183/135 298/202/151 294/185/136
f 298/202/151 292/203/152 294/185/136
f 483/186/137 489/204/153 485/205/139
f 485/188/139 490/206/154 486/190/141
f 490/206/154 484/207/155 486/190/141
f 675/208/156 681/209/157 677/192/143
f 681/209/157 678/210/158 677/192/143
f 682/211/159 676/193/144 678/212/158
f 103/195/146 109/213/160 105/197/148
f 105/197/148 110/214/161 106/215/149
f 110/216/161 104/217/162 106/198/149
f 299/218/163 297/219/164 295/200/150
f 297/220/164 302/221/165 298/202/151
f 302/221/165 296/222/166 298/202/151
f 491/223/167 489/204/153 487/224/168
f 493/225/169 490/206/154 489/226/153
f 494/227/170 488/228/171 490/206/154
f 683/229/172 681/209/157 679/230/173
f 685/231/174 682/232/159 681/209/157
f 682/211/159 684/233/175 680/234/176
f 107/235/177 113/236/178 109/213/160
f 109/213/160 114/237/179 110/214/161
f 114/238/179 108/239/180 110/216/161
f 303/240/181 301/241/182 299/218/163
f 305/242/183 302/221/165 301/243/182
f 302/221/165 304/244/184 300/245/185
f 495/246/186 493/247/169 491/223/167
f 497/248/187 494/227/170 493/225/169
f 498/249/188 492/250/189 494/227/170
f 687/251/190 685/231/174 683/229/172
f 685/231/174 690/252/191 686/253/192
f 686/254/192 688/255/193 684/233/175
f 111/256/194 117/257/195 113/236/178
f 117/257/195 114/237/179 113/236/178
f 118/258/196 112/259/197 114/238/179
f 303/240/181 309/260/198 305/261/183
f 309/262/198 306/263/199 305/242/183
f 310/264/200 304/244/184 306/263/199
f 499/265/201 497/266/187 495/246/186
f 497/248/187 502/267/202 498/249/188
f 502/267/202 496/268/203 498/249/188
f 691/269/204 689/270/205 687/251/190
f 693/271/206 690/252/191 689/270/205
f 694/272/207 688/255/193 690/273/191
f 115/274/208 121/275/209 117/257/195
f 121/275/209 118/276/196 117/257/195
f 122/277/210 116/278/211 118/258/196
f 307/279/212 313/280/213 309/260/198
f 313/281/213 310/264/200 309/262/198
f 314/282/214 308/283/215 310/264/200
f 503/284/216 501/285/217 499/265/201
f 501/286/217 506/287/218 502/267/202
f 506/287/218 500/288/219 502/267/202
f 691/269/204 697/289/220 693/271/206
f 697/289/220 694/290/207 693/271/206
f 698/291/221 692/292/222 694/272/207
f 119/293/223 125/294/224 121/275/209
f 121/275/209 126/295/225 122/296/210
f 126/297/225 120/298/226 122/277/210
f 311/299/227 317/300/228 313/280/213
f 313/281/213 318/301/229 314/282/214
f 314/282/214 316/302/230 312/303/231
f 507/304/232 505/305/233 503/284/216
f 509/306/234 506/287/218 505/307/233
f 510/308/235 504/309/236 506/287/218
f 699/310/237 697/289/220 695/311/238
f 701/312/239 698/313/221 697/289/220
f 702/314/240 696/315/241 698/291/221
f 127/316/242 125/294/224 123/317/243
f 125/294/224 130/318/244 126/295/225
f 130/319/244 124/320/245 126/297/225
f 319/321/246 317/300/228 315/322/247
f 317/323/228 322/324/248 318/301/229
f 322/324/248 316/302/230 318/301/229
f 511/325/249 509/326/234 507/304/232
f 513/327/250 510/308/235 509/306/234
f 510/308/235 512/328/251 508/329/252
f 703/330/253 701/312/239 699/310/237
f 705/331/254 702/332/240 701/312/239
f 706/333/255 700/334/256 702/314/240
f 131/335/257 129/336/258 127/316/242
f 129/336/258 134/337/259 130/318/244
f 130/319/244 132/338/260 128/339/261
f 323/340/262 321/341/263 319/321/246
f 321/342/263 326/343/264 322/324/248
f 326/343/264 320/344/265 322/324/248
f 515/345/266 513/346/250 511/325/249
f 517/347/267 514/348/268 513/327/250
f 514/348/268 516/349/269 512/328/251
f 707/350/270 705/331/254 703/330/253
f 709/351/271 706/352/255 705/331/254
f 706/333/255 708/353/272 704/354/273
f 131/335/257 137/355/274 133/356/275
f 137/355/274 134/337/259 133/356/275
f 134/357/259 136/358/276 132/359/260
f 327/360/277 325/361/278 323/362/262
f 325/363/278 330/364/279 326/343/264
f 330/364/279 324/365/280 326/343/264
f 519/366/281 517/367/267 515/368/266
f 517/347/267 522/369/282 518/370/283
f 522/369/282 516/349/269 518/370/283
f 711/371/284 709/351/271 707/350/270
f 713/372/285 710/373/286 709/351/271
f 710/374/286 712/375/287 708/376/272
f 139/377/288 137/355/274 135/378/289
f 141/379/290 138/380/291 137/355/274
f 138/381/291 140/382/292 136/358/276
f 331/383/293 329/384/294 327/360/277
f 333/385/295 330/364/279 329/386/294
f 334/387/296 328/388/297 330/364/279
f 523/389/298 521/390/299 519/366/281
f 525/391/300 522/369/282 521/392/299
f 526/393/301 520/394/302 522/369/282
f 711/371/284 717/395/303 713/372/285
f 717/395/303 714/396/304 713/372/285
f 718/397/305 712/375/287 714/398/304
f 139/377/288 145/399/306 141/379/290
f 141/379/290 146/400/307 142/401/308
f 142/402/308 144/403/309 140/382/292
f 331/383/293 337/404/310 333/405/295
f 333/385/295 338/406/311 334/387/296
f 338/406/311 332/407/312 334/387/296
f 527/408/313 525/409/300 523/389/298
f 529/410/314 526/393/301 525/391/300
f 530/411/315 524/412/316 526/393/301
f 715/413/317 721/414/318 717/395/303
f 721/414/318 718/415/305 717/395/303
f 722/416/319 716/417/320 718/397/305
f 147/418/321 145/399/306 143/419/322
f 149/420/323 146/400/307 145/399/306
f 150/421/324 144/403/309 146/422/307
f 335/423/325 341/424/326 337/404/310
f 337/425/310 342/426/327 338/406/311
f 338/406/311 340/427/328 336/428/329
f 531/429/330 529/430/314 527/408/313
f 529/410/314 534/431/331 530/411/315
f 530/411/315 532/432/332 528/433/333
f 723/434/334 721/414/318 719/435/335
f 725/436/336 722/437/319 721/414/318
f 726/438/337 720/439/338 722/416/319
f 147/418/321 153/440/339 149/420/323
f 153/440/339 150/441/324 149/420/323
f 150/421/324 152/442/340 148/443/341
f 339/444/342 345/445/343 341/424/326
f 345/446/343 342/426/327 341/447/326
f 342/426/327 344/448/344 340/427/328
f 535/449/345 533/450/346 531/429/330
f 537/451/347 534/431/331 533/452/346
f 538/453/348 532/432/332 534/431/331
f 723/434/334 729/454/349 725/436/336
f 725/436/336 730/455/350 726/456/337
f 730/457/350 724/458/351 726/438/337
f 155/459/352 153/440/339 151/460/353
f 157/461/354 154/462/355 153/440/339
f 154/463/355 156/464/356 152/442/340
f 343/465/357 349/466/358 345/445/343
f 349/467/358 346/468/359 345/446/343
f 346/468/359 348/469/360 344/448/344
f 539/470/361 537/471/347 535/449/345
f 537/451/347 542/472/362 538/453/348
f 538/453/348 540/473/363 536/474/364
f 731/475/365 729/454/349 727/476/366
f 729/454/349 734/477/367 730/455/350
f 734/478/367 728/479/368 730/457/350
f 159/480/369 157/461/354 155/459/352
f 161/481/370 158/482/371 157/461/354
f 158/483/371 160/484/372 156/464/356
f 347/485/373 353/486/374 349/466/358
f 353/486/374 350/487/375 349/466/358
f 354/488/376 348/469/360 350/489/375
f 543/490/377 541/491/378 539/470/361
f 541/492/378 546/493/379 542/472/362
f 542/472/362 544/494/380 540/473/363
f 731/475/365 737/495/381 733/496/382
f 733/497/382 738/498/383 734/478/367
f 738/498/383 732/499/384 734/478/367
f 163/500/385 161/481/370 159/480/369
f 161/481/370 166/501/386 162/502/387
f 162/503/387 164/504/388 160/484/372
f 351/505/389 357/506/390 353/486/374
f 357/507/390 354/488/376 353/508/374
f 358/509/391 352/510/392 354/488/376
f 547/511/393 545/512/394 543/490/377
f 545/513/394 550/514/395 546/493/379
f 546/493/379 548/515/396 544/494/380
f 739/516/397 737/495/381 735/517/398
f 741/518/399 738/519/383 737/495/381
f 742/520/400 736/521/401 738/498/383
f 167/522/402 165/523/403 163/500/385
f 165/523/403 170/524/404 166/501/386
f 170/525/404 164/504/388 166/526/386
f 359/527/405 357/506/390 355/528/406
f 361/529/407 358/509/391 357/507/390
f 358/509/391 360/530/408 356/531/409
f 547/511/393 553/532/410 549/533/411
f 553/534/410 550/514/395 549/535/411
f 550/514/395 552/536/412 548/515/396
f 743/537/413 741/518/399 739/516/397
f 741/518/399 746/538/414 742/539/400
f 746/540/414 740/541/415 742/520/400
f 171/542/416 169/543/417 167/522/402
f 169/543/417 174/544/418 170/524/404
f 170/525/404 172/545/419 168/546/420
f 363/547/421 361/548/407 359/527/405
f 365/549/422 362/550/423 361/529/407
f 366/551/424 360/530/408 362/550/423
f 551/552/425 557/553/426 553/532/410
f 557/554/426 554/555/427 553/534/410
f 554/555/427 556/556/428 552/536/412
f 747/557/429 745/558/430 743/537/413
f 745/558/430 750/559/431 746/538/414
f 750/560/431 744/561/432 746/540/414
f 175/562/433 173/563/434 171/542/416
f 173/563/434 178/564/435 174/544/418
f 178/565/435 172/545/419 174/566/418
f 367/567/436 365/568/422 363/547/421
f 365/549/422 370/569/437 366/551/424
f 370/569/437 364/570/438 366/551/424
f 555/571/439 561/572/440 557/553/426
f 557/554/426 562/573/441 558/574/442
f 558/574/442 560/575/443 556/556/428
f 747/557/429 753/576/444 749/577/445
f 753/576/444 750/559/431 749/577/445
f 754/578/446 748/579/447 750/560/431
f 179/580/448 177/581/449 175/562/433
f 177/581/449 182/582/450 178/564/435
f 182/583/450 176/584/451 178/565/435
f 371/585/452 369/586/453 367/567/436
f 373/587/454 370/569/437 369/588/453
f 374/589/455 368/590/456 370/569/437
f 559/591/457 565/592/458 561/572/440
f 565/593/458 562/573/441 561/594/440
f 566/595/459 560/575/443 562/573/441
f 755/596/460 753/576/444 751/597/461
f 757/598/462 754/599/446 753/576/444
f 758/600/463 752/601/464 754/578/446
f 183/602/465 181/603/466 179/580/448
f 185/604/467 182/582/450 181/603/466
f 186/605/468 180/606/469 182/607/450
f 375/608/470 373/609/454 371/610/452
f 377/611/471 374/589/455 373/587/454
f 378/612/472 372/613/473 374/589/455
f 567/614/474 565/615/458 563/616/475
f 565/593/458 570/617/476 566/595/459
f 566/595/459 568/618/477 564/619/478
f 755/596/460 761/620/479 757/598/462
f 761/620/479 758/621/463 757/598/462
f 758/622/463 760/623/480 756/624/481
f 187/625/482 185/604/467 183/602/465
f 189/626/483 186/627/468 185/604/467
f 190/628/484 184/629/485 186/605/468
f 375/608/470 381/630/486 377/631/471
f 377/611/471 382/632/487 378/612/472
f 378/612/472 380/633/488 376/634/489
f 571/635/490 569/636/491 567/614/474
f 573/637/492 570/617/476 569/638/491
f 574/639/493 568/618/477 570/617/476
f 759/640/494 765/641/495 761/620/479
f 765/641/495 762/642/496 761/620/479
f 766/643/497 760/623/480 762/644/496
f 187/625/482 193/645/498 189/626/483
f 189/626/483 194/646/499 190/647/484
f 194/648/499 188/649/500 190/628/484
f 379/650/501 385/651/502 381/630/486
f 381/652/486 386/653/503 382/632/487
f 386/653/503 380/633/488 382/632/487
f 575/654/504 573/655/492 571/635/490
f 577/656/505 574/639/493 573/637/492
f 574/639/493 576/657/506 572/658/507
f 767/659/508 765/641/495 763/660/509
f 769/661/510 766/662/497 765/641/495
f 766/643/497 768/663/511 764/664/512
f 195/665/513 193/645/498 191/666/514
f 197/667/515 194/646/499 193/645/498
f 194/648/499 196/668/516 192/669/517
f 383/670/518 389/671/519 385/651/502
f 389/672/519 386/653/503 385/673/502
f 390/674/520 384/675/521 386/653/503
f 579/676/522 577/677/505 575/654/504
f 577/656/505 582/678/523 578/679/524
f 578/679/524 580/680/525 576/657/506
f 771/681/526 769/661/510 767/659/508
f 769/661/510 774/682/527 770/683/528
f 770/684/528 772/685/529 768/663/511
f 195/665/513 201/686/530 197/667/515
f 201/686/530 198/687/531 197/667/515
f 198/688/531 200/689/532 196/668/516
f 391/690/533 389/671/519 387/691/534
f 393/692/535 390/674/520 389/672/519
f 390/674/520 392/693/536 388/694/537
f 583/695/538 581/696/539 579/676/522
f 581/697/539 586/698/540 582/678/523
f 586/698/540 580/680/525 582/678/523
f 775/699/541 773/700/542 771/681/526
f 773/700/542 778/701/543 774/682/527
f 774/702/527 776/703/544 772/685/529
f 199/704/545 205/705/546 201/686/530
f 205/705/546 202/706/547 201/686/530
f 202/707/547 204/708/548 200/689/532
f 395/709/549 393/710/535 391/690/533
f 397/711/550 394/712/551 393/692/535
f 394/712/551 396/713/552 392/693/536
f 587/714/553 585/715/554 583/695/538
f 585/716/554 590/717/555 586/698/540
f 590/717/555 584/718/556 586/698/540
f 779/719/557 777/720/558 775/699/541
f 777/720/558 782/721/559 778/701/543
f 778/722/543 780/723/560 776/703/544
f 203/724/561 209/725/562 205/705/546
f 209/725/562 206/726/563 205/705/546
f 206/727/563 208/728/564 204/708/548
f 395/709/549 401/729/565 397/730/550
f 401/731/565 398/732/566 397/711/550
f 398/732/566 400/733/567 396/713/552
f 591/734/568 589/735/569 587/714/553
f 593/736/570 590/717/555 589/737/569
f 590/717/555 592/738/571 588/739/572
f 783/740/573 781/741/574 779/719/557
f 785/742/575 782/721/559 781/741/574
f 786/743/576 780/723/560 782/744/559
f 211/745/577 209/725/562 207/746/578
f 213/747/579 210/748/580 209/725/562
f 210/749/580 212/750/581 208/728/564
f 403/751/582 401/729/565 399/752/583
f 401/731/565 406/753/584 402/754/585
f 402/754/585 404/755/586 400/733/567
f 595/756/587 593/757/570 591/734/568
f 593/736/570 598/758/588 594/759/589
f 594/759/589 596/760/590 592/738/571
f 787/761/591 785/742/575 783/740/573
f 789/762/592 786/763/576 785/742/575
f 786/743/576 788/764/593 784/765/594
f 215/766/595 213/747/579 211/745/577
f 213/747/579 218/767/596 214/768/597
f 214/769/597 216/770/598 212/750/581
f 407/771/599 405/772/600 403/751/582
f 409/773/601 406/753/584 405/774/600
f 406/753/584 408/775/602 404/755/586
f 599/776/603 597/777/604 595/756/587
f 601/778/605 598/758/588 597/779/604
f 602/780/606 596/760/590 598/758/588
f 791/781/607 789/762/592 787/761/591
f 793/782/608 790/783/609 789/762/592
f 794/784/610 788/764/593 790/785/609
f 215/766/595 221/786/611 217/787/612
f 221/786/611 218/767/596 217/787/612
f 218/788/596 220/789/613 216/770/598
f 407/771/599 413/790/614 409/791/601
f 413/792/614 410/793/615 409/773/601
f 410/793/615 412/794/616 408/775/602
f 603/795/617 601/796/605 599/776/603
f 601/778/605 606/797/618 602/780/606
f 606/797/618 600/798/619 602/780/606
f 791/781/607 797/799/620 793/782/608
f 793/782/608 798/800/621 794/801/610
f 794/784/610 796/802/622 792/803/623
f 223/804/624 221/786/611 219/805/625
f 225/806/626 222/807/627 221/786/611
f 226/808/628 220/789/613 222/809/627
f 415/810/629 413/790/614 411/811/630
f 417/812/631 414/813/632 413/792/614
f 414/813/632 416/814/633 412/794/616
f 603/795/617 609/815/634 605/816/635
f 609/817/634 606/797/618 605/818/635
f 606/797/618 608/819/636 604/820/637
f 799/821/638 797/799/620 795/822/639
f 797/799/620 802/823/640 798/800/621
f 802/824/640 796/802/622 798/825/621
f 227/826/641 225/806/626 223/804/624
f 225/806/626 230/827/642 226/828/628
f 226/808/628 228/829/643 224/830/644
f 419/831/645 417/832/631 415/810/629
f 421/833/646 418/834/647 417/812/631
f 418/834/647 420/835/648 416/814/633
f 607/836/649 613/837/650 609/815/634
f 613/838/650 610/839/651 609/817/634
f 610/839/651 612/840/652 608/819/636
f 803/841/653 801/842/654 799/821/638
f 801/842/654 806/843/655 802/823/640
f 806/844/655 800/845/656 802/824/640
f 231/846/657 229/847/658 227/826/641
f 229/847/658 234/848/659 230/827/642
f 230/849/642 232/850/660 228/851/643
f 423/852/661 421/853/646 419/854/645
f 425/855/662 422/856/663 421/833/646
f 422/856/663 424/857/664 420/835/648
f 615/858/665 613/859/650 611/860/666
f 617/861/667 614/862/668 613/838/650
f 614/862/668 616/863/669 612/840/652
f 807/864/670 805/865/671 803/841/653
f 805/865/671 810/866/672 806/843/655
f 806/867/655 808/868/673 804/869/674
f 235/870/675 233/871/676 231/846/657
f 233/871/676 238/872/677 234/848/659
f 238/873/677 232/850/660 234/874/659
f 423/852/661 429/875/678 425/876/662
f 429/877/678 426/878/679 425/855/662
f 426/878/679 428/879/680 424/857/664
f 619/880/681 617/881/667 615/858/665
f 621/882/682 618/883/683 617/861/667
f 618/883/683 620/884/684 616/863/669
f 807/864/670 813/885/685 809/886/686
f 809/886/686 814/887/687 810/866/672
f 814/888/687 808/868/673 810/889/672
f 235/870/675 241/890/688 237/891/689
f 237/891/689 242/892/690 238/872/677
f 242/893/690 236/894/691 238/873/677
f 431/895/692 429/875/678 427/896/693
f 433/897/694 430/898/695 429/877/678
f 430/898/695 432/899/696 428/879/680
f 619/880/681 625/900/697 621/901/682
f 625/902/697 622/903/698 621/882/682
f 626/904/699 620/884/684 622/903/698
f 815/905/700 813/885/685 811/906/701
f 813/885/685 818/907/702 814/887/687
f 814/888/687 816/908/703 812/909/704
f 239/910/705 245/911/706 241/890/688
f 245/911/706 242/892/690 241/890/688
f 246/912/707 240/913/708 242/893/690
f 435/914/709 433/915/694 431/895/692
f 433/897/694 438/916/710 434/917/711
f 434/917/711 436/918/712 432/899/696
f 623/919/713 629/920/714 625/900/697
f 625/902/697 630/921/715 626/904/699
f 630/921/715 624/922/716 626/904/699
f 815/905/700 821/923/717 817/924/718
f 821/923/717 818/907/702 817/924/718
f 818/925/702 820/926/719 816/908/703
f 243/927/720 249/928/721 245/911/706
f 245/911/706 250/929/722 246/930/707
f 250/931/722 244/932/723 246/912/707
f 439/933/724 437/934/725 435/914/709
f 441/935/726 438/916/710 437/936/725
f 442/937/727 436/918/712 438/916/710
f 627/938/728 633/939/729 629/920/714
f 633/940/729 630/921/715 629/941/714
f 634/942/730 628/943/731 630/921/715
f 819/944/732 825/945/733 821/923/717
f 825/945/733 822/946/734 821/923/717
f 826/947/735 820/926/719 822/948/734
f 251/949/736 249/928/721 247/950/737
f 249/928/721 254/951/738 250/929/722
f 254/952/738 248/953/739 250/931/722
f 443/954/740 441/955/726 439/933/724
f 445/956/741 442/937/727 441/935/726
f 446/957/742 440/958/743 442/937/727
f 631/959/744 637/960/745 633/939/729
f 637/961/745 634/942/730 633/940/729
f 634/942/730 636/962/746 632/963/747
f 827/964/748 825/945/733 823/965/749
f 825/945/733 830/966/750 826/967/735
f 826/947/735 828/968/751 824/969/752
f 255/970/753 253/971/754 251/949/736
f 257/972/755 254/952/738 253/973/754
f 258/974/756 252/975/757 254/952/738
f 447/976/758 445/977/741 443/954/740
f 449/978/759 446/957/742 445/956/741
f 446/957/742 448/979/760 444/980/761
f 635/981/762 641/982/763 637/960/745
f 641/982/763 638/983/764 637/960/745
f 638/984/764 640/985/765 636/962/746
f 831/986/766 829/987/767 827/964/748
f 829/987/767 834/988/768 830/966/750
f 830/989/750 832/990/769 828/968/751
f 259/991/770 257/992/755 255/970/753
f 261/993/771 258/994/756 257/992/755
f 262/995/772 256/996/773 258/974/756
f 451/997/774 449/998/759 447/976/758
f 449/978/759 454/999/775 450/1000/776
f 454/999/775 448/979/760 450/1000/776
f 643/1001/777 641/982/763 639/1002/778
f 641/1003/763 646/1004/779 642/1005/780
f 642/1005/780 644/1006/781 640/985/765
f 831/986/766 837/1007/782 833/1008/783
f 837/1007/782 834/988/768 833/1008/783
f 834/1009/768 836/1010/784 832/990/769
f 263/1011/785 261/993/771 259/991/770
f 265/1012/786 262/1013/772 261/993/771
f 266/1014/787 260/1015/788 262/995/772
f 451/997/774 457/1016/789 453/1017/790
f 457/1018/789 454/999/775 453/1019/790
f 458/1020/791 452/1021/792 454/999/775
f 647/1022/793 645/1023/794 643/1001/777
f 649/1024/795 646/1004/779 645/1025/794
f 650/1026/796 644/1006/781 646/1004/779
f 835/1027/797 841/1028/798 837/1007/782
f 841/1028/798 838/1029/799 837/1007/782
f 842/1030/800 836/1010/784 838/1031/799
f 267/1032/801 265/1012/786 263/1011/785
f 265/1012/786 270/1033/802 266/1034/787
f 266/1014/787 268/1035/803 264/1036/804
f 455/1037/805 461/1038/806 457/1016/789
f 461/1039/806 458/1020/791 457/1018/789
f 462/1040/807 456/1041/808 458/1020/791
f 651/1042/809 649/1043/795 647/1022/793
f 653/1044/810 650/1026/796 649/1024/795
f 650/1026/796 652/1045/811 648/1046/812
f 839/1047/813 845/1048/814 841/1028/798
f 841/1028/798 846/1049/815 842/1050/800
f 842/1030/800 844/1051/816 840/1052/817
f 267/1032/801 273/1053/818 269/1054/819
f 269/1054/819 274/1055/820 270/1033/802
f 274/1056/820 268/1035/803 270/1057/802
f 459/1058/821 465/1059/822 461/1038/806
f 465/1060/822 462/1040/807 461/1039/806
f 466/1061/823 460/1062/824 462/1040/807
f 655/1063/825 653/1064/810 651/1042/809
f 657/1065/826 654/1066/827 653/1044/810
f 654/1066/827 656/1067/828 652/1045/811
f 843/1068/829 849/1069/830 845/1048/814
f 849/1069/830 846/1049/815 845/1048/814
f 846/1070/815 848/1071/831 844/1051/816
f 271/1072/832 277/1073/833 273/1053/818
f 277/1073/833 274/1055/820 273/1053/818
f 274/1056/820 276/1074/834 272/1075/835
f 467/1076/836 465/1059/822 463/1077/837
f 469/1078/838 466/1061/823 465/1060/822
f 466/1061/823 468/1079/839 464/1080/840
f 659/1081/841 657/1082/826 655/1063/825
f 657/1065/826 662/1083/842 658/1084/843
f 658/1084/843 660/1085/844 656/1067/828
f 847/1086/845 853/1087/846 849/1069/830
f 849/1069/830 854/1088/847 850/1089/848
f 850/1090/848 852/1091/849 848/1071/831
f 276/1092/834 89/131/91 87/130/92
f 89/128/91 277/1073/833 90/126/89
f 277/1073/833 88/124/87 90/126/89
f 468/1079/839 281/137/97 279/139/99
f 470/1093/850 282/135/95 281/137/97
f 469/1094/838 280/132/93 282/134/95
f 471/147/106 662/1083/842 473/144/104
f 662/1083/842 474/145/101 473/144/104
f 661/1095/851 472/142/102 474/141/101
f 663/155/113 854/1096/847 665/153/111
f 665/152/111 853/1087/846 666/149/108
f 853/1087/846 664/150/109 666/149/108
f 468/1079/839 88/124/87 275/1097/852
f 88/124/87 284/138/98 91/157/115
f 92/160/117 472/142/102 87/130/92
f 87/130/92 659/1098/841 276/1092/834
f 96/180/132 475/140/100 92/160/117
f 91/157/115 288/165/121 95/156/114
f 100/179/131 479/187/138 96/180/132
f 288/165/121 99/176/128 95/156/114
f 104/217/162 483/186/137 100/179/131
f 292/203/152 103/195/146 99/176/128
f 108/239/180 487/224/168 104/217/162
f 103/195/146 300/245/185 107/235/177
f 112/259/197 491/223/167 108/239/180
f 107/235/177 304/244/184 111/256/194
f 116/278/211 495/246/186 112/259/197
f 111/256/194 308/283/215 115/274/208
f 120/298/226 499/265/201 116/278/211
f 115/274/208 312/303/231 119/293/223
f 124/320/245 503/284/216 120/298/226
f 312/303/231 123/317/243 119/293/223
f 128/339/261 507/304/232 124/320/245
f 123/317/243 320/344/265 127/316/242
f 132/338/260 511/325/249 128/339/261
f 320/344/265 131/335/257 127/316/242
f 136/358/276 515/368/266 132/359/260
f 324/365/280 135/378/289 131/335/257
f 140/382/292 519/366/281 136/358/276
f 135/378/289 332/407/312 139/377/288
f 144/403/309 523/389/298 140/382/292
f 139/377/288 336/428/329 143/419/322
f 148/443/341 527/408/313 144/403/309
f 336/428/329 147/418/321 143/419/322
f 152/442/340 531/429/330 148/443/341
f 147/418/321 344/448/344 151/460/353
f 156/464/356 535/449/345 152/442/340
f 344/448/344 155/459/352 151/460/353
f 160/484/372 539/470/361 156/464/356
f 348/469/360 159/480/369 155/459/352
f 164/504/388 543/490/377 160/484/372
f 352/510/392 163/500/385 159/480/369
f 168/546/420 547/511/393 164/504/388
f 356/531/409 167/522/402 163/500/385
f 172/545/419 551/552/425 168/546/420
f 167/522/402 364/570/438 171/542/416
f 176/584/451 555/571/439 172/545/419
f 364/570/438 175/562/433 171/542/416
f 180/1099/469 559/591/457 176/584/451
f 368/590/456 179/580/448 175/562/433
f 184/629/485 563/616/475 180/606/469
f 179/580/448 376/634/489 183/602/465
f 188/649/500 567/614/474 184/629/485
f 183/602/465 380/633/488 187/625/482
f 192/669/517 571/635/490 188/649/500
f 187/625/482 384/675/521 191/666/514
f 196/668/516 575/654/504 192/669/517
f 191/666/514 388/694/537 195/665/513
f 200/689/532 579/676/522 196/668/516
f 388/694/537 199/704/545 195/665/513
f 204/708/548 583/695/538 200/689/532
f 199/704/545 396/713/552 203/724/561
f 208/728/564 587/714/553 204/708/548
f 203/724/561 400/733/567 207/746/578
f 212/750/581 591/734/568 208/728/564
f 207/746/578 404/755/586 211/745/577
f 216/770/598 595/756/587 212/750/581
f 211/745/577 408/775/602 215/766/595
f 220/789/613 599/776/603 216/770/598
f 215/766/595 412/794/616 219/805/625
f 224/830/644 603/795/617 220/789/613
f 219/805/625 416/814/633 223/804/624
f 228/829/643 607/836/649 224/830/644
f 223/804/624 420/835/648 227/826/641
f 232/850/660 611/860/666 228/851/643
f 420/835/648 231/846/657 227/826/641
f 236/894/691 615/858/665 232/850/660
f 231/846/657 428/879/680 235/870/675
f 240/913/708 619/880/681 236/894/691
f 428/879/680 239/910/705 235/870/675
f 244/932/723 623/919/713 240/913/708
f 432/899/696 243/927/720 239/910/705
f 248/953/739 627/938/728 244/932/723
f 436/918/712 247/950/737 243/927/720
f 252/975/757 631/959/744 248/953/739
f 440/958/743 251/949/736 247/950/737
f 256/996/773 635/981/762 252/975/757
f 444/980/761 255/970/753 251/949/736
f 260/1015/788 639/1002/778 256/996/773
f 448/979/760 259/991/770 255/970/753
f 264/1036/804 643/1001/777 260/1015/788
f 452/1021/792 263/1011/785 259/991/770
f 268/1035/803 647/1022/793 264/1036/804
f 456/1041/808 267/1032/801 263/1011/785
f 272/1075/835 651/1042/809 268/1035/803
f 460/1062/824 271/1072/832 267/1032/801
f 276/1074/834 655/1063/825 272/1075/835
f 464/1080/840 275/1097/852 271/1072/832
f 663/155/113 283/162/119 280/132/93
f 852/1100/849 280/132/93 467/1101/836
f 668/154/112 287/161/118 283/162/119
f 672/194/145 291/181/133 287/161/118
f 676/193/144 295/200/150 291/181/133
f 680/234/176 299/218/163 295/200/150
f 684/233/175 303/240/181 299/218/163
f 688/255/193 307/279/212 303/240/181
f 692/292/222 311/299/227 307/279/212
f 696/315/241 315/322/247 311/299/227
f 700/334/256 319/321/246 315/322/247
f 704/354/273 323/340/262 319/321/246
f 708/376/272 327/360/277 323/362/262
f 712/375/287 331/383/293 327/360/277
f 716/417/320 335/423/325 331/383/293
f 720/439/338 339/444/342 335/423/325
f 724/458/351 343/465/357 339/444/342
f 728/479/368 347/485/373 343/465/357
f 732/499/384 351/505/389 347/485/373
f 736/521/401 355/528/406 351/505/389
f 740/541/415 359/527/405 355/528/406
f 744/561/432 363/547/421 359/527/405
f 748/579/447 367/567/436 363/547/421
f 752/601/464 371/585/452 367/567/436
f 756/624/481 375/608/470 371/610/452
f 760/623/480 379/650/501 375/608/470
f 764/664/512 383/670/518 379/650/501
f 768/663/511 387/691/534 383/670/518
f 772/685/529 391/690/533 387/691/534
f 776/703/544 395/709/549 391/690/533
f 780/723/560 399/752/583 395/709/549
f 784/765/594 403/751/582 399/752/583
f 788/764/593 407/771/599 403/751/582
f 792/803/623 411/811/630 407/771/599
f 796/802/622 415/810/629 411/811/630
f 800/845/656 419/831/645 415/810/629
f 804/869/674 423/852/661 419/854/645
f 808/868/673 427/896/693 423/852/661
f 812/909/704 431/895/692 427/896/693
f 816/908/703 435/914/709 431/895/692
f 820/926/719 439/933/724 435/914/709
f 824/969/752 443/954/740 439/933/724
f 828/968/751 447/976/758 443/954/740
f 832/990/769 451/997/774 447/976/758
f 836/1010/784 455/1037/805 451/997/774
f 840/1052/817 459/1058/821 455/1037/805
f 844/1051/816 463/1077/837 459/1058/821
f 848/1071/831 467/1076/836 463/1077/837
f 471/147/106 667/148/107 664/150/109
f 471/147/106 851/1102/853 660/1085/844
f 476/170/124 671/191/142 667/148/107
f 484/207/155 671/191/142 480/169/123
f 488/228/171 675/208/156 484/207/155
f 488/228/171 683/229/172 679/230/173
f 492/250/189 687/251/190 683/229/172
f 496/268/203 691/269/204 687/251/190
f 500/288/219 695/311/238 691/269/204
f 508/329/252 695/311/238 504/309/236
f 508/329/252 703/330/253 699/310/237
f 516/349/269 703/330/253 512/328/251
f 520/394/302 707/350/270 516/349/269
f 520/394/302 715/413/317 711/371/284
f 524/412/316 719/435/335 715/413/317
f 532/432/332 719/435/335 528/433/333
f 532/432/332 727/476/366 723/434/334
f 540/473/363 727/476/366 536/474/364
f 544/494/380 731/475/365 540/473/363
f 548/515/396 735/517/398 544/494/380
f 552/536/412 739/516/397 548/515/396
f 552/536/412 747/557/429 743/537/413
f 560/575/443 747/557/429 556/556/428
f 564/619/478 751/597/461 560/575/443
f 564/619/478 759/640/494 755/596/460
f 568/618/477 763/660/509 759/640/494
f 572/658/507 767/659/508 763/660/509
f 576/657/506 771/681/526 767/659/508
f 584/718/556 771/681/526 580/680/525
f 584/718/556 779/719/557 775/699/541
f 588/739/572 783/740/573 779/719/557
f 592/738/571 787/761/591 783/740/573
f 596/760/590 791/781/607 787/761/591
f 600/798/619 795/822/639 791/781/607
f 604/820/637 799/821/638 795/822/639
f 608/819/636 803/841/653 799/821/638
f 612/840/652 807/864/670 803/841/653
f 620/884/684 807/864/670 616/863/669
f 624/922/716 811/906/701 620/884/684
f 628/943/731 815/905/700 624/922/716
f 632/963/747 819/944/732 628/943/731
f 636/962/746 823/965/749 632/963/747
f 640/985/765 827/964/748 636/962/746
f 644/1006/781 831/986/766 640/985/765
f 648/1046/812 835/1027/797 644/1006/781
f 652/1045/811 839/1047/813 648/1046/812
f 656/1067/828 843/1068/829 652/1045/811
f 660/1085/844 847/1086/845 656/1067/828
f 1/1/1 4/118/5 5/2/2
f 2/4/4 6/92/6 5/5/2
f 7/7/3 5/1103/2 6/8/6
f 17/10/8 20/78/12 21/11/9
f 18/13/11 22/1104/14 21/14/9
f 19/16/13 23/120/10 21/17/9
f 24/19/15 27/1105/19 28/20/16
f 29/22/18 28/1106/16 27/23/19
f 26/25/21 30/21/17 28/20/16
f 34/27/22 37/75/26 38/28/23
f 39/30/25 38/1107/23 37/31/26
f 40/33/24 38/1107/23 39/30/25
f 44/35/29 47/94/33 48/36/30
f 49/38/32 48/1108/30 47/39/33
f 46/41/35 50/119/31 48/42/30
f 60/44/36 63/107/40 64/45/37
f 61/47/39 65/110/42 64/48/37
f 62/50/41 66/1109/38 64/51/37
f 67/53/43 70/57/47 71/54/44
f 68/56/46 72/121/48 71/54/44
f 73/58/45 71/1110/44 72/59/48
f 77/61/50 80/116/54 81/62/51
f 82/64/53 81/1111/51 80/65/54
f 83/67/52 81/1111/51 82/64/53
f 3/9/7 41/72/59 43/69/57
f 7/3/3 43/71/57 42/70/58
f 36/34/28 42/70/58 43/71/57
f 40/29/24 43/69/57 41/72/59
f 35/32/27 37/31/26 33/73/60
f 37/75/26 34/27/22 31/76/62
f 32/74/61 33/73/60 30/21/17
f 33/73/60 31/1112/62 24/19/15
f 25/24/20 27/23/19 20/78/12
f 27/79/19 24/122/15 18/13/11
f 15/80/63 19/16/13 22/18/14
f 16/82/64 22/1104/14 18/13/11
f 12/84/66 15/80/63 16/81/64
f 13/86/67 16/82/64 14/83/65
f 12/84/66 13/85/67 10/88/69
f 13/86/67 11/87/68 8/90/71
f 9/89/70 10/88/69 6/92/6
f 10/91/69 8/90/71 3/9/7
f 84/93/72 86/117/73 47/94/33
f 86/95/73 85/115/86 45/40/34
f 45/40/34 51/98/76 53/96/74
f 49/43/32 53/100/74 52/97/75
f 51/98/76 54/103/80 56/99/77
f 53/100/74 56/105/77 55/101/78
f 57/102/79 59/106/81 56/99/77
f 59/104/81 58/108/82 55/101/78
f 61/47/39 63/49/40 59/106/81
f 63/107/40 60/44/36 58/108/82
f 61/47/39 67/123/43 73/109/45
f 65/52/42 73/58/45 69/60/49
f 67/53/43 74/1113/85 76/111/83
f 70/57/47 76/111/83 75/112/84
f 74/113/85 77/61/50 83/63/52
f 76/111/83 83/67/52 79/68/56
f 85/115/86 86/95/73 80/116/54
f 86/117/73 84/93/72 78/66/55
f 44/35/29 50/37/31 4/118/5
f 50/119/31 46/41/35 2/4/4
f 19/16/13 60/44/36 66/46/38
f 23/12/10 66/1109/38 62/50/41
f 69/60/49 72/59/48 29/22/18
f 72/121/48 68/56/46 26/25/21
f 79/68/56 82/64/53 39/30/25
f 82/64/53 78/66/55 36/34/28
f 46/41/35 52/97/75 9/89/70
f 84/93/72 44/35/29 1/1/1
f 52/97/75 55/101/78 12/84/66
f 55/101/78 58/108/82 15/80/63
f 58/108/82 60/44/36 19/16/13
f 62/50/41 69/60/49 25/24/20
f 68/56/46 75/112/84 32/74/61
f 75/112/84 79/68/56 35/32/27
f 78/66/55 84/93/72 42/70/58
f 88/124/87 91/157/115 93/125/88
f 90/126/89 93/125/88 94/127/90
f 94/129/90 92/160/117 87/130/92
f 280/132/93 283/162/119 285/133/94
f 282/135/95 285/163/94 286/136/96
f 281/137/97 286/136/96 284/138/98
f 475/140/100 477/167/103 474/141/101
f 477/143/103 478/146/105 473/144/104
f 478/146/105 476/170/124 471/147/106
f 667/148/107 669/151/110 666/149/108
f 669/151/110 670/173/127 665/152/111
f 665/153/111 670/175/127 668/154/112
f 95/156/114 97/177/129 93/125/88
f 93/125/88 97/177/129 98/158/116
f 98/159/116 96/180/132 92/160/117
f 287/161/118 289/182/134 285/133/94
f 285/163/94 289/184/134 290/164/120
f 286/136/96 290/164/120 288/165/121
f 475/140/100 479/187/138 481/166/122
f 481/168/122 482/189/140 478/146/105
f 478/146/105 482/189/140 480/169/123
f 667/148/107 671/191/142 673/171/125
f 669/151/110 673/171/125 674/172/126
f 674/174/126 672/194/145 668/154/112
f 99/176/128 101/196/147 97/177/129
f 97/177/129 101/196/147 102/178/130
f 98/159/116 102/199/130 100/179/131
f 291/181/133 293/201/135 289/182/134
f 293/183/135 294/185/136 290/164/120
f 294/185/136 292/203/152 288/165/121
f 483/186/137 485/205/139 481/166/122
f 485/188/139 486/190/141 482/189/140
f 486/190/141 484/207/155 480/169/123
f 671/191/142 675/208/156 677/192/143
f 677/192/143 678/210/158 674/172/126
f 674/174/126 678/212/158 676/193/144
f 103/195/146 105/197/148 101/196/147
f 105/197/148 106/215/149 102/178/130
f 106/198/149 104/217/162 100/179/131
f 295/200/150 297/219/164 293/201/135
f 293/183/135 297/220/164 298/202/151
f 298/202/151 296/222/166 292/203/152
f 483/186/137 487/224/168 489/204/153
f 485/188/139 489/226/153 490/206/154
f 490/206/154 488/228/171 484/207/155
f 675/208/156 679/230/173 681/209/157
f 681/209/157 682/232/159 678/210/158
f 682/211/159 680/234/176 676/193/144
f 103/195/146 107/235/177 109/213/160
f 105/197/148 109/213/160 110/214/161
f 110/216/161 108/239/180 104/217/162
f 299/218/163 301/241/182 297/219/164
f 297/220/164 301/243/182 302/221/165
f 302/221/165 300/245/185 296/222/166
f 491/223/167 493/247/169 489/204/153
f 493/225/169 494/227/170 490/206/154
f 494/227/170 492/250/189 488/228/171
f 683/229/172 685/231/174 681/209/157
f 685/231/174 686/253/192 682/232/159
f 682/211/159 686/254/192 684/233/175
f 107/235/177 111/256/194 113/236/178
f 109/213/160 113/236/178 114/237/179
f 114/238/179 112/259/197 108/239/180
f 303/240/181 305/261/183 301/241/182
f 305/242/183 306/263/199 302/221/165
f 302/221/165 306/263/199 304/244/184
f 495/246/186 497/266/187 493/247/169
f 497/248/187 498/249/188 494/227/170
f 498/249/188 496/268/203 492/250/189
f 687/251/190 689/270/205 685/231/174
f 685/231/174 689/270/205 690/252/191
f 686/254/192 690/273/191 688/255/193
f 111/256/194 115/274/208 117/257/195
f 117/257/195 118/276/196 114/237/179
f 118/258/196 116/278/211 112/259/197
f 303/240/181 307/279/212 309/260/198
f 309/262/198 310/264/200 306/263/199
f 310/264/200 308/283/215 304/244/184
f 499/265/201 501/285/217 497/266/187
f 497/248/187 501/286/217 502/267/202
f 502/267/202 500/288/219 496/268/203
f 691/269/204 693/271/206 689/270/205
f 693/271/206 694/290/207 690/252/191
f 694/272/207 692/292/222 688/255/193
f 115/274/208 119/293/223 121/275/209
f 121/275/209 122/296/210 118/276/196
f 122/277/210 120/298/226 116/278/211
f 307/279/212 311/299/227 313/280/213
f 313/281/213 314/282/214 310/264/200
f 314/282/214 312/303/231 308/283/215
f 503/284/216 505/305/233 501/285/217
f 501/286/217 505/307/233 506/287/218
f 506/287/218 504/309/236 500/288/219
f 691/269/204 695/311/238 697/289/220
f 697/289/220 698/313/221 694/290/207
f 698/291/221 696/315/241 692/292/222
f 119/293/223 123/317/243 125/294/224
f 121/275/209 125/294/224 126/295/225
f 126/297/225 124/320/245 120/298/226
f 311/299/227 315/322/247 317/300/228
f 313/281/213 317/323/228 318/301/229
f 314/282/214 318/301/229 316/302/230
f 507/304/232 509/326/234 505/305/233
f 509/306/234 510/308/235 506/287/218
f 510/308/235 508/329/252 504/309/236
f 699/310/237 701/312/239 697/289/220
f 701/312/239 702/332/240 698/313/221
f 702/314/240 700/334/256 696/315/241
f 127/316/242 129/336/258 125/294/224
f 125/294/224 129/336/258 130/318/244
f 130/319/244 128/339/261 124/320/245
f 319/321/246 321/341/263 317/300/228
f 317/323/228 321/342/263 322/324/248
f 322/324/248 320/344/265 316/302/230
f 511/325/249 513/346/250 509/326/234
f 513/327/250 514/348/268 510/308/235
f 510/308/235 514/348/268 512/328/251
f 703/330/253 705/331/254 701/312/239
f 705/331/254 706/352/255 702/332/240
f 706/333/255 704/354/273 700/334/256
f 131/335/257 133/356/275 129/336/258
f 129/336/258 133/356/275 134/337/259
f 130/319/244 134/1114/259 132/338/260
f 323/340/262 325/1115/278 321/341/263
f 321/342/263 325/363/278 326/343/264
f 326/343/264 324/365/280 320/344/265
f 515/345/266 517/1116/267 513/346/250
f 517/347/267 518/370/283 514/348/268
f 514/348/268 518/370/283 516/349/269
f 707/350/270 709/351/271 705/331/254
f 709/351/271 710/373/286 706/352/255
f 706/333/255 710/1117/286 708/353/272
f 131/335/257 135/378/289 137/355/274
f 137/355/274 138/380/291 134/337/259
f 134/357/259 138/381/291 136/358/276
f 327/360/277 329/384/294 325/361/278
f 325/363/278 329/386/294 330/364/279
f 330/364/279 328/388/297 324/365/280
f 519/366/281 521/390/299 517/367/267
f 517/347/267 521/392/299 522/369/282
f 522/369/282 520/394/302 516/349/269
f 711/371/284 713/372/285 709/351/271
f 713/372/285 714/396/304 710/373/286
f 710/374/286 714/398/304 712/375/287
f 139/377/288 141/379/290 137/355/274
f 141/379/290 142/401/308 138/380/291
f 138/381/291 142/402/308 140/382/292
f 331/383/293 333/405/295 329/384/294
f 333/385/295 334/387/296 330/364/279
f 334/387/296 332/407/312 328/388/297
f 523/389/298 525/409/300 521/390/299
f 525/391/300 526/393/301 522/369/282
f 526/393/301 524/412/316 520/394/302
f 711/371/284 715/413/317 717/395/303
f 717/395/303 718/415/305 714/396/304
f 718/397/305 716/417/320 712/375/287
f 139/377/288 143/419/322 145/399/306
f 141/379/290 145/399/306 146/400/307
f 142/402/308 146/422/307 144/403/309
f 331/383/293 335/423/325 337/404/310
f 333/385/295 337/425/310 338/406/311
f 338/406/311 336/428/329 332/407/312
f 527/408/313 529/430/314 525/409/300
f 529/410/314 530/411/315 526/393/301
f 530/411/315 528/433/333 524/412/316
f 715/413/317 719/435/335 721/414/318
f 721/414/318 722/437/319 718/415/305
f 722/416/319 720/439/338 716/417/320
f 147/418/321 149/420/323 145/399/306
f 149/420/323 150/441/324 146/400/307
f 150/421/324 148/443/341 144/403/309
f 335/423/325 339/444/342 341/424/326
f 337/425/310 341/447/326 342/426/327
f 338/406/311 342/426/327 340/427/328
f 531/429/330 533/450/346 529/430/314
f 529/410/314 533/452/346 534/431/331
f 530/411/315 534/431/331 532/432/332
f 723/434/334 725/436/336 721/414/318
f 725/436/336 726/456/337 722/437/319
f 726/438/337 724/458/351 720/439/338
f 147/418/321 151/460/353 153/440/339
f 153/440/339 154/462/355 150/441/324
f 150/421/324 154/463/355 152/442/340
f 339/444/342 343/465/357 345/445/343
f 345/446/343 346/468/359 342/426/327
f 342/426/327 346/468/359 344/448/344
f 535/449/345 537/471/347 533/450/346
f 537/451/347 538/453/348 534/431/331
f 538/453/348 536/474/364 532/432/332
f 723/434/334 727/476/366 729/454/349
f 725/436/336 729/454/349 730/455/350
f 730/457/350 728/479/368 724/458/351
f 155/459/352 157/461/354 153/440/339
f 157/461/354 158/482/371 154/462/355
f 154/463/355 158/483/371 156/464/356
f 343/465/357 347/485/373 349/466/358
f 349/467/358 350/489/375 346/468/359
f 346/468/359 350/489/375 348/469/360
f 539/470/361 541/491/378 537/471/347
f 537/451/347 541/492/378 542/472/362
f 538/453/348 542/472/362 540/473/363
f 731/475/365 733/496/382 729/454/349
f 729/454/349 733/496/382 734/477/367
f 734/478/367 732/499/384 728/479/368
f 159/480/369 161/481/370 157/461/354
f 161/481/370 162/502/387 158/482/371
f 158/483/371 162/503/387 160/484/372
f 347/485/373 351/505/389 353/486/374
f 353/486/374 354/1118/376 350/487/375
f 354/488/376 352/510/392 348/469/360
f 543/490/377 545/512/394 541/491/378
f 541/492/378 545/513/394 546/493/379
f 542/472/362 546/493/379 544/494/380
f 731/475/365 735/517/398 737/495/381
f 733/497/382 737/1119/381 738/498/383
f 738/498/383 736/521/401 732/499/384
f 163/500/385 165/523/403 161/481/370
f 161/481/370 165/523/403 166/501/386
f 162/503/387 166/526/386 164/504/388
f 351/505/389 355/528/406 357/506/390
f 357/507/390 358/509/391 354/488/376
f 358/509/391 356/531/409 352/510/392
f 547/511/393 549/533/411 545/512/394
f 545/513/394 549/535/411 550/514/395
f 546/493/379 550/514/395 548/515/396
f 739/516/397 741/518/399 737/495/381
f 741/518/399 742/539/400 738/519/383
f 742/520/400 740/541/415 736/521/401
f 167/522/402 169/543/417 165/523/403
f 165/523/403 169/543/417 170/524/404
f 170/525/404 168/546/420 164/504/388
f 359/527/405 361/548/407 357/506/390
f 361/529/407 362/550/423 358/509/391
f 358/509/391 362/550/423 360/530/408
f 547/511/393 551/552/425 553/532/410
f 553/534/410 554/555/427 550/514/395
f 550/514/395 554/555/427 552/536/412
f 743/537/413 745/558/430 741/518/399
f 741/518/399 745/558/430 746/538/414
f 746/540/414 744/561/432 740/541/415
f 171/542/416 173/563/434 169/543/417
f 169/543/417 173/563/434 174/544/418
f 170/525/404 174/566/418 172/545/419
f 363/547/421 365/568/422 361/548/407
f 365/549/422 366/551/424 362/550/423
f 366/551/424 364/570/438 360/530/408
f 551/552/425 555/571/439 557/553/426
f 557/554/426 558/574/442 554/555/427
f 554/555/427 558/574/442 556/556/428
f 747/557/429 749/577/445 745/558/430
f 745/558/430 749/577/445 750/559/431
f 750/560/431 748/579/447 744/561/432
f 175/562/433 177/581/449 173/563/434
f 173/563/434 177/581/449 178/564/435
f 178/565/435 176/584/451 172/545/419
f 367/567/436 369/586/453 365/568/422
f 365/549/422 369/588/453 370/569/437
f 370/569/437 368/590/456 364/570/438
f 555/571/439 559/591/457 561/572/440
f 557/554/426 561/594/440 562/573/441
f 558/574/442 562/573/441 560/575/443
f 747/557/429 751/597/461 753/576/444
f 753/576/444 754/599/446 750/559/431
f 754/578/446 752/601/464 748/579/447
f 179/580/448 181/603/466 177/581/449
f 177/581/449 181/603/466 182/582/450
f 182/583/450 180/1099/469 176/584/451
f 371/585/452 373/1120/454 369/586/453
f 373/587/454 374/589/455 370/569/437
f 374/589/455 372/613/473 368/590/456
f 559/591/457 563/1121/475 565/592/458
f 565/593/458 566/595/459 562/573/441
f 566/595/459 564/619/478 560/575/443
f 755/596/460 757/598/462 753/576/444
f 757/598/462 758/621/463 754/599/446
f 758/600/463 756/1122/481 752/601/464
f 183/602/465 185/604/467 181/603/466
f 185/604/467 186/627/468 182/582/450
f 186/605/468 184/629/485 180/606/469
f 375/608/470 377/631/471 373/609/454
f 377/611/471 378/612/472 374/589/455
f 378/612/472 376/634/489 372/613/473
f 567/614/474 569/636/491 565/615/458
f 565/593/458 569/638/491 570/617/476
f 566/595/459 570/617/476 568/618/477
f 755/596/460 759/640/494 761/620/479
f 761/620/479 762/642/496 758/621/463
f 758/622/463 762/644/496 760/623/480
f 187/625/482 189/626/483 185/604/467
f 189/626/483 190/647/484 186/627/468
f 190/628/484 188/649/500 184/629/485
f 375/608/470 379/650/501 381/630/486
f 377/611/471 381/652/486 382/632/487
f 378/612/472 382/632/487 380/633/488
f 571/635/490 573/655/492 569/636/491
f 573/637/492 574/639/493 570/617/476
f 574/639/493 572/658/507 568/618/477
f 759/640/494 763/660/509 765/641/495
f 765/641/495 766/662/497 762/642/496
f 766/643/497 764/664/512 760/623/480
f 187/625/482 191/666/514 193/645/498
f 189/626/483 193/645/498 194/646/499
f 194/648/499 192/669/517 188/649/500
f 379/650/501 383/670/518 385/651/502
f 381/652/486 385/673/502 386/653/503
f 386/653/503 384/675/521 380/633/488
f 575/654/504 577/677/505 573/655/492
f 577/656/505 578/679/524 574/639/493
f 574/639/493 578/679/524 576/657/506
f 767/659/508 769/661/510 765/641/495
f 769/661/510 770/683/528 766/662/497
f 766/643/497 770/684/528 768/663/511
f 195/665/513 197/667/515 193/645/498
f 197/667/515 198/687/531 194/646/499
f 194/648/499 198/688/531 196/668/516
f 383/670/518 387/691/534 389/671/519
f 389/672/519 390/674/520 386/653/503
f 390/674/520 388/694/537 384/675/521
f 579/676/522 581/696/539 577/677/505
f 577/656/505 581/697/539 582/678/523
f 578/679/524 582/678/523 580/680/525
f 771/681/526 773/700/542 769/661/510
f 769/661/510 773/700/542 774/682/527
f 770/684/528 774/702/527 772/685/529
f 195/665/513 199/704/545 201/686/530
f 201/686/530 202/706/547 198/687/531
f 198/688/531 202/707/547 200/689/532
f 391/690/533 393/710/535 389/671/519
f 393/692/535 394/712/551 390/674/520
f 390/674/520 394/712/551 392/693/536
f 583/695/538 585/715/554 581/696/539
f 581/697/539 585/716/554 586/698/540
f 586/698/540 584/718/556 580/680/525
f 775/699/541 777/720/558 773/700/542
f 773/700/542 777/720/558 778/701/543
f 774/702/527 778/722/543 776/703/544
f 199/704/545 203/724/561 205/705/546
f 205/705/546 206/726/563 202/706/547
f 202/707/547 206/727/563 204/708/548
f 395/709/549 397/730/550 393/710/535
f 397/711/550 398/732/566 394/712/551
f 394/712/551 398/732/566 396/713/552
f 587/714/553 589/735/569 585/715/554
f 585/716/554 589/737/569 590/717/555
f 590/717/555 588/739/572 584/718/556
f 779/719/557 781/741/574 777/720/558
f 777/720/558 781/741/574 782/721/559
f 778/722/543 782/744/559 780/723/560
f 203/724/561 207/746/578 209/725/562
f 209/725/562 210/748/580 206/726/563
f 206/727/563 210/749/580 208/728/564
f 395/709/549 399/752/583 401/729/565
f 401/731/565 402/754/585 398/732/566
f 398/732/566 402/754/585 400/733/567
f 591/734/568 593/757/570 589/735/569
f 593/736/570 594/759/589 590/717/555
f 590/717/555 594/759/589 592/738/571
f 783/740/573 785/742/575 781/741/574
f 785/742/575 786/763/576 782/721/559
f 786/743/576 784/765/594 780/723/560
f 211/745/577 213/747/579 209/725/562
f 213/747/579 214/768/597 210/748/580
f 210/749/580 214/769/597 212/750/581
f 403/751/582 405/772/600 401/729/565
f 401/731/565 405/774/600 406/753/584
f 402/754/585 406/753/584 404/755/586
f 595/756/587 597/777/604 593/757/570
f 593/736/570 597/779/604 598/758/588
f 594/759/589 598/758/588 596/760/590
f 787/761/591 789/762/592 785/742/575
f 789/762/592 790/783/609 786/763/576
f 786/743/576 790/785/609 788/764/593
f 215/766/595 217/787/612 213/747/579
f 213/747/579 217/787/612 218/767/596
f 214/769/597 218/788/596 216/770/598
f 407/771/599 409/791/601 405/772/600
f 409/773/601 410/793/615 406/753/584
f 406/753/584 410/793/615 408/775/602
f 599/776/603 601/796/605 597/777/604
f 601/778/605 602/780/606 598/758/588
f 602/780/606 600/798/619 596/760/590
f 791/781/607 793/782/608 789/762/592
f 793/782/608 794/801/610 790/783/609
f 794/784/610 792/803/623 788/764/593
f 215/766/595 219/805/625 221/786/611
f 221/786/611 222/807/627 218/767/596
f 218/788/596 222/809/627 220/789/613
f 407/771/599 411/811/630 413/790/614
f 413/792/614 414/813/632 410/793/615
f 410/793/615 414/813/632 412/794/616
f 603/795/617 605/816/635 601/796/605
f 601/778/605 605/818/635 606/797/618
f 606/797/618 604/820/637 600/798/619
f 791/781/607 795/822/639 797/799/620
f 793/782/608 797/799/620 798/800/621
f 794/784/610 798/825/621 796/802/622
f 223/804/624 225/806/626 221/786/611
f 225/806/626 226/828/628 222/807/627
f 226/808/628 224/830/644 220/789/613
f 415/810/629 417/832/631 413/790/614
f 417/812/631 418/834/647 414/813/632
f 414/813/632 418/834/647 416/814/633
f 603/795/617 607/836/649 609/815/634
f 609/817/634 610/839/651 606/797/618
f 606/797/618 610/839/651 608/819/636
f 799/821/638 801/842/654 797/799/620
f 797/799/620 801/842/654 802/823/640
f 802/824/640 800/845/656 796/802/622
f 227/826/641 229/847/658 225/806/626
f 225/806/626 229/847/658 230/827/642
f 226/808/628 230/1123/642 228/829/643
f 419/831/645 421/1124/646 417/832/631
f 421/833/646 422/856/663 418/834/647
f 418/834/647 422/856/663 420/835/648
f 607/836/649 611/1125/666 613/837/650
f 613/838/650 614/862/668 610/839/651
f 610/839/651 614/862/668 612/840/652
f 803/841/653 805/865/671 801/842/654
f 801/842/654 805/865/671 806/843/655
f 806/844/655 804/1126/674 800/845/656
f 231/846/657 233/871/676 229/847/658
f 229/847/658 233/871/676 234/848/659
f 230/849/642 234/874/659 232/850/660
f 423/852/661 425/876/662 421/853/646
f 425/855/662 426/878/679 422/856/663
f 422/856/663 426/878/679 424/857/664
f 615/858/665 617/881/667 613/859/650
f 617/861/667 618/883/683 614/862/668
f 614/862/668 618/883/683 616/863/669
f 807/864/670 809/886/686 805/865/671
f 805/865/671 809/886/686 810/866/672
f 806/867/655 810/889/672 808/868/673
f 235/870/675 237/891/689 233/871/676
f 233/871/676 237/891/689 238/872/677
f 238/873/677 236/894/691 232/850/660
f 423/852/661 427/896/693 429/875/678
f 429/877/678 430/898/695 426/878/679
f 426/878/679 430/898/695 428/879/680
f 619/880/681 621/901/682 617/881/667
f 621/882/682 622/903/698 618/883/683
f 618/883/683 622/903/698 620/884/684
f 807/864/670 811/906/701 813/885/685
f 809/886/686 813/885/685 814/887/687
f 814/888/687 812/909/704 808/868/673
f 235/870/675 239/910/705 241/890/688
f 237/891/689 241/890/688 242/892/690
f 242/893/690 240/913/708 236/894/691
f 431/895/692 433/915/694 429/875/678
f 433/897/694 434/917/711 430/898/695
f 430/898/695 434/917/711 432/899/696
f 619/880/681 623/919/713 625/900/697
f 625/902/697 626/904/699 622/903/698
f 626/904/699 624/922/716 620/884/684
f 815/905/700 817/924/718 813/885/685
f 813/885/685 817/924/718 818/907/702
f 814/888/687 818/925/702 816/908/703
f 239/910/705 243/927/720 245/911/706
f 245/911/706 246/930/707 242/892/690
f 246/912/707 244/932/723 240/913/708
f 435/914/709 437/934/725 433/915/694
f 433/897/694 437/936/725 438/916/710
f 434/917/711 438/916/710 436/918/712
f 623/919/713 627/938/728 629/920/714
f 625/902/697 629/941/714 630/921/715
f 630/921/715 628/943/731 624/922/716
f 815/905/700 819/944/732 821/923/717
f 821/923/717 822/946/734 818/907/702
f 818/925/702 822/948/734 820/926/719
f 243/927/720 247/950/737 249/928/721
f 245/911/706 249/928/721 250/929/722
f 250/931/722 248/953/739 244/932/723
f 439/933/724 441/955/726 437/934/725
f 441/935/726 442/937/727 438/916/710
f 442/937/727 440/958/743 436/918/712
f 627/938/728 631/959/744 633/939/729
f 633/940/729 634/942/730 630/921/715
f 634/942/730 632/963/747 628/943/731
f 819/944/732 823/965/749 825/945/733
f 825/945/733 826/967/735 822/946/734
f 826/947/735 824/969/752 820/926/719
f 251/949/736 253/971/754 249/928/721
f 249/928/721 253/971/754 254/951/738
f 254/952/738 252/975/757 248/953/739
f 443/954/740 445/977/741 441/955/726
f 445/956/741 446/957/742 442/937/727
f 446/957/742 444/980/761 440/958/743
f 631/959/744 635/981/762 637/960/745
f 637/961/745 638/984/764 634/942/730
f 634/942/730 638/984/764 636/962/746
f 827/964/748 829/987/767 825/945/733
f 825/945/733 829/987/767 830/966/750
f 826/947/735 830/989/750 828/968/751
f 255/970/753 257/992/755 253/971/754
f 257/972/755 258/974/756 254/952/738
f 258/974/756 256/996/773 252/975/757
f 447/976/758 449/998/759 445/977/741
f 449/978/759 450/1000/776 446/957/742
f 446/957/742 450/1000/776 448/979/760
f 635/981/762 639/1002/778 641/982/763
f 641/982/763 642/1127/780 638/983/764
f 638/984/764 642/1005/780 640/985/765
f 831/986/766 833/1008/783 829/987/767
f 829/987/767 833/1008/783 834/988/768
f 830/989/750 834/1009/768 832/990/769
f 259/991/770 261/993/771 257/992/755
f 261/993/771 262/1013/772 258/994/756
f 262/995/772 260/1015/788 256/996/773
f 451/997/774 453/1017/790 449/998/759
f 449/978/759 453/1019/790 454/999/775
f 454/999/775 452/1021/792 448/979/760
f 643/1001/777 645/1023/794 641/982/763
f 641/1003/763 645/1025/794 646/1004/779
f 642/1005/780 646/1004/779 644/1006/781
f 831/986/766 835/1027/797 837/1007/782
f 837/1007/782 838/1029/799 834/988/768
f 834/1009/768 838/1031/799 836/1010/784
f 263/1011/785 265/1012/786 261/993/771
f 265/1012/786 266/1034/787 262/1013/772
f 266/1014/787 264/1036/804 260/1015/788
f 451/997/774 455/1037/805 457/1016/789
f 457/1018/789 458/1020/791 454/999/775
f 458/1020/791 456/1041/808 452/1021/792
f 647/1022/793 649/1043/795 645/1023/794
f 649/1024/795 650/1026/796 646/1004/779
f 650/1026/796 648/1046/812 644/1006/781
f 835/1027/797 839/1047/813 841/1028/798
f 841/1028/798 842/1050/800 838/1029/799
f 842/1030/800 840/1052/817 836/1010/784
f 267/1032/801 269/1054/819 265/1012/786
f 265/1012/786 269/1054/819 270/1033/802
f 266/1014/787 270/1057/802 268/1035/803
f 455/1037/805 459/1058/821 461/1038/806
f 461/1039/806 462/1040/807 458/1020/791
f 462/1040/807 460/1062/824 456/1041/808
f 651/1042/809 653/1064/810 649/1043/795
f 653/1044/810 654/1066/827 650/1026/796
f 650/1026/796 654/1066/827 652/1045/811
f 839/1047/813 843/1068/829 845/1048/814
f 841/1028/798 845/1048/814 846/1049/815
f 842/1030/800 846/1070/815 844/1051/816
f 267/1032/801 271/1072/832 273/1053/818
f 269/1054/819 273/1053/818 274/1055/820
f 274/1056/820 272/1075/835 268/1035/803
f 459/1058/821 463/1077/837 465/1059/822
f 465/1060/822 466/1061/823 462/1040/807
f 466/1061/823 464/1080/840 460/1062/824
f 655/1063/825 657/1082/826 653/1064/810
f 657/1065/826 658/1084/843 654/1066/827
f 654/1066/827 658/1084/843 656/1067/828
f 843/1068/829 847/1086/845 849/1069/830
f 849/1069/830 850/1089/848 846/1049/815
f 846/1070/815 850/1090/848 848/1071/831
f 271/1072/832 275/1097/852 277/1073/833
f 277/1073/833 278/1128/854 274/1055/820
f 274/1056/820 278/1129/854 276/1074/834
f 467/1076/836 469/1130/838 465/1059/822
f 469/1078/838 470/1093/850 466/1061/823
f 466/1061/823 470/1093/850 468/1079/839
f 659/1081/841 661/1131/851 657/1082/826
f 657/1065/826 661/1132/851 662/1083/842
f 658/1084/843 662/1083/842 660/1085/844
f 847/1086/845 851/1102/853 853/1087/846
f 849/1069/830 853/1087/846 854/1088/847
f 850/1090/848 854/1133/847 852/1091/849
f 276/1092/834 278/1134/854 89/131/91
f 89/128/91 278/1128/854 277/1073/833
f 277/1073/833 275/1097/852 88/124/87
f 468/1079/839 470/1093/850 281/137/97
f 470/1093/850 469/1078/838 282/135/95
f 469/1094/838 467/1101/836 280/132/93
f 471/147/106 660/1085/844 662/1083/842
f 662/1083/842 661/1132/851 474/145/101
f 661/1095/851 659/1098/841 472/142/102
f 663/155/113 852/1100/849 854/1096/847
f 665/152/111 854/1088/847 853/1087/846
f 853/1087/846 851/1102/853 664/150/109
f 468/1079/839 279/139/99 88/124/87
f 88/124/87 279/139/99 284/138/98
f 92/160/117 475/140/100 472/142/102
f 87/130/92 472/142/102 659/1098/841
f 96/180/132 479/187/138 475/140/100
f 91/157/115 284/138/98 288/165/121
f 100/179/131 483/186/137 479/187/138
f 288/165/121 292/203/152 99/176/128
f 104/217/162 487/224/168 483/186/137
f 292/203/152 296/222/166 103/195/146
f 108/239/180 491/223/167 487/224/168
f 103/195/146 296/222/166 300/245/185
f 112/259/197 495/246/186 491/223/167
f 107/235/177 300/245/185 304/244/184
f 116/278/211 499/265/201 495/246/186
f 111/256/194 304/244/184 308/283/215
f 120/298/226 503/284/216 499/265/201
f 115/274/208 308/283/215 312/303/231
f 124/320/245 507/304/232 503/284/216
f 312/303/231 316/302/230 123/317/243
f 128/339/261 511/325/249 507/304/232
f 123/317/243 316/302/230 320/344/265
f 132/338/260 515/345/266 511/325/249
f 320/344/265 324/365/280 131/335/257
f 136/358/276 519/366/281 515/368/266
f 324/365/280 328/388/297 135/378/289
f 140/382/292 523/389/298 519/366/281
f 135/378/289 328/388/297 332/407/312
f 144/403/309 527/408/313 523/389/298
f 139/377/288 332/407/312 336/428/329
f 148/443/341 531/429/330 527/408/313
f 336/428/329 340/427/328 147/418/321
f 152/442/340 535/449/345 531/429/330
f 147/418/321 340/427/328 344/448/344
f 156/464/356 539/470/361 535/449/345
f 344/448/344 348/469/360 155/459/352
f 160/484/372 543/490/377 539/470/361
f 348/469/360 352/510/392 159/480/369
f 164/504/388 547/511/393 543/490/377
f 352/510/392 356/531/409 163/500/385
f 168/546/420 551/552/425 547/511/393
f 356/531/409 360/530/408 167/522/402
f 172/545/419 555/571/439 551/552/425
f 167/522/402 360/530/408 364/570/438
f 176/584/451 559/591/457 555/571/439
f 364/570/438 368/590/456 175/562/433
f 180/1099/469 563/1121/475 559/591/457
f 368/590/456 372/613/473 179/580/448
f 184/629/485 567/614/474 563/616/475
f 179/580/448 372/613/473 376/634/489
f 188/649/500 571/635/490 567/614/474
f 183/602/465 376/634/489 380/633/488
f 192/669/517 575/654/504 571/635/490
f 187/625/482 380/633/488 384/675/521
f 196/668/516 579/676/522 575/654/504
f 191/666/514 384/675/521 388/694/537
f 200/689/532 583/695/538 579/676/522
f 388/694/537 392/693/536 199/704/545
f 204/708/548 587/714/553 583/695/538
f 199/704/545 392/693/536 396/713/552
f 208/728/564 591/734/568 587/714/553
f 203/724/561 396/713/552 400/733/567
f 212/750/581 595/756/587 591/734/568
f 207/746/578 400/733/567 404/755/586
f 216/770/598 599/776/603 595/756/587
f 211/745/577 404/755/586 408/775/602
f 220/789/613 603/795/617 599/776/603
f 215/766/595 408/775/602 412/794/616
f 224/830/644 607/836/649 603/795/617
f 219/805/625 412/794/616 416/814/633
f 228/829/643 611/1125/666 607/836/649
f 223/804/624 416/814/633 420/835/648
f 232/850/660 615/858/665 611/860/666
f 420/835/648 424/857/664 231/846/657
f 236/894/691 619/880/681 615/858/665
f 231/846/657 424/857/664 428/879/680
f 240/913/708 623/919/713 619/880/681
f 428/879/680 432/899/696 239/910/705
f 244/932/723 627/938/728 623/919/713
f 432/899/696 436/918/712 243/927/720
f 248/953/739 631/959/744 627/938/728
f 436/918/712 440/958/743 247/950/737
f 252/975/757 635/981/762 631/959/744
f 440/958/743 444/980/761 251/949/736
f 256/996/773 639/1002/778 635/981/762
f 444/980/761 448/979/760 255/970/753
f 260/1015/788 643/1001/777 639/1002/778
f 448/979/760 452/1021/792 259/991/770
f 264/1036/804 647/1022/793 643/1001/777
f 452/1021/792 456/1041/808 263/1011/785
f 268/1035/803 651/1042/809 647/1022/793
f 456/1041/808 460/1062/824 267/1032/801
f 272/1075/835 655/1063/825 651/1042/809
f 460/1062/824 464/1080/840 271/1072/832
f 276/1074/834 659/1081/841 655/1063/825
f 464/1080/840 468/1079/839 275/1097/852
f 663/155/113 668/154/112 283/162/119
f 852/1100/849 663/155/113 280/132/93
f 668/154/112 672/194/145 287/161/118
f 672/194/145 676/193/144 291/181/133
f 676/193/144 680/234/176 295/200/150
f 680/234/176 684/233/175 299/218/163
f 684/233/175 688/255/193 303/240/181
f 688/255/193 692/292/222 307/279/212
f 692/292/222 696/315/241 311/299/227
f 696/315/241 700/334/256 315/322/247
f 700/334/256 704/354/273 319/321/246
f 704/354/273 708/353/272 323/340/262
f 708/376/272 712/375/287 327/360/277
f 712/375/287 716/417/320 331/383/293
f 716/417/320 720/439/338 335/423/325
f 720/439/338 724/458/351 339/444/342
f 724/458/351 728/479/368 343/465/357
f 728/479/368 732/499/384 347/485/373
f 732/499/384 736/521/401 351/505/389
f 736/521/401 740/541/415 355/528/406
f 740/541/415 744/561/432 359/527/405
f 744/561/432 748/579/447 363/547/421
f 748/579/447 752/601/464 367/567/436
f 752/601/464 756/1122/481 371/585/452
f 756/624/481 760/623/480 375/608/470
f 760/623/480 764/664/512 379/650/501
f 764/664/512 768/663/511 383/670/518
f 768/663/511 772/685/529 387/691/534
f 772/685/529 776/703/544 391/690/533
f 776/703/544 780/723/560 395/709/549
f 780/723/560 784/765/594 399/752/583
f 784/765/594 788/764/593 403/751/582
f 788/764/593 792/803/623 407/771/599
f 792/803/623 796/802/622 411/811/630
f 796/802/622 800/845/656 415/810/629
f 800/845/656 804/1126/674 419/831/645
f 804/869/674 808/868/673 423/852/661
f 808/868/673 812/909/704 427/896/693
f 812/909/704 816/908/703 431/895/692
f 816/908/703 820/926/719 435/914/709
f 820/926/719 824/969/752 439/933/724
f 824/969/752 828/968/751 443/954/740
f 828/968/751 832/990/769 447/976/758
f 832/990/769 836/1010/784 451/997/774
f 836/1010/784 840/1052/817 455/1037/805
f 840/1052/817 844/1051/816 459/1058/821
f 844/1051/816 848/1071/831 463/1077/837
f 848/1071/831 852/1091/849 467/1076/836
f 471/147/106 476/170/124 667/148/107
f 471/147/106 664/150/109 851/1102/853
f 476/170/124 480/169/123 671/191/142
f 484/207/155 675/208/156 671/191/142
f 488/228/171 679/230/173 675/208/156
f 488/228/171 492/250/189 683/229/172
f 492/250/189 496/268/203 687/251/190
f 496/268/203 500/288/219 691/269/204
f 500/288/219 504/309/236 695/311/238
f 508/329/252 699/310/237 695/311/238
f 508/329/252 512/328/251 703/330/253
f 516/349/269 707/350/270 703/330/253
f 520/394/302 711/371/284 707/350/270
f 520/394/302 524/412/316 715/413/317
f 524/412/316 528/433/333 719/435/335
f 532/432/332 723/434/334 719/435/335
f 532/432/332 536/474/364 727/476/366
f 540/473/363 731/475/365 727/476/366
f 544/494/380 735/517/398 731/475/365
f 548/515/396 739/516/397 735/517/398
f 552/536/412 743/537/413 739/516/397
f 552/536/412 556/556/428 747/557/429
f 560/575/443 751/597/461 747/557/429
f 564/619/478 755/596/460 751/597/461
f 564/619/478 568/618/477 759/640/494
f 568/618/477 572/658/507 763/660/509
f 572/658/507 576/657/506 767/659/508
f 576/657/506 580/680/525 771/681/526
f 584/718/556 775/699/541 771/681/526
f 584/718/556 588/739/572 779/719/557
f 588/739/572 592/738/571 783/740/573
f 592/738/571 596/760/590 787/761/591
f 596/760/590 600/798/619 791/781/607
f 600/798/619 604/820/637 795/822/639
f 604/820/637 608/819/636 799/821/638
f 608/819/636 612/840/652 803/841/653
f 612/840/652 616/863/669 807/864/670
f 620/884/684 811/906/701 807/864/670
f 624/922/716 815/905/700 811/906/701
f 628/943/731 819/944/732 815/905/700
f 632/963/747 823/965/749 819/944/732
f 636/962/746 827/964/748 823/965/749
f 640/985/765 831/986/766 827/964/748
f 644/1006/781 835/1027/797 831/986/766
f 648/1046/812 839/1047/813 835/1027/797
f 652/1045/811 843/1068/829 839/1047/813
f 656/1067/828 847/1086/845 843/1068/829
f 660/1085/844 851/1102/853 847/1086/845
