# Blender 4.5.0
# www.blender.org
mtllib mesh_000.mtl
o mesh_000
v 0.155800 0.120000 0.000000
v 0.155466 0.130190 0.000000
v 0.154467 0.140336 0.000000
v 0.152806 0.150395 0.000000
v 0.150491 0.160324 0.000000
v 0.147532 0.170080 0.000000
v 0.143940 0.179622 0.000000
v 0.139733 0.188909 0.000000
v 0.134927 0.197900 0.000000
v 0.129543 0.206558 0.000000
v 0.123604 0.214845 0.000000
v 0.117137 0.222726 0.000000
v 0.110167 0.230167 0.000000
v 0.102726 0.237137 0.000000
v 0.094845 0.243604 0.000000
v 0.086558 0.249543 0.000000
v 0.077900 0.254927 0.000000
v 0.068909 0.259733 0.000000
v 0.059622 0.263940 0.000000
v 0.050080 0.267532 0.000000
v 0.040324 0.270491 0.000000
v 0.030395 0.272806 0.000000
v 0.020336 0.274467 0.000000
v 0.010190 0.275466 0.000000
v 0.000000 0.275800 0.000000
v -0.010190 0.275466 0.000000
v -0.020336 0.274467 0.000000
v -0.030395 0.272806 0.000000
v -0.040324 0.270491 0.000000
v -0.050080 0.267532 0.000000
v -0.059622 0.263940 0.000000
v -0.068909 0.259733 0.000000
v -0.077900 0.254927 0.000000
v -0.086558 0.249543 0.000000
v -0.094845 0.243604 0.000000
v -0.102726 0.237137 0.000000
v -0.110167 0.230167 0.000000
v -0.117137 0.222726 0.000000
v -0.123604 0.214845 0.000000
v -0.129543 0.206558 0.000000
v -0.134927 0.197900 0.000000
v -0.139733 0.188909 0.000000
v -0.143940 0.179622 0.000000
v -0.147532 0.170080 0.000000
v -0.150491 0.160324 0.000000
v -0.152806 0.150395 0.000000
v -0.154467 0.140336 0.000000
v -0.155466 0.130190 0.000000
v -0.155800 0.120000 0.000000
v -0.155466 0.109810 0.000000
v -0.154467 0.099664 0.000000
v -0.152806 0.089605 0.000000
v -0.150491 0.079676 0.000000
v -0.147532 0.069920 0.000000
v -0.143940 0.060378 0.000000
v -0.139733 0.051091 0.000000
v -0.134927 0.042100 0.000000
v -0.129543 0.033442 0.000000
v -0.123604 0.025155 0.000000
v -0.117137 0.017274 0.000000
v -0.110167 0.009833 0.000000
v -0.102726 0.002863 0.000000
v -0.094845 -0.003604 0.000000
v -0.086558 -0.009543 0.000000
v -0.077900 -0.014927 0.000000
v -0.068909 -0.019733 0.000000
v -0.059622 -0.023940 0.000000
v -0.050080 -0.027532 0.000000
v -0.040324 -0.030491 0.000000
v -0.030395 -0.032806 0.000000
v -0.020336 -0.034467 0.000000
v -0.010190 -0.035466 0.000000
v -0.000000 -0.035800 0.000000
v 0.010190 -0.035466 0.000000
v 0.020336 -0.034467 0.000000
v 0.030395 -0.032806 0.000000
v 0.040324 -0.030491 0.000000
v 0.050080 -0.027532 0.000000
v 0.059622 -0.023940 0.000000
v 0.068909 -0.019733 0.000000
v 0.077900 -0.014927 0.000000
v 0.086558 -0.009543 0.000000
v 0.094845 -0.003604 0.000000
v 0.102726 0.002863 0.000000
v 0.110167 0.009833 0.000000
v 0.117137 0.017274 0.000000
v 0.123604 0.025155 0.000000
v 0.129543 0.033442 0.000000
v 0.134927 0.042100 0.000000
v 0.139733 0.051091 0.000000
v 0.143940 0.060378 0.000000
v 0.147532 0.069920 0.000000
v 0.150491 0.079676 0.000000
v 0.152806 0.089605 0.000000
v 0.154467 0.099664 0.000000
v 0.155466 0.109810 0.000000
v 0.189625 0.120000 0.015360
v 0.189219 0.132402 0.015360
v 0.188003 0.144751 0.015360
v 0.185981 0.156994 0.015360
v 0.183164 0.169079 0.015360
v 0.179562 0.180953 0.015360
v 0.175191 0.192566 0.015360
v 0.170070 0.203869 0.015360
v 0.164220 0.214813 0.015360
v 0.157667 0.225350 0.015360
v 0.150440 0.235436 0.015360
v 0.142568 0.245028 0.015360
v 0.134085 0.254085 0.015360
v 0.125028 0.262568 0.015360
v 0.115436 0.270440 0.015360
v 0.105350 0.277667 0.015360
v 0.094812 0.284220 0.015360
v 0.083869 0.290069 0.015360
v 0.072566 0.295191 0.015360
v 0.060953 0.299562 0.015360
v 0.049079 0.303164 0.015360
v 0.036994 0.305981 0.015360
v 0.024751 0.308003 0.015360
v 0.012402 0.309219 0.015360
v 0.000000 0.309625 0.015360
v -0.012402 0.309219 0.015360
v -0.024751 0.308003 0.015360
v -0.036994 0.305981 0.015360
v -0.049079 0.303164 0.015360
v -0.060953 0.299562 0.015360
v -0.072566 0.295191 0.015360
v -0.083869 0.290069 0.015360
v -0.094812 0.284220 0.015360
v -0.105350 0.277667 0.015360
v -0.115436 0.270440 0.015360
v -0.125028 0.262568 0.015360
v -0.134085 0.254085 0.015360
v -0.142568 0.245028 0.015360
v -0.150440 0.235436 0.015360
v -0.157667 0.225350 0.015360
v -0.164220 0.214813 0.015360
v -0.170070 0.203869 0.015360
v -0.175191 0.192566 0.015360
v -0.179562 0.180953 0.015360
v -0.183164 0.169079 0.015360
v -0.185981 0.156994 0.015360
v -0.188003 0.144751 0.015360
v -0.189219 0.132402 0.015360
v -0.189625 0.120000 0.015360
v -0.189219 0.107598 0.015360
v -0.188003 0.095249 0.015360
v -0.185981 0.083006 0.015360
v -0.183164 0.070921 0.015360
v -0.179562 0.059047 0.015360
v -0.175191 0.047434 0.015360
v -0.170070 0.036131 0.015360
v -0.164220 0.025187 0.015360
v -0.157667 0.014650 0.015360
v -0.150440 0.004564 0.015360
v -0.142568 -0.005028 0.015360
v -0.134085 -0.014085 0.015360
v -0.125028 -0.022568 0.015360
v -0.115436 -0.030440 0.015360
v -0.105350 -0.037667 0.015360
v -0.094812 -0.044220 0.015360
v -0.083869 -0.050069 0.015360
v -0.072566 -0.055191 0.015360
v -0.060953 -0.059562 0.015360
v -0.049079 -0.063164 0.015360
v -0.036994 -0.065981 0.015360
v -0.024751 -0.068003 0.015360
v -0.012402 -0.069219 0.015360
v -0.000000 -0.069625 0.015360
v 0.012402 -0.069219 0.015360
v 0.024751 -0.068003 0.015360
v 0.036994 -0.065981 0.015360
v 0.049079 -0.063164 0.015360
v 0.060953 -0.059562 0.015360
v 0.072566 -0.055191 0.015360
v 0.083869 -0.050069 0.015360
v 0.094812 -0.044220 0.015360
v 0.105350 -0.037667 0.015360
v 0.115436 -0.030440 0.015360
v 0.125028 -0.022568 0.015360
v 0.134085 -0.014085 0.015360
v 0.142568 -0.005028 0.015360
v 0.150440 0.004564 0.015360
v 0.157667 0.014650 0.015360
v 0.164220 0.025187 0.015360
v 0.170070 0.036131 0.015360
v 0.175191 0.047434 0.015360
v 0.179562 0.059047 0.015360
v 0.183164 0.070921 0.015360
v 0.185981 0.083006 0.015360
v 0.188003 0.095249 0.015360
v 0.189219 0.107598 0.015360
v 0.201925 0.120000 0.038400
v 0.201493 0.133207 0.038400
v 0.200198 0.146357 0.038400
v 0.198045 0.159394 0.038400
v 0.195045 0.172262 0.038400
v 0.191209 0.184907 0.038400
v 0.186554 0.197273 0.038400
v 0.181101 0.209309 0.038400
v 0.174872 0.220962 0.038400
v 0.167894 0.232184 0.038400
v 0.160198 0.242924 0.038400
v 0.151815 0.253138 0.038400
v 0.142783 0.262783 0.038400
v 0.133138 0.271815 0.038400
v 0.122924 0.280198 0.038400
v 0.112184 0.287894 0.038400
v 0.100962 0.294872 0.038400
v 0.089309 0.301101 0.038400
v 0.077273 0.306554 0.038400
v 0.064907 0.311209 0.038400
v 0.052262 0.315045 0.038400
v 0.039394 0.318045 0.038400
v 0.026357 0.320197 0.038400
v 0.013207 0.321493 0.038400
v 0.000000 0.321925 0.038400
v -0.013207 0.321493 0.038400
v -0.026357 0.320197 0.038400
v -0.039394 0.318045 0.038400
v -0.052262 0.315045 0.038400
v -0.064907 0.311209 0.038400
v -0.077273 0.306554 0.038400
v -0.089309 0.301101 0.038400
v -0.100962 0.294872 0.038400
v -0.112184 0.287894 0.038400
v -0.122924 0.280198 0.038400
v -0.133138 0.271815 0.038400
v -0.142783 0.262783 0.038400
v -0.151815 0.253138 0.038400
v -0.160198 0.242924 0.038400
v -0.167894 0.232184 0.038400
v -0.174872 0.220962 0.038400
v -0.181101 0.209309 0.038400
v -0.186554 0.197273 0.038400
v -0.191209 0.184907 0.038400
v -0.195045 0.172262 0.038400
v -0.198045 0.159394 0.038400
v -0.200198 0.146357 0.038400
v -0.201493 0.133207 0.038400
v -0.201925 0.120000 0.038400
v -0.201493 0.106793 0.038400
v -0.200198 0.093644 0.038400
v -0.198045 0.080606 0.038400
v -0.195045 0.067738 0.038400
v -0.191209 0.055093 0.038400
v -0.186554 0.042727 0.038400
v -0.181101 0.030691 0.038400
v -0.174872 0.019038 0.038400
v -0.167894 0.007816 0.038400
v -0.160198 -0.002924 0.038400
v -0.151815 -0.013138 0.038400
v -0.142783 -0.022783 0.038400
v -0.133138 -0.031815 0.038400
v -0.122924 -0.040198 0.038400
v -0.112184 -0.047895 0.038400
v -0.100962 -0.054872 0.038400
v -0.089309 -0.061101 0.038400
v -0.077273 -0.066554 0.038400
v -0.064907 -0.071209 0.038400
v -0.052262 -0.075045 0.038400
v -0.039394 -0.078045 0.038400
v -0.026357 -0.080198 0.038400
v -0.013207 -0.081493 0.038400
v -0.000000 -0.081925 0.038400
v 0.013207 -0.081493 0.038400
v 0.026357 -0.080198 0.038400
v 0.039394 -0.078045 0.038400
v 0.052262 -0.075045 0.038400
v 0.064907 -0.071209 0.038400
v 0.077273 -0.066554 0.038400
v 0.089309 -0.061101 0.038400
v 0.100962 -0.054872 0.038400
v 0.112184 -0.047895 0.038400
v 0.122924 -0.040198 0.038400
v 0.133138 -0.031815 0.038400
v 0.142783 -0.022783 0.038400
v 0.151815 -0.013138 0.038400
v 0.160198 -0.002924 0.038400
v 0.167894 0.007816 0.038400
v 0.174872 0.019038 0.038400
v 0.181101 0.030691 0.038400
v 0.186554 0.042727 0.038400
v 0.191209 0.055093 0.038400
v 0.195045 0.067738 0.038400
v 0.198045 0.080606 0.038400
v 0.200198 0.093644 0.038400
v 0.201493 0.106793 0.038400
v 0.205000 0.120000 0.064000
v 0.204561 0.133408 0.064000
v 0.203246 0.146758 0.064000
v 0.201061 0.159994 0.064000
v 0.198015 0.173058 0.064000
v 0.194121 0.185895 0.064000
v 0.189395 0.198450 0.064000
v 0.183859 0.210669 0.064000
v 0.177535 0.222500 0.064000
v 0.170451 0.233892 0.064000
v 0.162637 0.244796 0.064000
v 0.154127 0.255166 0.064000
v 0.144957 0.264957 0.064000
v 0.135166 0.274127 0.064000
v 0.124796 0.282637 0.064000
v 0.113892 0.290451 0.064000
v 0.102500 0.297535 0.064000
v 0.090669 0.303859 0.064000
v 0.078450 0.309395 0.064000
v 0.065895 0.314121 0.064000
v 0.053058 0.318015 0.064000
v 0.039994 0.321061 0.064000
v 0.026758 0.323246 0.064000
v 0.013408 0.324561 0.064000
v 0.000000 0.325000 0.064000
v -0.013408 0.324561 0.064000
v -0.026758 0.323246 0.064000
v -0.039994 0.321061 0.064000
v -0.053058 0.318015 0.064000
v -0.065895 0.314121 0.064000
v -0.078450 0.309395 0.064000
v -0.090669 0.303859 0.064000
v -0.102500 0.297535 0.064000
v -0.113892 0.290451 0.064000
v -0.124796 0.282637 0.064000
v -0.135166 0.274127 0.064000
v -0.144957 0.264957 0.064000
v -0.154127 0.255166 0.064000
v -0.162637 0.244796 0.064000
v -0.170451 0.233892 0.064000
v -0.177535 0.222500 0.064000
v -0.183859 0.210669 0.064000
v -0.189395 0.198450 0.064000
v -0.194121 0.185895 0.064000
v -0.198015 0.173058 0.064000
v -0.201061 0.159994 0.064000
v -0.203246 0.146758 0.064000
v -0.204561 0.133408 0.064000
v -0.205000 0.120000 0.064000
v -0.204561 0.106592 0.064000
v -0.203246 0.093242 0.064000
v -0.201061 0.080006 0.064000
v -0.198015 0.066942 0.064000
v -0.194121 0.054105 0.064000
v -0.189395 0.041550 0.064000
v -0.183859 0.029331 0.064000
v -0.177535 0.017500 0.064000
v -0.170451 0.006108 0.064000
v -0.162637 -0.004796 0.064000
v -0.154127 -0.015166 0.064000
v -0.144957 -0.024957 0.064000
v -0.135166 -0.034127 0.064000
v -0.124796 -0.042637 0.064000
v -0.113892 -0.050451 0.064000
v -0.102500 -0.057535 0.064000
v -0.090669 -0.063859 0.064000
v -0.078450 -0.069395 0.064000
v -0.065895 -0.074121 0.064000
v -0.053058 -0.078015 0.064000
v -0.039994 -0.081061 0.064000
v -0.026758 -0.083246 0.064000
v -0.013408 -0.084561 0.064000
v -0.000000 -0.085000 0.064000
v 0.013408 -0.084561 0.064000
v 0.026758 -0.083246 0.064000
v 0.039994 -0.081061 0.064000
v 0.053058 -0.078015 0.064000
v 0.065895 -0.074121 0.064000
v 0.078450 -0.069395 0.064000
v 0.090669 -0.063859 0.064000
v 0.102500 -0.057535 0.064000
v 0.113892 -0.050451 0.064000
v 0.124796 -0.042637 0.064000
v 0.135166 -0.034127 0.064000
v 0.144957 -0.024957 0.064000
v 0.154127 -0.015166 0.064000
v 0.162637 -0.004796 0.064000
v 0.170451 0.006108 0.064000
v 0.177535 0.017500 0.064000
v 0.183859 0.029331 0.064000
v 0.189395 0.041550 0.064000
v 0.194121 0.054105 0.064000
v 0.198015 0.066942 0.064000
v 0.201061 0.080006 0.064000
v 0.203246 0.093242 0.064000
v 0.204561 0.106592 0.064000
v 0.205000 0.120000 0.337000
v 0.204561 0.133408 0.337000
v 0.203246 0.146758 0.337000
v 0.201061 0.159994 0.337000
v 0.198015 0.173058 0.337000
v 0.194121 0.185895 0.337000
v 0.189395 0.198450 0.337000
v 0.183859 0.210669 0.337000
v 0.177535 0.222500 0.337000
v 0.170451 0.233892 0.337000
v 0.162637 0.244796 0.337000
v 0.154127 0.255166 0.337000
v 0.144957 0.264957 0.337000
v 0.135166 0.274127 0.337000
v 0.124796 0.282637 0.337000
v 0.113892 0.290451 0.337000
v 0.102500 0.297535 0.337000
v 0.090669 0.303859 0.337000
v 0.078450 0.309395 0.337000
v 0.065895 0.314121 0.337000
v 0.053058 0.318015 0.337000
v 0.039994 0.321061 0.337000
v 0.026758 0.323246 0.337000
v 0.013408 0.324561 0.337000
v 0.000000 0.325000 0.337000
v -0.013408 0.324561 0.337000
v -0.026758 0.323246 0.337000
v -0.039994 0.321061 0.337000
v -0.053058 0.318015 0.337000
v -0.065895 0.314121 0.337000
v -0.078450 0.309395 0.337000
v -0.090669 0.303859 0.337000
v -0.102500 0.297535 0.337000
v -0.113892 0.290451 0.337000
v -0.124796 0.282637 0.337000
v -0.135166 0.274127 0.337000
v -0.144957 0.264957 0.337000
v -0.154127 0.255166 0.337000
v -0.162637 0.244796 0.337000
v -0.170451 0.233892 0.337000
v -0.177535 0.222500 0.337000
v -0.183859 0.210669 0.337000
v -0.189395 0.198450 0.337000
v -0.194121 0.185895 0.337000
v -0.198015 0.173058 0.337000
v -0.201061 0.159994 0.337000
v -0.203246 0.146758 0.337000
v -0.204561 0.133408 0.337000
v -0.205000 0.120000 0.337000
v -0.204561 0.106592 0.337000
v -0.203246 0.093242 0.337000
v -0.201061 0.080006 0.337000
v -0.198015 0.066942 0.337000
v -0.194121 0.054105 0.337000
v -0.189395 0.041550 0.337000
v -0.183859 0.029331 0.337000
v -0.177535 0.017500 0.337000
v -0.170451 0.006108 0.337000
v -0.162637 -0.004796 0.337000
v -0.154127 -0.015166 0.337000
v -0.144957 -0.024957 0.337000
v -0.135166 -0.034127 0.337000
v -0.124796 -0.042637 0.337000
v -0.113892 -0.050451 0.337000
v -0.102500 -0.057535 0.337000
v -0.090669 -0.063859 0.337000
v -0.078450 -0.069395 0.337000
v -0.065895 -0.074121 0.337000
v -0.053058 -0.078015 0.337000
v -0.039994 -0.081061 0.337000
v -0.026758 -0.083246 0.337000
v -0.013408 -0.084561 0.337000
v -0.000000 -0.085000 0.337000
v 0.013408 -0.084561 0.337000
v 0.026758 -0.083246 0.337000
v 0.039994 -0.081061 0.337000
v 0.053058 -0.078015 0.337000
v 0.065895 -0.074121 0.337000
v 0.078450 -0.069395 0.337000
v 0.090669 -0.063859 0.337000
v 0.102500 -0.057535 0.337000
v 0.113892 -0.050451 0.337000
v 0.124796 -0.042637 0.337000
v 0.135166 -0.034127 0.337000
v 0.144957 -0.024957 0.337000
v 0.154127 -0.015166 0.337000
v 0.162637 -0.004796 0.337000
v 0.170451 0.006108 0.337000
v 0.177535 0.017500 0.337000
v 0.183859 0.029331 0.337000
v 0.189395 0.041550 0.337000
v 0.194121 0.054105 0.337000
v 0.198015 0.066942 0.337000
v 0.201061 0.080006 0.337000
v 0.203246 0.093242 0.337000
v 0.204561 0.106592 0.337000
v 0.195980 0.120000 0.384040
v 0.195560 0.132818 0.384040
v 0.194303 0.145581 0.384040
v 0.192214 0.158234 0.384040
v 0.189302 0.170723 0.384040
v 0.185579 0.182996 0.384040
v 0.181062 0.194998 0.384040
v 0.175769 0.206680 0.384040
v 0.169724 0.217990 0.384040
v 0.162951 0.228881 0.384040
v 0.155481 0.239305 0.384040
v 0.147346 0.249219 0.384040
v 0.138579 0.258579 0.384040
v 0.129219 0.267346 0.384040
v 0.119305 0.275481 0.384040
v 0.108881 0.282951 0.384040
v 0.097990 0.289724 0.384040
v 0.086680 0.295769 0.384040
v 0.074998 0.301062 0.384040
v 0.062996 0.305579 0.384040
v 0.050723 0.309302 0.384040
v 0.038234 0.312214 0.384040
v 0.025581 0.314303 0.384040
v 0.012818 0.315560 0.384040
v 0.000000 0.315980 0.384040
v -0.012818 0.315560 0.384040
v -0.025581 0.314303 0.384040
v -0.038234 0.312214 0.384040
v -0.050723 0.309302 0.384040
v -0.062996 0.305579 0.384040
v -0.074998 0.301062 0.384040
v -0.086680 0.295769 0.384040
v -0.097990 0.289724 0.384040
v -0.108881 0.282951 0.384040
v -0.119305 0.275481 0.384040
v -0.129219 0.267346 0.384040
v -0.138579 0.258579 0.384040
v -0.147346 0.249219 0.384040
v -0.155481 0.239305 0.384040
v -0.162951 0.228881 0.384040
v -0.169724 0.217990 0.384040
v -0.175769 0.206680 0.384040
v -0.181062 0.194998 0.384040
v -0.185579 0.182996 0.384040
v -0.189302 0.170723 0.384040
v -0.192214 0.158234 0.384040
v -0.194303 0.145581 0.384040
v -0.195560 0.132818 0.384040
v -0.195980 0.120000 0.384040
v -0.195560 0.107182 0.384040
v -0.194303 0.094419 0.384040
v -0.192214 0.081766 0.384040
v -0.189302 0.069277 0.384040
v -0.185579 0.057004 0.384040
v -0.181062 0.045002 0.384040
v -0.175769 0.033320 0.384040
v -0.169724 0.022010 0.384040
v -0.162951 0.011119 0.384040
v -0.155481 0.000695 0.384040
v -0.147346 -0.009219 0.384040
v -0.138579 -0.018579 0.384040
v -0.129219 -0.027346 0.384040
v -0.119305 -0.035481 0.384040
v -0.108881 -0.042951 0.384040
v -0.097990 -0.049724 0.384040
v -0.086680 -0.055769 0.384040
v -0.074998 -0.061062 0.384040
v -0.062996 -0.065579 0.384040
v -0.050723 -0.069302 0.384040
v -0.038234 -0.072214 0.384040
v -0.025581 -0.074303 0.384040
v -0.012818 -0.075560 0.384040
v -0.000000 -0.075980 0.384040
v 0.012818 -0.075560 0.384040
v 0.025581 -0.074303 0.384040
v 0.038234 -0.072214 0.384040
v 0.050723 -0.069302 0.384040
v 0.062996 -0.065579 0.384040
v 0.074998 -0.061062 0.384040
v 0.086680 -0.055769 0.384040
v 0.097990 -0.049724 0.384040
v 0.108881 -0.042951 0.384040
v 0.119305 -0.035481 0.384040
v 0.129219 -0.027346 0.384040
v 0.138579 -0.018579 0.384040
v 0.147346 -0.009219 0.384040
v 0.155481 0.000695 0.384040
v 0.162951 0.011119 0.384040
v 0.169724 0.022010 0.384040
v 0.175769 0.033320 0.384040
v 0.181062 0.045002 0.384040
v 0.185579 0.057004 0.384040
v 0.189302 0.069277 0.384040
v 0.192214 0.081766 0.384040
v 0.194303 0.094419 0.384040
v 0.195560 0.107182 0.384040
v 0.168100 0.120000 0.435000
v 0.167740 0.130994 0.435000
v 0.166662 0.141941 0.435000
v 0.164870 0.152795 0.435000
v 0.162372 0.163507 0.435000
v 0.159179 0.174034 0.435000
v 0.155304 0.184329 0.435000
v 0.150764 0.194349 0.435000
v 0.145579 0.204050 0.435000
v 0.139770 0.213391 0.435000
v 0.133363 0.222333 0.435000
v 0.126384 0.230836 0.435000
v 0.118865 0.238865 0.435000
v 0.110836 0.246384 0.435000
v 0.102333 0.253363 0.435000
v 0.093391 0.259770 0.435000
v 0.084050 0.265579 0.435000
v 0.074349 0.270764 0.435000
v 0.064329 0.275304 0.435000
v 0.054034 0.279179 0.435000
v 0.043507 0.282372 0.435000
v 0.032795 0.284870 0.435000
v 0.021941 0.286662 0.435000
v 0.010994 0.287740 0.435000
v 0.000000 0.288100 0.435000
v -0.010994 0.287740 0.435000
v -0.021941 0.286662 0.435000
v -0.032795 0.284870 0.435000
v -0.043507 0.282372 0.435000
v -0.054034 0.279179 0.435000
v -0.064329 0.275304 0.435000
v -0.074349 0.270764 0.435000
v -0.084050 0.265579 0.435000
v -0.093391 0.259770 0.435000
v -0.102333 0.253363 0.435000
v -0.110836 0.246384 0.435000
v -0.118865 0.238865 0.435000
v -0.126384 0.230836 0.435000
v -0.133363 0.222333 0.435000
v -0.139770 0.213391 0.435000
v -0.145579 0.204050 0.435000
v -0.150764 0.194349 0.435000
v -0.155304 0.184329 0.435000
v -0.159179 0.174034 0.435000
v -0.162372 0.163507 0.435000
v -0.164870 0.152795 0.435000
v -0.166662 0.141941 0.435000
v -0.167740 0.130994 0.435000
v -0.168100 0.120000 0.435000
v -0.167740 0.109006 0.435000
v -0.166662 0.098059 0.435000
v -0.164870 0.087205 0.435000
v -0.162372 0.076493 0.435000
v -0.159179 0.065966 0.435000
v -0.155304 0.055671 0.435000
v -0.150764 0.045651 0.435000
v -0.145579 0.035950 0.435000
v -0.139770 0.026609 0.435000
v -0.133363 0.017667 0.435000
v -0.126384 0.009164 0.435000
v -0.118865 0.001135 0.435000
v -0.110836 -0.006384 0.435000
v -0.102333 -0.013363 0.435000
v -0.093391 -0.019770 0.435000
v -0.084050 -0.025579 0.435000
v -0.074349 -0.030764 0.435000
v -0.064329 -0.035304 0.435000
v -0.054034 -0.039179 0.435000
v -0.043507 -0.042372 0.435000
v -0.032795 -0.044870 0.435000
v -0.021941 -0.046662 0.435000
v -0.010994 -0.047740 0.435000
v -0.000000 -0.048100 0.435000
v 0.010994 -0.047740 0.435000
v 0.021941 -0.046662 0.435000
v 0.032795 -0.044870 0.435000
v 0.043507 -0.042372 0.435000
v 0.054034 -0.039179 0.435000
v 0.064329 -0.035304 0.435000
v 0.074349 -0.030764 0.435000
v 0.084050 -0.025579 0.435000
v 0.093391 -0.019770 0.435000
v 0.102333 -0.013363 0.435000
v 0.110836 -0.006384 0.435000
v 0.118865 0.001135 0.435000
v 0.126384 0.009164 0.435000
v 0.133363 0.017667 0.435000
v 0.139770 0.026609 0.435000
v 0.145579 0.035950 0.435000
v 0.150764 0.045651 0.435000
v 0.155304 0.055671 0.435000
v 0.159179 0.065966 0.435000
v 0.162372 0.076493 0.435000
v 0.164870 0.087205 0.435000
v 0.166662 0.098059 0.435000
v 0.167740 0.109006 0.435000
v 0.117875 0.120000 0.489000
v 0.117623 0.127709 0.489000
v 0.116867 0.135386 0.489000
v 0.115610 0.142996 0.489000
v 0.113859 0.150508 0.489000
v 0.111619 0.157890 0.489000
v 0.108902 0.165109 0.489000
v 0.105719 0.172135 0.489000
v 0.102083 0.178937 0.489000
v 0.098009 0.185488 0.489000
v 0.093517 0.191758 0.489000
v 0.088623 0.197720 0.489000
v 0.083350 0.203350 0.489000
v 0.077720 0.208623 0.489000
v 0.071758 0.213517 0.489000
v 0.065488 0.218009 0.489000
v 0.058938 0.222083 0.489000
v 0.052135 0.225719 0.489000
v 0.045109 0.228902 0.489000
v 0.037890 0.231619 0.489000
v 0.030508 0.233859 0.489000
v 0.022996 0.235610 0.489000
v 0.015386 0.236867 0.489000
v 0.007709 0.237623 0.489000
v 0.000000 0.237875 0.489000
v -0.007709 0.237623 0.489000
v -0.015386 0.236867 0.489000
v -0.022996 0.235610 0.489000
v -0.030508 0.233859 0.489000
v -0.037890 0.231619 0.489000
v -0.045109 0.228902 0.489000
v -0.052135 0.225719 0.489000
v -0.058938 0.222083 0.489000
v -0.065488 0.218009 0.489000
v -0.071758 0.213517 0.489000
v -0.077720 0.208623 0.489000
v -0.083350 0.203350 0.489000
v -0.088623 0.197720 0.489000
v -0.093517 0.191758 0.489000
v -0.098009 0.185488 0.489000
v -0.102083 0.178937 0.489000
v -0.105719 0.172135 0.489000
v -0.108902 0.165109 0.489000
v -0.111619 0.157890 0.489000
v -0.113859 0.150508 0.489000
v -0.115610 0.142996 0.489000
v -0.116867 0.135386 0.489000
v -0.117623 0.127709 0.489000
v -0.117875 0.120000 0.489000
v -0.117623 0.112291 0.489000
v -0.116867 0.104614 0.489000
v -0.115610 0.097004 0.489000
v -0.113859 0.089492 0.489000
v -0.111619 0.082110 0.489000
v -0.108902 0.074891 0.489000
v -0.105719 0.067865 0.489000
v -0.102083 0.061062 0.489000
v -0.098009 0.054512 0.489000
v -0.093517 0.048242 0.489000
v -0.088623 0.042280 0.489000
v -0.083350 0.036650 0.489000
v -0.077720 0.031377 0.489000
v -0.071758 0.026483 0.489000
v -0.065488 0.021991 0.489000
v -0.058938 0.017917 0.489000
v -0.052135 0.014281 0.489000
v -0.045109 0.011098 0.489000
v -0.037890 0.008381 0.489000
v -0.030508 0.006141 0.489000
v -0.022996 0.004390 0.489000
v -0.015386 0.003133 0.489000
v -0.007709 0.002377 0.489000
v -0.000000 0.002125 0.489000
v 0.007709 0.002377 0.489000
v 0.015386 0.003133 0.489000
v 0.022996 0.004390 0.489000
v 0.030508 0.006141 0.489000
v 0.037890 0.008381 0.489000
v 0.045109 0.011098 0.489000
v 0.052135 0.014281 0.489000
v 0.058938 0.017917 0.489000
v 0.065488 0.021991 0.489000
v 0.071758 0.026483 0.489000
v 0.077720 0.031377 0.489000
v 0.083350 0.036650 0.489000
v 0.088623 0.042280 0.489000
v 0.093517 0.048242 0.489000
v 0.098009 0.054512 0.489000
v 0.102083 0.061062 0.489000
v 0.105719 0.067865 0.489000
v 0.108902 0.074891 0.489000
v 0.111619 0.082110 0.489000
v 0.113859 0.089492 0.489000
v 0.115610 0.097004 0.489000
v 0.116867 0.104614 0.489000
v 0.117623 0.112291 0.489000
v 0.095325 0.120000 0.522000
v 0.095121 0.126235 0.522000
v 0.094509 0.132442 0.522000
v 0.093493 0.138597 0.522000
v 0.092077 0.144672 0.522000
v 0.090266 0.150641 0.522000
v 0.088069 0.156479 0.522000
v 0.085494 0.162161 0.522000
v 0.082554 0.167663 0.522000
v 0.079260 0.172960 0.522000
v 0.075626 0.178030 0.522000
v 0.071669 0.182852 0.522000
v 0.067405 0.187405 0.522000
v 0.062852 0.191669 0.522000
v 0.058030 0.195626 0.522000
v 0.052960 0.199260 0.522000
v 0.047663 0.202554 0.522000
v 0.042161 0.205494 0.522000
v 0.036479 0.208069 0.522000
v 0.030641 0.210266 0.522000
v 0.024672 0.212077 0.522000
v 0.018597 0.213493 0.522000
v 0.012442 0.214509 0.522000
v 0.006235 0.215121 0.522000
v 0.000000 0.215325 0.522000
v -0.006235 0.215121 0.522000
v -0.012442 0.214509 0.522000
v -0.018597 0.213493 0.522000
v -0.024672 0.212077 0.522000
v -0.030641 0.210266 0.522000
v -0.036479 0.208069 0.522000
v -0.042161 0.205494 0.522000
v -0.047663 0.202554 0.522000
v -0.052960 0.199260 0.522000
v -0.058030 0.195626 0.522000
v -0.062852 0.191669 0.522000
v -0.067405 0.187405 0.522000
v -0.071669 0.182852 0.522000
v -0.075626 0.178030 0.522000
v -0.079260 0.172960 0.522000
v -0.082554 0.167663 0.522000
v -0.085494 0.162161 0.522000
v -0.088069 0.156479 0.522000
v -0.090266 0.150641 0.522000
v -0.092077 0.144672 0.522000
v -0.093493 0.138597 0.522000
v -0.094509 0.132442 0.522000
v -0.095121 0.126235 0.522000
v -0.095325 0.120000 0.522000
v -0.095121 0.113765 0.522000
v -0.094509 0.107558 0.522000
v -0.093493 0.101403 0.522000
v -0.092077 0.095328 0.522000
v -0.090266 0.089359 0.522000
v -0.088069 0.083521 0.522000
v -0.085494 0.077839 0.522000
v -0.082554 0.072338 0.522000
v -0.079260 0.067040 0.522000
v -0.075626 0.061970 0.522000
v -0.071669 0.057148 0.522000
v -0.067405 0.052595 0.522000
v -0.062852 0.048331 0.522000
v -0.058030 0.044374 0.522000
v -0.052960 0.040740 0.522000
v -0.047663 0.037446 0.522000
v -0.042161 0.034506 0.522000
v -0.036479 0.031931 0.522000
v -0.030641 0.029734 0.522000
v -0.024672 0.027923 0.522000
v -0.018597 0.026507 0.522000
v -0.012442 0.025491 0.522000
v -0.006235 0.024879 0.522000
v -0.000000 0.024675 0.522000
v 0.006235 0.024879 0.522000
v 0.012442 0.025491 0.522000
v 0.018597 0.026507 0.522000
v 0.024672 0.027923 0.522000
v 0.030641 0.029734 0.522000
v 0.036479 0.031931 0.522000
v 0.042161 0.034506 0.522000
v 0.047663 0.037446 0.522000
v 0.052960 0.040740 0.522000
v 0.058030 0.044374 0.522000
v 0.062852 0.048331 0.522000
v 0.067405 0.052595 0.522000
v 0.071669 0.057148 0.522000
v 0.075626 0.061970 0.522000
v 0.079260 0.067040 0.522000
v 0.082554 0.072338 0.522000
v 0.085494 0.077839 0.522000
v 0.088069 0.083521 0.522000
v 0.090266 0.089359 0.522000
v 0.092077 0.095328 0.522000
v 0.093493 0.101403 0.522000
v 0.094509 0.107558 0.522000
v 0.095121 0.113765 0.522000
v 0.095325 0.120000 0.554000
v 0.095121 0.126235 0.554000
v 0.094509 0.132442 0.554000
v 0.093493 0.138597 0.554000
v 0.092077 0.144672 0.554000
v 0.090266 0.150641 0.554000
v 0.088069 0.156479 0.554000
v 0.085494 0.162161 0.554000
v 0.082554 0.167663 0.554000
v 0.079260 0.172960 0.554000
v 0.075626 0.178030 0.554000
v 0.071669 0.182852 0.554000
v 0.067405 0.187405 0.554000
v 0.062852 0.191669 0.554000
v 0.058030 0.195626 0.554000
v 0.052960 0.199260 0.554000
v 0.047663 0.202554 0.554000
v 0.042161 0.205494 0.554000
v 0.036479 0.208069 0.554000
v 0.030641 0.210266 0.554000
v 0.024672 0.212077 0.554000
v 0.018597 0.213493 0.554000
v 0.012442 0.214509 0.554000
v 0.006235 0.215121 0.554000
v 0.000000 0.215325 0.554000
v -0.006235 0.215121 0.554000
v -0.012442 0.214509 0.554000
v -0.018597 0.213493 0.554000
v -0.024672 0.212077 0.554000
v -0.030641 0.210266 0.554000
v -0.036479 0.208069 0.554000
v -0.042161 0.205494 0.554000
v -0.047663 0.202554 0.554000
v -0.052960 0.199260 0.554000
v -0.058030 0.195626 0.554000
v -0.062852 0.191669 0.554000
v -0.067405 0.187405 0.554000
v -0.071669 0.182852 0.554000
v -0.075626 0.178030 0.554000
v -0.079260 0.172960 0.554000
v -0.082554 0.167663 0.554000
v -0.085494 0.162161 0.554000
v -0.088069 0.156479 0.554000
v -0.090266 0.150641 0.554000
v -0.092077 0.144672 0.554000
v -0.093493 0.138597 0.554000
v -0.094509 0.132442 0.554000
v -0.095121 0.126235 0.554000
v -0.095325 0.120000 0.554000
v -0.095121 0.113765 0.554000
v -0.094509 0.107558 0.554000
v -0.093493 0.101403 0.554000
v -0.092077 0.095328 0.554000
v -0.090266 0.089359 0.554000
v -0.088069 0.083521 0.554000
v -0.085494 0.077839 0.554000
v -0.082554 0.072338 0.554000
v -0.079260 0.067040 0.554000
v -0.075626 0.061970 0.554000
v -0.071669 0.057148 0.554000
v -0.067405 0.052595 0.554000
v -0.062852 0.048331 0.554000
v -0.058030 0.044374 0.554000
v -0.052960 0.040740 0.554000
v -0.047663 0.037446 0.554000
v -0.042161 0.034506 0.554000
v -0.036479 0.031931 0.554000
v -0.030641 0.029734 0.554000
v -0.024672 0.027923 0.554000
v -0.018597 0.026507 0.554000
v -0.012442 0.025491 0.554000
v -0.006235 0.024879 0.554000
v -0.000000 0.024675 0.554000
v 0.006235 0.024879 0.554000
v 0.012442 0.025491 0.554000
v 0.018597 0.026507 0.554000
v 0.024672 0.027923 0.554000
v 0.030641 0.029734 0.554000
v 0.036479 0.031931 0.554000
v 0.042161 0.034506 0.554000
v 0.047663 0.037446 0.554000
v 0.052960 0.040740 0.554000
v 0.058030 0.044374 0.554000
v 0.062852 0.048331 0.554000
v 0.067405 0.052595 0.554000
v 0.071669 0.057148 0.554000
v 0.075626 0.061970 0.554000
v 0.079260 0.067040 0.554000
v 0.082554 0.072338 0.554000
v 0.085494 0.077839 0.554000
v 0.088069 0.083521 0.554000
v 0.090266 0.089359 0.554000
v 0.092077 0.095328 0.554000
v 0.093493 0.101403 0.554000
v 0.094509 0.107558 0.554000
v 0.095121 0.113765 0.554000
v 0.000000 0.120000 0.554000
v 0.000000 0.120000 0.000000
vn 0.4135 -0.0000 -0.9105
vn 0.4126 0.0270 -0.9105
vn 0.6861 0.0450 -0.7261
vn 0.6876 -0.0000 -0.7261
vn 0.4099 0.0540 -0.9105
vn 0.6817 0.0898 -0.7261
vn 0.4055 0.0807 -0.9105
vn 0.6744 0.1341 -0.7261
vn 0.3994 0.1070 -0.9105
vn 0.6642 0.1780 -0.7261
vn 0.3915 0.1329 -0.9105
vn 0.6511 0.2210 -0.7261
vn 0.3820 0.1582 -0.9105
vn 0.6353 0.2631 -0.7261
vn 0.3708 0.1829 -0.9105
vn 0.6167 0.3041 -0.7261
vn 0.3581 0.2067 -0.9105
vn 0.5955 0.3438 -0.7261
vn 0.3438 0.2297 -0.9105
vn 0.5717 0.3820 -0.7261
vn 0.3280 0.2517 -0.9105
vn 0.5455 0.4186 -0.7261
vn 0.3109 0.2726 -0.9105
vn 0.5170 0.4534 -0.7261
vn 0.2924 0.2924 -0.9105
vn 0.4862 0.4862 -0.7261
vn 0.2726 0.3109 -0.9105
vn 0.4534 0.5170 -0.7261
vn 0.2517 0.3280 -0.9105
vn 0.4186 0.5455 -0.7261
vn 0.2297 0.3438 -0.9105
vn 0.3820 0.5717 -0.7261
vn 0.2067 0.3581 -0.9105
vn 0.3438 0.5955 -0.7261
vn 0.1829 0.3708 -0.9105
vn 0.3041 0.6167 -0.7261
vn 0.1582 0.3820 -0.9105
vn 0.2631 0.6353 -0.7261
vn 0.1329 0.3915 -0.9105
vn 0.2210 0.6511 -0.7261
vn 0.1070 0.3994 -0.9105
vn 0.1780 0.6642 -0.7261
vn 0.0807 0.4055 -0.9105
vn 0.1341 0.6744 -0.7261
vn 0.0540 0.4099 -0.9105
vn 0.0898 0.6817 -0.7261
vn 0.0270 0.4126 -0.9105
vn 0.0450 0.6861 -0.7261
vn -0.0000 0.4135 -0.9105
vn -0.0000 0.6876 -0.7261
vn -0.0270 0.4126 -0.9105
vn -0.0450 0.6861 -0.7261
vn -0.0540 0.4099 -0.9105
vn -0.0898 0.6817 -0.7261
vn -0.0807 0.4055 -0.9105
vn -0.1341 0.6744 -0.7261
vn -0.1070 0.3994 -0.9105
vn -0.1780 0.6642 -0.7261
vn -0.1329 0.3915 -0.9105
vn -0.2210 0.6511 -0.7261
vn -0.1582 0.3820 -0.9105
vn -0.2631 0.6353 -0.7261
vn -0.1829 0.3708 -0.9105
vn -0.3041 0.6167 -0.7261
vn -0.2067 0.3581 -0.9105
vn -0.3438 0.5955 -0.7261
vn -0.2297 0.3438 -0.9105
vn -0.3820 0.5717 -0.7261
vn -0.2517 0.3280 -0.9105
vn -0.4186 0.5455 -0.7261
vn -0.2726 0.3109 -0.9105
vn -0.4534 0.5170 -0.7261
vn -0.2924 0.2924 -0.9105
vn -0.4862 0.4862 -0.7261
vn -0.3109 0.2726 -0.9105
vn -0.5170 0.4534 -0.7261
vn -0.3280 0.2517 -0.9105
vn -0.5455 0.4186 -0.7261
vn -0.3438 0.2297 -0.9105
vn -0.5717 0.3820 -0.7261
vn -0.3581 0.2067 -0.9105
vn -0.5955 0.3438 -0.7261
vn -0.3708 0.1829 -0.9105
vn -0.6167 0.3041 -0.7261
vn -0.3820 0.1582 -0.9105
vn -0.6353 0.2631 -0.7261
vn -0.3915 0.1329 -0.9105
vn -0.6511 0.2210 -0.7261
vn -0.3994 0.1070 -0.9105
vn -0.6642 0.1780 -0.7261
vn -0.4055 0.0807 -0.9105
vn -0.6744 0.1341 -0.7261
vn -0.4099 0.0540 -0.9105
vn -0.6817 0.0898 -0.7261
vn -0.4126 0.0270 -0.9105
vn -0.6861 0.0450 -0.7261
vn -0.4135 -0.0000 -0.9105
vn -0.6876 -0.0000 -0.7261
vn -0.4126 -0.0270 -0.9105
vn -0.6861 -0.0450 -0.7261
vn -0.4099 -0.0540 -0.9105
vn -0.6817 -0.0898 -0.7261
vn -0.4055 -0.0807 -0.9105
vn -0.6744 -0.1341 -0.7261
vn -0.3994 -0.1070 -0.9105
vn -0.6642 -0.1780 -0.7261
vn -0.3915 -0.1329 -0.9105
vn -0.6511 -0.2210 -0.7261
vn -0.3820 -0.1582 -0.9105
vn -0.6353 -0.2631 -0.7261
vn -0.3708 -0.1829 -0.9105
vn -0.6167 -0.3041 -0.7261
vn -0.3581 -0.2067 -0.9105
vn -0.5955 -0.3438 -0.7261
vn -0.3438 -0.2297 -0.9105
vn -0.5717 -0.3820 -0.7261
vn -0.3280 -0.2517 -0.9105
vn -0.5455 -0.4186 -0.7261
vn -0.3109 -0.2726 -0.9105
vn -0.5170 -0.4534 -0.7261
vn -0.2924 -0.2924 -0.9105
vn -0.4862 -0.4862 -0.7261
vn -0.2726 -0.3109 -0.9105
vn -0.4534 -0.5170 -0.7261
vn -0.2517 -0.3280 -0.9105
vn -0.4186 -0.5455 -0.7261
vn -0.2297 -0.3438 -0.9105
vn -0.3820 -0.5717 -0.7261
vn -0.2067 -0.3581 -0.9105
vn -0.3438 -0.5955 -0.7261
vn -0.1829 -0.3708 -0.9105
vn -0.3041 -0.6167 -0.7261
vn -0.1582 -0.3820 -0.9105
vn -0.2631 -0.6353 -0.7261
vn -0.1329 -0.3915 -0.9105
vn -0.2210 -0.6511 -0.7261
vn -0.1070 -0.3994 -0.9105
vn -0.1780 -0.6642 -0.7261
vn -0.0807 -0.4055 -0.9105
vn -0.1341 -0.6744 -0.7261
vn -0.0540 -0.4099 -0.9105
vn -0.0898 -0.6817 -0.7261
vn -0.0270 -0.4126 -0.9105
vn -0.0450 -0.6861 -0.7261
vn -0.0000 -0.4135 -0.9105
vn -0.0000 -0.6876 -0.7261
vn 0.0270 -0.4126 -0.9105
vn 0.0450 -0.6861 -0.7261
vn 0.0540 -0.4099 -0.9105
vn 0.0898 -0.6817 -0.7261
vn 0.0807 -0.4055 -0.9105
vn 0.1341 -0.6744 -0.7261
vn 0.1070 -0.3994 -0.9105
vn 0.1780 -0.6642 -0.7261
vn 0.1329 -0.3915 -0.9105
vn 0.2210 -0.6511 -0.7261
vn 0.1582 -0.3820 -0.9105
vn 0.2631 -0.6353 -0.7261
vn 0.1829 -0.3708 -0.9105
vn 0.3041 -0.6167 -0.7261
vn 0.2067 -0.3581 -0.9105
vn 0.3438 -0.5955 -0.7261
vn 0.2297 -0.3438 -0.9105
vn 0.3820 -0.5717 -0.7261
vn 0.2517 -0.3280 -0.9105
vn 0.4186 -0.5455 -0.7261
vn 0.2726 -0.3109 -0.9105
vn 0.4534 -0.5170 -0.7261
vn 0.2924 -0.2924 -0.9105
vn 0.4862 -0.4862 -0.7261
vn 0.3109 -0.2726 -0.9105
vn 0.5170 -0.4534 -0.7261
vn 0.3280 -0.2517 -0.9105
vn 0.5455 -0.4186 -0.7261
vn 0.3438 -0.2297 -0.9105
vn 0.5717 -0.3820 -0.7261
vn 0.3581 -0.2067 -0.9105
vn 0.5955 -0.3438 -0.7261
vn 0.3708 -0.1829 -0.9105
vn 0.6167 -0.3041 -0.7261
vn 0.3820 -0.1582 -0.9105
vn 0.6353 -0.2631 -0.7261
vn 0.3915 -0.1329 -0.9105
vn 0.6511 -0.2210 -0.7261
vn 0.3994 -0.1070 -0.9105
vn 0.6642 -0.1780 -0.7261
vn 0.4055 -0.0807 -0.9105
vn 0.6744 -0.1341 -0.7261
vn 0.4099 -0.0540 -0.9105
vn 0.6817 -0.0898 -0.7261
vn 0.4126 -0.0270 -0.9105
vn 0.6861 -0.0450 -0.7261
vn 0.9522 0.0624 -0.2992
vn 0.9542 -0.0000 -0.2992
vn 0.9460 0.1245 -0.2992
vn 0.9359 0.1862 -0.2992
vn 0.9217 0.2470 -0.2992
vn 0.9036 0.3067 -0.2992
vn 0.8816 0.3652 -0.2992
vn 0.8558 0.4220 -0.2992
vn 0.8264 0.4771 -0.2992
vn 0.7934 0.5301 -0.2992
vn 0.7570 0.5809 -0.2992
vn 0.7174 0.6292 -0.2992
vn 0.6747 0.6747 -0.2992
vn 0.6291 0.7174 -0.2992
vn 0.5809 0.7570 -0.2992
vn 0.5301 0.7934 -0.2992
vn 0.4771 0.8264 -0.2992
vn 0.4220 0.8558 -0.2992
vn 0.3652 0.8816 -0.2992
vn 0.3067 0.9036 -0.2992
vn 0.2470 0.9217 -0.2992
vn 0.1862 0.9359 -0.2992
vn 0.1245 0.9460 -0.2992
vn 0.0624 0.9522 -0.2992
vn -0.0000 0.9542 -0.2992
vn -0.0624 0.9522 -0.2992
vn -0.1245 0.9460 -0.2992
vn -0.1862 0.9359 -0.2992
vn -0.2470 0.9217 -0.2992
vn -0.3067 0.9036 -0.2992
vn -0.3652 0.8816 -0.2992
vn -0.4220 0.8558 -0.2992
vn -0.4771 0.8264 -0.2992
vn -0.5301 0.7934 -0.2992
vn -0.5809 0.7570 -0.2992
vn -0.6292 0.7174 -0.2992
vn -0.6747 0.6747 -0.2992
vn -0.7174 0.6292 -0.2992
vn -0.7570 0.5809 -0.2992
vn -0.7934 0.5301 -0.2992
vn -0.8264 0.4771 -0.2992
vn -0.8558 0.4220 -0.2992
vn -0.8816 0.3652 -0.2992
vn -0.9036 0.3067 -0.2992
vn -0.9217 0.2470 -0.2992
vn -0.9359 0.1862 -0.2992
vn -0.9460 0.1245 -0.2992
vn -0.9522 0.0624 -0.2992
vn -0.9542 -0.0000 -0.2992
vn -0.9522 -0.0624 -0.2992
vn -0.9460 -0.1245 -0.2992
vn -0.9359 -0.1862 -0.2992
vn -0.9217 -0.2470 -0.2992
vn -0.9036 -0.3067 -0.2992
vn -0.8816 -0.3652 -0.2992
vn -0.8558 -0.4220 -0.2992
vn -0.8264 -0.4771 -0.2992
vn -0.7934 -0.5301 -0.2992
vn -0.7570 -0.5809 -0.2992
vn -0.7174 -0.6292 -0.2992
vn -0.6747 -0.6747 -0.2992
vn -0.6292 -0.7174 -0.2992
vn -0.5809 -0.7570 -0.2992
vn -0.5301 -0.7934 -0.2992
vn -0.4771 -0.8264 -0.2992
vn -0.4220 -0.8558 -0.2992
vn -0.3652 -0.8816 -0.2992
vn -0.3067 -0.9036 -0.2992
vn -0.2470 -0.9217 -0.2992
vn -0.1862 -0.9359 -0.2992
vn -0.1245 -0.9460 -0.2992
vn -0.0624 -0.9522 -0.2992
vn -0.0000 -0.9542 -0.2992
vn 0.0624 -0.9522 -0.2992
vn 0.1245 -0.9460 -0.2992
vn 0.1862 -0.9359 -0.2992
vn 0.2470 -0.9217 -0.2992
vn 0.3067 -0.9036 -0.2992
vn 0.3652 -0.8816 -0.2992
vn 0.4220 -0.8558 -0.2992
vn 0.4771 -0.8264 -0.2992
vn 0.5301 -0.7934 -0.2992
vn 0.5809 -0.7570 -0.2992
vn 0.6292 -0.7174 -0.2992
vn 0.6747 -0.6747 -0.2992
vn 0.7174 -0.6292 -0.2992
vn 0.7570 -0.5809 -0.2992
vn 0.7934 -0.5301 -0.2992
vn 0.8264 -0.4771 -0.2992
vn 0.8558 -0.4220 -0.2992
vn 0.8816 -0.3652 -0.2992
vn 0.9036 -0.3067 -0.2992
vn 0.9217 -0.2470 -0.2992
vn 0.9359 -0.1862 -0.2992
vn 0.9460 -0.1245 -0.2992
vn 0.9522 -0.0624 -0.2992
vn 0.9961 0.0653 -0.0597
vn 0.9982 -0.0000 -0.0597
vn 0.9897 0.1303 -0.0597
vn 0.9790 0.1947 -0.0597
vn 0.9642 0.2584 -0.0597
vn 0.9452 0.3209 -0.0597
vn 0.9222 0.3820 -0.0597
vn 0.8953 0.4415 -0.0597
vn 0.8645 0.4991 -0.0597
vn 0.8300 0.5546 -0.0597
vn 0.7919 0.6077 -0.0597
vn 0.7505 0.6582 -0.0597
vn 0.7058 0.7058 -0.0597
vn 0.6582 0.7505 -0.0597
vn 0.6077 0.7919 -0.0597
vn 0.5546 0.8300 -0.0597
vn 0.4991 0.8645 -0.0597
vn 0.4415 0.8953 -0.0597
vn 0.3820 0.9222 -0.0597
vn 0.3209 0.9452 -0.0597
vn 0.2584 0.9642 -0.0597
vn 0.1947 0.9790 -0.0597
vn 0.1303 0.9897 -0.0597
vn 0.0653 0.9961 -0.0597
vn -0.0000 0.9982 -0.0597
vn -0.0653 0.9961 -0.0597
vn -0.1303 0.9897 -0.0597
vn -0.1947 0.9790 -0.0597
vn -0.2584 0.9642 -0.0597
vn -0.3209 0.9452 -0.0597
vn -0.3820 0.9222 -0.0597
vn -0.4415 0.8953 -0.0597
vn -0.4991 0.8645 -0.0597
vn -0.5546 0.8300 -0.0597
vn -0.6077 0.7919 -0.0597
vn -0.6582 0.7505 -0.0597
vn -0.7058 0.7058 -0.0597
vn -0.7505 0.6582 -0.0597
vn -0.7919 0.6077 -0.0597
vn -0.8300 0.5546 -0.0597
vn -0.8645 0.4991 -0.0597
vn -0.8953 0.4415 -0.0597
vn -0.9222 0.3820 -0.0597
vn -0.9452 0.3209 -0.0597
vn -0.9642 0.2584 -0.0597
vn -0.9790 0.1947 -0.0597
vn -0.9897 0.1303 -0.0597
vn -0.9961 0.0653 -0.0597
vn -0.9982 -0.0000 -0.0597
vn -0.9961 -0.0653 -0.0597
vn -0.9897 -0.1303 -0.0597
vn -0.9790 -0.1947 -0.0597
vn -0.9642 -0.2584 -0.0597
vn -0.9452 -0.3209 -0.0597
vn -0.9222 -0.3820 -0.0597
vn -0.8953 -0.4415 -0.0597
vn -0.8645 -0.4991 -0.0597
vn -0.8300 -0.5546 -0.0597
vn -0.7919 -0.6077 -0.0597
vn -0.7505 -0.6582 -0.0597
vn -0.7058 -0.7058 -0.0597
vn -0.6582 -0.7505 -0.0597
vn -0.6077 -0.7919 -0.0597
vn -0.5546 -0.8300 -0.0597
vn -0.4991 -0.8645 -0.0597
vn -0.4415 -0.8953 -0.0597
vn -0.3820 -0.9222 -0.0597
vn -0.3209 -0.9452 -0.0597
vn -0.2584 -0.9642 -0.0597
vn -0.1947 -0.9790 -0.0597
vn -0.1303 -0.9897 -0.0597
vn -0.0653 -0.9961 -0.0597
vn -0.0000 -0.9982 -0.0597
vn 0.0653 -0.9961 -0.0597
vn 0.1303 -0.9897 -0.0597
vn 0.1947 -0.9790 -0.0597
vn 0.2584 -0.9642 -0.0597
vn 0.3209 -0.9452 -0.0597
vn 0.3820 -0.9222 -0.0597
vn 0.4415 -0.8953 -0.0597
vn 0.4991 -0.8645 -0.0597
vn 0.5546 -0.8300 -0.0597
vn 0.6077 -0.7919 -0.0597
vn 0.6582 -0.7505 -0.0597
vn 0.7058 -0.7058 -0.0597
vn 0.7505 -0.6582 -0.0597
vn 0.7919 -0.6077 -0.0597
vn 0.8300 -0.5546 -0.0597
vn 0.8645 -0.4991 -0.0597
vn 0.8953 -0.4415 -0.0597
vn 0.9222 -0.3820 -0.0597
vn 0.9452 -0.3209 -0.0597
vn 0.9642 -0.2584 -0.0597
vn 0.9790 -0.1947 -0.0597
vn 0.9897 -0.1303 -0.0597
vn 0.9961 -0.0653 -0.0597
vn 0.9934 0.0651 0.0944
vn 0.9955 -0.0000 0.0944
vn 0.9870 0.1299 0.0944
vn 0.9764 0.1942 0.0944
vn 0.9616 0.2577 0.0944
vn 0.9427 0.3200 0.0944
vn 0.9198 0.3810 0.0944
vn 0.8929 0.4403 0.0944
vn 0.8622 0.4978 0.0944
vn 0.8278 0.5531 0.0944
vn 0.7898 0.6060 0.0944
vn 0.7485 0.6564 0.0944
vn 0.7039 0.7039 0.0944
vn 0.6564 0.7485 0.0944
vn 0.6060 0.7898 0.0944
vn 0.5531 0.8278 0.0944
vn 0.4978 0.8622 0.0944
vn 0.4403 0.8929 0.0944
vn 0.3810 0.9198 0.0944
vn 0.3200 0.9427 0.0944
vn 0.2577 0.9616 0.0944
vn 0.1942 0.9764 0.0944
vn 0.1299 0.9870 0.0944
vn 0.0651 0.9934 0.0944
vn -0.0000 0.9955 0.0944
vn -0.0651 0.9934 0.0944
vn -0.1299 0.9870 0.0944
vn -0.1942 0.9764 0.0944
vn -0.2577 0.9616 0.0944
vn -0.3200 0.9427 0.0944
vn -0.3810 0.9198 0.0944
vn -0.4403 0.8929 0.0944
vn -0.4978 0.8622 0.0944
vn -0.5531 0.8278 0.0944
vn -0.6060 0.7898 0.0944
vn -0.6564 0.7485 0.0944
vn -0.7039 0.7039 0.0944
vn -0.7485 0.6564 0.0944
vn -0.7898 0.6060 0.0944
vn -0.8278 0.5531 0.0944
vn -0.8622 0.4978 0.0944
vn -0.8929 0.4403 0.0944
vn -0.9198 0.3810 0.0944
vn -0.9427 0.3200 0.0944
vn -0.9616 0.2577 0.0944
vn -0.9764 0.1942 0.0944
vn -0.9870 0.1299 0.0944
vn -0.9934 0.0651 0.0944
vn -0.9955 -0.0000 0.0944
vn -0.9934 -0.0651 0.0944
vn -0.9870 -0.1299 0.0944
vn -0.9764 -0.1942 0.0944
vn -0.9616 -0.2577 0.0944
vn -0.9427 -0.3200 0.0944
vn -0.9198 -0.3810 0.0944
vn -0.8929 -0.4403 0.0944
vn -0.8622 -0.4978 0.0944
vn -0.8278 -0.5531 0.0944
vn -0.7898 -0.6060 0.0944
vn -0.7485 -0.6564 0.0944
vn -0.7039 -0.7039 0.0944
vn -0.6564 -0.7485 0.0944
vn -0.6060 -0.7898 0.0944
vn -0.5531 -0.8278 0.0944
vn -0.4978 -0.8622 0.0944
vn -0.4403 -0.8929 0.0944
vn -0.3810 -0.9198 0.0944
vn -0.3200 -0.9427 0.0944
vn -0.2577 -0.9616 0.0944
vn -0.1942 -0.9764 0.0944
vn -0.1299 -0.9870 0.0944
vn -0.0651 -0.9934 0.0944
vn -0.0000 -0.9955 0.0944
vn 0.0651 -0.9934 0.0944
vn 0.1299 -0.9870 0.0944
vn 0.1942 -0.9764 0.0944
vn 0.2577 -0.9616 0.0944
vn 0.3200 -0.9427 0.0944
vn 0.3810 -0.9198 0.0944
vn 0.4403 -0.8929 0.0944
vn 0.4978 -0.8622 0.0944
vn 0.5531 -0.8278 0.0944
vn 0.6060 -0.7898 0.0944
vn 0.6564 -0.7485 0.0944
vn 0.7039 -0.7039 0.0944
vn 0.7485 -0.6564 0.0944
vn 0.7898 -0.6060 0.0944
vn 0.8278 -0.5531 0.0944
vn 0.8622 -0.4978 0.0944
vn 0.8929 -0.4403 0.0944
vn 0.9198 -0.3810 0.0944
vn 0.9427 -0.3200 0.0944
vn 0.9616 -0.2577 0.0944
vn 0.9764 -0.1942 0.0944
vn 0.9870 -0.1299 0.0944
vn 0.9934 -0.0651 0.0944
vn 0.9394 0.0616 0.3372
vn 0.9414 -0.0000 0.3372
vn 0.9334 0.1229 0.3372
vn 0.9233 0.1837 0.3372
vn 0.9094 0.2437 0.3372
vn 0.8915 0.3026 0.3372
vn 0.8698 0.3603 0.3372
vn 0.8443 0.4164 0.3372
vn 0.8153 0.4707 0.3372
vn 0.7828 0.5230 0.3372
vn 0.7469 0.5731 0.3372
vn 0.7078 0.6207 0.3372
vn 0.6657 0.6657 0.3372
vn 0.6207 0.7078 0.3372
vn 0.5731 0.7469 0.3372
vn 0.5230 0.7828 0.3372
vn 0.4707 0.8153 0.3372
vn 0.4164 0.8443 0.3372
vn 0.3603 0.8698 0.3372
vn 0.3026 0.8915 0.3372
vn 0.2437 0.9094 0.3372
vn 0.1837 0.9233 0.3372
vn 0.1229 0.9334 0.3372
vn 0.0616 0.9394 0.3372
vn -0.0000 0.9414 0.3372
vn -0.0616 0.9394 0.3372
vn -0.1229 0.9334 0.3372
vn -0.1837 0.9233 0.3372
vn -0.2437 0.9094 0.3372
vn -0.3026 0.8915 0.3372
vn -0.3603 0.8698 0.3372
vn -0.4164 0.8443 0.3372
vn -0.4707 0.8153 0.3372
vn -0.5230 0.7828 0.3372
vn -0.5731 0.7469 0.3372
vn -0.6207 0.7078 0.3372
vn -0.6657 0.6657 0.3372
vn -0.7078 0.6207 0.3372
vn -0.7469 0.5731 0.3372
vn -0.7828 0.5230 0.3372
vn -0.8153 0.4707 0.3372
vn -0.8443 0.4164 0.3372
vn -0.8698 0.3603 0.3372
vn -0.8915 0.3026 0.3372
vn -0.9094 0.2437 0.3372
vn -0.9233 0.1837 0.3372
vn -0.9334 0.1229 0.3372
vn -0.9394 0.0616 0.3372
vn -0.9414 -0.0000 0.3372
vn -0.9394 -0.0616 0.3372
vn -0.9334 -0.1229 0.3372
vn -0.9233 -0.1837 0.3372
vn -0.9094 -0.2437 0.3372
vn -0.8915 -0.3026 0.3372
vn -0.8698 -0.3603 0.3372
vn -0.8443 -0.4164 0.3372
vn -0.8153 -0.4707 0.3372
vn -0.7828 -0.5230 0.3372
vn -0.7469 -0.5731 0.3372
vn -0.7078 -0.6207 0.3372
vn -0.6657 -0.6657 0.3372
vn -0.6207 -0.7078 0.3372
vn -0.5731 -0.7469 0.3372
vn -0.5230 -0.7828 0.3372
vn -0.4707 -0.8153 0.3372
vn -0.4164 -0.8443 0.3372
vn -0.3603 -0.8698 0.3372
vn -0.3026 -0.8915 0.3372
vn -0.2437 -0.9094 0.3372
vn -0.1837 -0.9233 0.3372
vn -0.1229 -0.9334 0.3372
vn -0.0616 -0.9394 0.3372
vn -0.0000 -0.9414 0.3372
vn 0.0616 -0.9394 0.3372
vn 0.1229 -0.9334 0.3372
vn 0.1837 -0.9233 0.3372
vn 0.2437 -0.9094 0.3372
vn 0.3026 -0.8915 0.3372
vn 0.3603 -0.8698 0.3372
vn 0.4164 -0.8443 0.3372
vn 0.4707 -0.8153 0.3372
vn 0.5230 -0.7828 0.3372
vn 0.5731 -0.7469 0.3372
vn 0.6207 -0.7078 0.3372
vn 0.6657 -0.6657 0.3372
vn 0.7078 -0.6207 0.3372
vn 0.7469 -0.5731 0.3372
vn 0.7828 -0.5230 0.3372
vn 0.8153 -0.4707 0.3372
vn 0.8443 -0.4164 0.3372
vn 0.8698 -0.3603 0.3372
vn 0.8915 -0.3026 0.3372
vn 0.9094 -0.2437 0.3372
vn 0.9233 -0.1837 0.3372
vn 0.9334 -0.1229 0.3372
vn 0.9394 -0.0616 0.3372
vn 0.8102 0.0531 0.5838
vn 0.8119 -0.0000 0.5838
vn 0.8050 0.1060 0.5838
vn 0.7963 0.1584 0.5838
vn 0.7842 0.2101 0.5838
vn 0.7688 0.2610 0.5838
vn 0.7501 0.3107 0.5838
vn 0.7282 0.3591 0.5838
vn 0.7031 0.4059 0.5838
vn 0.6751 0.4511 0.5838
vn 0.6441 0.4943 0.5838
vn 0.6104 0.5353 0.5838
vn 0.5741 0.5741 0.5838
vn 0.5353 0.6104 0.5838
vn 0.4943 0.6441 0.5838
vn 0.4511 0.6751 0.5838
vn 0.4060 0.7031 0.5838
vn 0.3591 0.7282 0.5838
vn 0.3107 0.7501 0.5838
vn 0.2610 0.7688 0.5838
vn 0.2101 0.7842 0.5838
vn 0.1584 0.7963 0.5838
vn 0.1060 0.8050 0.5838
vn 0.0531 0.8102 0.5838
vn -0.0000 0.8119 0.5838
vn -0.0531 0.8102 0.5838
vn -0.1060 0.8050 0.5838
vn -0.1584 0.7963 0.5838
vn -0.2101 0.7842 0.5838
vn -0.2610 0.7688 0.5838
vn -0.3107 0.7501 0.5838
vn -0.3591 0.7282 0.5838
vn -0.4060 0.7031 0.5838
vn -0.4511 0.6751 0.5838
vn -0.4943 0.6441 0.5838
vn -0.5353 0.6104 0.5838
vn -0.5741 0.5741 0.5838
vn -0.6104 0.5353 0.5838
vn -0.6441 0.4943 0.5838
vn -0.6751 0.4511 0.5838
vn -0.7031 0.4059 0.5838
vn -0.7282 0.3591 0.5838
vn -0.7501 0.3107 0.5838
vn -0.7688 0.2610 0.5838
vn -0.7842 0.2101 0.5838
vn -0.7963 0.1584 0.5838
vn -0.8050 0.1060 0.5838
vn -0.8102 0.0531 0.5838
vn -0.8119 -0.0000 0.5838
vn -0.8102 -0.0531 0.5838
vn -0.8050 -0.1060 0.5838
vn -0.7963 -0.1584 0.5838
vn -0.7842 -0.2101 0.5838
vn -0.7688 -0.2610 0.5838
vn -0.7501 -0.3107 0.5838
vn -0.7282 -0.3591 0.5838
vn -0.7031 -0.4060 0.5838
vn -0.6751 -0.4511 0.5838
vn -0.6441 -0.4943 0.5838
vn -0.6104 -0.5353 0.5838
vn -0.5741 -0.5741 0.5838
vn -0.5353 -0.6104 0.5838
vn -0.4943 -0.6441 0.5838
vn -0.4511 -0.6751 0.5838
vn -0.4060 -0.7031 0.5838
vn -0.3591 -0.7282 0.5838
vn -0.3107 -0.7501 0.5838
vn -0.2610 -0.7688 0.5838
vn -0.2101 -0.7842 0.5838
vn -0.1584 -0.7963 0.5838
vn -0.1060 -0.8050 0.5838
vn -0.0531 -0.8102 0.5838
vn -0.0000 -0.8119 0.5838
vn 0.0531 -0.8102 0.5838
vn 0.1060 -0.8050 0.5838
vn 0.1584 -0.7963 0.5838
vn 0.2101 -0.7842 0.5838
vn 0.2610 -0.7688 0.5838
vn 0.3107 -0.7501 0.5838
vn 0.3591 -0.7282 0.5838
vn 0.4060 -0.7031 0.5838
vn 0.4511 -0.6751 0.5838
vn 0.4943 -0.6441 0.5838
vn 0.5353 -0.6104 0.5838
vn 0.5741 -0.5741 0.5838
vn 0.6104 -0.5353 0.5838
vn 0.6441 -0.4943 0.5838
vn 0.6751 -0.4511 0.5838
vn 0.7031 -0.4059 0.5838
vn 0.7282 -0.3591 0.5838
vn 0.7501 -0.3107 0.5838
vn 0.7688 -0.2610 0.5838
vn 0.7842 -0.2101 0.5838
vn 0.7963 -0.1584 0.5838
vn 0.8050 -0.1060 0.5838
vn 0.8102 -0.0531 0.5838
vn 0.7788 0.0510 0.6251
vn 0.7805 -0.0000 0.6251
vn 0.7738 0.1019 0.6251
vn 0.7655 0.1523 0.6251
vn 0.7539 0.2020 0.6251
vn 0.7391 0.2509 0.6251
vn 0.7211 0.2987 0.6251
vn 0.7000 0.3452 0.6251
vn 0.6760 0.3903 0.6251
vn 0.6490 0.4336 0.6251
vn 0.6192 0.4752 0.6251
vn 0.5868 0.5146 0.6251
vn 0.5519 0.5519 0.6251
vn 0.5146 0.5868 0.6251
vn 0.4752 0.6192 0.6251
vn 0.4336 0.6490 0.6251
vn 0.3903 0.6760 0.6251
vn 0.3452 0.7000 0.6251
vn 0.2987 0.7211 0.6251
vn 0.2509 0.7391 0.6251
vn 0.2020 0.7539 0.6251
vn 0.1523 0.7655 0.6251
vn 0.1019 0.7738 0.6251
vn 0.0510 0.7788 0.6251
vn -0.0000 0.7805 0.6251
vn -0.0510 0.7788 0.6251
vn -0.1019 0.7738 0.6251
vn -0.1523 0.7655 0.6251
vn -0.2020 0.7539 0.6251
vn -0.2509 0.7391 0.6251
vn -0.2987 0.7211 0.6251
vn -0.3452 0.7000 0.6251
vn -0.3903 0.6760 0.6251
vn -0.4336 0.6490 0.6251
vn -0.4752 0.6192 0.6251
vn -0.5146 0.5868 0.6251
vn -0.5519 0.5519 0.6251
vn -0.5868 0.5146 0.6251
vn -0.6192 0.4752 0.6251
vn -0.6490 0.4336 0.6251
vn -0.6759 0.3903 0.6251
vn -0.7000 0.3452 0.6251
vn -0.7211 0.2987 0.6251
vn -0.7391 0.2509 0.6251
vn -0.7539 0.2020 0.6251
vn -0.7655 0.1523 0.6251
vn -0.7738 0.1019 0.6251
vn -0.7788 0.0510 0.6251
vn -0.7805 -0.0000 0.6251
vn -0.7788 -0.0510 0.6251
vn -0.7738 -0.1019 0.6251
vn -0.7655 -0.1523 0.6251
vn -0.7539 -0.2020 0.6251
vn -0.7391 -0.2509 0.6251
vn -0.7211 -0.2987 0.6251
vn -0.7000 -0.3452 0.6251
vn -0.6760 -0.3903 0.6251
vn -0.6490 -0.4336 0.6251
vn -0.6192 -0.4752 0.6251
vn -0.5868 -0.5146 0.6251
vn -0.5519 -0.5519 0.6251
vn -0.5146 -0.5868 0.6251
vn -0.4751 -0.6192 0.6251
vn -0.4336 -0.6490 0.6251
vn -0.3903 -0.6760 0.6251
vn -0.3452 -0.7000 0.6251
vn -0.2987 -0.7211 0.6251
vn -0.2509 -0.7391 0.6251
vn -0.2020 -0.7539 0.6251
vn -0.1523 -0.7655 0.6251
vn -0.1019 -0.7738 0.6251
vn -0.0510 -0.7788 0.6251
vn -0.0000 -0.7805 0.6251
vn 0.0510 -0.7788 0.6251
vn 0.1019 -0.7738 0.6251
vn 0.1523 -0.7655 0.6251
vn 0.2020 -0.7539 0.6251
vn 0.2509 -0.7391 0.6251
vn 0.2987 -0.7211 0.6251
vn 0.3452 -0.7000 0.6251
vn 0.3903 -0.6760 0.6251
vn 0.4336 -0.6490 0.6251
vn 0.4751 -0.6192 0.6251
vn 0.5146 -0.5868 0.6251
vn 0.5519 -0.5519 0.6251
vn 0.5868 -0.5146 0.6251
vn 0.6192 -0.4752 0.6251
vn 0.6490 -0.4336 0.6251
vn 0.6760 -0.3903 0.6251
vn 0.7000 -0.3452 0.6251
vn 0.7211 -0.2987 0.6251
vn 0.7391 -0.2509 0.6251
vn 0.7539 -0.2020 0.6251
vn 0.7655 -0.1523 0.6251
vn 0.7738 -0.1019 0.6251
vn 0.7788 -0.0510 0.6251
vn 0.9528 0.0625 0.2970
vn 0.9549 -0.0000 0.2970
vn 0.9467 0.1246 0.2970
vn 0.9365 0.1863 0.2970
vn 0.9223 0.2471 0.2970
vn 0.9042 0.3069 0.2970
vn 0.8822 0.3654 0.2970
vn 0.8564 0.4223 0.2970
vn 0.8269 0.4774 0.2970
vn 0.7939 0.5305 0.2970
vn 0.7576 0.5813 0.2970
vn 0.7179 0.6296 0.2970
vn 0.6752 0.6752 0.2970
vn 0.6296 0.7179 0.2970
vn 0.5813 0.7576 0.2970
vn 0.5305 0.7940 0.2970
vn 0.4774 0.8269 0.2970
vn 0.4223 0.8564 0.2970
vn 0.3654 0.8822 0.2970
vn 0.3069 0.9042 0.2970
vn 0.2471 0.9223 0.2970
vn 0.1863 0.9365 0.2970
vn 0.1246 0.9467 0.2970
vn 0.0625 0.9528 0.2970
vn -0.0000 0.9549 0.2970
vn -0.0624 0.9528 0.2970
vn -0.1246 0.9467 0.2970
vn -0.1863 0.9365 0.2970
vn -0.2471 0.9223 0.2970
vn -0.3069 0.9042 0.2970
vn -0.3654 0.8822 0.2970
vn -0.4223 0.8564 0.2970
vn -0.4774 0.8269 0.2970
vn -0.5305 0.7940 0.2970
vn -0.5813 0.7576 0.2970
vn -0.6296 0.7179 0.2970
vn -0.6752 0.6752 0.2970
vn -0.7179 0.6296 0.2970
vn -0.7576 0.5813 0.2970
vn -0.7939 0.5305 0.2970
vn -0.8269 0.4774 0.2970
vn -0.8564 0.4223 0.2970
vn -0.8822 0.3654 0.2970
vn -0.9042 0.3069 0.2970
vn -0.9223 0.2471 0.2970
vn -0.9365 0.1863 0.2970
vn -0.9467 0.1246 0.2970
vn -0.9528 0.0625 0.2970
vn -0.9549 -0.0000 0.2970
vn -0.9528 -0.0625 0.2970
vn -0.9467 -0.1246 0.2970
vn -0.9365 -0.1863 0.2970
vn -0.9223 -0.2471 0.2970
vn -0.9042 -0.3069 0.2970
vn -0.8822 -0.3654 0.2970
vn -0.8564 -0.4223 0.2970
vn -0.8269 -0.4774 0.2970
vn -0.7939 -0.5305 0.2970
vn -0.7576 -0.5813 0.2970
vn -0.7179 -0.6296 0.2970
vn -0.6752 -0.6752 0.2970
vn -0.6296 -0.7179 0.2970
vn -0.5813 -0.7576 0.2970
vn -0.5305 -0.7939 0.2970
vn -0.4774 -0.8269 0.2970
vn -0.4223 -0.8564 0.2970
vn -0.3654 -0.8822 0.2970
vn -0.3069 -0.9042 0.2970
vn -0.2471 -0.9223 0.2970
vn -0.1863 -0.9365 0.2970
vn -0.1246 -0.9467 0.2970
vn -0.0625 -0.9528 0.2970
vn -0.0000 -0.9549 0.2970
vn 0.0625 -0.9528 0.2970
vn 0.1246 -0.9467 0.2970
vn 0.1863 -0.9365 0.2970
vn 0.2471 -0.9223 0.2970
vn 0.3069 -0.9042 0.2970
vn 0.3654 -0.8822 0.2970
vn 0.4223 -0.8564 0.2970
vn 0.4774 -0.8269 0.2970
vn 0.5305 -0.7939 0.2970
vn 0.5813 -0.7576 0.2970
vn 0.6296 -0.7179 0.2970
vn 0.6752 -0.6752 0.2970
vn 0.7179 -0.6296 0.2970
vn 0.7576 -0.5813 0.2970
vn 0.7939 -0.5305 0.2970
vn 0.8269 -0.4774 0.2970
vn 0.8564 -0.4223 0.2970
vn 0.8822 -0.3654 0.2970
vn 0.9042 -0.3069 0.2970
vn 0.9223 -0.2471 0.2970
vn 0.9365 -0.1863 0.2970
vn 0.9467 -0.1246 0.2970
vn 0.9528 -0.0625 0.2970
vn 0.9979 0.0654 -0.0000
vn 1.0000 -0.0000 -0.0000
vn 0.9914 0.1305 -0.0000
vn 0.9808 0.1951 -0.0000
vn 0.9659 0.2588 -0.0000
vn 0.9469 0.3214 -0.0000
vn 0.9239 0.3827 -0.0000
vn 0.8969 0.4423 -0.0000
vn 0.8660 0.5000 -0.0000
vn 0.8315 0.5556 -0.0000
vn 0.7934 0.6088 -0.0000
vn 0.7518 0.6593 -0.0000
vn 0.7071 0.7071 -0.0000
vn 0.6593 0.7518 -0.0000
vn 0.6088 0.7934 -0.0000
vn 0.5556 0.8315 -0.0000
vn 0.5000 0.8660 -0.0000
vn 0.4423 0.8969 -0.0000
vn 0.3827 0.9239 -0.0000
vn 0.3214 0.9469 -0.0000
vn 0.2588 0.9659 -0.0000
vn 0.1951 0.9808 -0.0000
vn 0.1305 0.9914 -0.0000
vn 0.0654 0.9979 -0.0000
vn -0.0000 1.0000 -0.0000
vn -0.0654 0.9979 -0.0000
vn -0.1305 0.9914 -0.0000
vn -0.1951 0.9808 -0.0000
vn -0.2588 0.9659 -0.0000
vn -0.3214 0.9469 -0.0000
vn -0.3827 0.9239 -0.0000
vn -0.4423 0.8969 -0.0000
vn -0.5000 0.8660 -0.0000
vn -0.5556 0.8315 -0.0000
vn -0.6088 0.7934 -0.0000
vn -0.6593 0.7518 -0.0000
vn -0.7071 0.7071 -0.0000
vn -0.7518 0.6593 -0.0000
vn -0.7934 0.6088 -0.0000
vn -0.8315 0.5556 -0.0000
vn -0.8660 0.5000 -0.0000
vn -0.8969 0.4423 -0.0000
vn -0.9239 0.3827 -0.0000
vn -0.9469 0.3214 -0.0000
vn -0.9659 0.2588 -0.0000
vn -0.9808 0.1951 -0.0000
vn -0.9914 0.1305 -0.0000
vn -0.9979 0.0654 -0.0000
vn -1.0000 -0.0000 -0.0000
vn -0.9979 -0.0654 -0.0000
vn -0.9914 -0.1305 -0.0000
vn -0.9808 -0.1951 -0.0000
vn -0.9659 -0.2588 -0.0000
vn -0.9469 -0.3214 -0.0000
vn -0.9239 -0.3827 -0.0000
vn -0.8969 -0.4423 -0.0000
vn -0.8660 -0.5000 -0.0000
vn -0.8315 -0.5556 -0.0000
vn -0.7934 -0.6088 -0.0000
vn -0.7518 -0.6593 -0.0000
vn -0.7071 -0.7071 -0.0000
vn -0.6593 -0.7518 -0.0000
vn -0.6088 -0.7934 -0.0000
vn -0.5556 -0.8315 -0.0000
vn -0.5000 -0.8660 -0.0000
vn -0.4423 -0.8969 -0.0000
vn -0.3827 -0.9239 -0.0000
vn -0.3214 -0.9469 -0.0000
vn -0.2588 -0.9659 -0.0000
vn -0.1951 -0.9808 -0.0000
vn -0.1305 -0.9914 -0.0000
vn -0.0654 -0.9979 -0.0000
vn -0.0000 -1.0000 -0.0000
vn 0.0654 -0.9979 -0.0000
vn 0.1305 -0.9914 -0.0000
vn 0.1951 -0.9808 -0.0000
vn 0.2588 -0.9659 -0.0000
vn 0.3214 -0.9469 -0.0000
vn 0.3827 -0.9239 -0.0000
vn 0.4423 -0.8969 -0.0000
vn 0.5000 -0.8660 -0.0000
vn 0.5556 -0.8315 -0.0000
vn 0.6088 -0.7934 -0.0000
vn 0.6593 -0.7518 -0.0000
vn 0.7071 -0.7071 -0.0000
vn 0.7518 -0.6593 -0.0000
vn 0.7934 -0.6088 -0.0000
vn 0.8315 -0.5556 -0.0000
vn 0.8660 -0.5000 -0.0000
vn 0.8969 -0.4423 -0.0000
vn 0.9239 -0.3827 -0.0000
vn 0.9469 -0.3214 -0.0000
vn 0.9659 -0.2588 -0.0000
vn 0.9808 -0.1951 -0.0000
vn 0.9914 -0.1305 -0.0000
vn 0.9979 -0.0654 -0.0000
vn -0.0000 -0.0000 1.0000
vn -0.0000 -0.0000 -1.0000
s 1
usemtl Bottle_pale_gray_polymer
f 1//1 2//2 98//3
f 1//1 98//3 97//4
f 2//2 3//5 99//6
f 2//2 99//6 98//3
f 3//5 4//7 100//8
f 3//5 100//8 99//6
f 4//7 5//9 101//10
f 4//7 101//10 100//8
f 5//9 6//11 102//12
f 5//9 102//12 101//10
f 6//11 7//13 103//14
f 6//11 103//14 102//12
f 7//13 8//15 104//16
f 7//13 104//16 103//14
f 8//15 9//17 105//18
f 8//15 105//18 104//16
f 9//17 10//19 106//20
f 9//17 106//20 105//18
f 10//19 11//21 107//22
f 10//19 107//22 106//20
f 11//21 12//23 108//24
f 11//21 108//24 107//22
f 12//23 13//25 109//26
f 12//23 109//26 108//24
f 13//25 14//27 110//28
f 13//25 110//28 109//26
f 14//27 15//29 111//30
f 14//27 111//30 110//28
f 15//29 16//31 112//32
f 15//29 112//32 111//30
f 16//31 17//33 113//34
f 16//31 113//34 112//32
f 17//33 18//35 114//36
f 17//33 114//36 113//34
f 18//35 19//37 115//38
f 18//35 115//38 114//36
f 19//37 20//39 116//40
f 19//37 116//40 115//38
f 20//39 21//41 117//42
f 20//39 117//42 116//40
f 21//41 22//43 118//44
f 21//41 118//44 117//42
f 22//43 23//45 119//46
f 22//43 119//46 118//44
f 23//45 24//47 120//48
f 23//45 120//48 119//46
f 24//47 25//49 121//50
f 24//47 121//50 120//48
f 25//49 26//51 122//52
f 25//49 122//52 121//50
f 26//51 27//53 123//54
f 26//51 123//54 122//52
f 27//53 28//55 124//56
f 27//53 124//56 123//54
f 28//55 29//57 125//58
f 28//55 125//58 124//56
f 29//57 30//59 126//60
f 29//57 126//60 125//58
f 30//59 31//61 127//62
f 30//59 127//62 126//60
f 31//61 32//63 128//64
f 31//61 128//64 127//62
f 32//63 33//65 129//66
f 32//63 129//66 128//64
f 33//65 34//67 130//68
f 33//65 130//68 129//66
f 34//67 35//69 131//70
f 34//67 131//70 130//68
f 35//69 36//71 132//72
f 35//69 132//72 131//70
f 36//71 37//73 133//74
f 36//71 133//74 132//72
f 37//73 38//75 134//76
f 37//73 134//76 133//74
f 38//75 39//77 135//78
f 38//75 135//78 134//76
f 39//77 40//79 136//80
f 39//77 136//80 135//78
f 40//79 41//81 137//82
f 40//79 137//82 136//80
f 41//81 42//83 138//84
f 41//81 138//84 137//82
f 42//83 43//85 139//86
f 42//83 139//86 138//84
f 43//85 44//87 140//88
f 43//85 140//88 139//86
f 44//87 45//89 141//90
f 44//87 141//90 140//88
f 45//89 46//91 142//92
f 45//89 142//92 141//90
f 46//91 47//93 143//94
f 46//91 143//94 142//92
f 47//93 48//95 144//96
f 47//93 144//96 143//94
f 48//95 49//97 145//98
f 48//95 145//98 144//96
f 49//97 50//99 146//100
f 49//97 146//100 145//98
f 50//99 51//101 147//102
f 50//99 147//102 146//100
f 51//101 52//103 148//104
f 51//101 148//104 147//102
f 52//103 53//105 149//106
f 52//103 149//106 148//104
f 53//105 54//107 150//108
f 53//105 150//108 149//106
f 54//107 55//109 151//110
f 54//107 151//110 150//108
f 55//109 56//111 152//112
f 55//109 152//112 151//110
f 56//111 57//113 153//114
f 56//111 153//114 152//112
f 57//113 58//115 154//116
f 57//113 154//116 153//114
f 58//115 59//117 155//118
f 58//115 155//118 154//116
f 59//117 60//119 156//120
f 59//117 156//120 155//118
f 60//119 61//121 157//122
f 60//119 157//122 156//120
f 61//121 62//123 158//124
f 61//121 158//124 157//122
f 62//123 63//125 159//126
f 62//123 159//126 158//124
f 63//125 64//127 160//128
f 63//125 160//128 159//126
f 64//127 65//129 161//130
f 64//127 161//130 160//128
f 65//129 66//131 162//132
f 65//129 162//132 161//130
f 66//131 67//133 163//134
f 66//131 163//134 162//132
f 67//133 68//135 164//136
f 67//133 164//136 163//134
f 68//135 69//137 165//138
f 68//135 165//138 164//136
f 69//137 70//139 166//140
f 69//137 166//140 165//138
f 70//139 71//141 167//142
f 70//139 167//142 166//140
f 71//141 72//143 168//144
f 71//141 168//144 167//142
f 72//143 73//145 169//146
f 72//143 169//146 168//144
f 73//145 74//147 170//148
f 73//145 170//148 169//146
f 74//147 75//149 171//150
f 74//147 171//150 170//148
f 75//149 76//151 172//152
f 75//149 172//152 171//150
f 76//151 77//153 173//154
f 76//151 173//154 172//152
f 77//153 78//155 174//156
f 77//153 174//156 173//154
f 78//155 79//157 175//158
f 78//155 175//158 174//156
f 79//157 80//159 176//160
f 79//157 176//160 175//158
f 80//159 81//161 177//162
f 80//159 177//162 176//160
f 81//161 82//163 178//164
f 81//161 178//164 177//162
f 82//163 83//165 179//166
f 82//163 179//166 178//164
f 83//165 84//167 180//168
f 83//165 180//168 179//166
f 84//167 85//169 181//170
f 84//167 181//170 180//168
f 85//169 86//171 182//172
f 85//169 182//172 181//170
f 86//171 87//173 183//174
f 86//171 183//174 182//172
f 87//173 88//175 184//176
f 87//173 184//176 183//174
f 88//175 89//177 185//178
f 88//175 185//178 184//176
f 89//177 90//179 186//180
f 89//177 186//180 185//178
f 90//179 91//181 187//182
f 90//179 187//182 186//180
f 91//181 92//183 188//184
f 91//181 188//184 187//182
f 92//183 93//185 189//186
f 92//183 189//186 188//184
f 93//185 94//187 190//188
f 93//185 190//188 189//186
f 94//187 95//189 191//190
f 94//187 191//190 190//188
f 95//189 96//191 192//192
f 95//189 192//192 191//190
f 96//191 1//1 97//4
f 96//191 97//4 192//192
f 97//4 98//3 194//193
f 97//4 194//193 193//194
f 98//3 99//6 195//195
f 98//3 195//195 194//193
f 99//6 100//8 196//196
f 99//6 196//196 195//195
f 100//8 101//10 197//197
f 100//8 197//197 196//196
f 101//10 102//12 198//198
f 101//10 198//198 197//197
f 102//12 103//14 199//199
f 102//12 199//199 198//198
f 103//14 104//16 200//200
f 103//14 200//200 199//199
f 104//16 105//18 201//201
f 104//16 201//201 200//200
f 105//18 106//20 202//202
f 105//18 202//202 201//201
f 106//20 107//22 203//203
f 106//20 203//203 202//202
f 107//22 108//24 204//204
f 107//22 204//204 203//203
f 108//24 109//26 205//205
f 108//24 205//205 204//204
f 109//26 110//28 206//206
f 109//26 206//206 205//205
f 110//28 111//30 207//207
f 110//28 207//207 206//206
f 111//30 112//32 208//208
f 111//30 208//208 207//207
f 112//32 113//34 209//209
f 112//32 209//209 208//208
f 113//34 114//36 210//210
f 113//34 210//210 209//209
f 114//36 115//38 211//211
f 114//36 211//211 210//210
f 115//38 116//40 212//212
f 115//38 212//212 211//211
f 116//40 117//42 213//213
f 116//40 213//213 212//212
f 117//42 118//44 214//214
f 117//42 214//214 213//213
f 118//44 119//46 215//215
f 118//44 215//215 214//214
f 119//46 120//48 216//216
f 119//46 216//216 215//215
f 120//48 121//50 217//217
f 120//48 217//217 216//216
f 121//50 122//52 218//218
f 121//50 218//218 217//217
f 122//52 123//54 219//219
f 122//52 219//219 218//218
f 123//54 124//56 220//220
f 123//54 220//220 219//219
f 124//56 125//58 221//221
f 124//56 221//221 220//220
f 125//58 126//60 222//222
f 125//58 222//222 221//221
f 126//60 127//62 223//223
f 126//60 223//223 222//222
f 127//62 128//64 224//224
f 127//62 224//224 223//223
f 128//64 129//66 225//225
f 128//64 225//225 224//224
f 129//66 130//68 226//226
f 129//66 226//226 225//225
f 130//68 131//70 227//227
f 130//68 227//227 226//226
f 131//70 132//72 228//228
f 131//70 228//228 227//227
f 132//72 133//74 229//229
f 132//72 229//229 228//228
f 133//74 134//76 230//230
f 133//74 230//230 229//229
f 134//76 135//78 231//231
f 134//76 231//231 230//230
f 135//78 136//80 232//232
f 135//78 232//232 231//231
f 136//80 137//82 233//233
f 136//80 233//233 232//232
f 137//82 138//84 234//234
f 137//82 234//234 233//233
f 138//84 139//86 235//235
f 138//84 235//235 234//234
f 139//86 140//88 236//236
f 139//86 236//236 235//235
f 140//88 141//90 237//237
f 140//88 237//237 236//236
f 141//90 142//92 238//238
f 141//90 238//238 237//237
f 142//92 143//94 239//239
f 142//92 239//239 238//238
f 143//94 144//96 240//240
f 143//94 240//240 239//239
f 144//96 145//98 241//241
f 144//96 241//241 240//240
f 145//98 146//100 242//242
f 145//98 242//242 241//241
f 146//100 147//102 243//243
f 146//100 243//243 242//242
f 147//102 148//104 244//244
f 147//102 244//244 243//243
f 148//104 149//106 245//245
f 148//104 245//245 244//244
f 149//106 150//108 246//246
f 149//106 246//246 245//245
f 150//108 151//110 247//247
f 150//108 247//247 246//246
f 151//110 152//112 248//248
f 151//110 248//248 247//247
f 152//112 153//114 249//249
f 152//112 249//249 248//248
f 153//114 154//116 250//250
f 153//114 250//250 249//249
f 154//116 155//118 251//251
f 154//116 251//251 250//250
f 155//118 156//120 252//252
f 155//118 252//252 251//251
f 156//120 157//122 253//253
f 156//120 253//253 252//252
f 157//122 158//124 254//254
f 157//122 254//254 253//253
f 158//124 159//126 255//255
f 158//124 255//255 254//254
f 159//126 160//128 256//256
f 159//126 256//256 255//255
f 160//128 161//130 257//257
f 160//128 257//257 256//256
f 161//130 162//132 258//258
f 161//130 258//258 257//257
f 162//132 163//134 259//259
f 162//132 259//259 258//258
f 163//134 164//136 260//260
f 163//134 260//260 259//259
f 164//136 165//138 261//261
f 164//136 261//261 260//260
f 165//138 166//140 262//262
f 165//138 262//262 261//261
f 166//140 167//142 263//263
f 166//140 263//263 262//262
f 167//142 168//144 264//264
f 167//142 264//264 263//263
f 168//144 169//146 265//265
f 168//144 265//265 264//264
f 169//146 170//148 266//266
f 169//146 266//266 265//265
f 170//148 171//150 267//267
f 170//148 267//267 266//266
f 171//150 172//152 268//268
f 171//150 268//268 267//267
f 172//152 173//154 269//269
f 172//152 269//269 268//268
f 173//154 174//156 270//270
f 173//154 270//270 269//269
f 174//156 175//158 271//271
f 174//156 271//271 270//270
f 175//158 176//160 272//272
f 175//158 272//272 271//271
f 176//160 177//162 273//273
f 176//160 273//273 272//272
f 177//162 178//164 274//274
f 177//162 274//274 273//273
f 178//164 179//166 275//275
f 178//164 275//275 274//274
f 179//166 180//168 276//276
f 179//166 276//276 275//275
f 180//168 181//170 277//277
f 180//168 277//277 276//276
f 181//170 182//172 278//278
f 181//170 278//278 277//277
f 182//172 183//174 279//279
f 182//172 279//279 278//278
f 183//174 184//176 280//280
f 183//174 280//280 279//279
f 184//176 185//178 281//281
f 184//176 281//281 280//280
f 185//178 186//180 282//282
f 185//178 282//282 281//281
f 186//180 187//182 283//283
f 186//180 283//283 282//282
f 187//182 188//184 284//284
f 187//182 284//284 283//283
f 188//184 189//186 285//285
f 188//184 285//285 284//284
f 189//186 190//188 286//286
f 189//186 286//286 285//285
f 190//188 191//190 287//287
f 190//188 287//287 286//286
f 191//190 192//192 288//288
f 191//190 288//288 287//287
f 192//192 97//4 193//194
f 192//192 193//194 288//288
f 193//194 194//193 290//289
f 193//194 290//289 289//290
f 194//193 195//195 291//291
f 194//193 291//291 290//289
f 195//195 196//196 292//292
f 195//195 292//292 291//291
f 196//196 197//197 293//293
f 196//196 293//293 292//292
f 197//197 198//198 294//294
f 197//197 294//294 293//293
f 198//198 199//199 295//295
f 198//198 295//295 294//294
f 199//199 200//200 296//296
f 199//199 296//296 295//295
f 200//200 201//201 297//297
f 200//200 297//297 296//296
f 201//201 202//202 298//298
f 201//201 298//298 297//297
f 202//202 203//203 299//299
f 202//202 299//299 298//298
f 203//203 204//204 300//300
f 203//203 300//300 299//299
f 204//204 205//205 301//301
f 204//204 301//301 300//300
f 205//205 206//206 302//302
f 205//205 302//302 301//301
f 206//206 207//207 303//303
f 206//206 303//303 302//302
f 207//207 208//208 304//304
f 207//207 304//304 303//303
f 208//208 209//209 305//305
f 208//208 305//305 304//304
f 209//209 210//210 306//306
f 209//209 306//306 305//305
f 210//210 211//211 307//307
f 210//210 307//307 306//306
f 211//211 212//212 308//308
f 211//211 308//308 307//307
f 212//212 213//213 309//309
f 212//212 309//309 308//308
f 213//213 214//214 310//310
f 213//213 310//310 309//309
f 214//214 215//215 311//311
f 214//214 311//311 310//310
f 215//215 216//216 312//312
f 215//215 312//312 311//311
f 216//216 217//217 313//313
f 216//216 313//313 312//312
f 217//217 218//218 314//314
f 217//217 314//314 313//313
f 218//218 219//219 315//315
f 218//218 315//315 314//314
f 219//219 220//220 316//316
f 219//219 316//316 315//315
f 220//220 221//221 317//317
f 220//220 317//317 316//316
f 221//221 222//222 318//318
f 221//221 318//318 317//317
f 222//222 223//223 319//319
f 222//222 319//319 318//318
f 223//223 224//224 320//320
f 223//223 320//320 319//319
f 224//224 225//225 321//321
f 224//224 321//321 320//320
f 225//225 226//226 322//322
f 225//225 322//322 321//321
f 226//226 227//227 323//323
f 226//226 323//323 322//322
f 227//227 228//228 324//324
f 227//227 324//324 323//323
f 228//228 229//229 325//325
f 228//228 325//325 324//324
f 229//229 230//230 326//326
f 229//229 326//326 325//325
f 230//230 231//231 327//327
f 230//230 327//327 326//326
f 231//231 232//232 328//328
f 231//231 328//328 327//327
f 232//232 233//233 329//329
f 232//232 329//329 328//328
f 233//233 234//234 330//330
f 233//233 330//330 329//329
f 234//234 235//235 331//331
f 234//234 331//331 330//330
f 235//235 236//236 332//332
f 235//235 332//332 331//331
f 236//236 237//237 333//333
f 236//236 333//333 332//332
f 237//237 238//238 334//334
f 237//237 334//334 333//333
f 238//238 239//239 335//335
f 238//238 335//335 334//334
f 239//239 240//240 336//336
f 239//239 336//336 335//335
f 240//240 241//241 337//337
f 240//240 337//337 336//336
f 241//241 242//242 338//338
f 241//241 338//338 337//337
f 242//242 243//243 339//339
f 242//242 339//339 338//338
f 243//243 244//244 340//340
f 243//243 340//340 339//339
f 244//244 245//245 341//341
f 244//244 341//341 340//340
f 245//245 246//246 342//342
f 245//245 342//342 341//341
f 246//246 247//247 343//343
f 246//246 343//343 342//342
f 247//247 248//248 344//344
f 247//247 344//344 343//343
f 248//248 249//249 345//345
f 248//248 345//345 344//344
f 249//249 250//250 346//346
f 249//249 346//346 345//345
f 250//250 251//251 347//347
f 250//250 347//347 346//346
f 251//251 252//252 348//348
f 251//251 348//348 347//347
f 252//252 253//253 349//349
f 252//252 349//349 348//348
f 253//253 254//254 350//350
f 253//253 350//350 349//349
f 254//254 255//255 351//351
f 254//254 351//351 350//350
f 255//255 256//256 352//352
f 255//255 352//352 351//351
f 256//256 257//257 353//353
f 256//256 353//353 352//352
f 257//257 258//258 354//354
f 257//257 354//354 353//353
f 258//258 259//259 355//355
f 258//258 355//355 354//354
f 259//259 260//260 356//356
f 259//259 356//356 355//355
f 260//260 261//261 357//357
f 260//260 357//357 356//356
f 261//261 262//262 358//358
f 261//261 358//358 357//357
f 262//262 263//263 359//359
f 262//262 359//359 358//358
f 263//263 264//264 360//360
f 263//263 360//360 359//359
f 264//264 265//265 361//361
f 264//264 361//361 360//360
f 265//265 266//266 362//362
f 265//265 362//362 361//361
f 266//266 267//267 363//363
f 266//266 363//363 362//362
f 267//267 268//268 364//364
f 267//267 364//364 363//363
f 268//268 269//269 365//365
f 268//268 365//365 364//364
f 269//269 270//270 366//366
f 269//269 366//366 365//365
f 270//270 271//271 367//367
f 270//270 367//367 366//366
f 271//271 272//272 368//368
f 271//271 368//368 367//367
f 272//272 273//273 369//369
f 272//272 369//369 368//368
f 273//273 274//274 370//370
f 273//273 370//370 369//369
f 274//274 275//275 371//371
f 274//274 371//371 370//370
f 275//275 276//276 372//372
f 275//275 372//372 371//371
f 276//276 277//277 373//373
f 276//276 373//373 372//372
f 277//277 278//278 374//374
f 277//277 374//374 373//373
f 278//278 279//279 375//375
f 278//278 375//375 374//374
f 279//279 280//280 376//376
f 279//279 376//376 375//375
f 280//280 281//281 377//377
f 280//280 377//377 376//376
f 281//281 282//282 378//378
f 281//281 378//378 377//377
f 282//282 283//283 379//379
f 282//282 379//379 378//378
f 283//283 284//284 380//380
f 283//283 380//380 379//379
f 284//284 285//285 381//381
f 284//284 381//381 380//380
f 285//285 286//286 382//382
f 285//285 382//382 381//381
f 286//286 287//287 383//383
f 286//286 383//383 382//382
f 287//287 288//288 384//384
f 287//287 384//384 383//383
f 288//288 193//194 289//290
f 288//288 289//290 384//384
f 289//290 290//289 386//385
f 289//290 386//385 385//386
f 290//289 291//291 387//387
f 290//289 387//387 386//385
f 291//291 292//292 388//388
f 291//291 388//388 387//387
f 292//292 293//293 389//389
f 292//292 389//389 388//388
f 293//293 294//294 390//390
f 293//293 390//390 389//389
f 294//294 295//295 391//391
f 294//294 391//391 390//390
f 295//295 296//296 392//392
f 295//295 392//392 391//391
f 296//296 297//297 393//393
f 296//296 393//393 392//392
f 297//297 298//298 394//394
f 297//297 394//394 393//393
f 298//298 299//299 395//395
f 298//298 395//395 394//394
f 299//299 300//300 396//396
f 299//299 396//396 395//395
f 300//300 301//301 397//397
f 300//300 397//397 396//396
f 301//301 302//302 398//398
f 301//301 398//398 397//397
f 302//302 303//303 399//399
f 302//302 399//399 398//398
f 303//303 304//304 400//400
f 303//303 400//400 399//399
f 304//304 305//305 401//401
f 304//304 401//401 400//400
f 305//305 306//306 402//402
f 305//305 402//402 401//401
f 306//306 307//307 403//403
f 306//306 403//403 402//402
f 307//307 308//308 404//404
f 307//307 404//404 403//403
f 308//308 309//309 405//405
f 308//308 405//405 404//404
f 309//309 310//310 406//406
f 309//309 406//406 405//405
f 310//310 311//311 407//407
f 310//310 407//407 406//406
f 311//311 312//312 408//408
f 311//311 408//408 407//407
f 312//312 313//313 409//409
f 312//312 409//409 408//408
f 313//313 314//314 410//410
f 313//313 410//410 409//409
f 314//314 315//315 411//411
f 314//314 411//411 410//410
f 315//315 316//316 412//412
f 315//315 412//412 411//411
f 316//316 317//317 413//413
f 316//316 413//413 412//412
f 317//317 318//318 414//414
f 317//317 414//414 413//413
f 318//318 319//319 415//415
f 318//318 415//415 414//414
f 319//319 320//320 416//416
f 319//319 416//416 415//415
f 320//320 321//321 417//417
f 320//320 417//417 416//416
f 321//321 322//322 418//418
f 321//321 418//418 417//417
f 322//322 323//323 419//419
f 322//322 419//419 418//418
f 323//323 324//324 420//420
f 323//323 420//420 419//419
f 324//324 325//325 421//421
f 324//324 421//421 420//420
f 325//325 326//326 422//422
f 325//325 422//422 421//421
f 326//326 327//327 423//423
f 326//326 423//423 422//422
f 327//327 328//328 424//424
f 327//327 424//424 423//423
f 328//328 329//329 425//425
f 328//328 425//425 424//424
f 329//329 330//330 426//426
f 329//329 426//426 425//425
f 330//330 331//331 427//427
f 330//330 427//427 426//426
f 331//331 332//332 428//428
f 331//331 428//428 427//427
f 332//332 333//333 429//429
f 332//332 429//429 428//428
f 333//333 334//334 430//430
f 333//333 430//430 429//429
f 334//334 335//335 431//431
f 334//334 431//431 430//430
f 335//335 336//336 432//432
f 335//335 432//432 431//431
f 336//336 337//337 433//433
f 336//336 433//433 432//432
f 337//337 338//338 434//434
f 337//337 434//434 433//433
f 338//338 339//339 435//435
f 338//338 435//435 434//434
f 339//339 340//340 436//436
f 339//339 436//436 435//435
f 340//340 341//341 437//437
f 340//340 437//437 436//436
f 341//341 342//342 438//438
f 341//341 438//438 437//437
f 342//342 343//343 439//439
f 342//342 439//439 438//438
f 343//343 344//344 440//440
f 343//343 440//440 439//439
f 344//344 345//345 441//441
f 344//344 441//441 440//440
f 345//345 346//346 442//442
f 345//345 442//442 441//441
f 346//346 347//347 443//443
f 346//346 443//443 442//442
f 347//347 348//348 444//444
f 347//347 444//444 443//443
f 348//348 349//349 445//445
f 348//348 445//445 444//444
f 349//349 350//350 446//446
f 349//349 446//446 445//445
f 350//350 351//351 447//447
f 350//350 447//447 446//446
f 351//351 352//352 448//448
f 351//351 448//448 447//447
f 352//352 353//353 449//449
f 352//352 449//449 448//448
f 353//353 354//354 450//450
f 353//353 450//450 449//449
f 354//354 355//355 451//451
f 354//354 451//451 450//450
f 355//355 356//356 452//452
f 355//355 452//452 451//451
f 356//356 357//357 453//453
f 356//356 453//453 452//452
f 357//357 358//358 454//454
f 357//357 454//454 453//453
f 358//358 359//359 455//455
f 358//358 455//455 454//454
f 359//359 360//360 456//456
f 359//359 456//456 455//455
f 360//360 361//361 457//457
f 360//360 457//457 456//456
f 361//361 362//362 458//458
f 361//361 458//458 457//457
f 362//362 363//363 459//459
f 362//362 459//459 458//458
f 363//363 364//364 460//460
f 363//363 460//460 459//459
f 364//364 365//365 461//461
f 364//364 461//461 460//460
f 365//365 366//366 462//462
f 365//365 462//462 461//461
f 366//366 367//367 463//463
f 366//366 463//463 462//462
f 367//367 368//368 464//464
f 367//367 464//464 463//463
f 368//368 369//369 465//465
f 368//368 465//465 464//464
f 369//369 370//370 466//466
f 369//369 466//466 465//465
f 370//370 371//371 467//467
f 370//370 467//467 466//466
f 371//371 372//372 468//468
f 371//371 468//468 467//467
f 372//372 373//373 469//469
f 372//372 469//469 468//468
f 373//373 374//374 470//470
f 373//373 470//470 469//469
f 374//374 375//375 471//471
f 374//374 471//471 470//470
f 375//375 376//376 472//472
f 375//375 472//472 471//471
f 376//376 377//377 473//473
f 376//376 473//473 472//472
f 377//377 378//378 474//474
f 377//377 474//474 473//473
f 378//378 379//379 475//475
f 378//378 475//475 474//474
f 379//379 380//380 476//476
f 379//379 476//476 475//475
f 380//380 381//381 477//477
f 380//380 477//477 476//476
f 381//381 382//382 478//478
f 381//381 478//478 477//477
f 382//382 383//383 479//479
f 382//382 479//479 478//478
f 383//383 384//384 480//480
f 383//383 480//480 479//479
f 384//384 289//290 385//386
f 384//384 385//386 480//480
f 385//386 386//385 482//481
f 385//386 482//481 481//482
f 386//385 387//387 483//483
f 386//385 483//483 482//481
f 387//387 388//388 484//484
f 387//387 484//484 483//483
f 388//388 389//389 485//485
f 388//388 485//485 484//484
f 389//389 390//390 486//486
f 389//389 486//486 485//485
f 390//390 391//391 487//487
f 390//390 487//487 486//486
f 391//391 392//392 488//488
f 391//391 488//488 487//487
f 392//392 393//393 489//489
f 392//392 489//489 488//488
f 393//393 394//394 490//490
f 393//393 490//490 489//489
f 394//394 395//395 491//491
f 394//394 491//491 490//490
f 395//395 396//396 492//492
f 395//395 492//492 491//491
f 396//396 397//397 493//493
f 396//396 493//493 492//492
f 397//397 398//398 494//494
f 397//397 494//494 493//493
f 398//398 399//399 495//495
f 398//398 495//495 494//494
f 399//399 400//400 496//496
f 399//399 496//496 495//495
f 400//400 401//401 497//497
f 400//400 497//497 496//496
f 401//401 402//402 498//498
f 401//401 498//498 497//497
f 402//402 403//403 499//499
f 402//402 499//499 498//498
f 403//403 404//404 500//500
f 403//403 500//500 499//499
f 404//404 405//405 501//501
f 404//404 501//501 500//500
f 405//405 406//406 502//502
f 405//405 502//502 501//501
f 406//406 407//407 503//503
f 406//406 503//503 502//502
f 407//407 408//408 504//504
f 407//407 504//504 503//503
f 408//408 409//409 505//505
f 408//408 505//505 504//504
f 409//409 410//410 506//506
f 409//409 506//506 505//505
f 410//410 411//411 507//507
f 410//410 507//507 506//506
f 411//411 412//412 508//508
f 411//411 508//508 507//507
f 412//412 413//413 509//509
f 412//412 509//509 508//508
f 413//413 414//414 510//510
f 413//413 510//510 509//509
f 414//414 415//415 511//511
f 414//414 511//511 510//510
f 415//415 416//416 512//512
f 415//415 512//512 511//511
f 416//416 417//417 513//513
f 416//416 513//513 512//512
f 417//417 418//418 514//514
f 417//417 514//514 513//513
f 418//418 419//419 515//515
f 418//418 515//515 514//514
f 419//419 420//420 516//516
f 419//419 516//516 515//515
f 420//420 421//421 517//517
f 420//420 517//517 516//516
f 421//421 422//422 518//518
f 421//421 518//518 517//517
f 422//422 423//423 519//519
f 422//422 519//519 518//518
f 423//423 424//424 520//520
f 423//423 520//520 519//519
f 424//424 425//425 521//521
f 424//424 521//521 520//520
f 425//425 426//426 522//522
f 425//425 522//522 521//521
f 426//426 427//427 523//523
f 426//426 523//523 522//522
f 427//427 428//428 524//524
f 427//427 524//524 523//523
f 428//428 429//429 525//525
f 428//428 525//525 524//524
f 429//429 430//430 526//526
f 429//429 526//526 525//525
f 430//430 431//431 527//527
f 430//430 527//527 526//526
f 431//431 432//432 528//528
f 431//431 528//528 527//527
f 432//432 433//433 529//529
f 432//432 529//529 528//528
f 433//433 434//434 530//530
f 433//433 530//530 529//529
f 434//434 435//435 531//531
f 434//434 531//531 530//530
f 435//435 436//436 532//532
f 435//435 532//532 531//531
f 436//436 437//437 533//533
f 436//436 533//533 532//532
f 437//437 438//438 534//534
f 437//437 534//534 533//533
f 438//438 439//439 535//535
f 438//438 535//535 534//534
f 439//439 440//440 536//536
f 439//439 536//536 535//535
f 440//440 441//441 537//537
f 440//440 537//537 536//536
f 441//441 442//442 538//538
f 441//441 538//538 537//537
f 442//442 443//443 539//539
f 442//442 539//539 538//538
f 443//443 444//444 540//540
f 443//443 540//540 539//539
f 444//444 445//445 541//541
f 444//444 541//541 540//540
f 445//445 446//446 542//542
f 445//445 542//542 541//541
f 446//446 447//447 543//543
f 446//446 543//543 542//542
f 447//447 448//448 544//544
f 447//447 544//544 543//543
f 448//448 449//449 545//545
f 448//448 545//545 544//544
f 449//449 450//450 546//546
f 449//449 546//546 545//545
f 450//450 451//451 547//547
f 450//450 547//547 546//546
f 451//451 452//452 548//548
f 451//451 548//548 547//547
f 452//452 453//453 549//549
f 452//452 549//549 548//548
f 453//453 454//454 550//550
f 453//453 550//550 549//549
f 454//454 455//455 551//551
f 454//454 551//551 550//550
f 455//455 456//456 552//552
f 455//455 552//552 551//551
f 456//456 457//457 553//553
f 456//456 553//553 552//552
f 457//457 458//458 554//554
f 457//457 554//554 553//553
f 458//458 459//459 555//555
f 458//458 555//555 554//554
f 459//459 460//460 556//556
f 459//459 556//556 555//555
f 460//460 461//461 557//557
f 460//460 557//557 556//556
f 461//461 462//462 558//558
f 461//461 558//558 557//557
f 462//462 463//463 559//559
f 462//462 559//559 558//558
f 463//463 464//464 560//560
f 463//463 560//560 559//559
f 464//464 465//465 561//561
f 464//464 561//561 560//560
f 465//465 466//466 562//562
f 465//465 562//562 561//561
f 466//466 467//467 563//563
f 466//466 563//563 562//562
f 467//467 468//468 564//564
f 467//467 564//564 563//563
f 468//468 469//469 565//565
f 468//468 565//565 564//564
f 469//469 470//470 566//566
f 469//469 566//566 565//565
f 470//470 471//471 567//567
f 470//470 567//567 566//566
f 471//471 472//472 568//568
f 471//471 568//568 567//567
f 472//472 473//473 569//569
f 472//472 569//569 568//568
f 473//473 474//474 570//570
f 473//473 570//570 569//569
f 474//474 475//475 571//571
f 474//474 571//571 570//570
f 475//475 476//476 572//572
f 475//475 572//572 571//571
f 476//476 477//477 573//573
f 476//476 573//573 572//572
f 477//477 478//478 574//574
f 477//477 574//574 573//573
f 478//478 479//479 575//575
f 478//478 575//575 574//574
f 479//479 480//480 576//576
f 479//479 576//576 575//575
f 480//480 385//386 481//482
f 480//480 481//482 576//576
f 481//482 482//481 578//577
f 481//482 578//577 577//578
f 482//481 483//483 579//579
f 482//481 579//579 578//577
f 483//483 484//484 580//580
f 483//483 580//580 579//579
f 484//484 485//485 581//581
f 484//484 581//581 580//580
f 485//485 486//486 582//582
f 485//485 582//582 581//581
f 486//486 487//487 583//583
f 486//486 583//583 582//582
f 487//487 488//488 584//584
f 487//487 584//584 583//583
f 488//488 489//489 585//585
f 488//488 585//585 584//584
f 489//489 490//490 586//586
f 489//489 586//586 585//585
f 490//490 491//491 587//587
f 490//490 587//587 586//586
f 491//491 492//492 588//588
f 491//491 588//588 587//587
f 492//492 493//493 589//589
f 492//492 589//589 588//588
f 493//493 494//494 590//590
f 493//493 590//590 589//589
f 494//494 495//495 591//591
f 494//494 591//591 590//590
f 495//495 496//496 592//592
f 495//495 592//592 591//591
f 496//496 497//497 593//593
f 496//496 593//593 592//592
f 497//497 498//498 594//594
f 497//497 594//594 593//593
f 498//498 499//499 595//595
f 498//498 595//595 594//594
f 499//499 500//500 596//596
f 499//499 596//596 595//595
f 500//500 501//501 597//597
f 500//500 597//597 596//596
f 501//501 502//502 598//598
f 501//501 598//598 597//597
f 502//502 503//503 599//599
f 502//502 599//599 598//598
f 503//503 504//504 600//600
f 503//503 600//600 599//599
f 504//504 505//505 601//601
f 504//504 601//601 600//600
f 505//505 506//506 602//602
f 505//505 602//602 601//601
f 506//506 507//507 603//603
f 506//506 603//603 602//602
f 507//507 508//508 604//604
f 507//507 604//604 603//603
f 508//508 509//509 605//605
f 508//508 605//605 604//604
f 509//509 510//510 606//606
f 509//509 606//606 605//605
f 510//510 511//511 607//607
f 510//510 607//607 606//606
f 511//511 512//512 608//608
f 511//511 608//608 607//607
f 512//512 513//513 609//609
f 512//512 609//609 608//608
f 513//513 514//514 610//610
f 513//513 610//610 609//609
f 514//514 515//515 611//611
f 514//514 611//611 610//610
f 515//515 516//516 612//612
f 515//515 612//612 611//611
f 516//516 517//517 613//613
f 516//516 613//613 612//612
f 517//517 518//518 614//614
f 517//517 614//614 613//613
f 518//518 519//519 615//615
f 518//518 615//615 614//614
f 519//519 520//520 616//616
f 519//519 616//616 615//615
f 520//520 521//521 617//617
f 520//520 617//617 616//616
f 521//521 522//522 618//618
f 521//521 618//618 617//617
f 522//522 523//523 619//619
f 522//522 619//619 618//618
f 523//523 524//524 620//620
f 523//523 620//620 619//619
f 524//524 525//525 621//621
f 524//524 621//621 620//620
f 525//525 526//526 622//622
f 525//525 622//622 621//621
f 526//526 527//527 623//623
f 526//526 623//623 622//622
f 527//527 528//528 624//624
f 527//527 624//624 623//623
f 528//528 529//529 625//625
f 528//528 625//625 624//624
f 529//529 530//530 626//626
f 529//529 626//626 625//625
f 530//530 531//531 627//627
f 530//530 627//627 626//626
f 531//531 532//532 628//628
f 531//531 628//628 627//627
f 532//532 533//533 629//629
f 532//532 629//629 628//628
f 533//533 534//534 630//630
f 533//533 630//630 629//629
f 534//534 535//535 631//631
f 534//534 631//631 630//630
f 535//535 536//536 632//632
f 535//535 632//632 631//631
f 536//536 537//537 633//633
f 536//536 633//633 632//632
f 537//537 538//538 634//634
f 537//537 634//634 633//633
f 538//538 539//539 635//635
f 538//538 635//635 634//634
f 539//539 540//540 636//636
f 539//539 636//636 635//635
f 540//540 541//541 637//637
f 540//540 637//637 636//636
f 541//541 542//542 638//638
f 541//541 638//638 637//637
f 542//542 543//543 639//639
f 542//542 639//639 638//638
f 543//543 544//544 640//640
f 543//543 640//640 639//639
f 544//544 545//545 641//641
f 544//544 641//641 640//640
f 545//545 546//546 642//642
f 545//545 642//642 641//641
f 546//546 547//547 643//643
f 546//546 643//643 642//642
f 547//547 548//548 644//644
f 547//547 644//644 643//643
f 548//548 549//549 645//645
f 548//548 645//645 644//644
f 549//549 550//550 646//646
f 549//549 646//646 645//645
f 550//550 551//551 647//647
f 550//550 647//647 646//646
f 551//551 552//552 648//648
f 551//551 648//648 647//647
f 552//552 553//553 649//649
f 552//552 649//649 648//648
f 553//553 554//554 650//650
f 553//553 650//650 649//649
f 554//554 555//555 651//651
f 554//554 651//651 650//650
f 555//555 556//556 652//652
f 555//555 652//652 651//651
f 556//556 557//557 653//653
f 556//556 653//653 652//652
f 557//557 558//558 654//654
f 557//557 654//654 653//653
f 558//558 559//559 655//655
f 558//558 655//655 654//654
f 559//559 560//560 656//656
f 559//559 656//656 655//655
f 560//560 561//561 657//657
f 560//560 657//657 656//656
f 561//561 562//562 658//658
f 561//561 658//658 657//657
f 562//562 563//563 659//659
f 562//562 659//659 658//658
f 563//563 564//564 660//660
f 563//563 660//660 659//659
f 564//564 565//565 661//661
f 564//564 661//661 660//660
f 565//565 566//566 662//662
f 565//565 662//662 661//661
f 566//566 567//567 663//663
f 566//566 663//663 662//662
f 567//567 568//568 664//664
f 567//567 664//664 663//663
f 568//568 569//569 665//665
f 568//568 665//665 664//664
f 569//569 570//570 666//666
f 569//569 666//666 665//665
f 570//570 571//571 667//667
f 570//570 667//667 666//666
f 571//571 572//572 668//668
f 571//571 668//668 667//667
f 572//572 573//573 669//669
f 572//572 669//669 668//668
f 573//573 574//574 670//670
f 573//573 670//670 669//669
f 574//574 575//575 671//671
f 574//574 671//671 670//670
f 575//575 576//576 672//672
f 575//575 672//672 671//671
f 576//576 481//482 577//578
f 576//576 577//578 672//672
f 577//578 578//577 674//673
f 577//578 674//673 673//674
f 578//577 579//579 675//675
f 578//577 675//675 674//673
f 579//579 580//580 676//676
f 579//579 676//676 675//675
f 580//580 581//581 677//677
f 580//580 677//677 676//676
f 581//581 582//582 678//678
f 581//581 678//678 677//677
f 582//582 583//583 679//679
f 582//582 679//679 678//678
f 583//583 584//584 680//680
f 583//583 680//680 679//679
f 584//584 585//585 681//681
f 584//584 681//681 680//680
f 585//585 586//586 682//682
f 585//585 682//682 681//681
f 586//586 587//587 683//683
f 586//586 683//683 682//682
f 587//587 588//588 684//684
f 587//587 684//684 683//683
f 588//588 589//589 685//685
f 588//588 685//685 684//684
f 589//589 590//590 686//686
f 589//589 686//686 685//685
f 590//590 591//591 687//687
f 590//590 687//687 686//686
f 591//591 592//592 688//688
f 591//591 688//688 687//687
f 592//592 593//593 689//689
f 592//592 689//689 688//688
f 593//593 594//594 690//690
f 593//593 690//690 689//689
f 594//594 595//595 691//691
f 594//594 691//691 690//690
f 595//595 596//596 692//692
f 595//595 692//692 691//691
f 596//596 597//597 693//693
f 596//596 693//693 692//692
f 597//597 598//598 694//694
f 597//597 694//694 693//693
f 598//598 599//599 695//695
f 598//598 695//695 694//694
f 599//599 600//600 696//696
f 599//599 696//696 695//695
f 600//600 601//601 697//697
f 600//600 697//697 696//696
f 601//601 602//602 698//698
f 601//601 698//698 697//697
f 602//602 603//603 699//699
f 602//602 699//699 698//698
f 603//603 604//604 700//700
f 603//603 700//700 699//699
f 604//604 605//605 701//701
f 604//604 701//701 700//700
f 605//605 606//606 702//702
f 605//605 702//702 701//701
f 606//606 607//607 703//703
f 606//606 703//703 702//702
f 607//607 608//608 704//704
f 607//607 704//704 703//703
f 608//608 609//609 705//705
f 608//608 705//705 704//704
f 609//609 610//610 706//706
f 609//609 706//706 705//705
f 610//610 611//611 707//707
f 610//610 707//707 706//706
f 611//611 612//612 708//708
f 611//611 708//708 707//707
f 612//612 613//613 709//709
f 612//612 709//709 708//708
f 613//613 614//614 710//710
f 613//613 710//710 709//709
f 614//614 615//615 711//711
f 614//614 711//711 710//710
f 615//615 616//616 712//712
f 615//615 712//712 711//711
f 616//616 617//617 713//713
f 616//616 713//713 712//712
f 617//617 618//618 714//714
f 617//617 714//714 713//713
f 618//618 619//619 715//715
f 618//618 715//715 714//714
f 619//619 620//620 716//716
f 619//619 716//716 715//715
f 620//620 621//621 717//717
f 620//620 717//717 716//716
f 621//621 622//622 718//718
f 621//621 718//718 717//717
f 622//622 623//623 719//719
f 622//622 719//719 718//718
f 623//623 624//624 720//720
f 623//623 720//720 719//719
f 624//624 625//625 721//721
f 624//624 721//721 720//720
f 625//625 626//626 722//722
f 625//625 722//722 721//721
f 626//626 627//627 723//723
f 626//626 723//723 722//722
f 627//627 628//628 724//724
f 627//627 724//724 723//723
f 628//628 629//629 725//725
f 628//628 725//725 724//724
f 629//629 630//630 726//726
f 629//629 726//726 725//725
f 630//630 631//631 727//727
f 630//630 727//727 726//726
f 631//631 632//632 728//728
f 631//631 728//728 727//727
f 632//632 633//633 729//729
f 632//632 729//729 728//728
f 633//633 634//634 730//730
f 633//633 730//730 729//729
f 634//634 635//635 731//731
f 634//634 731//731 730//730
f 635//635 636//636 732//732
f 635//635 732//732 731//731
f 636//636 637//637 733//733
f 636//636 733//733 732//732
f 637//637 638//638 734//734
f 637//637 734//734 733//733
f 638//638 639//639 735//735
f 638//638 735//735 734//734
f 639//639 640//640 736//736
f 639//639 736//736 735//735
f 640//640 641//641 737//737
f 640//640 737//737 736//736
f 641//641 642//642 738//738
f 641//641 738//738 737//737
f 642//642 643//643 739//739
f 642//642 739//739 738//738
f 643//643 644//644 740//740
f 643//643 740//740 739//739
f 644//644 645//645 741//741
f 644//644 741//741 740//740
f 645//645 646//646 742//742
f 645//645 742//742 741//741
f 646//646 647//647 743//743
f 646//646 743//743 742//742
f 647//647 648//648 744//744
f 647//647 744//744 743//743
f 648//648 649//649 745//745
f 648//648 745//745 744//744
f 649//649 650//650 746//746
f 649//649 746//746 745//745
f 650//650 651//651 747//747
f 650//650 747//747 746//746
f 651//651 652//652 748//748
f 651//651 748//748 747//747
f 652//652 653//653 749//749
f 652//652 749//749 748//748
f 653//653 654//654 750//750
f 653//653 750//750 749//749
f 654//654 655//655 751//751
f 654//654 751//751 750//750
f 655//655 656//656 752//752
f 655//655 752//752 751//751
f 656//656 657//657 753//753
f 656//656 753//753 752//752
f 657//657 658//658 754//754
f 657//657 754//754 753//753
f 658//658 659//659 755//755
f 658//658 755//755 754//754
f 659//659 660//660 756//756
f 659//659 756//756 755//755
f 660//660 661//661 757//757
f 660//660 757//757 756//756
f 661//661 662//662 758//758
f 661//661 758//758 757//757
f 662//662 663//663 759//759
f 662//662 759//759 758//758
f 663//663 664//664 760//760
f 663//663 760//760 759//759
f 664//664 665//665 761//761
f 664//664 761//761 760//760
f 665//665 666//666 762//762
f 665//665 762//762 761//761
f 666//666 667//667 763//763
f 666//666 763//763 762//762
f 667//667 668//668 764//764
f 667//667 764//764 763//763
f 668//668 669//669 765//765
f 668//668 765//765 764//764
f 669//669 670//670 766//766
f 669//669 766//766 765//765
f 670//670 671//671 767//767
f 670//670 767//767 766//766
f 671//671 672//672 768//768
f 671//671 768//768 767//767
f 672//672 577//578 673//674
f 672//672 673//674 768//768
f 673//674 674//673 770//769
f 673//674 770//769 769//770
f 674//673 675//675 771//771
f 674//673 771//771 770//769
f 675//675 676//676 772//772
f 675//675 772//772 771//771
f 676//676 677//677 773//773
f 676//676 773//773 772//772
f 677//677 678//678 774//774
f 677//677 774//774 773//773
f 678//678 679//679 775//775
f 678//678 775//775 774//774
f 679//679 680//680 776//776
f 679//679 776//776 775//775
f 680//680 681//681 777//777
f 680//680 777//777 776//776
f 681//681 682//682 778//778
f 681//681 778//778 777//777
f 682//682 683//683 779//779
f 682//682 779//779 778//778
f 683//683 684//684 780//780
f 683//683 780//780 779//779
f 684//684 685//685 781//781
f 684//684 781//781 780//780
f 685//685 686//686 782//782
f 685//685 782//782 781//781
f 686//686 687//687 783//783
f 686//686 783//783 782//782
f 687//687 688//688 784//784
f 687//687 784//784 783//783
f 688//688 689//689 785//785
f 688//688 785//785 784//784
f 689//689 690//690 786//786
f 689//689 786//786 785//785
f 690//690 691//691 787//787
f 690//690 787//787 786//786
f 691//691 692//692 788//788
f 691//691 788//788 787//787
f 692//692 693//693 789//789
f 692//692 789//789 788//788
f 693//693 694//694 790//790
f 693//693 790//790 789//789
f 694//694 695//695 791//791
f 694//694 791//791 790//790
f 695//695 696//696 792//792
f 695//695 792//792 791//791
f 696//696 697//697 793//793
f 696//696 793//793 792//792
f 697//697 698//698 794//794
f 697//697 794//794 793//793
f 698//698 699//699 795//795
f 698//698 795//795 794//794
f 699//699 700//700 796//796
f 699//699 796//796 795//795
f 700//700 701//701 797//797
f 700//700 797//797 796//796
f 701//701 702//702 798//798
f 701//701 798//798 797//797
f 702//702 703//703 799//799
f 702//702 799//799 798//798
f 703//703 704//704 800//800
f 703//703 800//800 799//799
f 704//704 705//705 801//801
f 704//704 801//801 800//800
f 705//705 706//706 802//802
f 705//705 802//802 801//801
f 706//706 707//707 803//803
f 706//706 803//803 802//802
f 707//707 708//708 804//804
f 707//707 804//804 803//803
f 708//708 709//709 805//805
f 708//708 805//805 804//804
f 709//709 710//710 806//806
f 709//709 806//806 805//805
f 710//710 711//711 807//807
f 710//710 807//807 806//806
f 711//711 712//712 808//808
f 711//711 808//808 807//807
f 712//712 713//713 809//809
f 712//712 809//809 808//808
f 713//713 714//714 810//810
f 713//713 810//810 809//809
f 714//714 715//715 811//811
f 714//714 811//811 810//810
f 715//715 716//716 812//812
f 715//715 812//812 811//811
f 716//716 717//717 813//813
f 716//716 813//813 812//812
f 717//717 718//718 814//814
f 717//717 814//814 813//813
f 718//718 719//719 815//815
f 718//718 815//815 814//814
f 719//719 720//720 816//816
f 719//719 816//816 815//815
f 720//720 721//721 817//817
f 720//720 817//817 816//816
f 721//721 722//722 818//818
f 721//721 818//818 817//817
f 722//722 723//723 819//819
f 722//722 819//819 818//818
f 723//723 724//724 820//820
f 723//723 820//820 819//819
f 724//724 725//725 821//821
f 724//724 821//821 820//820
f 725//725 726//726 822//822
f 725//725 822//822 821//821
f 726//726 727//727 823//823
f 726//726 823//823 822//822
f 727//727 728//728 824//824
f 727//727 824//824 823//823
f 728//728 729//729 825//825
f 728//728 825//825 824//824
f 729//729 730//730 826//826
f 729//729 826//826 825//825
f 730//730 731//731 827//827
f 730//730 827//827 826//826
f 731//731 732//732 828//828
f 731//731 828//828 827//827
f 732//732 733//733 829//829
f 732//732 829//829 828//828
f 733//733 734//734 830//830
f 733//733 830//830 829//829
f 734//734 735//735 831//831
f 734//734 831//831 830//830
f 735//735 736//736 832//832
f 735//735 832//832 831//831
f 736//736 737//737 833//833
f 736//736 833//833 832//832
f 737//737 738//738 834//834
f 737//737 834//834 833//833
f 738//738 739//739 835//835
f 738//738 835//835 834//834
f 739//739 740//740 836//836
f 739//739 836//836 835//835
f 740//740 741//741 837//837
f 740//740 837//837 836//836
f 741//741 742//742 838//838
f 741//741 838//838 837//837
f 742//742 743//743 839//839
f 742//742 839//839 838//838
f 743//743 744//744 840//840
f 743//743 840//840 839//839
f 744//744 745//745 841//841
f 744//744 841//841 840//840
f 745//745 746//746 842//842
f 745//745 842//842 841//841
f 746//746 747//747 843//843
f 746//746 843//843 842//842
f 747//747 748//748 844//844
f 747//747 844//844 843//843
f 748//748 749//749 845//845
f 748//748 845//845 844//844
f 749//749 750//750 846//846
f 749//749 846//846 845//845
f 750//750 751//751 847//847
f 750//750 847//847 846//846
f 751//751 752//752 848//848
f 751//751 848//848 847//847
f 752//752 753//753 849//849
f 752//752 849//849 848//848
f 753//753 754//754 850//850
f 753//753 850//850 849//849
f 754//754 755//755 851//851
f 754//754 851//851 850//850
f 755//755 756//756 852//852
f 755//755 852//852 851//851
f 756//756 757//757 853//853
f 756//756 853//853 852//852
f 757//757 758//758 854//854
f 757//757 854//854 853//853
f 758//758 759//759 855//855
f 758//758 855//855 854//854
f 759//759 760//760 856//856
f 759//759 856//856 855//855
f 760//760 761//761 857//857
f 760//760 857//857 856//856
f 761//761 762//762 858//858
f 761//761 858//858 857//857
f 762//762 763//763 859//859
f 762//762 859//859 858//858
f 763//763 764//764 860//860
f 763//763 860//860 859//859
f 764//764 765//765 861//861
f 764//764 861//861 860//860
f 765//765 766//766 862//862
f 765//765 862//862 861//861
f 766//766 767//767 863//863
f 766//766 863//863 862//862
f 767//767 768//768 864//864
f 767//767 864//864 863//863
f 768//768 673//674 769//770
f 768//768 769//770 864//864
f 769//770 770//769 866//865
f 769//770 866//865 865//866
f 770//769 771//771 867//867
f 770//769 867//867 866//865
f 771//771 772//772 868//868
f 771//771 868//868 867//867
f 772//772 773//773 869//869
f 772//772 869//869 868//868
f 773//773 774//774 870//870
f 773//773 870//870 869//869
f 774//774 775//775 871//871
f 774//774 871//871 870//870
f 775//775 776//776 872//872
f 775//775 872//872 871//871
f 776//776 777//777 873//873
f 776//776 873//873 872//872
f 777//777 778//778 874//874
f 777//777 874//874 873//873
f 778//778 779//779 875//875
f 778//778 875//875 874//874
f 779//779 780//780 876//876
f 779//779 876//876 875//875
f 780//780 781//781 877//877
f 780//780 877//877 876//876
f 781//781 782//782 878//878
f 781//781 878//878 877//877
f 782//782 783//783 879//879
f 782//782 879//879 878//878
f 783//783 784//784 880//880
f 783//783 880//880 879//879
f 784//784 785//785 881//881
f 784//784 881//881 880//880
f 785//785 786//786 882//882
f 785//785 882//882 881//881
f 786//786 787//787 883//883
f 786//786 883//883 882//882
f 787//787 788//788 884//884
f 787//787 884//884 883//883
f 788//788 789//789 885//885
f 788//788 885//885 884//884
f 789//789 790//790 886//886
f 789//789 886//886 885//885
f 790//790 791//791 887//887
f 790//790 887//887 886//886
f 791//791 792//792 888//888
f 791//791 888//888 887//887
f 792//792 793//793 889//889
f 792//792 889//889 888//888
f 793//793 794//794 890//890
f 793//793 890//890 889//889
f 794//794 795//795 891//891
f 794//794 891//891 890//890
f 795//795 796//796 892//892
f 795//795 892//892 891//891
f 796//796 797//797 893//893
f 796//796 893//893 892//892
f 797//797 798//798 894//894
f 797//797 894//894 893//893
f 798//798 799//799 895//895
f 798//798 895//895 894//894
f 799//799 800//800 896//896
f 799//799 896//896 895//895
f 800//800 801//801 897//897
f 800//800 897//897 896//896
f 801//801 802//802 898//898
f 801//801 898//898 897//897
f 802//802 803//803 899//899
f 802//802 899//899 898//898
f 803//803 804//804 900//900
f 803//803 900//900 899//899
f 804//804 805//805 901//901
f 804//804 901//901 900//900
f 805//805 806//806 902//902
f 805//805 902//902 901//901
f 806//806 807//807 903//903
f 806//806 903//903 902//902
f 807//807 808//808 904//904
f 807//807 904//904 903//903
f 808//808 809//809 905//905
f 808//808 905//905 904//904
f 809//809 810//810 906//906
f 809//809 906//906 905//905
f 810//810 811//811 907//907
f 810//810 907//907 906//906
f 811//811 812//812 908//908
f 811//811 908//908 907//907
f 812//812 813//813 909//909
f 812//812 909//909 908//908
f 813//813 814//814 910//910
f 813//813 910//910 909//909
f 814//814 815//815 911//911
f 814//814 911//911 910//910
f 815//815 816//816 912//912
f 815//815 912//912 911//911
f 816//816 817//817 913//913
f 816//816 913//913 912//912
f 817//817 818//818 914//914
f 817//817 914//914 913//913
f 818//818 819//819 915//915
f 818//818 915//915 914//914
f 819//819 820//820 916//916
f 819//819 916//916 915//915
f 820//820 821//821 917//917
f 820//820 917//917 916//916
f 821//821 822//822 918//918
f 821//821 918//918 917//917
f 822//822 823//823 919//919
f 822//822 919//919 918//918
f 823//823 824//824 920//920
f 823//823 920//920 919//919
f 824//824 825//825 921//921
f 824//824 921//921 920//920
f 825//825 826//826 922//922
f 825//825 922//922 921//921
f 826//826 827//827 923//923
f 826//826 923//923 922//922
f 827//827 828//828 924//924
f 827//827 924//924 923//923
f 828//828 829//829 925//925
f 828//828 925//925 924//924
f 829//829 830//830 926//926
f 829//829 926//926 925//925
f 830//830 831//831 927//927
f 830//830 927//927 926//926
f 831//831 832//832 928//928
f 831//831 928//928 927//927
f 832//832 833//833 929//929
f 832//832 929//929 928//928
f 833//833 834//834 930//930
f 833//833 930//930 929//929
f 834//834 835//835 931//931
f 834//834 931//931 930//930
f 835//835 836//836 932//932
f 835//835 932//932 931//931
f 836//836 837//837 933//933
f 836//836 933//933 932//932
f 837//837 838//838 934//934
f 837//837 934//934 933//933
f 838//838 839//839 935//935
f 838//838 935//935 934//934
f 839//839 840//840 936//936
f 839//839 936//936 935//935
f 840//840 841//841 937//937
f 840//840 937//937 936//936
f 841//841 842//842 938//938
f 841//841 938//938 937//937
f 842//842 843//843 939//939
f 842//842 939//939 938//938
f 843//843 844//844 940//940
f 843//843 940//940 939//939
f 844//844 845//845 941//941
f 844//844 941//941 940//940
f 845//845 846//846 942//942
f 845//845 942//942 941//941
f 846//846 847//847 943//943
f 846//846 943//943 942//942
f 847//847 848//848 944//944
f 847//847 944//944 943//943
f 848//848 849//849 945//945
f 848//848 945//945 944//944
f 849//849 850//850 946//946
f 849//849 946//946 945//945
f 850//850 851//851 947//947
f 850//850 947//947 946//946
f 851//851 852//852 948//948
f 851//851 948//948 947//947
f 852//852 853//853 949//949
f 852//852 949//949 948//948
f 853//853 854//854 950//950
f 853//853 950//950 949//949
f 854//854 855//855 951//951
f 854//854 951//951 950//950
f 855//855 856//856 952//952
f 855//855 952//952 951//951
f 856//856 857//857 953//953
f 856//856 953//953 952//952
f 857//857 858//858 954//954
f 857//857 954//954 953//953
f 858//858 859//859 955//955
f 858//858 955//955 954//954
f 859//859 860//860 956//956
f 859//859 956//956 955//955
f 860//860 861//861 957//957
f 860//860 957//957 956//956
f 861//861 862//862 958//958
f 861//861 958//958 957//957
f 862//862 863//863 959//959
f 862//862 959//959 958//958
f 863//863 864//864 960//960
f 863//863 960//960 959//959
f 864//864 769//770 865//866
f 864//864 865//866 960//960
s 0
f 865//961 866//961 961//961
f 962//962 2//962 1//962
f 866//961 867//961 961//961
f 962//962 3//962 2//962
f 867//961 868//961 961//961
f 962//962 4//962 3//962
f 868//961 869//961 961//961
f 962//962 5//962 4//962
f 869//961 870//961 961//961
f 962//962 6//962 5//962
f 870//961 871//961 961//961
f 962//962 7//962 6//962
f 871//961 872//961 961//961
f 962//962 8//962 7//962
f 872//961 873//961 961//961
f 962//962 9//962 8//962
f 873//961 874//961 961//961
f 962//962 10//962 9//962
f 874//961 875//961 961//961
f 962//962 11//962 10//962
f 875//961 876//961 961//961
f 962//962 12//962 11//962
f 876//961 877//961 961//961
f 962//962 13//962 12//962
f 877//961 878//961 961//961
f 962//962 14//962 13//962
f 878//961 879//961 961//961
f 962//962 15//962 14//962
f 879//961 880//961 961//961
f 962//962 16//962 15//962
f 880//961 881//961 961//961
f 962//962 17//962 16//962
f 881//961 882//961 961//961
f 962//962 18//962 17//962
f 882//961 883//961 961//961
f 962//962 19//962 18//962
f 883//961 884//961 961//961
f 962//962 20//962 19//962
f 884//961 885//961 961//961
f 962//962 21//962 20//962
f 885//961 886//961 961//961
f 962//962 22//962 21//962
f 886//961 887//961 961//961
f 962//962 23//962 22//962
f 887//961 888//961 961//961
f 962//962 24//962 23//962
f 888//961 889//961 961//961
f 962//962 25//962 24//962
f 889//961 890//961 961//961
f 962//962 26//962 25//962
f 890//961 891//961 961//961
f 962//962 27//962 26//962
f 891//961 892//961 961//961
f 962//962 28//962 27//962
f 892//961 893//961 961//961
f 962//962 29//962 28//962
f 893//961 894//961 961//961
f 962//962 30//962 29//962
f 894//961 895//961 961//961
f 962//962 31//962 30//962
f 895//961 896//961 961//961
f 962//962 32//962 31//962
f 896//961 897//961 961//961
f 962//962 33//962 32//962
f 897//961 898//961 961//961
f 962//962 34//962 33//962
f 898//961 899//961 961//961
f 962//962 35//962 34//962
f 899//961 900//961 961//961
f 962//962 36//962 35//962
f 900//961 901//961 961//961
f 962//962 37//962 36//962
f 901//961 902//961 961//961
f 962//962 38//962 37//962
f 902//961 903//961 961//961
f 962//962 39//962 38//962
f 903//961 904//961 961//961
f 962//962 40//962 39//962
f 904//961 905//961 961//961
f 962//962 41//962 40//962
f 905//961 906//961 961//961
f 962//962 42//962 41//962
f 906//961 907//961 961//961
f 962//962 43//962 42//962
f 907//961 908//961 961//961
f 962//962 44//962 43//962
f 908//961 909//961 961//961
f 962//962 45//962 44//962
f 909//961 910//961 961//961
f 962//962 46//962 45//962
f 910//961 911//961 961//961
f 962//962 47//962 46//962
f 911//961 912//961 961//961
f 962//962 48//962 47//962
f 912//961 913//961 961//961
f 962//962 49//962 48//962
f 913//961 914//961 961//961
f 962//962 50//962 49//962
f 914//961 915//961 961//961
f 962//962 51//962 50//962
f 915//961 916//961 961//961
f 962//962 52//962 51//962
f 916//961 917//961 961//961
f 962//962 53//962 52//962
f 917//961 918//961 961//961
f 962//962 54//962 53//962
f 918//961 919//961 961//961
f 962//962 55//962 54//962
f 919//961 920//961 961//961
f 962//962 56//962 55//962
f 920//961 921//961 961//961
f 962//962 57//962 56//962
f 921//961 922//961 961//961
f 962//962 58//962 57//962
f 922//961 923//961 961//961
f 962//962 59//962 58//962
f 923//961 924//961 961//961
f 962//962 60//962 59//962
f 924//961 925//961 961//961
f 962//962 61//962 60//962
f 925//961 926//961 961//961
f 962//962 62//962 61//962
f 926//961 927//961 961//961
f 962//962 63//962 62//962
f 927//961 928//961 961//961
f 962//962 64//962 63//962
f 928//961 929//961 961//961
f 962//962 65//962 64//962
f 929//961 930//961 961//961
f 962//962 66//962 65//962
f 930//961 931//961 961//961
f 962//962 67//962 66//962
f 931//961 932//961 961//961
f 962//962 68//962 67//962
f 932//961 933//961 961//961
f 962//962 69//962 68//962
f 933//961 934//961 961//961
f 962//962 70//962 69//962
f 934//961 935//961 961//961
f 962//962 71//962 70//962
f 935//961 936//961 961//961
f 962//962 72//962 71//962
f 936//961 937//961 961//961
f 962//962 73//962 72//962
f 937//961 938//961 961//961
f 962//962 74//962 73//962
f 938//961 939//961 961//961
f 962//962 75//962 74//962
f 939//961 940//961 961//961
f 962//962 76//962 75//962
f 940//961 941//961 961//961
f 962//962 77//962 76//962
f 941//961 942//961 961//961
f 962//962 78//962 77//962
f 942//961 943//961 961//961
f 962//962 79//962 78//962
f 943//961 944//961 961//961
f 962//962 80//962 79//962
f 944//961 945//961 961//961
f 962//962 81//962 80//962
f 945//961 946//961 961//961
f 962//962 82//962 81//962
f 946//961 947//961 961//961
f 962//962 83//962 82//962
f 947//961 948//961 961//961
f 962//962 84//962 83//962
f 948//961 949//961 961//961
f 962//962 85//962 84//962
f 949//961 950//961 961//961
f 962//962 86//962 85//962
f 950//961 951//961 961//961
f 962//962 87//962 86//962
f 951//961 952//961 961//961
f 962//962 88//962 87//962
f 952//961 953//961 961//961
f 962//962 89//962 88//962
f 953//961 954//961 961//961
f 962//962 90//962 89//962
f 954//961 955//961 961//961
f 962//962 91//962 90//962
f 955//961 956//961 961//961
f 962//962 92//962 91//962
f 956//961 957//961 961//961
f 962//962 93//962 92//962
f 957//961 958//961 961//961
f 962//962 94//962 93//962
f 958//961 959//961 961//961
f 962//962 95//962 94//962
f 959//961 960//961 961//961
f 962//962 96//962 95//962
f 960//961 865//961 961//961
f 962//962 1//962 96//962
